"","logFC","logCPM","F","PValue","FDR"
"eGFP",10.1871121474189,6.12994784885612,506.233890746524,3.21420268894127e-16,8.57508508409061e-13
"ENSMUSG00000048538.8",-1.03782606829052,1.99799041969479,23.4572229455528,0.000251343171383756,0.00137870948286217
"ENSMUSG00000025912.17",1.72985705621079,0.240842336592316,9.33260027136719,0.00819549729969959,0.0238840127337673
"ENSMUSG00000099032.3",-1.86088108905996,4.47099872830396,153.35789343374,5.34660840578927e-09,2.67924487890107e-07
"ENSMUSG00000100131.2",-1.60651277051013,4.61082067949793,193.116038776956,1.17105707344108e-09,7.71721264105096e-08
"ENSMUSG00000067736.3",-1.24363640056611,2.58649616238599,23.7142556056915,0.000238847227071735,0.00132527611730076
"ENSMUSG00000101111.2",-1.23673964716791,5.36032510502185,102.830713067945,6.94250508289425e-08,2.04896182732781e-06
"ENSMUSG00000100862.2",-1.26324847424862,6.09604717708925,96.0046117689933,1.06729333141119e-07,2.83146642627322e-06
"ENSMUSG00000102070.2",-1.00638550730142,5.35983476242464,84.990259145855,2.26956468919922e-07,5.07819497589507e-06
"ENSMUSG00000042215.9",-1.33513304502176,0.0771625160516758,9.10750990597439,0.00920461822933166,0.0262479846444803
"ENSMUSG00000037432.16",-1.18529363910254,1.9320683748939,41.4651563404322,1.45910609141951e-05,0.000134640787157074
"ENSMUSG00000026077.16",2.6648228753042,0.206457711179867,10.6624416216973,0.0045948381479952,0.0148783271599432
"ENSMUSG00000026043.19",1.28261942145896,4.6099919883758,72.276580338346,6.07322164366426e-07,1.09015839255426e-05
"ENSMUSG00000100213.2",-1.1223425048017,0.320784130035848,12.7054788400894,0.00311413302447335,0.0108532160852933
"ENSMUSG00000026104.15",2.57866686926057,6.05052718577325,880.562056347298,3.56380164404146e-14,1.35349435070543e-11
"ENSMUSG00000043629.13",-1.57420165671708,0.0487942119999053,11.1469438609099,0.00481798010615181,0.0154689852929884
"ENSMUSG00000073678.5",-1.81831111297052,4.3913996579718,218.8355874699,5.09070229480502e-10,3.73113373968318e-08
"ENSMUSG00000103030.2",-1.66818758356971,1.86149871835813,27.4848499773818,0.000119718646873344,0.000752517208918161
"ENSMUSG00000025981.14",-1.50880154941358,6.13468657802735,45.840816771205,8.40419621811492e-06,8.67093819810729e-05
"ENSMUSG00000101122.2",-1.0296736318612,0.630746744613478,7.38243155389204,0.0166404853188137,0.042362935988908
"ENSMUSG00000038305.16",5.46417381294695,5.50288590582442,1416.10168542947,1.34437971872443e-15,1.29347254004206e-12
"ENSMUSG00000064294.13",-1.56821077845113,9.23317336889635,253.664732291355,1.88612903742983e-10,1.7561686624637e-08
"ENSMUSG00000047528.14",2.6073881045968,-0.063800400378477,16.2159159542077,0.000791245199657735,0.0035774594992044
"ENSMUSG00000097573.4",-1.2504793903707,0.954195223317195,10.2825391069822,0.00628478430978265,0.0192002555374224
"ENSMUSG00000079550.10",-1.4924825935033,2.35285148376638,53.2946110652062,3.62323942638733e-06,4.47604341290684e-05
"ENSMUSG00000085400.2",1.31115597372927,-0.152342663307498,8.08280746256835,0.0124285952692596,0.0335409943175374
"ENSMUSG00000084416.4",-1.43435547672296,1.16794263735902,42.2232714375124,1.3482187448451e-05,0.000126133272138107
"ENSMUSG00000026179.15",1.16698601524357,6.20082797522539,60.8227903217878,1.68587962859583e-06,2.42095669650696e-05
"ENSMUSG00000026198.16",-1.14833154311817,1.3079762349266,20.2532372440521,0.0004859802321515,0.00238722488441472
"ENSMUSG00000032997.17",1.03998356873804,0.317761157131348,6.81120173038356,0.0204961800739774,0.0499326250553074
"ENSMUSG00000054702.15",1.14220999971557,2.0029472614526,21.9280752594706,0.000341551679469411,0.00178402961929154
"ENSMUSG00000097564.3",-1.00976235918357,0.642461793720889,9.04894010097842,0.00936003353777697,0.0265808744622584
"ENSMUSG00000052477.16",3.41593270487432,-0.102273692010347,49.8799613104475,5.67056058346796e-07,1.03330215076527e-05
"ENSMUSG00000072109.13",1.9435735662412,0.190710220829621,17.7463734001212,0.000745263782275016,0.00339401921924677
"ENSMUSG00000079457.12",1.63668881593113,0.821059082713514,20.2496385483375,0.000492843595453449,0.00241449381249831
"ENSMUSG00000070034.14",1.83715491957132,2.58816840389076,76.090917040184,4.4927395208103e-07,8.55759159539031e-06
"ENSMUSG00000070031.12",1.69230854680061,3.04257468107321,44.8188453648254,9.536866027149e-06,9.5514261279538e-05
"ENSMUSG00000073628.6",1.94422763343506,-0.0281905516590174,18.6722260033004,0.000547199090461275,0.00263678706962842
"ENSMUSG00000090246.2",1.19681002183168,1.8280539709575,24.6190126838564,0.000201978875771191,0.00115764858424536
"ENSMUSG00000026222.17",1.25583305050532,4.31069972501964,134.267614637437,1.26799944466464e-08,5.1790578296353e-07
"ENSMUSG00000079434.9",1.57137518569931,1.49376600698223,25.0701892626821,0.000188116188535264,0.00109119486854539
"ENSMUSG00000026271.16",3.13471643988778,0.567449854526999,94.6516772178571,2.46260109194795e-08,8.81892281860865e-07
"ENSMUSG00000093805.8",-1.32560916165862,0.406388177591689,20.5667711798222,0.000466567849702198,0.00230719598888079
"ENSMUSG00000003721.15",1.23019613924959,7.4695750428609,20.7153103317909,0.00043763871583107,0.0021877388108327
"ENSMUSG00000036155.14",1.35894719087214,3.92529725923727,62.9144036156127,1.38422498315155e-06,2.08290384125968e-05
"ENSMUSG00000026348.8",1.66492515895423,4.52128411565856,55.5731973729442,2.84350290072941e-06,3.70039980733335e-05
"ENSMUSG00000102014.2",1.62752136313981,1.02359721281272,14.0050619517589,0.00217466005794727,0.00812653908759581
"ENSMUSG00000104515.2",1.47258941333112,0.71193881738212,11.5172851340762,0.0043392687526577,0.014197308238122
"ENSMUSG00000102055.2",1.28355483169796,0.906288726250951,14.1360237236753,0.00210110353585049,0.00790387427301147
"ENSMUSG00000004552.17",-1.09046351587378,3.82779956581941,69.0568559129648,7.97720636514673e-07,1.34024496230265e-05
"ENSMUSG00000052688.13",2.07143752079733,0.134598408878032,23.1278512442111,0.000210587419884545,0.00119451694567639
"ENSMUSG00000026435.16",1.89408957125675,4.66575304787684,54.7004929603117,3.11339427744612e-06,3.96930266891364e-05
"ENSMUSG00000020423.7",1.29405935548525,3.10623457201654,24.4248479633143,0.000208371622548593,0.00118534460253106
"ENSMUSG00000003051.14",1.76434828620616,-0.2330012053073,13.8147230920598,0.00187430521673726,0.00722681616028645
"ENSMUSG00000026421.15",1.31202793961727,3.5002647759384,68.6874560773015,8.24241313137652e-07,1.37998267183325e-05
"ENSMUSG00000041801.6",3.86400314439439,1.47036614881745,82.0691828125042,1.19427422451026e-07,3.0559868099525e-06
"ENSMUSG00000097113.9",1.96699302338206,1.51274730688738,23.9613280666237,0.000233565914238197,0.00130147616767786
"ENSMUSG00000097448.2",3.04371440129606,-0.585183879518853,18.689335702309,0.00030394671212415,0.0016144861793801
"ENSMUSG00000026365.16",-1.07011506632425,10.1842897471823,111.506459969792,4.16189854729607e-08,1.36200725248474e-06
"ENSMUSG00000026360.10",1.46927592319989,1.82191555017009,42.8124048152205,1.24138997542738e-05,0.000118022003460922
"ENSMUSG00000026358.14",2.27721256044009,0.863747443310531,30.6864142018212,6.64201829844509e-05,0.000467855504589069
"ENSMUSG00000006014.18",1.17283241678562,7.06745457849917,54.9666257277394,3.02685128993019e-06,3.88989472985508e-05
"ENSMUSG00000066842.19",-1.20114890591876,0.660760030603984,13.5034014934254,0.00248520956101624,0.00905492158156688
"ENSMUSG00000056708.6",1.51602230945546,2.06264746106074,42.1201756134418,1.34855625629919e-05,0.000126133272138107
"ENSMUSG00000060519.12",2.5123441938291,3.91738908475322,256.419909742429,1.7620444173623e-10,1.67301480469557e-08
"ENSMUSG00000103222.2",1.0408210293327,1.80389432982564,21.5421249128897,0.000370062160003272,0.00190264948100008
"ENSMUSG00000102864.2",-1.16426784583736,0.347212448904517,10.8303710620741,0.00536135299382364,0.0168863229123845
"ENSMUSG00000026691.11",-2.08986761396568,0.624374222778268,18.7105183020418,0.00069118120025034,0.00318490647573847
"ENSMUSG00000026581.15",1.3940865366847,1.54904025601334,19.7598190414301,0.000543444347152018,0.00262395075881496
"ENSMUSG00000026574.6",-1.42179649832082,0.633954579660075,17.7962726059472,0.000854625820980826,0.00380208380036846
"ENSMUSG00000026566.16",1.06607324365199,1.50018839107758,8.97899448745168,0.00953129221632194,0.0269518779715939
"ENSMUSG00000040612.14",-1.05422126265781,4.36795891212104,18.4108610193887,0.000725196010722895,0.00331728330483449
"ENSMUSG00000052534.16",-1.02708988958787,3.99087118115299,53.058728537062,3.7044576249797e-06,4.55043595252887e-05
"ENSMUSG00000059089.5",1.89756907383985,2.00715923865008,42.4945636014991,1.29796804641634e-05,0.000122273334503137
"ENSMUSG00000059498.14",-1.06813219483624,2.1834852745458,18.2757038598471,0.000748735391325356,0.00340754717882796
"ENSMUSG00000026649.15",1.04599127295436,1.51622332336115,15.6995992615914,0.00139143537776541,0.00565986340809199
"ENSMUSG00000038370.7",-1.21484729410976,3.98371349332517,29.5089008895914,8.42539040694533e-05,0.000567671495579062
"ENSMUSG00000005677.15",-1.75231483200183,8.43539035560586,244.505373915042,2.41637392458101e-10,2.16603158258094e-08
"ENSMUSG00000005674.10",-1.78296207589832,8.18437897983666,228.881923978077,3.76557187393893e-10,3.00247145219264e-08
"ENSMUSG00000004707.15",1.41862392894163,1.42011510203791,28.9963273323948,9.3855713509764e-05,0.000621057156062775
"ENSMUSG00000038179.14",2.74723565618116,-0.0896402789956672,19.9228903996197,0.00027514106552493,0.00148831928697743
"ENSMUSG00000026548.5",3.53686826594817,0.361512437597901,28.114486171378,3.68318937135322e-05,0.000286708678572652
"ENSMUSG00000026547.16",1.12076902474884,3.17454189189219,40.5494979253068,1.64022925284775e-05,0.00014767179399313
"ENSMUSG00000037924.7",2.97866951529339,-0.417323143798856,33.5184179454319,9.58523940685132e-06,9.5737808745046e-05
"ENSMUSG00000070501.15",4.51905889820809,-0.164279961308392,40.1935774933296,9.25619158359379e-06,9.31961434487448e-05
"ENSMUSG00000043263.14",2.90491962530158,1.5939316316754,75.7602901260987,4.62216057632722e-07,8.76570583936326e-06
"ENSMUSG00000066677.13",2.98053363412726,0.816616755218265,47.0678067232301,4.50996737685996e-06,5.27454207316394e-05
"ENSMUSG00000073490.12",2.54570617551534,3.31745694761828,108.786659106268,4.90603297939543e-08,1.54593598162958e-06
"ENSMUSG00000073489.7",2.81070016754832,3.54736154312522,232.641513320552,3.41509039107091e-10,2.80037412067815e-08
"ENSMUSG00000090222.3",1.91536224895722,0.907897308139838,52.8364255784435,3.90597374409622e-06,4.74503477060577e-05
"ENSMUSG00000090272.10",1.27986580491354,3.60473517713179,83.4643705313035,2.53922599674957e-07,5.57068983528533e-06
"ENSMUSG00000026536.10",2.38427124600923,0.888669911439428,35.738413096448,2.97904732425129e-05,0.0002397858950563
"ENSMUSG00000039997.17",1.68410418954193,4.985265415186,193.461868499945,1.15712284114944e-09,7.69566674814225e-08
"ENSMUSG00000026535.10",2.26609774210239,3.28621664705362,167.329266740984,3.03966677127731e-09,1.68724887857977e-07
"ENSMUSG00000054203.8",2.64548224642109,0.0837800506358737,28.282433779023,5.25971816403398e-05,0.000388856702868114
"ENSMUSG00000028354.14",1.62429500927476,3.40551375429407,63.3869947088671,1.32609953805982e-06,2.0209364871467e-05
"ENSMUSG00000104520.2",2.00130914193587,-0.47042571148993,15.1803186702653,0.00106613371856727,0.00455085531687748
"ENSMUSG00000079164.11",-1.04092237323171,4.02022503296416,44.7682123108758,9.57677065547588e-06,9.5737808745046e-05
"ENSMUSG00000042901.11",1.01108221111392,4.35530780953953,78.7656577273616,3.61336616851378e-07,7.30998283597493e-06
"ENSMUSG00000097615.3",2.34910138198853,1.70148084447485,81.0079677012685,3.28767365907942e-07,6.80741839997621e-06
"ENSMUSG00000026614.8",1.24156079068241,5.60818511194333,33.3203073843981,4.58065346376014e-05,0.000345211440151365
"ENSMUSG00000089872.11",1.08267894595175,3.60124228933456,37.4120950252657,2.51482215627556e-05,0.000210888514580877
"ENSMUSG00000026628.14",2.05914268548837,1.20637866262186,21.1836039292597,0.000405821490867761,0.0020579821346557
"ENSMUSG00000026622.16",-2.24486872170733,1.84511234424206,85.9462664724267,2.18223819671746e-07,4.92094713359787e-06
"ENSMUSG00000016262.15",-1.3806367216944,0.252878608751017,10.878370626941,0.00527939129646547,0.0166613109972862
"ENSMUSG00000009633.4",-1.15826457328088,4.41282493169327,13.757438727084,0.00228637393319877,0.00845641942694122
"ENSMUSG00000026648.19",-1.10225259281955,3.63358860105954,99.2142279865043,8.69746357482473e-08,2.41546467289656e-06
"ENSMUSG00000026770.6",-1.9485260489585,0.142311401029643,12.8967667391318,0.00286413073089944,0.0101535580221913
"ENSMUSG00000104101.2",-1.63800871907176,-0.00576439015187818,13.8058126791101,0.00225231236396955,0.00836258606555402
"ENSMUSG00000026723.11",1.43996476047555,2.30737895454326,53.4547021069447,3.57394802764636e-06,4.42360359648304e-05
"ENSMUSG00000026728.10",1.35306959835454,3.73862279818195,81.758303378172,2.88082503300916e-07,6.12975866946287e-06
"ENSMUSG00000082884.2",-1.22859410956781,2.21652825182991,27.6777136722212,0.000115377115319268,0.000729883048539814
"ENSMUSG00000026981.16",1.96148891779554,1.16731445718445,45.9261425584758,8.7356220936693e-06,8.94131191885357e-05
"ENSMUSG00000026969.4",1.45398718430682,2.94520334976608,78.9159038977195,3.58193036328173e-07,7.26045210714635e-06
"ENSMUSG00000036752.5",1.42664157967035,6.67602148354512,163.079838806403,3.57298581861536e-09,1.91692681539988e-07
"ENSMUSG00000015090.14",-1.13904884134752,0.420469744586667,13.0778279374159,0.00280451213667135,0.00999375781640518
"ENSMUSG00000052403.12",-1.39652125552457,3.1572211689688,45.4266297501672,8.84414002128124e-06,9.02039779414352e-05
"ENSMUSG00000026938.11",-1.29451396851253,4.29669485799958,43.389531485092,1.13633918213438e-05,0.000109696635963635
"ENSMUSG00000049086.9",1.09053611926199,1.94403228850436,10.3790076295081,0.00606908909700545,0.0186796958515638
"ENSMUSG00000026923.16",1.15348224269231,4.59376546684686,45.4270452461217,8.83689620466395e-06,9.01938373590595e-05
"ENSMUSG00000026831.17",6.70152346198256,-0.22970896885771,36.5618446247304,0.000117328729057259,0.000739750204348779
"ENSMUSG00000055632.19",1.48357909168872,2.08931476726239,44.1062940063954,1.04882129169849e-05,0.000102546588645377
"ENSMUSG00000026822.15",4.37049102185447,8.81245899744139,60.5431669332075,1.73183991668877e-06,2.47464491857944e-05
"ENSMUSG00000039157.13",-1.02336532542182,5.12414751573791,38.2308879547984,2.24227821506485e-05,0.000192966960046606
"ENSMUSG00000079442.13",2.50943357125741,0.981669224973236,46.4381449004901,7.16283827704087e-06,7.60662855145356e-05
"ENSMUSG00000026797.17",1.39115208850663,1.90878037781031,52.1986557617045,4.11995664543582e-06,4.92212038964651e-05
"ENSMUSG00000026796.17",1.41083830341928,3.16253322634476,18.739167997863,0.000673711047808461,0.0031228839036625
"ENSMUSG00000052248.18",1.5651627793737,-0.199136557033937,10.4267861023155,0.00545254098472634,0.0170881805627732
"ENSMUSG00000036249.17",1.74310109391536,3.34428127267616,137.424452055373,1.09409204019413e-08,4.61694044563791e-07
"ENSMUSG00000026946.10",1.88987789699538,5.35116213454236,462.961141690657,3.10449528809623e-12,5.5313674071364e-10
"ENSMUSG00000085315.9",-1.3026950820997,1.49340697602848,28.3564277060009,0.000103129140791919,0.000669537405736586
"ENSMUSG00000017412.17",-1.09835342433754,1.6125936830119,25.4057816172951,0.000173966618974374,0.00102060416464966
"ENSMUSG00000026832.13",1.45164980218255,0.16330643110428,7.52007277134039,0.0155074895783129,0.0400221905569048
"ENSMUSG00000026896.15",2.38597992371902,6.8470414128574,687.126936543011,2.01015469913289e-13,5.92052094242569e-11
"ENSMUSG00000027030.16",1.53068817052054,1.16752102838535,26.4521638098288,0.000147494576796643,0.000893041589742615
"ENSMUSG00000005233.17",-1.6265144106006,2.82347525717049,58.024665922945,2.22114432069794e-06,3.03844121671211e-05
"ENSMUSG00000027068.7",1.82510872147863,0.42264928858847,12.941065891882,0.00277333869122322,0.00990958751961711
"ENSMUSG00000086813.3",3.71336022205752,1.24750354721491,59.4335203023785,8.62435048101296e-07,1.43229719380873e-05
"ENSMUSG00000121134.1",-1.34620702263225,-0.312670198730784,9.32594438079089,0.0083876410945076,0.0243024365139397
"ENSMUSG00000027004.4",2.23864738338947,1.27601493548988,47.8669581963446,6.89782154081265e-06,7.36856850310941e-05
"ENSMUSG00000034059.15",1.49823936048783,-0.395407061198904,6.82116050321883,0.018911813777876,0.0469849021246869
"ENSMUSG00000027078.15",2.02744610129332,7.39188299161655,845.96339140577,4.7130930957585e-14,1.58184557111597e-11
"ENSMUSG00000120340.1",1.19035858989374,4.58777403882472e-05,6.79214312748058,0.0203221064686007,0.0496846756826776
"ENSMUSG00000027253.16",-1.54814150939659,5.15086969548817,149.644891816976,6.27103255812161e-09,3.05755209050038e-07
"ENSMUSG00000075028.13",1.02232654150505,0.339950397673417,9.81665991761072,0.00729224780915529,0.0217217173130504
"ENSMUSG00000068735.15",1.04049494097082,2.4095133174992,44.7123392490782,9.67083000828392e-06,9.62547715031403e-05
"ENSMUSG00000040272.15",1.72103470385318,2.85786045236002,70.8954334836781,6.84600531108685e-07,1.20475934661738e-05
"ENSMUSG00000005089.16",-2.16843306976866,6.36678485051222,517.238145731663,1.4429931766768e-12,2.89239965636105e-10
"ENSMUSG00000087185.2",-2.00234854107425,2.68840965643101,101.31479701514,7.66008088923171e-08,2.20347560515761e-06
"ENSMUSG00000005087.18",1.16231193600513,2.93577443862389,28.3437561506854,0.000102722105644569,0.000667804916876118
"ENSMUSG00000027186.17",-1.66663557325116,0.269017878955169,30.5514989294191,7.33233926010857e-05,0.000505578196539815
"ENSMUSG00000032724.6",1.36951448643486,3.40430680265889,67.486246892242,9.15584831284783e-07,1.50669558553044e-05
"ENSMUSG00000074971.5",-1.43435169526659,-0.0762991364873999,19.2428388079567,0.000606256122980329,0.00286612678543904
"ENSMUSG00000121215.1",-1.34869181429531,-0.215657099754148,8.39556624857501,0.0115485025982478,0.0315778684156712
"ENSMUSG00002075416.1",-3.04403318462381,-0.012872181893609,38.1062097900527,1.08354899737135e-05,0.000105234045289794
"ENSMUSG00000040152.9",4.2679039518166,0.0295690491602378,29.9952173080667,2.56198523056619e-05,0.000213602373469273
"ENSMUSG00000040093.17",-1.51630314484172,3.50924566884373,16.3926895293525,0.00116593574507497,0.00489292953559811
"ENSMUSG00000074923.11",2.74592061499083,-0.235339262218667,17.4559421043175,0.000484468781028585,0.00238223286126219
"ENSMUSG00000027331.16",-1.01662524856619,0.737107594349623,7.56908139094654,0.0155415767589256,0.0400814931709818
"ENSMUSG00000046814.4",-1.44304999938998,4.6140111387489,142.162639519952,8.7564738715039e-09,3.92464071160076e-07
"ENSMUSG00000027293.14",1.29864765061132,3.37129152633055,106.093834277146,5.71307400113475e-08,1.75051708826491e-06
"ENSMUSG00000054484.15",1.0659297124523,4.36908979356851,97.8600011450082,9.47527335447219e-08,2.58501219379476e-06
"ENSMUSG00000060802.9",1.04657876749638,10.562513152274,211.569368999723,6.37407604728444e-10,4.55399334229748e-08
"ENSMUSG00000027204.14",1.49570401852479,2.17223783428113,28.0510900275665,0.000108510468363927,0.000695701057053842
"ENSMUSG00000027359.17",-1.33970007890096,10.0111977867464,212.581520881287,6.17413513827679e-10,4.44302951094249e-08
"ENSMUSG00000074807.4",-1.22642355880871,2.32564583983422,24.7151743551492,0.00019736208999395,0.0011351882220821
"ENSMUSG00000103009.3",-1.05264128315091,0.571589096564254,11.7626181388679,0.00404962879179901,0.0134695189498141
"ENSMUSG00000027346.16",-1.25908276306216,7.55328088119899,49.0491264511565,5.76980809792114e-06,6.34195510047204e-05
"ENSMUSG00000084839.2",-2.3412544270386,2.80340393018273,80.7836358193395,3.11317677960893e-07,6.49268313342719e-06
"ENSMUSG00000027435.9",1.52318615406208,2.68808243013575,54.1343823299372,3.31576999876236e-06,4.19396955496392e-05
"ENSMUSG00000032869.16",1.10062970878491,5.45837853664601,134.191350136581,1.27194553626705e-08,5.1790578296353e-07
"ENSMUSG00000027459.17",1.21857626843653,1.04414686538271,7.40428741563457,0.0165041555714859,0.0420675566204772
"ENSMUSG00000051817.10",-2.28136392814054,1.90652383823938,41.5350879545168,1.4631159740541e-05,0.000134924535064209
"ENSMUSG00000042745.10",1.37453904520445,3.11458048129873,32.3018265269147,5.36922878989581e-05,0.00039514895408351
"ENSMUSG00000003283.16",1.23666764550565,1.89837157223988,15.8687090444447,0.00133073939552468,0.0054467472933103
"ENSMUSG00000027597.16",-1.16797477153689,8.39181031171403,108.964964776468,4.81648552964138e-08,1.53109073047983e-06
"ENSMUSG00000027602.10",-1.11097953453824,4.39409881423449,104.362251933124,6.32741388688761e-08,1.90641413811194e-06
"ENSMUSG00000027611.13",1.35328101623958,-0.329190122134128,6.70502621761266,0.0202092967486842,0.0494582842428645
"ENSMUSG00000027624.21",1.33367631794556,2.03627092906075,31.626064526184,6.00471250000289e-05,0.000431358938775718
"ENSMUSG00000027639.17",1.72311280649423,5.52923140275538,284.719863720674,8.64148257370094e-11,9.60576950236057e-09
"ENSMUSG00000027641.14",1.38822176075059,2.19573591818734,30.5372039802384,7.14406501583591e-05,0.000495212037985321
"ENSMUSG00000027412.13",1.23206207665621,3.12517801684122,65.1740292082983,1.12591791947951e-06,1.77200080849818e-05
"ENSMUSG00000017002.15",1.73435337392865,0.903340150644996,9.97157370482089,0.00694389415549661,0.0208562498339495
"ENSMUSG00000017652.17",2.68749118899338,-0.131998199782857,14.364474732497,0.00126541398119355,0.00521337555711827
"ENSMUSG00000018459.16",1.04548096025551,3.40845827250368,23.3844417411132,0.000254534389681529,0.00139515393539074
"ENSMUSG00000039671.19",1.34474106657322,5.49222165505411,144.537340900001,7.86116432097866e-09,3.6016610628687e-07
"ENSMUSG00000039501.15",2.01390165009509,6.73406660107258,585.855852543959,6.08751398939096e-13,1.48906782872695e-10
"ENSMUSG00000074577.10",-1.06799360952793,1.04934522351781,24.2730902462934,0.000216960744391954,0.00122228868319693
"ENSMUSG00000087442.2",-1.67026569918318,0.271825037491568,10.1470417055005,0.00657789924057069,0.0199543208137949
"ENSMUSG00000120918.1",-1.27779676166619,2.35604057682843,11.2173101851785,0.00469645279599146,0.0151529637271962
"ENSMUSG00000027513.12",-1.35596697741669,10.9961329397396,153.644264212352,5.27819607395967e-09,2.66345894193657e-07
"ENSMUSG00000027514.15",5.18170764651431,6.3843241780265,1048.97610715134,1.05412152782267e-14,5.3779330254611e-12
"ENSMUSG00000085704.3",1.05201092613559,1.36105241019709,9.29517047380511,0.00859721853890374,0.0248249415673187
"ENSMUSG00000049401.11",1.28170845145987,5.92741859250161,332.777207732743,2.99096071509311e-11,4.03416308787138e-09
"ENSMUSG00000027577.15",3.37263504263385,3.04530341975685,27.0299775054518,0.000131416812025763,0.000811903866076973
"ENSMUSG00000027580.18",1.38577466044582,7.29087181929353,169.041060397213,2.82203919288171e-09,1.59092459498706e-07
"ENSMUSG00000040329.15",2.52197828113981,0.381836849192643,38.6046567824757,1.32944844952265e-05,0.000124669265909752
"ENSMUSG00000027533.11",-1.07302451525371,4.74148374470328,14.2983021406642,0.00198016457872667,0.00754228957513415
"ENSMUSG00000027559.6",-1.00164997459156,12.2987612271235,129.293233611077,1.61627651865003e-08,6.25801403686633e-07
"ENSMUSG00000078780.8",1.00901590461441,0.44793513580587,7.75664764926595,0.0145652044529649,0.0381013287411979
"ENSMUSG00000039519.7",-1.0218696047282,9.1082027935873,81.1750282225026,3.00620753271854e-07,6.31522374267742e-06
"ENSMUSG00000039304.12",2.50582249145414,4.25723461377985,266.840784197839,1.34422510748288e-10,1.31249569847232e-08
"ENSMUSG00000039221.11",-1.55132444723624,4.60774999873657,114.228997329406,3.57227766728738e-08,1.19064922157717e-06
"ENSMUSG00000104444.2",-1.52549299737091,4.18154132673925,176.046213746934,2.16128853821554e-09,1.28360971948669e-07
"ENSMUSG00000027663.14",1.03134672615703,3.76429771829545,31.5102289200162,6.07964895281117e-05,0.000436307775668677
"ENSMUSG00000105135.2",-2.06226504305777,2.01194331404747,109.061144745072,4.87986342308689e-08,1.54105446218796e-06
"ENSMUSG00000027712.14",1.00157895906393,6.20245189797685,140.438716428378,9.47423881597654e-09,4.14175965605715e-07
"ENSMUSG00000059834.13",-1.00222505660519,2.41899484692098,23.2803921229977,0.00025994613983859,0.00141835262387544
"ENSMUSG00000120422.1",1.51795065642246,0.45686613561494,11.878926126026,0.00385504053815503,0.0129416015460929
"ENSMUSG00000104965.2",-1.65467776075594,-0.19295191708972,20.391199852892,0.000448940661263563,0.00223494709325828
"ENSMUSG00000036381.14",1.1936682186694,0.490500188729264,11.359416373872,0.00454538301642008,0.0147512857416179
"ENSMUSG00000036353.14",-1.55215156789379,0.312883672046678,17.0248819321304,0.00102480951612679,0.00440573456560674
"ENSMUSG00000027762.7",1.7709524570905,3.76247916490842,93.7040628848543,1.24337787796104e-07,3.15367830135917e-06
"ENSMUSG00000027765.7",-1.18885801665229,3.59356238566027,21.8341737721353,0.000346930427653293,0.00180558958957531
"ENSMUSG00000036894.4",1.07525410156311,2.09455515837744,24.5237731045485,0.00020499274282647,0.00117166545127589
"ENSMUSG00000027834.16",1.60865756838158,-0.41320675911365,12.4062846370174,0.00275363891655362,0.00985383507158488
"ENSMUSG00000102545.2",1.58159924430615,-0.346156022566298,10.5140053747675,0.00510967087900101,0.0162250319308565
"ENSMUSG00000027995.11",2.12793122748915,2.25006842252622,70.1535593610768,7.4466923080209e-07,1.28224172211305e-05
"ENSMUSG00000027953.14",1.04426550250734,3.2042792155008,49.5335877240513,5.46716412840583e-06,6.1069746672719e-05
"ENSMUSG00000027954.10",-1.13719040388243,4.41804245607065,7.99353372891732,0.0132963934646116,0.0353507094971431
"ENSMUSG00000028039.12",1.39373530178071,2.06686792495374,27.7587617936518,0.000114192520869501,0.000725044637566494
"ENSMUSG00000086389.2",1.09956969994779,3.03235266335253,24.228551413564,0.000216300262817991,0.00121986924305949
"ENSMUSG00000028041.18",1.13787650629752,1.34425415497068,20.0884341802433,0.00050670748373321,0.0024680399612682
"ENSMUSG00000027951.17",1.74724988810219,5.82525717714205,509.10264814023,1.61036546872346e-12,3.18367047186535e-10
"ENSMUSG00000056071.13",1.4015864695782,0.187689096506125,10.3658197367959,0.00598901281980667,0.0184776726474689
"ENSMUSG00000027907.5",1.60749723082643,1.98282399295612,49.7442271236329,5.41674171112547e-06,6.0600322771289e-05
"ENSMUSG00000041959.15",1.56050667846259,5.47498128169901,74.5161674438426,5.05363040425685e-07,9.38661441367243e-06
"ENSMUSG00000038526.15",-1.51709885254333,4.25946586023985,70.8338535861195,6.85357139393617e-07,1.20475934661738e-05
"ENSMUSG00000063954.8",1.13617821073293,-0.141269159214123,8.0341238908483,0.0128164323104208,0.0343612764451036
"ENSMUSG00000050936.6",2.67281249011961,0.931777624788679,29.2097301264421,7.85040347326796e-05,0.000535177245754385
"ENSMUSG00000015947.11",1.80375821724197,2.3503973653614,32.840811207452,4.96543946618835e-05,0.000370342234501448
"ENSMUSG00000038403.11",1.32222848564505,6.05707756482379,55.993459724502,2.72210599926024e-06,3.5779083589548e-05
"ENSMUSG00000087610.2",1.04556339373068,1.96674300561878,23.3520829843401,0.000257025127270262,0.0014050706957441
"ENSMUSG00000027875.13",-1.00244111874835,11.069199403707,105.270715050214,5.98877109742949e-08,1.81575513609459e-06
"ENSMUSG00000051076.9",1.07844436313563,3.2807203880151,21.162925554122,0.000398594041320594,0.00202695884578535
"ENSMUSG00000027860.17",1.01023739906406,3.59356188844125,65.5063971511983,1.09151907466023e-06,1.72917708951662e-05
"ENSMUSG00000027858.14",-1.33137961852696,0.0728208054989481,11.3393655000654,0.00459248804113986,0.0148740546251639
"ENSMUSG00000002233.14",1.69476648507533,3.75833248515525,151.355313345541,5.83359589046543e-09,2.87339439901696e-07
"ENSMUSG00000002227.16",1.80282519321468,6.28032562878957,622.71654183632,3.98559172062723e-13,1.00912385459811e-10
"ENSMUSG00000105677.2",1.75930625860505,0.315877770233189,15.411920133939,0.00141849505950727,0.00575048334236207
"ENSMUSG00000040724.6",-2.12486894571824,0.906968501376758,26.8040432295295,0.000139145893709287,0.000851273225100649
"ENSMUSG00000089664.3",1.14982906132783,0.0297726013981176,8.90229315518311,0.00963491953089691,0.0271589975325255
"ENSMUSG00000004038.10",1.62753758782424,5.25905043389807,55.8779000357732,2.75486404438118e-06,3.61438162622811e-05
"ENSMUSG00000068747.15",-1.01602913967121,2.07365045100443,11.8707145710401,0.00387505245951878,0.0129876351824838
"ENSMUSG00000068744.13",8.51974100469314,1.32331776930816,51.2847148810538,2.77577248471758e-05,0.000227872289530399
"ENSMUSG00000027965.16",1.06338295139098,2.94401018391893,54.2908821632366,3.25473926331921e-06,4.12400325269735e-05
"ENSMUSG00000120078.1",3.10136607614167,-0.547346448306421,22.0786609677417,0.000124284460017465,0.000775139726435633
"ENSMUSG00000104723.2",-1.24267302264846,0.205877642252056,8.49367501509446,0.0113252715565418,0.031079353318884
"ENSMUSG00000104653.2",1.34688858159965,0.585984204482981,13.1489792343496,0.00272906228010092,0.00978773032465616
"ENSMUSG00000033308.17",-1.49657468686798,8.3598567713476,468.053555974592,2.87719110704831e-12,5.25615469074951e-10
"ENSMUSG00000028132.16",-1.64137692087996,7.49739793667098,215.675825974103,5.60590108904092e-10,4.06554595563008e-08
"ENSMUSG00000028127.11",-1.06690088389322,9.18658787994951,164.767892254982,3.33929112317888e-09,1.83242013268888e-07
"ENSMUSG00000106087.2",-1.40191718159679,1.84005203426762,43.4561969516595,1.13350783756208e-05,0.000109561605590122
"ENSMUSG00000057359.8",-1.3073234078042,0.886081326278065,11.8422306619522,0.00394051897495184,0.0131551167815186
"ENSMUSG00000104960.3",-1.35403083420574,2.74130998485076,68.4431898943258,8.42714944075446e-07,1.40439515853312e-05
"ENSMUSG00000051278.13",1.02034514243658,0.996940757824764,13.2181734846945,0.00267945972491708,0.00962897478834744
"ENSMUSG00000028028.12",1.02725797132459,2.02257011471557,30.5406055146667,7.13678111799533e-05,0.000494944858697302
"ENSMUSG00000105837.6",-1.05610255351375,0.794309073828289,7.32947623105222,0.0169343269830344,0.0429292476759446
"ENSMUSG00000027999.16",-1.07451982742559,4.28122414734715,42.0348535490069,1.34996072876313e-05,0.000126182857755891
"ENSMUSG00000019232.15",-1.29668900429093,7.72270628362305,75.9750246744806,4.49463305800018e-07,8.55759159539031e-06
"ENSMUSG00000106290.2",-1.61717786683239,0.316823383330359,22.6758084813336,0.000301425794544377,0.00160404759102672
"ENSMUSG00000037922.14",-1.0777157575653,0.833845642404519,10.9437844528644,0.00513595066690539,0.0162869786914477
"ENSMUSG00000046818.8",2.95026345782557,-0.43896158674679,19.4185284654279,0.00024638799457308,0.00135668505825208
"ENSMUSG00000037894.14",-1.12356587209058,4.88146782563078,128.485610788303,1.6833066360593e-08,6.47826169909543e-07
"ENSMUSG00000121473.1",-1.16273961549554,3.94686625519874,18.1323362231872,0.000772860207546426,0.00350201523243643
"ENSMUSG00000105504.5",3.3314678522855,2.86537599206142,242.548029249763,2.81810707374586e-10,2.4500554992952e-08
"ENSMUSG00000040253.16",2.83974659323103,6.08268772368303,852.749690008755,4.4603189330132e-14,1.57557140841279e-11
"ENSMUSG00000028268.15",5.28174336460201,6.65664012031549,1645.75751722747,4.45384720623469e-16,9.18256041148272e-13
"ENSMUSG00000040264.11",5.18929155465554,5.37864212075125,519.819882845506,1.43658776542639e-12,2.89239965636105e-10
"ENSMUSG00000028270.13",4.87430319825626,5.19776106884259,547.425520477289,9.98195908262773e-13,2.2163020535459e-10
"ENSMUSG00000098871.3",4.66852502379376,1.98384275694492,144.648270158481,1.42597524035697e-09,8.94768463862253e-08
"ENSMUSG00000040213.14",-2.01721831260083,6.32801640512088,257.180183862211,1.71921247464847e-10,1.64315724729316e-08
"ENSMUSG00000120786.1",-1.20995896178887,4.36122010197041,54.0422737997019,3.33599692071341e-06,4.21217039017812e-05
"ENSMUSG00000086561.2",-1.76653384898797,4.02157463915713,120.267608736688,2.57335337076952e-08,9.12497195256653e-07
"ENSMUSG00000028186.15",-1.46636940017783,10.8791610262769,421.337893608195,5.93695261304916e-12,9.62720225972196e-10
"ENSMUSG00000028037.14",6.02655131022299,7.50659074528994,1698.40863129211,3.56502982986029e-16,8.57508508409061e-13
"ENSMUSG00000039146.6",2.61956530581949,3.89769594852158,323.469624052285,3.65077994317892e-11,4.74667172432056e-09
"ENSMUSG00000065431.3",-1.32559301934234,-0.134165177318933,8.46288866527259,0.0113451402018263,0.0311279588199158
"ENSMUSG00000086765.9",2.44069921487503,0.478892021424626,17.1575558863797,0.000837274692308677,0.003738819845075
"ENSMUSG00000028211.12",1.71302562849198,7.25913042950629,43.1644141486384,1.16870761985154e-05,0.000112146199266605
"ENSMUSG00000028214.14",2.72677214447764,1.16105681593733,40.9112609771738,1.44448102070852e-05,0.000133547406091386
"ENSMUSG00000085467.2",1.22923916452505,-0.0799569666662679,9.09751589283511,0.00889018328416761,0.0254974414064203
"ENSMUSG00000082676.2",1.63505718938268,1.06100057367798,41.3192302388081,1.55456971851047e-05,0.000141501923949898
"ENSMUSG00000078772.3",-1.14948995864677,2.55737337186329,31.9966415884147,5.63400939030966e-05,0.000410656684449237
"ENSMUSG00000096105.2",1.22193285404034,2.35132510954313,29.1776207733427,8.93048170591748e-05,0.000595058523728703
"ENSMUSG00000040183.14",1.01066148112708,1.10834981065738,11.2472782522308,0.00469155217683471,0.0151405368998387
"ENSMUSG00000040296.16",2.32725340707954,6.50720633303763,563.160854525131,8.00694848843982e-13,1.80556688414318e-10
"ENSMUSG00000061322.16",1.095433148855,2.91809454065718,19.1937980894106,0.000608735909765288,0.00287288314248942
"ENSMUSG00000028457.19",2.09986732281519,3.77981663068691,94.9597936904514,1.14515672927934e-07,2.97782016521791e-06
"ENSMUSG00000028461.13",-1.02242981920803,4.11344994661952,75.5784618147496,4.64107184171093e-07,8.78895919350581e-06
"ENSMUSG00000028480.15",2.4539241754381,0.410688840594836,30.4145836605858,5.27116366614347e-05,0.000389321566170842
"ENSMUSG00000035561.6",1.13685178248607,5.94565648274541,56.1467421820485,2.67966120359113e-06,3.53823151786159e-05
"ENSMUSG00000028327.15",1.14092872084125,7.27244011161587,163.457580948445,3.5190244855867e-09,1.90926922466118e-07
"ENSMUSG00000035517.18",1.38739458071749,5.30624933961512,183.3496773189,1.65132576334157e-09,1.02723850933386e-07
"ENSMUSG00000039853.19",1.37053147785755,4.32636913951214,178.758178721016,1.9539724593867e-09,1.16527812123425e-07
"ENSMUSG00000028339.18",1.23598826438141,3.51564280404049,55.4608949067245,2.87840293720677e-06,3.73235500357305e-05
"ENSMUSG00000060317.10",2.51163664536855,4.07149652181886,113.983024028841,3.62942883061506e-08,1.20691052726812e-06
"ENSMUSG00000038578.16",-1.19835019547871,3.78361850609477,108.992314414306,4.81269368930963e-08,1.53109073047983e-06
"ENSMUSG00000078689.9",-1.97182680659722,-0.115563808738502,25.3101076241005,0.000159114862204951,0.000948119608316208
"ENSMUSG00000073842.11",-1.81346096482422,7.39742940059362,191.790735490443,1.22511289721646e-09,7.94914998829771e-08
"ENSMUSG00000078688.12",-1.75207383194131,4.21019496844683,119.041988331109,2.74688896057787e-08,9.64574179153018e-07
"ENSMUSG00000078687.10",-2.11796859998572,1.31989739938038,16.3502342741457,0.00119508796139448,0.00499493468255
"ENSMUSG00000078686.12",-2.08148233229587,6.70257967641612,115.544682051837,3.31993520996722e-08,1.13270224468669e-06
"ENSMUSG00000078685.7",-1.55997649229266,3.14124780686824,36.6356327806609,2.80833444470274e-05,0.000229501034575028
"ENSMUSG00000078683.10",-1.63503953304524,5.98051758843977,46.4997903854606,7.76685088856497e-06,8.12844032079548e-05
"ENSMUSG00000078680.4",-2.02064621014792,2.52117097065255,37.0324582119067,2.66021592606507e-05,0.000220391712083645
"ENSMUSG00000073834.11",-2.05620439086414,1.24551885814831,23.4222029860513,0.000258292052836534,0.00141039383523907
"ENSMUSG00000094793.2",-1.68780010383911,6.56022743641025,120.888906185925,2.48775938494056e-08,8.88696619887677e-07
"ENSMUSG00000110439.2",-1.80679546376823,4.67415647967,54.0253111304671,3.34201494195885e-06,4.21239822203931e-05
"ENSMUSG00000073835.6",-1.88332872480295,0.244889078196953,18.7762763698554,0.00067054709211701,0.00311268434655281
"ENSMUSG00000078675.10",-2.43664997692989,1.22842269186446,35.5742464685363,3.41615944196543e-05,0.000269557206486852
"ENSMUSG00000095532.2",-1.46161865305843,3.25269425344911,24.1067507030142,0.000221333930300242,0.0012443674647811
"ENSMUSG00000096688.2",-1.86700060004993,5.65306654426963,78.1161946518075,3.79852258784897e-07,7.53025796536214e-06
"ENSMUSG00000078674.3",-2.36336709659582,1.64387663768748,28.4051236674004,0.000103669633096589,0.000671827635765592
"ENSMUSG00000078673.11",-2.93561029531607,1.66120383764911,32.6744491996332,5.26217530973827e-05,0.000388856702868114
"ENSMUSG00000081207.5",-1.51809323194053,0.147038041087821,12.8997804119393,0.00292922488138248,0.0103465178423369
"ENSMUSG00000082644.2",1.67283706622045,1.52542158166837,25.3023354164199,0.000180421383373528,0.00105418680358168
"ENSMUSG00000066154.13",-1.05910957460748,12.9475148375207,140.379968804725,9.49918546393374e-09,4.14175965605715e-07
"ENSMUSG00000028358.16",1.28557252664292,0.350102866480632,9.49854438441836,0.00802263027569185,0.0234615197849615
"ENSMUSG00000045672.16",-1.03564660580446,5.67016790757267,46.6975786081398,7.58640354492925e-06,7.98010028866027e-05
"ENSMUSG00000061540.4",2.59405781736845,7.03175045865361,35.6382276681867,3.24003733025356e-05,0.000257206923818588
"ENSMUSG00000083219.2",-2.944065553484,-0.189017779341251,22.6223437878055,0.000175507404255125,0.00102755491205272
"ENSMUSG00000059049.16",-1.63721224782703,-0.256227539303774,17.7350804942952,0.000805969600294166,0.00362925219077859
"ENSMUSG00000085569.3",1.10523839007764,0.761034087222481,9.38701086363071,0.00839212419667755,0.0243056665475518
"ENSMUSG00000015224.11",-1.30899504362462,3.62573644860706,45.9674915417923,8.28143930439999e-06,8.56144212328801e-05
"ENSMUSG00000120569.1",1.83963852621503,-0.366029593361481,13.2288323222066,0.00207350287763544,0.00782552132061575
"ENSMUSG00000028527.19",-1.63789711779596,6.67176618686337,75.7750644529917,4.56684746821469e-07,8.68362880912706e-06
"ENSMUSG00000028520.13",1.96797994900789,-0.184840699446578,12.4224972835483,0.00272984852679213,0.0097881177487364
"ENSMUSG00000078612.10",1.25363048876916,3.34346743704985,35.6943169500606,3.21636083658346e-05,0.000255749419248334
"ENSMUSG00000028518.9",-1.25653069837643,6.69924142945008,266.66587252678,1.34596288368835e-10,1.31249569847232e-08
"ENSMUSG00000034785.16",-1.76754524998157,3.65427639816562,28.1845569892431,0.000105504544083496,0.000680708150326835
"ENSMUSG00000028600.17",-1.33233459932858,1.2620775470354,14.4056024796447,0.00193629033008952,0.00740448914781449
"ENSMUSG00000098980.3",-1.63910524219739,-0.00145715864717572,10.8486914976476,0.00523771094681015,0.0165551126553579
"ENSMUSG00000028555.16",-1.08910867866985,-0.134713783832815,9.13962039423995,0.00910761579413147,0.0260514030005098
"ENSMUSG00000066072.14",-1.30040920896156,2.84851971779054,19.1299465069004,0.000617338379827853,0.00290587981007031
"ENSMUSG00000073771.12",1.02382069891384,1.28449581332005,7.23762476525367,0.0174877484127526,0.0440767001559284
"ENSMUSG00000087385.9",-1.00786563588814,2.37286000888108,30.2395910611982,7.47539414623754e-05,0.000513493042924799
"ENSMUSG00000028655.12",-1.83345716755825,4.2637466658745,10.9391818768554,0.00510338560781999,0.0162157774311004
"ENSMUSG00000042677.8",1.01013790408914,2.30400974025607,26.3080961228874,0.00014720447464102,0.000891878664155837
"ENSMUSG00000073758.11",1.27762702924968,1.33051755907986,23.4386266421777,0.000256275466311148,0.00140256637459328
"ENSMUSG00000050234.8",1.00591366683316,1.73743126919037,12.9558433389414,0.00285404861702858,0.0101261678268617
"ENSMUSG00000087470.4",-2.01889197310505,1.28948298112953,55.2343722079946,3.0749372248126e-06,3.94466613586626e-05
"ENSMUSG00000028789.17",-1.27497629181277,0.682675091547263,13.0114875448242,0.00284225205265414,0.0101008080827148
"ENSMUSG00000000409.15",1.40507501721377,-0.0959278859597965,14.5386382970635,0.00172100836591448,0.00674934585241242
"ENSMUSG00000070729.6",-1.27213216103238,0.409340620585613,15.6180016909739,0.00144570360705081,0.00584512189935004
"ENSMUSG00000023232.18",1.29264917438312,4.08998009410971,106.729119930822,5.49538674591801e-08,1.69827455068713e-06
"ENSMUSG00000028581.18",1.05864386581872,3.43066518349032,21.9988705520513,0.000335528855217735,0.0017570219297904
"ENSMUSG00000056529.8",1.23612789849699,0.720186631579041,16.5569693177937,0.00114297362166364,0.00481336308953886
"ENSMUSG00000037731.6",1.61319159949288,2.38146556477121,48.0439234834554,6.52185963258688e-06,7.04517052526151e-05
"ENSMUSG00000000682.8",3.10672367256651,0.434735035010863,31.2165191309496,3.00100195637076e-05,0.000241149555870506
"ENSMUSG00000012126.17",1.09141750522057,1.14285714161575,16.384519020108,0.00118395921470132,0.00495559726988675
"ENSMUSG00000028843.9",1.12768181277195,1.98844339539612,32.0001447864534,5.65428840854986e-05,0.000411303882621933
"ENSMUSG00000028838.12",-1.23881515396807,4.36117413443729,59.3355411931592,1.94771205936253e-06,2.7264190534161e-05
"ENSMUSG00000037139.16",1.63385637410978,-0.0842124739745998,13.6853179270495,0.00209357545364964,0.00788478104046752
"ENSMUSG00000070661.8",-1.48318406134221,2.14180247585012,18.9922631149605,0.000637298017581804,0.00298501918923743
"ENSMUSG00000028919.12",1.18163239496496,5.75256653504296,106.80057057183,5.46841333560399e-08,1.69356526307804e-06
"ENSMUSG00000006218.5",1.33128391849643,1.28279604224324,17.0655324699341,0.00100583188747838,0.00433836395698982
"ENSMUSG00000082334.2",1.22774676878642,0.0775481475321304,12.4100524898716,0.00325714946888317,0.0112635341440695
"ENSMUSG00000084350.2",1.25833988949111,1.41762800496483,35.4646974651984,3.39806259324806e-05,0.000268422765986623
"ENSMUSG00000066009.9",-1.42150707227207,-0.551346769859589,6.86122878841164,0.0193816889658596,0.0478142347544848
"ENSMUSG00000066007.16",1.39756168311445,-0.376784821279492,7.46700110148223,0.0149709324605113,0.03890178200758
"ENSMUSG00000078496.10",-1.20158501134587,0.477301985872718,14.2594309863985,0.00204118325679265,0.00773514429196263
"ENSMUSG00000029009.18",1.89166114021726,3.49970996531282,63.9428827111564,1.26003506063387e-06,1.94450065271277e-05
"ENSMUSG00000029003.12",1.18798402923205,4.02197617231299,82.5086899551903,2.72318848522317e-07,5.85708736493902e-06
"ENSMUSG00000055401.15",1.01910591581617,4.86168009070572,45.8406712321129,8.40537869952335e-06,8.67093819810729e-05
"ENSMUSG00000087273.2",3.47743403206503,0.140377758250137,33.7954591160001,1.0074599302917e-05,9.95867240682859e-05
"ENSMUSG00000028961.16",1.09540120917503,5.53180979100048,115.302812021209,3.3648329260246e-08,1.14169999607728e-06
"ENSMUSG00000102813.2",5.99051495363395,1.06456697720288,116.374048188156,8.0602176302897e-09,3.66956027887511e-07
"ENSMUSG00000028957.13",-1.0801580922902,5.64860112377308,14.7040956492326,0.0017811016904576,0.00694350610391249
"ENSMUSG00000108391.2",-1.64914588284645,-0.305165748567944,12.6643425979789,0.0029544462322262,0.0104148920428648
"ENSMUSG00000029032.13",2.00358895774598,2.39485046181912,94.8050260125352,1.17656753685078e-07,3.02766971579486e-06
"ENSMUSG00000042333.17",1.08754478740839,3.21478338868691,79.8427776460309,3.33111220555498e-07,6.8358766741729e-06
"ENSMUSG00000073684.14",1.03290803837629,2.71882258160022,42.8056376629088,1.22545014267974e-05,0.000116737270357452
"ENSMUSG00000073680.3",-1.6173343606538,1.48659982161584,60.0387949847062,1.85492177071877e-06,2.61939637915981e-05
"ENSMUSG00000023571.5",-1.18713937052404,0.958565412014341,13.2022138223597,0.00268090949499163,0.00963178636587484
"ENSMUSG00000035692.8",5.95139312183571,6.99680640781445,1975.40645176071,1.23568028471632e-16,4.92647616730145e-13
"ENSMUSG00000078349.5",1.93809380865177,3.29704563341113,81.7729755535359,2.88394272212118e-07,6.12975866946287e-06
"ENSMUSG00000078485.5",2.15626795686283,-0.061207635452989,23.0594334516759,0.00018287526059287,0.0010646453250812
"ENSMUSG00000106535.2",-1.88980733331534,1.41324636119354,26.7844311188786,0.000137025910030759,0.000841692645590965
"ENSMUSG00000015653.14",-1.61490553504783,1.71740623583073,36.7274535563006,2.79244587979951e-05,0.000228720652311388
"ENSMUSG00000084923.2",-2.2355386352007,0.381083697361785,8.84897398128116,0.00987457986163722,0.0277310637406399
"ENSMUSG00000039899.6",1.99537032086836,1.99452372915,96.7422273733003,1.06178240771647e-07,2.82203383207441e-06
"ENSMUSG00000042453.15",-1.64596167767837,5.13553675360049,99.8549551446407,8.34839698394022e-08,2.36243265239657e-06
"ENSMUSG00000073152.5",-1.48306780467872,1.33333663720881,19.7534861093832,0.00054252536338872,0.00262039024244511
"ENSMUSG00000073102.8",1.69482847826846,0.862494619616668,19.4004670449884,0.000592096592028538,0.00280628506277696
"ENSMUSG00000029177.10",-1.00792913072505,1.2692065965219,14.698005554197,0.00179160006163101,0.00697300060770528
"ENSMUSG00000029163.10",1.21698957312436,4.04157966522106,54.7936455885103,3.08357735654784e-06,3.95214052499528e-05
"ENSMUSG00000006641.13",-1.20562536778549,5.10983665295182,68.2524318031359,8.55020754990633e-07,1.42161976221484e-05
"ENSMUSG00000037379.8",2.19126101930907,3.79162196809231,27.4757024645964,0.000119399969958447,0.000750841118274641
"ENSMUSG00000120013.1",-1.51316855344481,0.326871313181902,14.5336021536511,0.00190034849702173,0.00729798550000467
"ENSMUSG00000052783.17",-1.17546538039063,0.229607973479468,9.2434018252541,0.00883017387992938,0.0253606108328638
"ENSMUSG00000029101.17",1.94536158960098,3.11817810024825,88.170593642944,1.81805439296838e-07,4.25253824948456e-06
"ENSMUSG00000107040.2",2.4603618248811,1.14700124404802,47.5055434349475,6.799050797922e-06,7.29545733201564e-05
"ENSMUSG00000120374.1",1.53607601690584,1.74712901209195,39.3158543016353,1.96906251986608e-05,0.00017359505367567
"ENSMUSG00000046572.11",1.13416517610918,1.23076680066808,13.4112077637977,0.00253527249645297,0.00919553975089451
"ENSMUSG00000039765.16",1.10268718627456,2.26783589903776,27.1258380167542,0.000127230545128795,0.000790439615711911
"ENSMUSG00000105263.2",-1.01011241071949,0.904218835770407,17.1949258617409,0.000972059252455035,0.00421663935420231
"ENSMUSG00000015880.14",-1.79576447746435,1.66194908161949,51.3613668148106,4.52305189494313e-06,5.28556153423638e-05
"ENSMUSG00000015882.19",-1.01546710992223,4.33085973180632,86.4837108645334,2.0395139284657e-07,4.64996287766461e-06
"ENSMUSG00000097145.7",1.81331923984404,0.035942874751476,12.0320361505522,0.00336657092483066,0.0115792067652898
"ENSMUSG00000106981.2",-1.33474654614361,0.111815616570948,9.6768829617176,0.007658900779843,0.022650257388257
"ENSMUSG00000044827.11",1.51280611605611,1.15424642698032,34.4643914398802,4.00545376782654e-05,0.000307809950890695
"ENSMUSG00000029206.14",-1.39231925281886,0.897145391161669,15.654943323251,0.00141765156892768,0.00574867868580058
"ENSMUSG00000082039.3",3.05277958350046,-0.366057753584686,25.347613506259,5.53311727446555e-05,0.000404528614514117
"ENSMUSG00000029156.12",2.46561702352838,2.03388510879623,130.97854559853,1.61740523541515e-08,6.25801403686633e-07
"ENSMUSG00000035836.3",-1.01063306726618,9.73690671585122,52.1194172881284,4.09833799604821e-06,4.90282196316977e-05
"ENSMUSG00000061906.6",-2.01401555560623,2.89730724027392,34.8474213629786,3.64570751855527e-05,0.000284362989403486
"ENSMUSG00000106705.2",-1.46168193820693,0.222406126987457,9.99679727772942,0.00691652797059258,0.0207925487710222
"ENSMUSG00000107198.3",2.57717091139355,2.57460592667602,211.612817748094,6.70221548085187e-10,4.74148891272814e-08
"ENSMUSG00000082361.7",1.71904467926225,2.26962207087215,51.2148189852194,4.57269080282676e-06,5.33492915653968e-05
"ENSMUSG00000029405.17",1.03314268982296,6.81497893931648,145.466634463088,7.53893368964835e-09,3.52109679640793e-07
"ENSMUSG00000029417.10",7.27369257039948,9.09623952347149,2210.20821043238,5.56126389328808e-17,4.01300802539668e-13
"ENSMUSG00000034842.17",1.16210302547048,1.09176446637269,14.3172087661522,0.00199656841948003,0.00759875406907589
"ENSMUSG00000034855.14",3.77499333257135,3.21116160882847,393.201568056129,1.08649907891832e-11,1.61653141308755e-09
"ENSMUSG00000060183.8",2.26955500560759,2.83519320545865,83.726805680504,2.5151928122353e-07,5.54187216277556e-06
"ENSMUSG00000107194.3",1.23631982738587,-0.32769209335668,6.8453666411004,0.0193162471115079,0.0476941109175847
"ENSMUSG00000058013.12",1.07205201922554,4.89648626598125,94.0601619295369,1.21269965734008e-07,3.09216986832721e-06
"ENSMUSG00000034687.9",-1.02239857447321,3.35619367920697,25.4828112276984,0.000170830719426814,0.00100629752766032
"ENSMUSG00000029322.13",2.53282752866228,3.80907372715636,288.195556419254,8.00358166898618e-11,9.09509375171721e-09
"ENSMUSG00000035273.15",1.63454201394826,2.4875598792319,59.2917074782724,1.9688019510001e-06,2.74794485075759e-05
"ENSMUSG00000029309.8",-1.08555401843829,2.19978463065989,13.2633118640901,0.00261642792856532,0.00944715733426437
"ENSMUSG00000034438.17",1.77450244114673,2.84310589866869,63.5527804838792,1.30958541916177e-06,1.99999330892516e-05
"ENSMUSG00000029298.16",4.3383440306012,5.89242853341229,847.033349232205,4.6930081792027e-14,1.58184557111597e-11
"ENSMUSG00000079363.8",3.48292617958871,5.30691265129844,535.104218822342,1.14399057151702e-12,2.42795175413729e-10
"ENSMUSG00000119978.1",3.10319761194847,-0.331023821495352,12.882204102801,0.00172777532896591,0.00676852702161672
"ENSMUSG00000079362.6",3.5838226516451,1.14040899446273,76.9538090387503,1.57804189231558e-07,3.78940109648893e-06
"ENSMUSG00000105096.2",4.66998521678811,6.39802595162271,886.434424327772,3.41238451597429e-14,1.33101441444705e-11
"ENSMUSG00000104713.5",3.80755652989362,3.05731472666065,222.989307687772,5.07608457618443e-10,3.73113373968318e-08
"ENSMUSG00000092021.10",2.00489796780736,8.2791777615744,196.431594381118,1.04522436775265e-09,7.04891498850762e-08
"ENSMUSG00000109771.3",-1.02598871483742,1.84716402616098,9.88853594096655,0.00707491535713138,0.0211748607287682
"ENSMUSG00000029352.15",1.12106758243603,0.911200174730211,12.3683140829693,0.00340080882616309,0.011666382928259
"ENSMUSG00000048163.14",1.38232247612145,0.754115308080142,13.8310365033543,0.00227655604744622,0.00842874727469058
"ENSMUSG00000029591.15",-1.76143394880844,2.44532213805335,47.9504679039089,6.5709992004394e-06,7.08685759544841e-05
"ENSMUSG00000029561.18",5.92760393467783,6.97298383635264,1343.02984255726,1.86544970882512e-15,1.495676122098e-12
"ENSMUSG00000087477.3",4.24455608290291,-0.369608156920301,32.4594858283482,3.16491986114671e-05,0.000251868348647595
"ENSMUSG00000041827.16",5.1654705600078,5.64529813993716,992.080427802235,1.58003933058887e-14,7.6010425396862e-12
"ENSMUSG00000041609.17",1.18654949317023,0.982084607346557,16.4882815882937,0.00115953798664922,0.00487032951784678
"ENSMUSG00000086219.9",1.09401224075031,0.595389438902666,10.7970402780445,0.00539420478346077,0.0169462676193008
"ENSMUSG00000066894.15",1.28009597771412,3.02155557785935,66.5132539760923,9.98690174562806e-07,1.61220319902577e-05
"ENSMUSG00000097368.3",1.08370995925015,1.70327220176701,26.6449253618768,0.000139312724723856,0.000851932730175716
"ENSMUSG00000032690.17",2.68527562552336,4.24075836751797,276.623537072628,1.05445280320123e-10,1.0948102773957e-08
"ENSMUSG00000032661.10",5.15388076182269,4.61243722055753,714.28889136088,1.75379781770468e-13,5.27308543856539e-11
"ENSMUSG00000107179.2",3.92405949568278,0.971523047642708,96.3573060287519,1.15861107452364e-08,4.81875361023781e-07
"ENSMUSG00000001166.18",2.76349608163424,2.53351733944018,104.269409865753,6.69162513345623e-08,1.991206885073e-06
"ENSMUSG00000029605.18",2.85600211801995,3.0741456459869,221.593838891394,4.82296492910072e-10,3.5994673949428e-08
"ENSMUSG00000066861.15",5.84876655099161,5.04499634115685,1468.92055875232,1.22777791373119e-15,1.26566363221204e-12
"ENSMUSG00000052776.11",5.18732451961817,5.98080923700853,973.75743560112,1.7846782110355e-14,7.80499270959523e-12
"ENSMUSG00000042726.15",1.90137975534191,6.02383763425943,220.547864924147,4.82893329251183e-10,3.5994673949428e-08
"ENSMUSG00000104985.2",2.03012895029518,1.42482566696188,36.4480348693053,3.00694004904513e-05,0.000241472940955728
"ENSMUSG00000056735.7",1.36390313130857,0.305963421211921,11.6314051259252,0.00413262807531791,0.0136793780694927
"ENSMUSG00000008348.10",1.19019746422747,3.7275216896006,80.5365694386233,3.15771666564875e-07,6.55714631922916e-06
"ENSMUSG00000104814.2",1.23063634007634,1.8796864248462,16.8166604032592,0.00105640309291307,0.00451466077492493
"ENSMUSG00000060371.13",-1.68317196579785,1.34918316806936,25.3134298133965,0.000178594832717904,0.00104436005907001
"ENSMUSG00000004814.11",-1.48577531823522,0.679376018316989,8.88911090300633,0.00988485270116359,0.0277545124870025
"ENSMUSG00000005514.15",-1.45660460558623,8.01396105892475,49.0187900335706,5.78982423361291e-06,6.35911288732888e-05
"ENSMUSG00000004951.11",3.29447965085914,2.92465925368408,200.241864574705,9.96118226776482e-10,6.74928556283483e-08
"ENSMUSG00000029699.14",1.64337696672754,2.4777916053589,61.3069216176219,1.62107606935973e-06,2.34893271415659e-05
"ENSMUSG00000039747.12",-1.24227574495746,-0.139431902257909,7.38671989722974,0.0165883689523166,0.0422526192587068
"ENSMUSG00000105802.2",-1.02736715720462,1.05822181250115,12.7946334750488,0.00299324066194273,0.010524257753415
"ENSMUSG00000047592.18",2.53339067636004,-0.711505876763308,16.4610996442178,0.000569742768385791,0.00272269126931912
"ENSMUSG00000085227.3",1.44950836124195,0.316490262282841,9.69459518532904,0.00746711700542177,0.0221511680621268
"ENSMUSG00000112214.2",-1.13677229006525,1.95298982782273,7.13459152693717,0.0181052476397763,0.0453794605656915
"ENSMUSG00000044197.9",-1.17728056934744,6.3115622630607,83.4338443441063,2.5417409178203e-07,5.57068983528533e-06
"ENSMUSG00000036526.9",1.94682037209754,-0.624520382287046,7.26008318667384,0.0145189378302187,0.0380216495673592
"ENSMUSG00000039533.9",-1.92894524112647,1.48984899473912,39.9538714048643,1.81194000885092e-05,0.000161326920651832
"ENSMUSG00000120417.1",1.38201613763244,0.686349539914038,11.4727124531625,0.00440051474905895,0.0143618789820033
"ENSMUSG00000107317.2",1.32642980524946,-0.0258118544720659,7.88687002436452,0.0134846908182011,0.0357740915235807
"ENSMUSG00000041147.11",-1.39446581842288,2.4289746118816,34.1025881703497,4.07560863555198e-05,0.000312038110494887
"ENSMUSG00000041132.12",-1.15903174793779,5.59189887675004,71.5726835193626,6.43850932085866e-07,1.14012965053536e-05
"ENSMUSG00000107096.4",-1.39316224471043,2.13526557416545,67.454127232556,9.21643457461342e-07,1.51321483254631e-05
"ENSMUSG00000106734.5",2.26786011485,3.76704041992715,147.093139872708,7.03687335327379e-09,3.35168832456922e-07
"ENSMUSG00000107222.2",2.60425655285666,1.21584872632218,38.2843589983865,2.17276946266002e-05,0.000187768915479697
"ENSMUSG00000107215.2",3.13629688080314,1.59624749279192,69.6286496449235,7.12161053762591e-07,1.23979593822699e-05
"ENSMUSG00000047735.15",3.29114902300998,5.75332489728913,980.910735179454,1.67693897396441e-14,7.75230343469963e-12
"ENSMUSG00000032827.16",-1.33585295453125,1.42451427445744,36.5315848930804,2.87895772887963e-05,0.000233944742820753
"ENSMUSG00000019577.7",1.05300857776924,1.66707042916365,8.07263175764671,0.0129597126682507,0.0346798881809664
"ENSMUSG00000106874.3",1.02276945300665,4.73744452887654,14.1723060677234,0.00204707036564146,0.00774463134213588
"ENSMUSG00000001761.8",1.13429714563652,3.83827968365731,54.6403655712711,3.13375630501577e-06,3.99173618658319e-05
"ENSMUSG00000121179.1",-2.67554670531639,1.02263686715403,103.856717732891,6.9776044220974e-08,2.05511810244305e-06
"ENSMUSG00000029763.18",2.12061880792299,5.49312558132806,431.427922448588,5.04766457876831e-12,8.47068548846329e-10
"ENSMUSG00000001642.19",1.74342843979241,3.63816814223074,134.168068984268,1.2761661783435e-08,5.1790578296353e-07
"ENSMUSG00000029762.7",1.05205091974684,1.36182584292045,13.266663555221,0.00263013305520538,0.00949189303644011
"ENSMUSG00000052131.8",2.39786023424266,-0.472514025432425,12.7959114334306,0.00194726009388856,0.00744052361000785
"ENSMUSG00000046806.14",1.12599139461753,4.66725005776012,63.5268225956363,1.30710533099174e-06,1.99999330892516e-05
"ENSMUSG00000120276.1",-1.1112311384988,3.49757586266849,44.7252567702344,9.62980318902056e-06,9.59788118949894e-05
"ENSMUSG00000073155.13",-1.07155847991131,5.92711336813221,115.393663303165,3.34771091868692e-08,1.13948499949268e-06
"ENSMUSG00000029843.5",-2.04806845644612,-0.131162970564179,18.4179089901668,0.000659641230603969,0.00307392387474216
"ENSMUSG00000038507.7",2.42844908417435,7.03610601362333,930.935415416659,2.41450324062966e-14,9.95603164821922e-12
"ENSMUSG00000037172.15",-1.06793317777362,3.54524438768348,60.8384389511158,1.68441619795211e-06,2.42095669650696e-05
"ENSMUSG00000033542.14",1.0606478839077,4.91667522186408,128.933060793734,1.6460238322921e-08,6.35171549402129e-07
"ENSMUSG00000039347.8",1.07522866418665,3.81221903021286,61.8624943382845,1.52789811378951e-06,2.24319690520958e-05
"ENSMUSG00000054435.17",1.02852217029807,3.62949404399219,66.4574365195565,1.00229127245177e-06,1.61440487098482e-05
"ENSMUSG00000043505.9",1.51529240201833,-0.235352513237427,11.9920300333908,0.00335554428529144,0.0115495385464646
"ENSMUSG00000108298.2",1.24160481053472,0.184466647072322,10.6839782180246,0.0054785834732275,0.0171586190724
"ENSMUSG00000038065.14",-1.56427867901316,0.910189131577743,36.0790656734716,3.15036724017678e-05,0.000251332780598294
"ENSMUSG00000003477.6",-1.25564903225418,8.40936342928639,78.7487633316901,3.61649649728804e-07,7.30998283597493e-06
"ENSMUSG00000029798.12",3.37130459780721,6.22442588452854,734.862912873734,1.2600468016513e-13,3.95325987857209e-11
"ENSMUSG00000054422.8",-1.55360408596896,11.1321097337919,120.106876709143,2.59311982303202e-08,9.17252580539168e-07
"ENSMUSG00000107749.2",1.34247568659231,-0.0139065501799868,8.54769247260737,0.010700994790715,0.0296867125820061
"ENSMUSG00000108371.2",2.91048945192808,0.916895529908567,46.8690422703226,5.33760632928212e-06,5.99110412547961e-05
"ENSMUSG00000108435.2",-1.02634224241761,1.88266426476609,19.6672900196995,0.000549236568785145,0.00264395669136331
"ENSMUSG00000056737.15",2.43273176986262,1.42086099871809,69.2013013225177,8.3176875868258e-07,1.38885661248339e-05
"ENSMUSG00000056666.14",-1.06677165480507,8.15762252309965,39.8147283415537,1.80690153001237e-05,0.000161169362676999
"ENSMUSG00000072999.10",1.5422995441356,2.59019725839869,46.4439531487106,7.85075181037014e-06,8.20434830754974e-05
"ENSMUSG00000102577.2",2.25491041440447,1.4941203445741,47.1090673418543,7.61558792971876e-06,7.99913864641201e-05
"ENSMUSG00000079523.9",2.65923784886189,4.07472825097467,392.225537367126,9.76264092441505e-12,1.49887695554423e-09
"ENSMUSG00000079494.3",1.1705757498617,4.32590874747392,36.6097321712101,2.81679063617414e-05,0.000229931688129328
"ENSMUSG00000030047.15",1.18997004521943,0.930588178794736,15.1002639048691,0.00163629951300476,0.00647480741662268
"ENSMUSG00000033174.18",-1.07318142835016,7.34970524071351,87.4523367970431,1.90357628498432e-07,4.42389902494263e-06
"ENSMUSG00000121030.1",1.77902997478093,0.80567989869092,26.806903971833,0.000136512538537975,0.000839790688908807
"ENSMUSG00000085624.2",-1.17171419758366,1.91180977117017,43.9244808458941,1.06739515015247e-05,0.000103874894180718
"ENSMUSG00000030095.11",1.16653034711467,3.78260997578752,40.4955197132369,1.65102583162657e-05,0.000148480674102806
"ENSMUSG00000030022.15",1.40583642870345,1.10963361801711,23.3128497847627,0.00026486722326528,0.0014419327673197
"ENSMUSG00000107655.2",-1.99427176389742,0.0704055727951684,18.347294425504,0.000711461015933896,0.0032648029831345
"ENSMUSG00000093661.2",1.91398406032552,2.51272809348057,53.8727656862061,3.42571282493791e-06,4.28793473456235e-05
"ENSMUSG00000091845.2",-1.15905913001674,0.222792226172871,9.23488687321136,0.00885590862522312,0.0254294614562714
"ENSMUSG00000108030.2",-1.94050367508328,-0.546489792817604,9.13124901813817,0.00815099173718077,0.0237790808067501
"ENSMUSG00000048489.13",-1.16531783745897,4.64800683077393,7.34487931469606,0.0167570362072183,0.0425995325951338
"ENSMUSG00000061353.12",-1.18653760990028,8.14840959514726,118.022890550662,2.89979014330832e-08,1.01086404222767e-06
"ENSMUSG00000107785.3",1.16603471822449,1.35723891196546,10.4355633440033,0.00598923653478841,0.0184776726474689
"ENSMUSG00000120675.1",-1.22857506197387,1.03737193805104,20.4463999019328,0.000469041397317603,0.00231663430735375
"ENSMUSG00000082791.4",1.00357546153609,1.68034217212144,16.2017590075578,0.00122665319503369,0.00509587187988666
"ENSMUSG00000030145.15",1.56204069938117,0.437221895209303,19.6241714598525,0.00054769750760913,0.00263830788712115
"ENSMUSG00000041477.15",1.30365082485116,2.00053675236717,27.9104576899581,0.000111237233303985,0.000711602726526204
"ENSMUSG00000030137.9",3.17298117304406,1.27141649691912,84.3298071622593,1.67742853543472e-07,3.98168562884768e-06
"ENSMUSG00000086527.2",3.0130961641912,-0.6102398301861,21.5739168771824,0.000141501071432221,0.000862756004609131
"ENSMUSG00000030107.11",4.46825232266482,6.88064931187785,1945.28628243937,1.36543131022768e-16,4.92647616730145e-13
"ENSMUSG00000107736.3",4.92268982509135,4.53990727841586,725.649986488592,1.52750496847037e-13,4.6904152563754e-11
"ENSMUSG00000059908.10",-1.3730537923971,12.3321226050833,290.256817261987,7.58069496656309e-11,8.68290394900306e-09
"ENSMUSG00000049037.9",1.32122309608983,2.18475814387935,26.6958579509085,0.000137525342182543,0.000843504351202064
"ENSMUSG00000043832.14",1.46256503927528,2.08238210649788,44.0645480044692,1.0540759954254e-05,0.000102786653824185
"ENSMUSG00000030148.16",1.05768640663143,1.16519841862233,9.63946946654225,0.00770576116722244,0.0227608565627004
"ENSMUSG00000008845.10",-2.45612418999509,3.51860441884012,83.4358028568381,2.54740956320659e-07,5.57068983528533e-06
"ENSMUSG00000008153.13",1.12383764195033,2.73207126507505,28.3400243002319,0.000102818643165311,0.000668112858244834
"ENSMUSG00000092482.2",1.43156432694734,1.30407292502244,28.509691825431,0.000102383493890115,0.000666185114437393
"ENSMUSG00000030124.3",2.76405105137098,0.378288603660619,48.9269163080239,2.59663403929083e-06,3.44119581772684e-05
"ENSMUSG00000037997.13",2.72495143470375,4.08319275638412,263.001018629253,1.48515951552349e-10,1.42892147520233e-08
"ENSMUSG00000112144.3",-1.07051280210277,0.00195396023192225,8.54660807310627,0.0111330709495811,0.0306743947965548
"ENSMUSG00000030165.18",3.3427462831307,-0.647790891507653,17.0028692757822,0.000560397819425693,0.00268603830287333
"ENSMUSG00000030149.16",1.13588031274601,1.33127942039839,11.1424615181296,0.00483138502454067,0.0154947885942602
"ENSMUSG00000030187.16",1.7170949572511,1.78861384397625,41.3212716625981,1.51487422675866e-05,0.000138546671993543
"ENSMUSG00000030208.16",1.25760662342068,1.40407917717234,14.3938583518886,0.00194853840563373,0.00744146765549244
"ENSMUSG00000030236.11",-1.23480263022989,10.6830775465441,300.700147901782,5.96307766287146e-11,6.99895006054343e-09
"ENSMUSG00000107516.3",1.140136858442,3.40302632444344,31.0824202229733,6.51257100213797e-05,0.000460055921208298
"ENSMUSG00000030244.8",-1.58277957962339,8.18939937037958,194.509991472186,1.11577736904163e-09,7.48972046046922e-08
"ENSMUSG00000030256.12",-1.1123415099256,3.83164803794472,19.0990563014098,0.000621315848648176,0.0029198405495573
"ENSMUSG00000108126.2",-1.0336468489729,1.63563223570568,9.64896975165273,0.00764083795760992,0.0226107388567206
"ENSMUSG00000030292.11",3.39542546964267,0.0734168610626726,28.4179722274068,3.01621631718305e-05,0.00024183352160881
"ENSMUSG00000030309.17",1.22581481753091,1.99636542389124,25.0408758375015,0.000186280626445404,0.00108228743995977
"ENSMUSG00000107970.2",1.61059268238442,-0.100865892054828,11.859001482177,0.00355039917473207,0.0120819054208284
"ENSMUSG00000030427.18",1.78457182426511,-0.394135798182405,9.96460897112201,0.00583581762014309,0.0181180117084802
"ENSMUSG00000070873.6",-1.59635051265928,1.80594924803323,47.0437751792655,7.3442857883339e-06,7.76503534778277e-05
"ENSMUSG00000081723.2",1.86038692431608,0.389786505445021,27.7350069507953,0.000104411151687123,0.000675722753878277
"ENSMUSG00000062524.5",3.3736534105581,-0.136655483920619,24.3674457680701,6.94338113068812e-05,0.000484031933245849
"ENSMUSG00000092518.10",5.35760058156202,0.515093614703409,57.5985629834936,9.9040239474058e-07,1.60240889696144e-05
"ENSMUSG00000035279.9",1.45838355457459,-0.12734548931919,7.01291833445064,0.0182345048964597,0.045632109357674
"ENSMUSG00000030378.16",-1.31114693373765,10.2708347213991,243.483197938213,2.4854616334162e-10,2.21420878354708e-08
"ENSMUSG00000098290.2",-1.01565073747587,0.0415248742136728,7.8699913400185,0.0140642959317669,0.0370326434751431
"ENSMUSG00000120336.1",-2.02856469329995,0.187592305965032,17.8744111370529,0.000806986246249659,0.00363269666434032
"ENSMUSG00000099055.2",-1.38345908757905,-0.345711290801018,6.97974204613116,0.0189550566685647,0.0470567707185091
"ENSMUSG00000098330.2",-1.52685162504679,2.65327788957858,11.1425779923983,0.00480203329431781,0.0154315173688699
"ENSMUSG00000041571.11",1.47428424201138,6.21108834341328,284.499816103285,8.68555582067786e-11,9.60576950236057e-09
"ENSMUSG00000001918.18",1.47165930155033,1.09251913400742,22.1473337975555,0.000333980704815102,0.0017508207525941
"ENSMUSG00000041187.17",1.30890042038397,3.35372111126599,53.564037100851,3.51302753303746e-06,4.37329006863861e-05
"ENSMUSG00000040987.16",1.78205096061378,-0.39714522144265,12.862347744546,0.00231697411855656,0.00855425184932418
"ENSMUSG00000002983.19",1.5744337280325,1.05642225174255,24.9139282496322,0.00019570772007686,0.00112752647351267
"ENSMUSG00000109325.2",1.25840112095198,0.239302592409309,11.0940982891795,0.00485216516006844,0.0155579754699195
"ENSMUSG00000091955.3",2.04382469692273,0.39110967160003,23.5115962380599,0.000220706528282602,0.00124229197198694
"ENSMUSG00000054385.15",1.89179768241359,-0.333395245089532,9.13386461783519,0.007761403759375,0.0228783862449551
"ENSMUSG00000030483.15",2.85515002465204,1.91296019515958,30.5972622504775,7.28760186473401e-05,0.000503710105899622
"ENSMUSG00000005547.15",-1.29691225180569,9.54364221609348,90.6294877700528,1.52687321458176e-07,3.70973640283569e-06
"ENSMUSG00000089832.9",1.08302637384297,2.65065902521862,53.8341083423779,3.4186779543893e-06,4.2828437706377e-05
"ENSMUSG00000053964.18",-1.18827026347433,3.86980333065889,75.3277807174331,4.73582725290415e-07,8.93430835475982e-06
"ENSMUSG00000050855.17",-1.18463030485014,-0.00742849096442988,11.7148680621569,0.00412092350281166,0.0136531606961841
"ENSMUSG00000121377.1",-1.22815739593217,1.32950645346853,21.2148487096989,0.000396868950473634,0.0020203219376492
"ENSMUSG00000036957.9",1.93792395443069,1.60336411207037,64.1136997446287,1.30841631491222e-06,1.99999330892516e-05
"ENSMUSG00000108546.2",-1.04900565543104,3.73315203865743,94.5209584546903,1.17691429501172e-07,3.02766971579486e-06
"ENSMUSG00000056978.9",-2.92343743337848,2.02818448459818,34.0625753473973,4.20487703393805e-05,0.000320913724768873
"ENSMUSG00000046826.8",1.42923456879524,1.90897027347769,37.0820785456521,2.66231280129378e-05,0.000220438888974594
"ENSMUSG00000009687.15",1.32879728236908,2.0875923127274,40.8946008085372,1.57689634147104e-05,0.000143130616352893
"ENSMUSG00000036560.15",2.30674919737696,0.29933663530651,20.0583191197304,0.000408869331563316,0.00207045690986729
"ENSMUSG00000057092.13",2.15101235906213,-0.267318254642742,11.9751508880069,0.00291737846807963,0.0103144551816083
"ENSMUSG00000030495.13",-2.14002170319072,-0.0709052362479795,27.7779081686886,9.78700880681481e-05,0.000641849856751462
"ENSMUSG00000001802.17",-1.62217695110403,3.61085909438081,201.400314494961,8.86743406804991e-10,6.12319657751657e-08
"ENSMUSG00000002068.17",-2.23555488629673,1.7713103471693,55.7462723593448,2.86194129568213e-06,3.71750085758338e-05
"ENSMUSG00000109083.3",-2.15671938844723,1.80983190577315,43.2306468979201,1.1786063847714e-05,0.000112945865504786
"ENSMUSG00000004609.12",-2.35500016399161,-0.0641795836410309,34.2999806128211,3.01139623972331e-05,0.000241581270326219
"ENSMUSG00000030474.10",1.34639512067127,1.88876025329224,31.161357219821,6.48313372186242e-05,0.000458741497933566
"ENSMUSG00000066513.5",1.00926942642477,1.26287862598945,12.1829635146453,0.00356405818971693,0.012116958255358
"ENSMUSG00000030731.14",-1.93177758824749,1.56678534717624,98.0805653057967,9.6770503766591e-08,2.62024748660308e-06
"ENSMUSG00000030739.20",1.05682679673956,4.33541750712702,73.1669422978401,5.64294294382852e-07,1.02956956466919e-05
"ENSMUSG00000038387.10",1.09277808892681,4.25759850919837,58.3531243541054,2.14597337102261e-06,2.95804084914979e-05
"ENSMUSG00000003873.12",1.21546007150104,3.91914854971586,81.321118931466,2.97576351016651e-07,6.28787979190675e-06
"ENSMUSG00000040428.20",1.72776086744323,0.452453103081229,23.0943611766101,0.000260867487309506,0.00142284186577883
"ENSMUSG00000030827.6",-2.38333407567823,1.25588169739975,26.1443048805908,0.000156145188786463,0.000932756334455781
"ENSMUSG00000059824.13",-1.07281866297971,7.05087202033441,27.5721471225756,0.000117292491792411,0.000739750204348779
"ENSMUSG00000040026.9",7.23226006329847,9.60681463820386,306.668552699348,5.22275402202506e-11,6.32954809147658e-09
"ENSMUSG00000099889.2",4.82171457256529,-0.491963228296658,31.0205822511952,0.000104867508540357,0.000678068048053061
"ENSMUSG00000025324.9",1.94096919754531,0.320687389117354,14.7287011404101,0.00165153921935357,0.00652299234091699
"ENSMUSG00000093405.2",-1.0934714775645,0.184678339864668,11.3602679986805,0.00458589542933818,0.014859371988372
"ENSMUSG00000030554.17",-1.06865295402432,0.786073245620387,10.6070634286797,0.00569330190988389,0.0177409009766706
"ENSMUSG00000086628.9",-1.63356396611685,2.73801054625453,49.1783065334086,5.69756071294135e-06,6.29129274744985e-05
"ENSMUSG00000025790.15",2.2809772129176,2.09379919218859,93.8893838699662,1.29102933458962e-07,3.24601661268247e-06
"ENSMUSG00000030609.19",1.43464512301743,4.95124274219912,189.185745425323,1.34200191080502e-09,8.53205796332071e-08
"ENSMUSG00000039236.19",3.17432696590981,2.37776761905377,154.617015096953,5.66198656301374e-09,2.7984174684046e-07
"ENSMUSG00000039043.6",1.21359283889492,3.04306969759164,57.5996073515126,2.31696096584247e-06,3.14566139783994e-05
"ENSMUSG00000030536.11",1.00676745547547,3.79742967877718,62.8506902866023,1.39239085467848e-06,2.08670662665835e-05
"ENSMUSG00000109367.2",1.39054631005935,-0.167622081945328,7.64092036638652,0.014452424986829,0.0378887188755525
"ENSMUSG00000025813.15",-1.20097480412327,5.27196032651908,45.6477253810515,8.60258837742178e-06,8.82392007554735e-05
"ENSMUSG00000109194.2",-1.10612577166067,3.54571806279526,27.8390675544904,0.000111995614053978,0.000715680165837732
"ENSMUSG00000109244.2",-1.17112036140385,1.31139470471875,10.5559899832191,0.00575382434416251,0.0179040950700633
"ENSMUSG00000049791.5",-1.10215501684475,5.32826929002783,74.1360493226409,5.21161955939564e-07,9.60588677920789e-06
"ENSMUSG00000097162.4",-1.17177144881112,1.88363377001334,30.9775117820653,6.64243298851859e-05,0.000467855504589069
"ENSMUSG00000030643.15",-1.09604197243624,3.25068752622929,15.4328286995749,0.0014788959516316,0.00594690063358796
"ENSMUSG00000030641.11",2.58146471659719,1.82149945013307,39.3092172580281,2.02360225750693e-05,0.000177212547210801
"ENSMUSG00000035547.15",1.05497258369833,1.73827161618768,30.6708655157311,7.01222561192727e-05,0.000487478034833017
"ENSMUSG00000070436.13",1.60689510825279,3.22826018306786,75.5891283987452,4.64660190177725e-07,8.78895919350581e-06
"ENSMUSG00000035314.11",1.26388716534955,-0.242835638225493,6.77916764168187,0.0199511901096349,0.0489519849816815
"ENSMUSG00000035239.7",1.23856289206419,1.04520167612241,11.6902939572051,0.00412844806450566,0.0136699197528875
"ENSMUSG00000030729.18",-1.6698251644471,2.39241009050742,33.1404065874678,4.72049498958703e-05,0.000354086193813513
"ENSMUSG00000109656.3",2.20780055614632,0.449162515879648,16.2276000540481,0.00110357735647653,0.00467885675930355
"ENSMUSG00000070427.5",3.35357629498703,5.80390110059103,977.45417052619,1.71891428707309e-14,7.75230343469963e-12
"ENSMUSG00000030966.14",1.53543606073713,3.90004168337633,81.5824389233696,2.91877428572662e-07,6.19466918994214e-06
"ENSMUSG00000073940.4",-1.66096668904675,2.13201388804171,43.6120069292121,1.11013077911891e-05,0.000107598437906274
"ENSMUSG00000052305.7",-1.16337422429754,5.71231409671943,34.3423003995132,3.92381841410033e-05,0.00030282645642939
"ENSMUSG00000056144.15",1.47884374640546,2.07777176547747,28.6574877605249,9.78874400436507e-05,0.000641849856751462
"ENSMUSG00000090215.11",2.27679725855148,3.05983648703801,138.680836246533,1.03809319871644e-08,4.43247368162001e-07
"ENSMUSG00000057143.16",1.7095553203459,5.55932639371256,146.41039116492,7.23004987241588e-09,3.4211173691379e-07
"ENSMUSG00000052749.11",2.09906030948752,0.22948448656956,17.6185399497818,0.000748942603328872,0.00340754717882796
"ENSMUSG00000030921.18",4.04194604323839,5.73270350409706,1142.12953728558,5.78857032716032e-15,3.34162587846311e-12
"ENSMUSG00000057596.14",1.92168512269961,1.70051502795338,62.9928229424418,1.43959313888516e-06,2.14630249797424e-05
"ENSMUSG00000030895.10",1.27446013518232,12.8329224840827,50.8587256587745,4.70693117355466e-06,5.45188047325367e-05
"ENSMUSG00000086513.4",2.62700612405481,0.456881194432592,38.6819494142869,1.31038147867753e-05,0.000123281782922256
"ENSMUSG00000078606.9",5.58177302257385,3.69508117238289,764.983687611497,6.52138936412249e-14,2.13901571143218e-11
"ENSMUSG00000063286.10",3.19111093003437,0.816528665761068,42.7505083060398,6.67421860332484e-06,7.17217594066895e-05
"ENSMUSG00000031024.14",1.80680574203324,4.58419188656227,42.5832384740002,1.25852434845964e-05,0.000119370905538989
"ENSMUSG00000109904.2",-2.26542045894823,1.56653784809282,19.4771842089134,0.00057961558708765,0.00275799939098218
"ENSMUSG00000031016.10",-1.36949830819281,4.6364172623849,19.1476702320471,0.000614590245569374,0.00289672319531587
"ENSMUSG00000030790.16",1.97686496272506,0.221579727641045,20.7277460845424,0.000376529144747158,0.00192971186682919
"ENSMUSG00000030787.5",1.58012065321233,1.96774554764731,16.5987588759294,0.00111477312022719,0.00471347362324977
"ENSMUSG00000055116.9",2.86918226653393,2.45145454341002,28.7434022692932,9.82233404123014e-05,0.000643467657208504
"ENSMUSG00000109959.2",3.26472279872159,-0.0248804891024591,28.6305970790665,2.88522950669602e-05,0.000234193657146439
"ENSMUSG00000038156.17",2.1324197190446,1.03046275145029,32.0671418025019,5.64065470232424e-05,0.000410739682429348
"ENSMUSG00000048782.17",1.49750872816075,3.49378961841572,125.844222658175,1.9273748485392e-08,7.18756429305368e-07
"ENSMUSG00000108650.2",6.79952863851516,-0.151555477029259,68.2685426364897,8.08016125601238e-06,8.3872752247307e-05
"ENSMUSG00000042246.6",1.11080888966042,3.88271413877548,20.7927784733385,0.000430644061158912,0.00215800523980743
"ENSMUSG00000098014.2",-1.09011947782233,1.66689343106078,19.823536669198,0.000531396372919337,0.00257439155890295
"ENSMUSG00000085118.3",-1.3221246854807,0.177480097651039,9.62018674685958,0.00780678212889537,0.0229792942452005
"ENSMUSG00000030865.5",-2.26583825528474,0.832649278726495,32.4388278908134,5.45194814028849e-05,0.000399809530287822
"ENSMUSG00000108452.2",-1.11389452938349,0.0939020857700085,8.89336902187229,0.00991360555937154,0.0278244176259918
"ENSMUSG00000042759.13",1.08170091946893,0.918468630794987,11.23716601678,0.00471977998063428,0.0152044340804719
"ENSMUSG00000030707.16",1.63660620366167,2.11400418226274,50.2766162608752,5.08614337614806e-06,5.77523376904554e-05
"ENSMUSG00000030681.19",1.06496286894068,6.11522507359241,221.827718679021,4.6449457412023e-10,3.52820299668588e-08
"ENSMUSG00000051457.8",1.50716020460369,0.254280071853976,8.23852209199245,0.0120614969605975,0.0327162494004555
"ENSMUSG00000107023.3",-1.18052793418427,0.787040342319289,10.6087152786558,0.0056940031405168,0.0177409009766706
"ENSMUSG00000030793.5",2.29100888424415,0.640839973782055,31.7889629127603,5.11100540464823e-05,0.000379239228791173
"ENSMUSG00000042828.13",2.98687445730188,0.34035098424742,43.7231760212739,3.91289189370116e-06,4.74944119511314e-05
"ENSMUSG00000030786.19",1.94233704384967,-0.113055258091943,9.75681533823539,0.00654146931654809,0.0198666845909979
"ENSMUSG00000030789.10",2.31059886849733,0.647273940426529,24.235702006473,0.000195271420569344,0.00112605544906966
"ENSMUSG00000030782.18",1.09731196475449,1.11881184002662,12.3836481516815,0.00337559759717701,0.011604722373144
"ENSMUSG00000030934.10",-1.3170817712294,8.29660622279302,110.778343991134,4.33843645979327e-08,1.40386356474746e-06
"ENSMUSG00000025479.10",-1.78307934574359,12.8704513065684,492.808989023865,2.01570499600573e-12,3.82771769767825e-10
"ENSMUSG00000025492.7",1.77051657020157,9.14598556966149,625.357999932385,3.86906333095107e-13,1.00565286553146e-10
"ENSMUSG00000059108.5",4.07243187953872,-0.495057466809578,28.4992978005312,6.44502388227716e-05,0.000456625354290741
"ENSMUSG00000025498.16",4.39714008806036,8.17727844021916,2274.45102804999,4.52831226883794e-17,4.01300802539668e-13
"ENSMUSG00000037887.12",2.05088277277226,0.122043503988917,12.772527878762,0.00265223191252805,0.00955492035986141
"ENSMUSG00000010751.16",1.62684022927232,0.110854933449248,13.3988817096715,0.00237417669724676,0.00873707799441018
"ENSMUSG00000037613.17",3.65172158225963,0.0755123574057302,52.5802911193133,3.78310196866528e-07,7.5199613626081e-06
"ENSMUSG00000037606.19",-1.09502834692065,1.92234611347639,13.3577996814614,0.00255077532292926,0.00924230342366676
"ENSMUSG00000051906.16",-3.9518342686977,1.09833100039889,139.017234643203,3.92458806864586e-09,2.04475288832841e-07
"ENSMUSG00000079168.5",-4.65758829858393,0.128337237597328,118.80626836172,4.00588444900265e-10,3.10822174021539e-08
"ENSMUSG00000108852.2",2.8086140931335,-0.19170056736151,18.6195259295253,0.000352711462772331,0.00182973825691239
"ENSMUSG00000108961.3",-1.52666000098887,1.44342030476918,16.8179452607631,0.00105808714302062,0.00452051913797323
"ENSMUSG00000109473.2",-1.75127396717552,1.55931469947997,21.3103374903583,0.000389501571153622,0.00198702250791413
"ENSMUSG00000031502.12",1.32293596004968,5.39225015573036,147.886905557741,6.77280791995179e-09,3.24734763789848e-07
"ENSMUSG00000084783.2",1.27223583630886,0.050590628771025,9.66659915496352,0.00745013228004139,0.0221144197995799
"ENSMUSG00000109933.2",-1.25857283812529,-0.00223734083698374,7.18973599734883,0.017874613339644,0.0448871445480673
"ENSMUSG00000074469.7",3.38482302995262,0.0687595108150033,58.8651949631713,1.92678629293346e-07,4.45577925193037e-06
"ENSMUSG00000031441.16",1.21007870603735,3.68654365793293,15.4519366139039,0.00147175148116112,0.00592808188002158
"ENSMUSG00000084780.8",1.4876203905955,0.387856157915199,8.99560307720693,0.00941163404331551,0.0267116425787865
"ENSMUSG00000091784.3",-1.00547451969728,0.291042379555135,10.5653127603994,0.00581703209874856,0.0180734999459934
"ENSMUSG00000031539.7",1.3379287857299,2.36836353881933,51.3489494490392,4.48222849681847e-06,5.25487584614818e-05
"ENSMUSG00000037406.8",-2.0876675971753,-0.235849188261653,20.0175981075357,0.000436087747679384,0.00218074094750827
"ENSMUSG00000086289.4",1.9310152633434,1.17955216229211,45.9241683653933,8.75075468942679e-06,8.94411414148778e-05
"ENSMUSG00000031557.17",1.13943108248005,2.19874646794322,27.2925900702647,0.000123598565576447,0.000771862612894542
"ENSMUSG00000110183.2",-1.01517803764556,2.31424702901964,46.6287686968864,7.66716386130239e-06,8.04745518882298e-05
"ENSMUSG00000109954.2",-1.6931047760038,-0.226510144708181,15.0724460601275,0.00155328336309349,0.0061942485482634
"ENSMUSG00000039720.8",7.35449402125291,0.301462319401047,104.994783487257,1.10309493175315e-06,1.74368741019293e-05
"ENSMUSG00000062991.10",3.04055085213804,-0.0242855344470487,30.01260875001,2.49314957123971e-05,0.000209436173528123
"ENSMUSG00000110369.2",1.15205918564682,0.904573618091821,7.68430530821843,0.0149404935638898,0.0388436683685927
"ENSMUSG00000097357.4",-1.64973337225785,1.19140926206519,51.922836988571,4.32799913982374e-06,5.10307872434119e-05
"ENSMUSG00000039633.8",-1.00070009650247,3.12928282222955,12.6896188323219,0.00306558136778937,0.0107233074209443
"ENSMUSG00000097491.2",1.32444399771392,-0.27885160368714,7.66675560052566,0.0142005264080067,0.0373536729528255
"ENSMUSG00000031639.13",1.55032649284087,3.75049924656919,86.6777854427833,2.01349396565983e-07,4.60518936805113e-06
"ENSMUSG00000085440.2",1.14855784780263,1.45152106157589,17.2905513228351,0.000948433887612684,0.004129049130023
"ENSMUSG00000110035.2",-1.24096997041451,0.706034767803198,10.810630800896,0.00536335875806502,0.0168863229123845
"ENSMUSG00000018796.14",-1.40860888875784,9.77216143247595,227.665238163853,3.90258289146675e-10,3.0444365561972e-08
"ENSMUSG00000109807.2",-2.01627639312604,0.231030400774755,17.2240768025065,0.000946929387465235,0.00412498790217274
"ENSMUSG00000038173.16",1.5402603520545,1.05768896578206,25.9254050217461,0.000162484569714098,0.000965909333652987
"ENSMUSG00000031561.17",-1.07996129599206,4.21838605619948,63.045571055597,1.36686727630916e-06,2.06561555305695e-05
"ENSMUSG00000121162.1",1.50166239377666,0.840720319083838,16.2898643383603,0.00121758958519111,0.00506989408351934
"ENSMUSG00000086866.3",2.85255419405587,-0.158523048472555,33.9498833078688,1.16176435271552e-05,0.000111777220922602
"ENSMUSG00000109729.2",3.14023348796272,-0.114706298010225,29.2567569954466,2.53016209314308e-05,0.000211928608985728
"ENSMUSG00000037921.16",3.54362905661965,5.65116766917302,538.926287481754,1.08797126862626e-12,2.37903050739608e-10
"ENSMUSG00000038508.8",2.42602735085392,2.86654311986201,39.0345005564133,2.02304295967868e-05,0.000177212547210801
"ENSMUSG00000034880.8",-1.26235758018061,3.34284080303934,63.6956868402621,1.28771751843904e-06,1.97705736448002e-05
"ENSMUSG00000046718.9",2.86771236708625,8.11188245747939,1207.05860086288,3.91052296268701e-15,2.35152780822912e-12
"ENSMUSG00000031805.18",1.22320084847193,3.35357170558687,70.8666656921121,6.84175605878555e-07,1.20475934661738e-05
"ENSMUSG00000031803.9",1.19308420263073,0.409742784959715,12.0421487182239,0.00371571809115955,0.0125380508514414
"ENSMUSG00000074240.6",2.12434971749128,0.741389683043399,21.254690248141,0.000379023618381709,0.00194111740968234
"ENSMUSG00000120183.1",-1.55163724831353,0.845838255167176,16.0726659535736,0.00128234429020413,0.00527559657817161
"ENSMUSG00000005410.7",1.12036121071671,1.50476730201781,21.0296709199246,0.000413632999847909,0.00208871639391358
"ENSMUSG00000003824.13",-1.28939999024097,2.79056784420584,38.6221041757162,2.12715774144635e-05,0.000184898080912969
"ENSMUSG00000052566.9",-1.14423436005114,4.80042391024541,91.9715975904332,1.39427319169598e-07,3.43381411306423e-06
"ENSMUSG00000109731.2",1.66627012774998,1.96799218184103,35.4514969759561,3.37369704611939e-05,0.000266936380315762
"ENSMUSG00000055994.16",2.600386371247,-0.665758184264694,16.1238309010027,0.000629492318325724,0.00295249695745104
"ENSMUSG00000033192.6",-1.43045913260443,0.0929303590983208,11.7271672800322,0.00408946545048357,0.0135707439368542
"ENSMUSG00000057400.15",-1.04347973896955,10.9626941520362,270.422398390448,1.22447963623756e-10,1.22720070209587e-08
"ENSMUSG00000056973.7",-2.18931644781243,9.30299903882304,280.187235819553,9.63099684429866e-11,1.03727273475312e-08
"ENSMUSG00000110496.2",-2.65112993843489,2.65260709074749,52.6869591544246,3.88467899407634e-06,4.73111284746918e-05
"ENSMUSG00000061959.14",-1.48653704876924,8.04922788681079,116.537973752566,3.1436105224886e-08,1.07763864751913e-06
"ENSMUSG00000110659.2",-1.84705253064843,2.1191211585252,28.9560527136551,9.28229214099825e-05,0.00061563437582209
"ENSMUSG00000031725.9",-1.03188104747988,9.24325525253909,148.92081894926,6.47081275962506e-09,3.12330333601702e-07
"ENSMUSG00000097194.4",1.19267266096301,1.82725809675662,14.3709236276075,0.00194958634530181,0.00744350003581897
"ENSMUSG00000074151.15",1.34088846757128,5.00116460657599,81.2099011371506,2.99905036681207e-07,6.30937243350317e-06
"ENSMUSG00000096188.2",-1.3897305210002,5.59461304552919,341.627816214681,2.50031957151269e-11,3.46967423616068e-09
"ENSMUSG00000091813.5",1.9415971974382,0.707186992116125,27.1205756110924,0.000124966194781352,0.00077871853328345
"ENSMUSG00000060560.9",-1.71508468645785,1.43673328874661,20.079685599926,0.000505921971065037,0.00246504587657347
"ENSMUSG00000036672.6",1.22768462296913,1.33677747537285,29.9849142258806,7.95087522782143e-05,0.000540749440565122
"ENSMUSG00000031897.10",1.27381563400433,5.17789409066164,162.868432916543,3.60436600090497e-09,1.92172262622243e-07
"ENSMUSG00000031906.10",3.18662994060069,1.92285679690694,56.8224567437711,2.57337273696783e-06,3.41915320048135e-05
"ENSMUSG00000000303.14",1.18057278936944,4.55919475888363,77.8624858619407,3.87533976393286e-07,7.63734755861454e-06
"ENSMUSG00000012519.15",2.92590874008489,4.04253630389692,222.130166701042,4.63066278175409e-10,3.52820299668588e-08
"ENSMUSG00000031767.14",-1.09090611355037,9.2676934407106,77.8199132740343,3.88669318025678e-07,7.64206484706619e-06
"ENSMUSG00000034330.11",1.31398865243233,1.07099892554032,16.6752831052901,0.00110827493888599,0.0046946357258593
"ENSMUSG00000031841.20",-1.90955148393958,0.165836432358982,21.9291308226226,0.000337217806104668,0.00176458570620108
"ENSMUSG00000120688.1",1.09508126109064,0.462081176220765,9.77863010281986,0.00738996632972995,0.021962931233662
"ENSMUSG00000031832.16",1.16708286803121,1.52520293949294,18.7536743253592,0.000676905082241297,0.0031321238047151
"ENSMUSG00000110631.2",3.10438304226086,6.94819079228617,70.4135824997247,7.0996274926818e-07,1.23895796825132e-05
"ENSMUSG00000040010.11",1.34764416791827,2.39928375474202,33.7729715807819,4.29028831634622e-05,0.000326741113358885
"ENSMUSG00000006519.12",1.10569114465155,2.22921908299242,26.8529255062676,0.000133575115665295,0.000823475467441922
"ENSMUSG00000033594.12",1.27610887151763,6.01949019486885,16.2596430367247,0.00120412379766753,0.00502687724846333
"ENSMUSG00000097637.2",1.59481840884972,2.33236796148717,13.9878023475158,0.00215434373562971,0.00806732973342188
"ENSMUSG00000001065.16",1.1747988523917,5.57706224457301,14.882531618865,0.00170093444917105,0.0066800175719247
"ENSMUSG00000032815.17",1.49705917205765,3.8030905983238,20.1679059276904,0.000491963864897972,0.00241415249854048
"ENSMUSG00000001995.10",-1.22713026660397,3.69048165738575,50.4414883590588,4.9332590041967e-06,5.63711749394828e-05
"ENSMUSG00000110697.3",1.02357290827614,-0.00162510778093053,6.96559321887178,0.0191630553728556,0.0474620242219071
"ENSMUSG00000084523.3",-1.01878284128385,0.143913085401136,7.50186382489647,0.0160212272483488,0.041028934899661
"ENSMUSG00000110605.3",1.47153340745709,0.817604226296819,18.2426369523128,0.000769528502852025,0.00348910944177205
"ENSMUSG00000025888.7",1.17818663148124,1.84616630078247,18.7364553915324,0.000676768768383848,0.0031321238047151
"ENSMUSG00000033538.14",1.41122634980615,1.18944865558635,31.0727704276761,6.73174496834127e-05,0.000472761768287597
"ENSMUSG00000047193.17",-1.3760865336535,2.4472730052426,24.3846283427618,0.000210082000175029,0.00119272361389694
"ENSMUSG00000050578.11",2.49770701541836,1.26903585139742,67.7544974946208,9.0351677546824e-07,1.49364880911313e-05
"ENSMUSG00000037419.10",2.06885914982738,2.43872457378209,37.8575835680398,2.38477022663125e-05,0.000202930447586924
"ENSMUSG00000064797.3",-1.11036146300811,1.07724018929335,22.7137395068332,0.00029373651326938,0.00157173922043621
"ENSMUSG00000047822.9",1.55654970331008,6.38068272189651,24.562541440246,0.000202829451284895,0.00116124099940352
"ENSMUSG00000006235.7",-1.72164859501297,0.000299029983736126,17.0388887214727,0.000987618673657247,0.00427506509223166
"ENSMUSG00000074472.11",1.14467067365214,0.027969784010795,10.3832365949946,0.0059687119704327,0.0184415438144476
"ENSMUSG00000059974.11",-1.13029512128898,0.797827557737711,8.80874998180608,0.0101218145728032,0.0283261640323242
"ENSMUSG00000047412.17",-1.35077815621162,5.57547605761311,234.155552639559,3.23238402242679e-10,2.70724399806374e-08
"ENSMUSG00000111166.2",1.42357153326445,0.0357713118180027,9.66328128461403,0.00736381246203222,0.0218897098768381
"ENSMUSG00000032020.16",1.12763617124204,0.683715970462224,8.1107693822298,0.0128735935735645,0.0344953030920317
"ENSMUSG00000048503.8",2.02729137802075,-0.0571734426885359,23.5593985457004,0.000175061668380005,0.00102577750631759
"ENSMUSG00000095385.5",1.02309639376385,2.97987806323274,44.0547620920783,1.04698312244844e-05,0.000102441087614751
"ENSMUSG00000032010.16",-1.61964534113704,5.31759625567792,9.64345569646403,0.00764445895494044,0.0226168166538951
"ENSMUSG00000040219.5",1.31628081180309,0.22431745633639,10.2034535910672,0.00635509062769553,0.0193822206126166
"ENSMUSG00000034218.17",-1.03659451775128,3.5094571193884,71.1788321944593,6.65946772899077e-07,1.17637011340018e-05
"ENSMUSG00000074280.7",-1.09902003832504,1.19065964231343,9.43279428483586,0.00820926363246111,0.0239104122590673
"ENSMUSG00000036986.17",1.98527370350687,5.30132840244928,388.744086144782,1.0328905238284e-11,1.55277875415536e-09
"ENSMUSG00000032333.7",1.300279352536,2.67274723680079,69.1359293771778,7.94910010248458e-07,1.34020341914787e-05
"ENSMUSG00000025235.9",1.15308502969845,2.71916815712444,41.4055625394734,1.46732215652501e-05,0.000135139715143389
"ENSMUSG00000032294.18",1.40906567896652,3.9641920435399,74.2187554259395,5.1803950908688e-07,9.57278642143643e-06
"ENSMUSG00000111394.2",1.35485114837003,0.481127148063482,12.2056382990692,0.0035376408884676,0.0120498544494606
"ENSMUSG00000032400.19",1.04078923651457,0.390856236603146,8.49757953247314,0.0112554858371685,0.0309407945908602
"ENSMUSG00000015357.11",1.49865435216362,7.40031047740342,52.8617299505314,3.78222103998039e-06,4.62584864822008e-05
"ENSMUSG00000100130.2",-1.2415706476269,0.606683593226314,9.81069935901085,0.00732566560688898,0.0217987641316746
"ENSMUSG00000036943.10",1.0173645418484,2.58808431196102,36.2994670975541,2.95017092440307e-05,0.000237992547685774
"ENSMUSG00000066477.14",-1.59801919122651,3.33040687232815,27.6981764247805,0.000114806740598854,0.000727566215123829
"ENSMUSG00000042487.7",1.06622728261396,3.3384735898458,27.2673329039926,0.000123821225327764,0.000772918652218984
"ENSMUSG00000111709.2",2.53888859151947,0.00602397610847031,26.9556625242136,6.86086152355298e-05,0.000479728456918201
"ENSMUSG00000049624.15",-1.28474892900913,5.01437090104153,160.240026697912,4.01030225705409e-09,2.08189504222319e-07
"ENSMUSG00000032265.15",1.13074673303296,4.71818002517823,50.9764795402126,4.64698337406131e-06,5.40413086659572e-05
"ENSMUSG00000056131.14",1.00467488493239,4.55508037316745,87.265190165768,1.9296438694959e-07,4.45577925193037e-06
"ENSMUSG00000101335.2",-1.18772450891137,1.53204537587281,21.8108346687972,0.000350114900371167,0.00181888345649988
"ENSMUSG00000032369.14",1.28184502738599,4.08325720338401,70.3981528051545,7.11256468083832e-07,1.23971658784853e-05
"ENSMUSG00000032372.15",1.58883475018501,4.04209046831301,126.7695041578,1.83694292496491e-08,6.95820480133691e-07
"ENSMUSG00000032374.15",2.19448457016162,-0.236200849210791,22.1255375813979,0.000194399988793866,0.00112225940263313
"ENSMUSG00000064225.7",-1.00041694960074,7.72008864293167,59.655550606715,1.88720252405234e-06,2.65459130868649e-05
"ENSMUSG00000120031.1",2.06405914576213,0.586898030679745,25.8454335686477,0.000149522317114264,0.000902889573469899
"ENSMUSG00000049493.14",1.20704891816779,1.34647986966901,17.2140281882017,0.000968227520246293,0.00420128068917453
"ENSMUSG00000032411.16",-1.21381767399907,4.30967828300161,133.934776180882,1.28824055351343e-08,5.20781167179434e-07
"ENSMUSG00000120338.1",-1.7363950393725,0.897329878740656,40.442168313525,1.73906422182119e-05,0.000155792519238507
"ENSMUSG00000100281.2",1.10574280575478,0.0497896828591396,9.54741906607532,0.00781979551977146,0.0229941501510476
"ENSMUSG00000032527.14",-1.29174075941267,6.94557593928362,323.895549493448,3.59619354146129e-11,4.71820592639721e-09
"ENSMUSG00000043719.15",-1.27655279177598,0.185186124151483,14.8209124136561,0.00177009002312976,0.00691552225603916
"ENSMUSG00000023277.14",1.43998160507383,1.60664075569256,42.4675018129018,1.3066081211445e-05,0.000123006969369585
"ENSMUSG00000045322.11",2.5351170870122,0.213026972450812,19.3396895799205,0.000424180315851976,0.00213227806282679
"ENSMUSG00000036091.9",1.94398721330627,-0.11406558496457,20.7124967589601,0.000326087061051941,0.00171317381328781
"ENSMUSG00000102375.2",-1.25446496599685,2.50754721475991,31.6400621407733,5.96207120397259e-05,0.000429150182622107
"ENSMUSG00000032596.15",3.03422421880398,5.9036064072254,852.363976428485,4.47605513753633e-14,1.57557140841279e-11
"ENSMUSG00000025647.17",3.05671587036345,6.87943011696924,1534.71389004835,7.23689879646061e-16,1.13911634933478e-12
"ENSMUSG00000049734.10",1.32496485565616,3.15063706197504,90.7698874725508,1.51600788434706e-07,3.69194280551792e-06
"ENSMUSG00000032482.10",-2.26244124749665,2.15692038533252,63.5311944740362,1.32351581051926e-06,2.01913109697823e-05
"ENSMUSG00000032489.18",1.2659865195618,1.54646751275048,15.4868339044233,0.00146955036566858,0.00592086847496619
"ENSMUSG00000032491.15",1.84996124165581,0.258523679158618,26.5729990766962,0.000122953074467269,0.000768496652538601
"ENSMUSG00000049555.11",1.98162239242704,3.6263946715827,62.2834986127266,1.47008880258249e-06,2.1840568858682e-05
"ENSMUSG00000043953.13",2.04583758318482,0.917095492693805,21.1733951078696,0.000399325274802888,0.00202924731195608
"ENSMUSG00000038060.16",-2.14702587496212,5.30432226426498,149.036110665641,6.44020984056395e-09,3.11896336976574e-07
"ENSMUSG00000010651.5",-2.37899569605984,8.56238036332872,252.324856263369,1.95469393986573e-10,1.80834249616297e-08
"ENSMUSG00000052336.9",-2.41092830970521,0.902635771314125,54.6843432768371,3.29261484659537e-06,4.16833486544424e-05
"ENSMUSG00000032528.6",-1.03434652607149,4.69936039489348,63.0556608214734,1.36541121276756e-06,2.06561555305695e-05
"ENSMUSG00000061536.14",-1.05675672411594,3.76937865269658,90.5763173046177,1.53349636412283e-07,3.71009114233576e-06
"ENSMUSG00000032526.12",-1.07429935901156,4.15605988975276,143.016466509388,8.42404145989237e-09,3.82313730657757e-07
"ENSMUSG00000038233.11",3.17271299118275,2.98971913589806,175.637326811408,2.31881749764918e-09,1.34940218250294e-07
"ENSMUSG00000057895.12",2.11441055602964,0.630865645538484,27.7181546989133,0.000106573479654811,0.000686025182149076
"ENSMUSG00000035498.11",3.89307400356648,1.07540053555546,50.1003909918892,1.61331302562199e-06,2.34238768468577e-05
"ENSMUSG00000049103.15",1.49709831032362,1.72120402510842,37.6536048958989,2.47367968382492e-05,0.000208285561242481
"ENSMUSG00000019796.13",2.10629664210616,1.38243343297464,58.1482103263755,2.32971908167298e-06,3.14904752390619e-05
"ENSMUSG00000039981.7",2.31392574994753,0.227277132971372,23.8672069359703,0.000172309484245609,0.00101294113101125
"ENSMUSG00000112109.2",1.25560372799769,0.919115076802332,7.05058617035373,0.0187909538362857,0.0467168037494014
"ENSMUSG00000060487.8",1.38066539384871,1.17139570508469,19.9445349137183,0.000526835344819562,0.00255486817756583
"ENSMUSG00000019850.12",1.42580215057777,2.37899850190691,70.4408411165035,7.13358978825182e-07,1.24038515450663e-05
"ENSMUSG00000020010.8",1.4644376799041,5.04852012627382,264.758227940872,1.41350572519335e-10,1.36910836416043e-08
"ENSMUSG00000039697.17",1.19071958219632,1.77240105093354,26.0734071840324,0.000154418260256877,0.000925665438390551
"ENSMUSG00000046031.8",1.52826147065641,0.509693396485106,12.0002074300041,0.00373263865003119,0.0125863179900117
"ENSMUSG00000019842.7",1.76558758678019,1.68089431963808,31.0504141314091,6.6935484531986e-05,0.000470537220051448
"ENSMUSG00000075225.17",1.13230603726518,3.21113635581911,41.6315659196107,1.42341216977442e-05,0.00013202239353589
"ENSMUSG00000090708.2",2.30943729272955,0.932813362044489,71.486068394387,6.09647817334938e-07,1.0916175309898e-05
"ENSMUSG00000102114.3",2.21435668265641,-0.120089801182222,15.0155967820797,0.00123496437543449,0.00511557658542102
"ENSMUSG00000019866.16",1.28326355521196,5.4679098537799,101.964839027489,7.32160293150333e-08,2.12606385326873e-06
"ENSMUSG00000112023.2",2.85386091183113,3.1275564236063,86.402407405141,2.08440889626294e-07,4.72247867988488e-06
"ENSMUSG00000112766.2",1.53821924789716,1.61859341178335,25.9020230699881,0.000160701609424973,0.000956389949369572
"ENSMUSG00000047669.9",2.01958008592189,0.710304856381982,31.5491642209181,5.85218253937395e-05,0.000423776710528072
"ENSMUSG00000020108.5",1.71321941851909,2.58534552685673,26.1417152951123,0.000151830902929809,0.000914252706755859
"ENSMUSG00000059901.13",1.04488014978326,0.673582084638397,9.65152339833215,0.00770871793851855,0.0227649308959893
"ENSMUSG00000037202.7",3.57190229925643,0.013369722844382,31.5780985005566,1.4002629369069e-05,0.000130126173248167
"ENSMUSG00000020091.17",-1.21556395916663,7.93839993298073,331.608003588002,3.06300954323316e-11,4.09308830814268e-09
"ENSMUSG00000020083.15",1.25072306496946,0.66212435532833,15.7944824634276,0.00137566295911117,0.00560518572159581
"ENSMUSG00000037012.19",1.06960916960555,1.88346240380495,24.1413456063861,0.000220827528215781,0.00124248845505269
"ENSMUSG00000020077.15",1.29914475784166,3.10508397651035,49.6909864276196,5.37316826939474e-06,6.0252963841418e-05
"ENSMUSG00000097134.3",2.15492523967989,0.656183524511494,34.489791799899,3.51763625751788e-05,0.00027625609754334
"ENSMUSG00000006342.16",1.05071012076875,1.50155607451229,10.3747557437001,0.00609094851335521,0.0187309970050591
"ENSMUSG00000009092.6",-1.37855472267389,0.343704141408648,6.96944240688015,0.0194043707193405,0.0478541311344917
"ENSMUSG00000000290.14",1.315207970703,3.07535588268897,87.6899535635907,1.87690950224652e-07,4.36896095748739e-06
"ENSMUSG00000112652.2",-1.14126285411115,4.94146601940888,117.751349152518,2.94349397042861e-08,1.01871714583275e-06
"ENSMUSG00000032788.16",-1.13451265804365,6.16965343665338,135.004234838775,1.22309511954194e-08,5.04334536149408e-07
"ENSMUSG00000020327.5",-1.30524255169972,-0.0199312078897612,11.2395267267927,0.004719686884555,0.0152044340804719
"ENSMUSG00000035863.15",1.56916784041719,1.77803677900237,17.620943387584,0.000877119325468593,0.0038782432920229
"ENSMUSG00000035852.12",3.02539302962422,-0.0343733219150786,43.2141055206263,2.34138196122553e-06,3.15802097798195e-05
"ENSMUSG00000091994.3",1.26001361466321,-0.185926775066635,8.27055899809522,0.0116356464631692,0.0317860400826155
"ENSMUSG00000020150.14",-1.16749641104632,6.25579286907526,163.193353988245,3.55662893745895e-09,1.91527122482864e-07
"ENSMUSG00000020131.15",-1.38630084008902,4.45135271271076,166.657657601338,3.0999870935877e-09,1.70980526785268e-07
"ENSMUSG00000120873.1",-1.01240810260365,0.603496336593528,8.94878403722119,0.00968163812886633,0.027258174302731
"ENSMUSG00000048240.16",1.25997544171624,0.77233629255843,10.559710794417,0.00579813297032327,0.01802254038934
"ENSMUSG00000034949.19",1.84810588493427,-0.265643288651033,15.1552780301094,0.00124532940733911,0.00514974040307109
"ENSMUSG00000034917.9",1.21736676471892,4.05885015484836,41.9598539645461,1.36331129418726e-05,0.000127183636701426
"ENSMUSG00000090034.2",-1.62307321160047,0.653075979823676,28.1936740744761,0.00010946667348898,0.000701519996355668
"ENSMUSG00000112160.2",1.31091023201157,0.0751773183129057,13.1629381253432,0.00261515424724194,0.00944528491935018
"ENSMUSG00000020053.19",-1.15988774116896,9.15848396196397,91.190185076983,1.46962805335686e-07,3.59485967221123e-06
"ENSMUSG00000004359.17",1.54938068243777,2.32941957239647,44.4452410924525,1.00269550839238e-05,9.91836982667497e-05
"ENSMUSG00000020027.19",-1.58689625305985,3.78536757731552,14.9893785614444,0.00165516097643066,0.00653372079098668
"ENSMUSG00000112762.2",2.37064936715768,1.37436759571737,49.7218830856185,5.58099045278556e-06,6.19575801650779e-05
"ENSMUSG00000036019.9",-1.34872666419002,3.9028259669169,175.58064365491,2.19974984323103e-09,1.29578733622491e-07
"ENSMUSG00000053825.16",-1.5016326237065,3.32261475356045,97.3525374992494,9.79813785880482e-08,2.64311636594899e-06
"ENSMUSG00000035948.14",-1.25567002903629,3.97036822358009,39.4547865916731,1.8972413134746e-05,0.000167831860176782
"ENSMUSG00000019906.16",-1.24940696101574,3.48675785262302,101.0384848279,7.76085058909812e-08,2.21791278617553e-06
"ENSMUSG00000020184.16",1.18164029826043,5.89763336339696,52.383418835173,3.98286703616129e-06,4.80608169447155e-05
"ENSMUSG00000112527.3",-2.57852307426555,1.34356909797312,49.8730336035303,5.5666082677836e-06,6.18931359943397e-05
"ENSMUSG00000020102.16",-1.08984999778927,5.90801087275179,94.4641090280228,1.18052466958085e-07,3.03155374224036e-06
"ENSMUSG00000074657.6",-1.10633821040966,1.51624372250795,16.7386005067303,0.00107560196550165,0.00458313775202827
"ENSMUSG00000025408.16",1.24823571813638,3.54812610700888,61.6889093681384,1.55383356978673e-06,2.26972936023907e-05
"ENSMUSG00000025405.10",-1.01831740031485,6.21711229320075,38.0356876738246,2.30357210613074e-05,0.000197066702049074
"ENSMUSG00000056148.9",-1.57574803941711,3.04719003781327,76.804184523281,4.2170478358728e-07,8.14731383765946e-06
"ENSMUSG00000069456.5",-1.49652246523208,6.77545557053438,241.4226404238,2.63174011149115e-10,2.3301394655853e-08
"ENSMUSG00000025351.15",1.07301400247869,1.80922806752564,12.3116466989329,0.00341957349021767,0.0117084898246314
"ENSMUSG00000097691.2",-2.51576219355295,1.78878958707884,70.1041322625495,7.60008476837474e-07,1.29804051333946e-05
"ENSMUSG00000020471.12",-1.23698145951979,3.1606268530779,66.90301890284,9.63724300152014e-07,1.57157842935524e-05
"ENSMUSG00000020437.13",1.18542547476892,1.0760156235924,13.1926979450933,0.00269879949251969,0.00969364715680542
"ENSMUSG00000040978.5",-1.47186539556693,-0.192288839601226,11.0239727601865,0.00493506224041013,0.0157817013635274
"ENSMUSG00000020122.17",-1.03316361096931,9.43963633534274,41.7281130136613,1.404161316676e-05,0.000130404479551275
"ENSMUSG00000020120.16",1.38139969459543,2.71569421883936,66.5067544379138,1.00079068158949e-06,1.61378895158653e-05
"ENSMUSG00000020142.13",1.1590578378718,2.87431590257379,35.2429329041325,3.43803711642505e-05,0.000271066822956497
"ENSMUSG00000042363.15",1.26822276745675,3.72390416134404,42.1080181235334,1.33786501460623e-05,0.000125377064225955
"ENSMUSG00000049811.18",1.37297453547067,1.7629841958967,23.0906700599001,0.000271884901448935,0.00147180903890136
"ENSMUSG00000020464.16",1.07705202720419,5.58378412412587,147.886688629632,6.77240534194084e-09,3.24734763789848e-07
"ENSMUSG00000040711.9",1.65707342255993,2.23506300334654,80.0738987469674,3.31370141521105e-07,6.83064391211184e-06
"ENSMUSG00000020272.9",1.0827570749446,2.54725662497535,48.7425967395323,5.99337032849827e-06,6.54779111134649e-05
"ENSMUSG00000020326.8",1.38199073570736,6.30328926935035,119.13887781986,2.73092873354884e-08,9.63637248962759e-07
"ENSMUSG00000019189.14",-1.16240991451909,4.65786431909089,159.785789236955,4.08613762694445e-09,2.1136608685327e-07
"ENSMUSG00000020340.17",1.19479353780152,2.29047527784174,21.321610716227,0.000386343109463045,0.00197509874451671
"ENSMUSG00000020399.15",1.86798683246137,-0.346506251983092,17.5973104790647,0.000623245894300416,0.00292700447333017
"ENSMUSG00000046879.8",3.14054118432797,7.91864565627438,564.813054528076,7.84493346151379e-13,1.79711237645345e-10
"ENSMUSG00000058163.15",4.34782361448139,3.19325823319429,195.155333775344,1.22828467806984e-09,7.94914998829771e-08
"ENSMUSG00000048852.14",3.88327025818399,0.936803420067414,47.7006384531472,1.82859978927424e-06,2.5923725106882e-05
"ENSMUSG00000078153.4",1.09550188429048,2.21848882789373,24.4981819043204,0.000205865987606097,0.00117526025835886
"ENSMUSG00000069893.11",3.4321251436802,0.275438949847273,33.2328041288305,1.31850045338942e-05,0.000123884105099714
"ENSMUSG00000078922.10",6.62000589727676,6.97169480635476,527.458033848302,1.28632138933518e-12,2.65202718441219e-10
"ENSMUSG00000040328.18",6.72516245914421,-0.209752871265504,37.3387063788038,0.000107612739358043,0.000690558939268688
"ENSMUSG00000078921.4",4.55660190521526,4.13677776142411,294.881908592072,7.41033859628105e-11,8.55568052972225e-09
"ENSMUSG00000078920.4",2.94065374236371,5.89879631468249,318.755958650833,4.01304091164009e-11,5.03619186406867e-09
"ENSMUSG00000040283.15",-1.06971915275668,1.81733065655712,17.5911754335473,0.000877660011361353,0.0038785738642202
"ENSMUSG00000121382.1",-1.55708880805766,0.548246743917652,16.9483919150655,0.00104430558446516,0.00446895824541905
"ENSMUSG00000085707.2",1.25268230233863,0.827011673123013,15.8226581905383,0.00136716858680486,0.00557529727176258
"ENSMUSG00000018900.8",-1.16513680949227,4.79556878684485,64.069910748356,1.24314852364465e-06,1.92708050410736e-05
"ENSMUSG00000020400.18",1.01312310550889,3.34247663908263,61.9414064390166,1.51727620892196e-06,2.23442145379201e-05
"ENSMUSG00000120238.1",-1.02417153067542,2.78234303121172,35.8046309611232,3.16580643325068e-05,0.000251868348647595
"ENSMUSG00000082292.4",4.61412260785122,5.81673697521316,502.823096658719,1.76460363897018e-12,3.44145401589428e-10
"ENSMUSG00000078853.9",3.16427066911527,7.76019330969702,1094.47753087577,7.77255566953618e-15,4.31436628549024e-12
"ENSMUSG00000069874.8",2.42540418301706,7.52174282106761,230.962007523558,3.54398614423258e-10,2.87926004560364e-08
"ENSMUSG00000085882.3",-1.11307214251348,0.0947778406281103,8.28199248630379,0.0121838982062305,0.0329902474507163
"ENSMUSG00000000126.12",-1.19394949054326,-0.120303699346072,8.28279218818408,0.0121188311160676,0.0328448771205797
"ENSMUSG00000018415.15",-1.10946888634106,4.95895151975716,125.05112664045,2.00326478296009e-08,7.39414765925322e-07
"ENSMUSG00000120997.1",-1.05828084912408,1.2822195308752,25.0267798484851,0.000187320960384551,0.00108789380292549
"ENSMUSG00000010025.20",-1.09056665869393,7.92197726997515,137.70973163857,1.07577429782802e-08,4.56634549007472e-07
"ENSMUSG00000051790.16",1.11763610886101,2.24563957257424,41.545294286598,1.44404860614166e-05,0.000133547406091386
"ENSMUSG00000020805.15",2.63254721331099,0.769123935785643,32.7648352632271,4.08189631194634e-05,0.000312353804740242
"ENSMUSG00000040483.16",4.14050428276736,5.59736702605598,1563.58613877699,6.38455392640456e-16,1.13911634933478e-12
"ENSMUSG00000040471.18",1.24713003501382,3.94730939198264,53.670205789227,3.47116623671914e-06,4.33355286577254e-05
"ENSMUSG00000040447.16",1.18376107069941,4.86109218463196,109.731471708598,4.60896160805661e-08,1.47486771457812e-06
"ENSMUSG00000002058.14",-1.04337622476486,1.6530667847194,19.4689372406529,0.000574150134827344,0.00273740824110612
"ENSMUSG00000001123.16",1.61517666008985,9.74231747229484,418.517377841627,6.21765339500048e-12,9.97035264407188e-10
"ENSMUSG00000108822.2",-2.11181095263935,1.45439537430016,67.133127368767,9.84576299783052e-07,1.59656237735607e-05
"ENSMUSG00000120210.1",1.69280795573272,0.659386050372276,13.4672085448602,0.00248078944721137,0.00904165886333562
"ENSMUSG00000078771.12",1.79272036072555,0.644008077388826,28.7265139542354,9.53858990180304e-05,0.000629450980625612
"ENSMUSG00000086474.3",1.13638353090478,0.2054936137062,7.55606551303269,0.0155266937448108,0.0400502670464896
"ENSMUSG00000020707.7",1.10863679044136,4.42203463692879,98.359652175328,9.17807179364487e-08,2.5086729569296e-06
"ENSMUSG00000035385.6",4.40397477953068,0.898843238592965,74.3997847325182,2.99685221804672e-08,1.03223320312292e-06
"ENSMUSG00000035373.3",7.13246134344575,0.11896375901681,32.0665877365455,0.000196134013241095,0.00112908100482468
"ENSMUSG00000086327.3",1.59257944302092,1.50711038704591,38.1612988720201,2.33238934807981e-05,0.000199295696101171
"ENSMUSG00000054404.14",1.74397214462091,4.72726772425371,112.129322557207,4.01945034614936e-08,1.32439971222894e-06
"ENSMUSG00000069793.13",2.30442117761565,3.4351243969215,126.340596854035,1.88500837705946e-08,7.08448981711513e-07
"ENSMUSG00000035208.17",3.62217275768291,3.62310510359053,242.322416559272,2.67373489030969e-10,2.34519175926943e-08
"ENSMUSG00000072620.4",1.82059319824615,2.63072228561509,55.7640735411419,2.8047050388583e-06,3.662070964445e-05
"ENSMUSG00000078763.3",4.17675775060298,1.9180189770734,147.099586463827,2.97629329991028e-09,1.65845038240561e-07
"ENSMUSG00000000204.17",6.8792601745147,4.35529266956353,798.842004471917,9.11013109894893e-15,4.86953377851966e-12
"ENSMUSG00000087107.9",1.08924870172392,1.17736790595731,13.4927145295697,0.00248094298079331,0.00904165886333562
"ENSMUSG00000035042.3",4.11762211435691,0.835311630217859,66.4065742760736,1.01238693618068e-07,2.71071767401849e-06
"ENSMUSG00000051452.9",1.92524743878667,2.30332431613893,60.396804386131,1.78293990791607e-06,2.53550206193251e-05
"ENSMUSG00000120594.1",1.38593206196184,-0.170255689492083,11.6366209244175,0.003862079161091,0.0129573656904673
"ENSMUSG00000087574.3",1.08002884929579,0.488130369929307,7.66462795260421,0.0150451382837335,0.0390734993181288
"ENSMUSG00000110344.2",-1.28031937951035,2.27031576127871,49.0166405383596,5.80961648597617e-06,6.37599886886753e-05
"ENSMUSG00000094091.4",2.00029314220168,0.541998969332672,15.9301359768676,0.00125592820002669,0.00518169119004721
"ENSMUSG00000001506.11",1.71847145379534,1.71927650633493,22.316656823386,0.000319147205620308,0.00168345485069894
"ENSMUSG00000000120.7",1.13980963350154,1.29890232106283,18.3011491322023,0.000752822197234433,0.00342411911455636
"ENSMUSG00000038534.21",1.05268362924166,1.54099641942159,20.648260548967,0.000447499965794462,0.00223085302464445
"ENSMUSG00000043439.6",-1.5977187546498,0.302524551882178,15.2912806751732,0.00156240923451858,0.00622376209565887
"ENSMUSG00000019761.11",-1.31714177222146,0.138770496945659,9.33952068861855,0.00854365332724133,0.0246900289985476
"ENSMUSG00000006930.16",1.58726529139726,2.21606820052731,68.7806380463363,8.26426555094754e-07,1.38203801194988e-05
"ENSMUSG00000017176.18",1.12932189554007,2.43702678766227,55.6990620370942,2.81688328837346e-06,3.67238117595354e-05
"ENSMUSG00000006782.17",1.01803343638481,4.39318436717948,86.5130317624541,2.03544519653017e-07,4.64802928422838e-06
"ENSMUSG00000085604.2",3.69189787392272,3.19120055264906,190.102002320819,1.41917993113197e-09,8.94393221226925e-08
"ENSMUSG00000017830.16",3.87758150911043,5.85384835655506,627.70711934902,3.7791626941393e-13,1.00565286553146e-10
"ENSMUSG00000006920.15",1.03348037854363,4.88035159748727,99.0658657360201,8.77428830041111e-08,2.42587219830523e-06
"ENSMUSG00000035112.18",-1.14278281747184,1.58369965804922,17.8479366674191,0.000827799720861937,0.00370797848660102
"ENSMUSG00000010358.14",1.81320190326511,5.75847549249368,363.231907424043,1.64420740000852e-11,2.3968890097902e-09
"ENSMUSG00000086347.2",1.95807416784112,4.16625178166435,162.233218012733,3.70305952975608e-09,1.9504582165489e-07
"ENSMUSG00000034947.14",1.38627272787339,4.37142141696245,153.120608638661,5.40152872034651e-09,2.69590705230308e-07
"ENSMUSG00000093467.2",-1.13693196979599,3.42954805583598,30.3478764505406,7.33564816764393e-05,0.000505578196539815
"ENSMUSG00000003518.14",-1.13405452699213,5.17057313016863,108.490189791807,4.95239082396981e-08,1.55375879068548e-06
"ENSMUSG00000055805.16",1.3897497995936,1.12408396111821,19.1461997954279,0.000627694381151024,0.00294502123172028
"ENSMUSG00000019590.17",1.71889106128039,-0.0291823402197771,15.3653838610743,0.00132792109290592,0.0054367538192392
"ENSMUSG00000020681.15",2.4973126878242,0.601236729587445,27.3236569328606,0.000100250566717064,0.000654964318180472
"ENSMUSG00000041920.15",1.08596488638336,4.13215727273344,39.6413268351379,1.85012639777331e-05,0.000164212940791294
"ENSMUSG00000020604.14",1.12076958681883,5.42641413031017,82.9859142141921,2.6272622260775e-07,5.70175164612789e-06
"ENSMUSG00000041828.17",-1.15110314571951,8.02885936115896,102.535950541272,7.06798548768903e-08,2.06907031558475e-06
"ENSMUSG00000051497.16",-3.43853044283759,0.578796619149052,109.817445143931,1.71216992971686e-08,6.55805675377904e-07
"ENSMUSG00000063193.10",1.19888213547901,0.79336466954346,14.6516124631838,0.00183780661079043,0.00711078418416285
"ENSMUSG00000048498.9",3.39265661863621,1.0721890476115,37.2488739137759,1.62149194988902e-05,0.00014635004265665
"ENSMUSG00000047798.16",1.7470438488882,0.866767238939003,14.5376848434173,0.00188250491266137,0.00725261903351013
"ENSMUSG00000034427.18",2.580678196937,-0.354216758426994,18.5927421050074,0.000356080718255885,0.00184456458214965
"ENSMUSG00000016559.15",1.02261070453366,7.72762361689666,210.758205259686,6.53967844637801e-10,4.64929257823288e-08
"ENSMUSG00000057286.7",-1.32165453891311,0.730063310223887,12.7063914725066,0.0030911405762214,0.0107952652793391
"ENSMUSG00000025574.14",-1.07886851838787,4.62805460206875,49.9225397892559,5.22701645431418e-06,5.88886038006731e-05
"ENSMUSG00000033880.12",2.47593205090896,7.54882517461963,642.920563590451,3.19182233064768e-13,8.85853459152065e-11
"ENSMUSG00000039976.5",-1.02492336154765,4.82522355022619,63.9815198807941,1.25327223765489e-06,1.93860931766725e-05
"ENSMUSG00000070327.16",2.12369784507746,7.8716099056918,659.942925752493,2.66133284779371e-13,7.53105012928605e-11
"ENSMUSG00000109408.2",2.12883556092334,3.91519418861766,125.526354255491,1.95905839285469e-08,7.28688936228836e-07
"ENSMUSG00000025375.16",-1.38544758137859,1.78588685448495,51.5531337434126,4.39332770769926e-06,5.16744135921074e-05
"ENSMUSG00000086929.2",-1.24453581067516,1.75635525482423,36.4582201833623,2.8931296855902e-05,0.000234702909625845
"ENSMUSG00000120999.1",-1.11954285116373,1.90263183191761,22.444816629099,0.000307213555149525,0.00163003898085219
"ENSMUSG00000084822.2",-1.07559913179052,2.79724403614665,37.2184645434441,2.58572616122591e-05,0.000215457274588986
"ENSMUSG00000042988.11",-1.44912160150842,4.49620993947757,198.187842638952,9.85760904657032e-10,6.71061385660863e-08
"ENSMUSG00000053613.7",-1.52899329447795,1.4927264535533,31.387161456204,6.2620468265982e-05,0.000446290665686248
"ENSMUSG00000025165.13",1.86712468464531,0.205836597091573,14.6711430033201,0.00165289017716686,0.00652654200735215
"ENSMUSG00000112615.2",1.34434607520021,1.75088372499635,16.9716211532789,0.00102011876230283,0.00439255968936806
"ENSMUSG00000020589.18",1.06204913108731,2.25874307964271,19.4738795939478,0.00057293148190988,0.00273430791895615
"ENSMUSG00000045679.15",2.21060759117181,2.04318193233211,75.252461919522,4.97854235126448e-07,9.28298749527765e-06
"ENSMUSG00000052632.17",1.5072196055238,3.86793751864195,24.8636089448746,0.000191709660233683,0.00111070004676536
"ENSMUSG00000020641.17",4.52865409429846,6.09657583751948,173.108360654636,2.41881266308774e-09,1.39633217414729e-07
"ENSMUSG00000020638.9",3.95939517786845,4.825605175227,169.415313353797,2.79921443024094e-09,1.58424559440146e-07
"ENSMUSG00000035105.6",-1.66914946739413,2.67194191714584,78.6111525053904,3.66748494607984e-07,7.36017329357796e-06
"ENSMUSG00000049751.7",-1.69105033990077,-0.0148567966533267,13.0615215496631,0.00274468626228139,0.0098291097114752
"ENSMUSG00000021078.6",-1.06392747136497,0.0717348235046018,9.09935344894445,0.00926597253044395,0.0263812419726508
"ENSMUSG00000043398.6",-2.06329180840868,1.124010938963,43.5538209356157,1.16598315617919e-05,0.000111959207651218
"ENSMUSG00000046157.14",1.0700966852136,1.27105143565265,21.3718724594599,0.000386977509456555,0.00197694138636354
"ENSMUSG00000112278.3",-1.12450638704483,0.137097195358431,7.39058261659591,0.0166647236636771,0.042417159067758
"ENSMUSG00000112880.3",-1.70986022230544,0.255559091442711,22.5137505071375,0.000308694001025134,0.00163669060352488
"ENSMUSG00000021222.10",1.70443507784367,2.749240082495,81.3049475194233,2.99452276301435e-07,6.30904416289388e-06
"ENSMUSG00000072949.7",-2.58727481076797,3.0181292863124,141.356657792272,9.14884330967754e-09,4.03780142646074e-07
"ENSMUSG00000052392.6",-2.07481080668005,6.18778157080418,174.899350285914,2.25505138406142e-09,1.31760735120544e-07
"ENSMUSG00000097762.2",-1.66606513158115,3.64658974066791,127.619712321501,1.75995847549767e-08,6.70177327661802e-07
"ENSMUSG00000021228.16",-4.83010143259049,2.8099180727589,155.548387779311,5.03079747527646e-09,2.57462656607056e-07
"ENSMUSG00000112510.2",1.32823331577375,-0.342678694649651,9.75253245592445,0.00680650067404219,0.0205247425256533
"ENSMUSG00000072884.11",1.29206680605086,0.593489477043612,9.06895266625357,0.00929586274852072,0.0264350524505716
"ENSMUSG00000021185.17",1.09182742006104,6.02317421147252,164.196518846717,3.41682397164155e-09,1.86786377116405e-07
"ENSMUSG00000021186.10",-1.37812769652838,0.987581028688738,11.2552305305997,0.00467668550098971,0.015103140261661
"ENSMUSG00000057963.10",1.52416712038016,4.66886329774121,278.695550386199,9.99389322953157e-11,1.06838420065629e-08
"ENSMUSG00000021200.15",1.20055517592932,0.694486019272089,10.964737891377,0.00512722904482487,0.0162664694603017
"ENSMUSG00000041645.15",1.03960540861093,6.01584509879457,88.1125253483011,1.81743751843098e-07,4.25253824948456e-06
"ENSMUSG00000064215.14",1.81725183088937,7.34718289789809,435.172481828876,4.75347918516636e-12,8.16692995241916e-10
"ENSMUSG00000079017.4",2.52366319644327,2.76416460591299,139.50364095299,1.0154374608744e-08,4.38390373647414e-07
"ENSMUSG00000021208.10",6.84474044928443,4.56741711044829,537.80902194057,3.90220069773848e-13,1.00565286553146e-10
"ENSMUSG00000060807.8",-1.62413765023476,8.48370929806959,235.965186964128,3.06891576427732e-10,2.60819916336633e-08
"ENSMUSG00000090555.2",-1.05635507905544,10.0275755895872,163.287041368856,3.54319441393008e-09,1.91518283827112e-07
"ENSMUSG00000041567.4",1.7063107840671,6.31984045210129,51.6432729312789,4.31728479111507e-06,5.09460785816621e-05
"ENSMUSG00000066363.13",3.07103515357765,1.32046104421175,52.3793194279959,3.39084029688849e-06,4.25906067577848e-05
"ENSMUSG00000041481.18",4.0054715210401,2.63682572141495,276.619012034433,1.12459020205178e-10,1.1429637884515e-08
"ENSMUSG00000021097.16",-1.00282517084022,7.28129539566467,145.83816968432,7.41484044403788e-09,3.47438237949204e-07
"ENSMUSG00000041323.7",2.98098122892518,2.38453497199,110.604737175298,4.75892686534345e-08,1.51948744514683e-06
"ENSMUSG00000021277.17",1.06715293142223,3.8555646163865,60.2460366081876,1.7832141025925e-06,2.53550206193251e-05
"ENSMUSG00000021280.10",1.98565981510072,0.0705906230588448,10.5638422952862,0.00519766050302634,0.0164537478349805
"ENSMUSG00000052160.8",1.21572784656721,2.75809435026693,42.5952846860932,1.25888662853618e-05,0.000119370905538989
"ENSMUSG00000018581.16",-2.44255611047399,0.58403936121788,42.089752921941,1.32252441010982e-05,0.000124181342138614
"ENSMUSG00000113831.2",-1.1234047082632,0.837536891967963,13.6558955272517,0.00237436390618603,0.00873707799441018
"ENSMUSG00000071551.14",-1.50701021020849,6.4397034678159,58.3127134227901,2.15374089747263e-06,2.96591494583254e-05
"ENSMUSG00000072421.5",1.52317405278196,-0.0853795094971553,9.42169800537524,0.00777050944039079,0.0229005497740902
"ENSMUSG00000046159.17",2.07271172831263,0.137499907581945,7.6710978910279,0.0139874350028034,0.0368821111039171
"ENSMUSG00000053101.4",4.21412160146613,0.28052131831463,35.4628959418208,6.58275245653559e-06,7.08972264572549e-05
"ENSMUSG00000055313.16",1.09551512640457,0.636087124229446,9.94041347280608,0.00703151604914984,0.0210711876290138
"ENSMUSG00000054931.10",1.07943143084666,0.623978650936832,13.5956379988531,0.00242811980149368,0.00889685959587369
"ENSMUSG00000060639.6",1.70626528764292,1.85077886260257,59.3707675939246,1.99306380939861e-06,2.77643792444409e-05
"ENSMUSG00000113440.2",1.93303559693655,0.314740150883244,24.8487867739493,0.00016991118586058,0.0010029277032065
"ENSMUSG00000052565.8",4.07229397551019,-0.496342974161245,23.3295261024058,0.000179969108111294,0.0010519700965015
"ENSMUSG00000036110.15",-1.31812890763581,7.67562604694984,99.5904090377638,8.48649385536543e-08,2.38394427974427e-06
"ENSMUSG00000021338.18",-1.25430098018403,4.78043603883085,191.958129589486,1.21858739874941e-09,7.94914998829771e-08
"ENSMUSG00000016756.18",-1.2733559237958,7.61397235403735,127.905597612594,1.7324676836212e-08,6.61454328307439e-07
"ENSMUSG00000006715.12",-1.14737437089949,2.69252482436027,52.1755833777657,4.08056890749429e-06,4.88720086912511e-05
"ENSMUSG00000006711.16",-1.33074604005472,2.7149457253355,49.4012911468884,5.55314101545096e-06,6.18288174524833e-05
"ENSMUSG00000086796.3",-1.22532064976324,3.97263094867729,84.0430984494958,2.43222620570448e-07,5.40029055395802e-06
"ENSMUSG00000035936.7",-1.37969280405477,6.10772503556516,405.903472846462,7.67413253073347e-12,1.2038378335168e-09
"ENSMUSG00000042842.12",1.13903348568861,0.756635997250125,9.21233907110123,0.00888383165296908,0.025489355549831
"ENSMUSG00000045827.11",1.8290312877011,4.47181815485398,217.675430359008,5.27668650150264e-10,3.84611816109526e-08
"ENSMUSG00000058672.8",2.44799922191445,5.38690237571915,119.037294847171,2.74695113381299e-08,9.64574179153018e-07
"ENSMUSG00000085962.9",-1.28213504416825,6.18694827680047,212.511018027772,6.1879776309551e-10,4.44302951094249e-08
"ENSMUSG00000021417.16",-1.08354335443121,7.83153938293435,162.505253750354,3.65655748915961e-09,1.94012638542469e-07
"ENSMUSG00000050423.12",-3.13511388397659,0.715481914805714,27.9055497638206,9.70529580190882e-05,0.000638117672041677
"ENSMUSG00000091264.4",-1.2021346150698,4.74809728528214,96.9796559290807,1.00236002997049e-07,2.68885872723682e-06
"ENSMUSG00000038042.12",1.72916287019034,1.7003616810441,37.015821949936,2.72514054091271e-05,0.000224610098723314
"ENSMUSG00000037816.11",1.33096254236024,0.612321754363292,12.7436778205285,0.00305598643020868,0.0107022558021771
"ENSMUSG00000067586.5",1.67217862423068,1.52069347066883,39.2358152102025,2.01849097887788e-05,0.000176979719363096
"ENSMUSG00000021451.17",2.14877138751511,0.855794701495194,55.4637925308364,2.78323644213264e-06,3.64167437287927e-05
"ENSMUSG00000025875.15",1.37097937717245,1.44117514237242,43.1360509332047,1.20742655111265e-05,0.000115324817906405
"ENSMUSG00000052957.9",-2.24051140376456,1.89595755803997,75.0874033618265,4.94420039239911e-07,9.23087969768485e-06
"ENSMUSG00000044258.11",1.85141193410592,0.594154949399429,18.0636991558246,0.000771778348500151,0.00349821140877958
"ENSMUSG00000074863.6",1.57856065781072,0.537626710676609,18.9877112529194,0.000637460444929999,0.00298501918923743
"ENSMUSG00000021482.11",-1.02592666879643,6.19914029574894,274.213343121742,1.11444107434219e-10,1.14068181453238e-08
"ENSMUSG00000055560.9",1.25285777725011,-0.0084040543469639,8.92662906127445,0.00946616440974575,0.0268294746192951
"ENSMUSG00000030446.18",-1.16311948332811,1.02767749500487,13.5232784512025,0.00245323425922639,0.00896558035683851
"ENSMUSG00000089827.2",-1.86201176525962,-0.244494073385217,11.3392083161191,0.00430353931511152,0.0141059912322711
"ENSMUSG00000035834.12",-1.44614025125101,3.23367569963859,91.1798897660668,1.47299113837532e-07,3.59698952775511e-06
"ENSMUSG00000096449.3",-1.09524191490962,1.33837168064093,21.8983177925019,0.000344485770364908,0.00179620756249296
"ENSMUSG00000021613.10",3.33385331045716,1.02524067878524,45.9642635416997,4.77514803944957e-06,5.50878789011481e-05
"ENSMUSG00000114019.2",-1.2039011471553,0.213807679948268,7.48706648686358,0.0160883312970818,0.0411678718580648
"ENSMUSG00000074768.7",1.32522427297112,11.2159845587808,90.5266116856514,1.53765037606455e-07,3.71009114233576e-06
"ENSMUSG00000085834.2",1.37456216125673,9.03756983141435,79.8528443046118,3.32277895027865e-07,6.83110339179793e-06
"ENSMUSG00000021668.16",1.43862359565776,3.5451104068727,48.9876383188142,5.81656458529892e-06,6.37877356345243e-05
"ENSMUSG00000041773.9",1.22735040887649,2.43879988618547,20.7727449866092,0.000433146353638142,0.00216903822890551
"ENSMUSG00000114425.2",3.37844055951517,-0.13034118282148,21.8594570034979,0.000129038489477912,0.000800293717294894
"ENSMUSG00000078945.11",1.23634629535901,3.31241048829998,73.8319299455196,5.35025439669532e-07,9.82377499403396e-06
"ENSMUSG00000021624.10",2.13348347152349,1.69061939581076,51.3003690699457,4.71105089427114e-06,5.45227638381083e-05
"ENSMUSG00000046169.11",1.27663481054576,1.8877268360925,13.837119253514,0.00224545889881559,0.00833928533909075
"ENSMUSG00000023132.9",3.4609417234561,1.13029530188729,80.8577557766765,1.32289583215877e-07,3.30279649975034e-06
"ENSMUSG00000114945.2",-1.04445547832229,1.16612184058971,13.7519261163448,0.00230124794815911,0.00850271643313679
"ENSMUSG00000114608.4",3.56267209311941,0.378951242262731,52.1765714449673,6.14160650764343e-07,1.09833537940904e-05
"ENSMUSG00000095609.4",2.88476903124437,-0.297778928748664,28.3359954258836,3.09592211674263e-05,0.000247262578798171
"ENSMUSG00000094796.3",5.56151961105341,0.0760633060535817,59.3259400237168,4.15368213465808e-06,4.93382226892061e-05
"ENSMUSG00000068758.9",2.108957902329,1.04926357979079,46.0383600638943,8.41858042024292e-06,8.6783537589247e-05
"ENSMUSG00000097148.3",2.27489280672711,2.81830209722871,192.049994587687,1.23660005452859e-09,7.96723749417708e-08
"ENSMUSG00000060579.14",-1.25731396167753,0.74327353163878,13.576196079952,0.00243348838944098,0.00890958083716684
"ENSMUSG00000021747.13",-1.42758372854909,0.587628769327497,27.9021790627439,0.000115133062581887,0.000728772087360433
"ENSMUSG00000021822.4",1.85092285432913,1.25034394192356,27.5185155745827,0.000122393820800178,0.000766661294178895
"ENSMUSG00000090564.10",-1.30257135466898,0.301656526736694,22.4581062560074,0.000317341296526476,0.00167454098408413
"ENSMUSG00000021782.15",1.14310245427385,2.99224865209807,34.1756067833253,4.02802456241977e-05,0.000309215162153415
"ENSMUSG00000114575.2",-1.63276997587757,0.124098570694069,21.3631933221871,0.000387563589936435,0.0019792348655211
"ENSMUSG00000114818.3",1.66726854517504,1.80900030118846,48.437409226504,6.33707060045577e-06,6.86611132926259e-05
"ENSMUSG00000045776.4",1.18854223558788,4.50974551401448,16.9456926670239,0.00102022312075677,0.00439255968936806
"ENSMUSG00000058351.12",-1.4443229018139,1.11386804449179,32.1359060029976,5.61784480528888e-05,0.000409685377614599
"ENSMUSG00000071547.5",-1.44512192569784,2.65960620188023,57.2671639557584,2.3967964420671e-06,3.22072311470321e-05
"ENSMUSG00000091898.9",-1.45536471464267,0.355814273037125,16.7760225234136,0.0010897664832905,0.00463118665690472
"ENSMUSG00000019027.9",5.51787938684166,0.0433613615579585,29.5886646092681,0.000127381452330539,0.000791036626520798
"ENSMUSG00000021884.19",-1.12923128738547,3.74073881172469,66.2983331887121,1.01631693100637e-06,1.62972066092043e-05
"ENSMUSG00000021943.8",1.45392504578402,2.9513872695159,47.1077803277801,7.24289120263331e-06,7.68033841560646e-05
"ENSMUSG00000041471.10",1.286140907231,6.21037464280782,93.4491557187893,1.26262784885612e-07,3.19128635984089e-06
"ENSMUSG00000097310.3",1.5110905266446,2.60045962811681,53.3373279056974,3.61017501090157e-06,4.46461403233345e-05
"ENSMUSG00000021804.7",-1.168221924341,0.663143338253107,11.4805658036104,0.00439245135510105,0.0143420493114973
"ENSMUSG00000043418.5",-1.62770121960738,2.90535369665974,42.5206236621206,1.27011408867505e-05,0.000120119833078363
"ENSMUSG00000021789.15",-2.53365547307123,0.495063766427201,64.9809270386396,1.04256253315842e-06,1.66257043961794e-05
"ENSMUSG00000050335.18",2.09375667810238,2.30893445011819,106.465654999113,5.73721301794139e-08,1.75051708826491e-06
"ENSMUSG00000062081.7",-1.30475811972588,-0.0650427471748496,10.4529817338282,0.0059775469615399,0.0184530390906832
"ENSMUSG00000090799.3",-1.36599654038241,2.86594680210295,53.9323783954265,3.37956436578829e-06,4.24859520270528e-05
"ENSMUSG00000021880.8",2.78707487293459,-0.54664000033938,30.8563526449283,1.65127135487115e-05,0.000148480674102806
"ENSMUSG00000022177.10",-1.39511443748815,3.60669546165768,103.375136204521,6.72197549296403e-08,1.99612243445385e-06
"ENSMUSG00000022178.12",1.0605659369492,1.84192556392182,28.6274763535894,9.83444749991449e-05,0.000643968903442677
"ENSMUSG00000072494.8",-1.7511362219418,0.0677063652846311,21.6143812019584,0.000360848652526884,0.00186457193822924
"ENSMUSG00000022199.13",-1.45731267203308,0.2903913129023,17.8714404814618,0.000842853707950381,0.00376130634296224
"ENSMUSG00000022216.18",1.63199104267313,7.27887633436349,673.9334805609,2.29996202494056e-13,6.63861038878844e-11
"ENSMUSG00000079197.11",1.09324464995086,6.42478374792129,218.793742412426,5.09308028490567e-10,3.73113373968318e-08
"ENSMUSG00000002325.16",1.51246671535466,5.92880317363364,499.124543548725,1.84640113274641e-12,3.5529681530395e-10
"ENSMUSG00000002324.9",1.59546457904256,-0.0390287009555656,8.78213026457522,0.00963902360021341,0.0271593886369153
"ENSMUSG00000015437.6",3.92912324024533,1.22582953582923,77.8939022681401,9.82795173468222e-08,2.64621267602488e-06
"ENSMUSG00000064128.9",1.00026807873867,2.88744497287542,22.3471408117405,0.000312819931475744,0.001654918347162
"ENSMUSG00000044703.6",4.34213786473198,0.842620319060781,55.6739930929167,2.92450335052284e-07,6.19771400216529e-06
"ENSMUSG00000091649.4",3.85076654989239,2.77334840985938,365.342768911408,1.85230535284286e-11,2.62083047570865e-09
"ENSMUSG00000068245.15",4.49535780833137,5.21459085853902,1382.84840872429,1.53027595722722e-15,1.29911427145313e-12
"ENSMUSG00000114584.2",-1.54710830221906,0.239750456747534,14.0279865228007,0.00216369193416571,0.00809183778022272
"ENSMUSG00000015812.9",-1.68128360938607,-0.0732025112151628,11.8032821964641,0.00390570188153871,0.0130631456705967
"ENSMUSG00000022074.7",3.3883327657088,0.974375661979973,27.0057467670479,8.67271089560829e-05,0.000581079682662112
"ENSMUSG00000022103.11",-1.40995293190978,1.30290653637379,21.5010447620549,0.000374808789259573,0.00192226028663616
"ENSMUSG00000044350.15",1.38315942133812,2.53240179687037,52.5602070136491,3.92371034773052e-06,4.75457495704844e-05
"ENSMUSG00000034795.15",1.07940750058655,0.490708932202947,8.44473691278618,0.0114696508634808,0.0314039084161934
"ENSMUSG00000022014.17",1.27907699270976,1.26394734157405,9.19602041156809,0.00890106711966452,0.0255235844766537
"ENSMUSG00000022025.14",-1.69556619164714,2.13103152484052,30.3856496294566,7.31364663081547e-05,0.000505179495014534
"ENSMUSG00000110273.2",1.49716190305728,1.75316106402282,43.4837579415243,1.14423482505634e-05,0.000110385006652494
"ENSMUSG00000098557.2",-1.07382943556397,3.06414967229438,36.2405765176215,2.9715043740911e-05,0.000239312227270551
"ENSMUSG00000058126.8",1.05393144724826,5.99693004815849,249.943400221877,2.08405070526019e-10,1.90360884672881e-08
"ENSMUSG00000022129.5",-1.29478865816634,0.232920087506341,11.7551756229705,0.00407753675329219,0.013540499407159
"ENSMUSG00000051615.15",-1.61402848087869,5.14760677741797,306.292771651823,5.2629280139772e-11,6.32954809147658e-09
"ENSMUSG00000022149.19",-1.00524003969401,9.3947891807933,204.833460754519,7.90950536427646e-10,5.56829177645063e-08
"ENSMUSG00000054263.13",-1.07399115136054,8.46000098526499,61.2603086721193,1.61671061794117e-06,2.34496157167105e-05
"ENSMUSG00000039801.8",2.56705450302384,4.31219287290269,277.170323087424,1.03967973654065e-10,1.08729405490976e-08
"ENSMUSG00000048424.19",-2.04118471984341,-0.411005028192804,16.2172038785605,0.00102182540158462,0.0043981461961435
"ENSMUSG00000045763.9",1.15594217398143,0.641552020077321,11.9929226797196,0.00378941564692303,0.0127509551448807
"ENSMUSG00000037617.13",-1.39642818195494,0.653525023195988,19.4421382129777,0.000590349367577901,0.00280076333756879
"ENSMUSG00000022304.14",-1.21994126166677,7.54219245319472,182.983883879553,1.67282981204212e-09,1.03172136099965e-07
"ENSMUSG00000063727.4",1.10279191790034,2.36841557240362,20.1484488416559,0.000494716005646693,0.00242245768235077
"ENSMUSG00000038591.4",-2.30295735456373,3.90035439797955,234.089191816961,3.24524121164791e-10,2.70724399806374e-08
"ENSMUSG00000022419.17",-1.52330486342394,7.83414383480471,308.558474690607,5.00376154203003e-11,6.11985479445571e-09
"ENSMUSG00000115200.2",1.28246421642886,2.06472255244304,39.9885832178993,1.77783749840219e-05,0.000158969955247462
"ENSMUSG00000051225.10",1.66123071667273,1.19338449921535,21.2995091369258,0.000397065601255036,0.00202061028113987
"ENSMUSG00000022347.9",5.92579555956007,1.00807487294445,47.2230759386152,3.44932099518155e-06,4.31000871016971e-05
"ENSMUSG00000115231.2",3.50987266943761,0.335529282106916,35.3250679759067,8.91801521525584e-06,9.06211996504614e-05
"ENSMUSG00000097039.10",1.14134262884565,0.924825566680562,9.86946323894601,0.00718269733957808,0.0214352125733645
"ENSMUSG00000005124.11",1.66723593663107,1.32057425199096,12.1515092788457,0.00361401816272903,0.0122492978216311
"ENSMUSG00000046380.4",2.14349089263305,0.898852487901826,41.2177306048863,1.48195638397439e-05,0.000136107472336745
"ENSMUSG00000022587.16",3.44688482738385,9.87522826765777,1495.39581614281,8.68228924797848e-16,1.13911634933478e-12
"ENSMUSG00000075602.11",7.34443538425374,8.5367193784342,1045.21612683412,1.08065450206743e-14,5.3779330254611e-12
"ENSMUSG00000100287.2",2.98519609057522,1.78722006916007,71.839316965083,6.56486122107397e-07,1.16107937674681e-05
"ENSMUSG00000101082.2",3.65675806676828,0.0788960605577197,34.4438253809256,7.88852535644983e-06,8.23785802780636e-05
"ENSMUSG00000079018.11",3.77937531613007,1.78508618957218,83.2504988547398,1.81446576785728e-07,4.25253824948456e-06
"ENSMUSG00000099775.2",4.64005491644011,0.636720355589474,57.5169774867969,1.92905787130558e-07,4.45577925193037e-06
"ENSMUSG00000022584.15",5.69169265106546,2.04417321815683,213.617997605074,2.72450673343595e-12,5.10650404895423e-10
"ENSMUSG00000022575.6",1.30689599055075,5.66378717396563,253.824968084553,1.87852158422436e-10,1.7561686624637e-08
"ENSMUSG00000118671.1",1.98481411474805,4.04545189090883,171.524617201439,2.56881693656092e-09,1.47701856687041e-07
"ENSMUSG00000063268.13",1.5106991839759,5.49282423469947,269.526740853869,1.25265312185954e-10,1.24677861066737e-08
"ENSMUSG00000115946.3",2.11152316053023,1.132641429726,28.428201726889,0.000103579270866531,0.000671543592608163
"ENSMUSG00000049653.6",2.81462755506655,-0.348133165831977,15.7073699204021,0.000744890629151655,0.0033933906439131
"ENSMUSG00000004187.12",-1.37278885336351,2.742206872912,115.329999146554,3.37004017689108e-08,1.14169999607728e-06
"ENSMUSG00000033707.10",1.66352717036773,1.87997545238837,20.1436217726105,0.000498849119232538,0.00243634195897258
"ENSMUSG00000121848.1",-1.08332172560998,0.586179390120701,6.97833990735886,0.0193005992941499,0.0476717865844894
"ENSMUSG00000057346.13",1.85854773223276,7.55388436239849,456.286191341054,3.42959726712545e-12,6.03609119014079e-10
"ENSMUSG00000050014.9",3.73021371339816,0.673131658025897,39.6176202275364,5.11973516313476e-06,5.79968743126851e-05
"ENSMUSG00000068246.7",1.33710105562007,8.16831529983754,320.523816335748,3.86197833049549e-11,4.97643493443847e-09
"ENSMUSG00000068227.10",1.34937702825867,1.29140308958064,15.027167915377,0.00165960870018975,0.00654948667244696
"ENSMUSG00000068220.7",1.54776303125254,2.16665226624045,39.623072170197,1.86919699741747e-05,0.000165600067935721
"ENSMUSG00000042622.15",-1.51265178539886,2.87526105981087,17.2977077201011,0.000938910385136972,0.00409499990277932
"ENSMUSG00000121075.1",-2.13805607111408,0.26730413325382,21.7798541887304,0.00034340564828778,0.00179213791038455
"ENSMUSG00000009585.19",1.51864997195535,2.10723152298758,40.73216683884,1.61385310721162e-05,0.000145843005906563
"ENSMUSG00000022408.8",2.93383655691381,1.79833627321296,37.3314062437567,2.6200908876629e-05,0.000217943237410669
"ENSMUSG00000116220.2",2.28263373299857,0.431989919974199,26.5842524835892,0.00011484172935505,0.000727566215123829
"ENSMUSG00000022389.16",-1.07124727403681,7.59087947771496,42.6232643253045,1.25168416964513e-05,0.000118910653981335
"ENSMUSG00000096852.3",2.04474705760555,0.576049196000035,20.6511672904527,0.00042104368378652,0.0021194637057576
"ENSMUSG00000116130.2",-1.10957675729949,2.20837391154781,29.4387595814543,8.53968506325752e-05,0.00057456752835866
"ENSMUSG00000119999.1",-1.32248727711983,0.80034350031349,19.8686550837466,0.000535092789108239,0.00258708848656955
"ENSMUSG00000047878.14",1.94405740662111,-0.299461494871031,16.2476288400342,0.000885506673469747,0.0039045622705516
"ENSMUSG00000018868.5",3.65504745647982,-0.779598405602797,11.0571655564625,0.00425016225739025,0.0139786558109973
"ENSMUSG00000041653.6",1.65407476820165,0.0579571529006567,10.1972930060463,0.00608522792588343,0.0187231879073777
"ENSMUSG00000052496.6",-1.27987717727592,1.84741664705139,14.9615079870164,0.00166987860456221,0.00658328703060447
"ENSMUSG00000016028.12",2.60049374502786,3.40145699049939,114.570239058857,3.53070527082536e-08,1.17951709417943e-06
"ENSMUSG00000075470.3",-1.01560876603023,5.40083793556463,228.504586027876,3.80828698984124e-10,3.01984603502136e-08
"ENSMUSG00000055782.10",-2.58192674454928,3.57966166453037,103.077117569735,6.85742747011391e-08,2.02799986165336e-06
"ENSMUSG00000022464.15",-1.22280073893602,10.2034520574773,423.616660679337,5.72070122597148e-12,9.43448406533249e-10
"ENSMUSG00000043091.10",1.16690850615127,5.94413667727946,52.4302390607979,3.96272063086512e-06,4.78978091663697e-05
"ENSMUSG00000116250.2",1.40837994611913,-0.449971835332372,9.08132546988353,0.00826415067920305,0.0240217971001528
"ENSMUSG00000116478.2",-1.40384808631896,0.0727173483608116,14.3085160723922,0.00200800105453949,0.0076322020592873
"ENSMUSG00000037280.13",1.27533639897645,0.301569591559229,11.5766127723197,0.00421644781004973,0.0139026216117518
"ENSMUSG00000023034.8",1.65443741140123,0.597208302737131,21.1216117432987,0.000402313744331891,0.00204227645381564
"ENSMUSG00000049382.11",1.0821096488091,7.70011319973092,84.0827334166207,2.42383380783009e-07,5.38994907775098e-06
"ENSMUSG00000116010.2",1.0852106375363,2.8672763474109,15.9854617622166,0.00128887507444786,0.00529944304114858
"ENSMUSG00000023043.8",1.06794369699733,7.50154356366454,118.370082448291,2.84594824861399e-08,9.94496976367969e-07
"ENSMUSG00000001281.11",1.58061490469595,0.136203637225055,22.9233185822536,0.000255069104581177,0.00139755403087151
"ENSMUSG00000036678.9",1.32269256219114,4.08292112912264,88.9479137377483,1.71572427657237e-07,4.06590028891502e-06
"ENSMUSG00000058794.13",1.78834068912467,-0.0605347886027107,8.21727084281641,0.011488689434327,0.0314500694074749
"ENSMUSG00000085048.2",-1.1375840188797,0.302095139293628,11.3321151744059,0.0046178690252983,0.0149339828519601
"ENSMUSG00000086464.3",1.90974861463078,0.0243668988391076,9.09082333732277,0.00846328896991848,0.0244872065785613
"ENSMUSG00000039457.5",1.19776198773026,3.11944685997856,15.1975770319514,0.00156996867421653,0.00624525576248428
"ENSMUSG00000116270.2",2.02455826378764,0.894420517088663,16.4995047202811,0.00113944900969884,0.00480132207532079
"ENSMUSG00000022500.16",1.00882010757726,6.12748108036152,121.350982733371,2.4279399341341e-08,8.75945175508082e-07
"ENSMUSG00000041974.11",1.00703824800974,2.89768015847837,35.8304036019559,3.15472028162369e-05,0.000251402115430111
"ENSMUSG00000062901.4",-1.17588231369165,6.47334414450811,78.0342756149173,3.82238056902378e-07,7.55679402358235e-06
"ENSMUSG00000033618.8",1.06304075014052,3.80527846014664,27.8090752005055,0.000112580664289257,0.000718286537145253
"ENSMUSG00000033355.7",3.339538899771,6.32603700643162,1291.45721477468,2.43553452466778e-15,1.75748171300027e-12
"ENSMUSG00000115919.3",-1.07712103187626,6.72947078728622,45.3149047786847,8.95573059356144e-06,9.07648201729485e-05
"ENSMUSG00000033306.16",-1.49323289721411,5.44639036599772,133.389258300718,1.32213728881785e-08,5.31506555772122e-07
"ENSMUSG00000022512.4",1.39250684736773,6.45900305538484,31.1672814019985,6.42016710852155e-05,0.00045531131061515
"ENSMUSG00000097184.4",2.09269104004808,0.493680928917308,27.5024570164919,0.000106212446129812,0.000684311617207791
"ENSMUSG00000022533.15",-1.31217020082793,7.44208494822796,315.56908111821,4.29430936577086e-11,5.34271316955216e-09
"ENSMUSG00000046546.4",-1.12129942687095,1.21015907963123,21.6023715579017,0.000366721029705728,0.0018868156508781
"ENSMUSG00000022833.8",1.69847845355907,1.10619578385486,33.5558559434118,4.60046772424275e-05,0.000345982022909179
"ENSMUSG00000052133.17",-1.44434952222458,0.140165918091866,16.2664409513562,0.00122707949608099,0.00509617591005494
"ENSMUSG00000022849.6",1.33179252472404,1.38755480811908,17.8856087280001,0.000828548661455109,0.00370950667081577
"ENSMUSG00000034422.15",1.8966819341666,6.48227988429233,160.986612637629,3.88934678322699e-09,2.03373379621492e-07
"ENSMUSG00000049502.18",1.45988762395142,6.81125677752502,332.876672414415,2.98429802874421e-11,4.03416308787138e-09
"ENSMUSG00000022906.16",1.66245000075065,7.15142649884833,451.189079708192,3.70576068499344e-12,6.44355881997895e-10
"ENSMUSG00000002847.8",1.34638130552699,5.36324520832281,229.54708372668,3.69406630480554e-10,2.96182027283076e-08
"ENSMUSG00000022708.17",-1.05529901014938,7.17050341136646,121.990068494125,2.34750590233137e-08,8.53380483185047e-07
"ENSMUSG00000116903.2",-2.02622697544851,1.32610877085319,23.7112363975538,0.000243489088280635,0.00134431313009416
"ENSMUSG00000062082.17",1.55644700360553,-0.363313517648396,7.60490982149248,0.0140259848858626,0.0369519923097424
"ENSMUSG00000022665.16",1.18698012880322,3.02843063049579,45.8201166288219,8.43820590027759e-06,8.6896966729473e-05
"ENSMUSG00000048087.7",-1.18707521513928,8.52492389182785,93.7508317585825,1.23746931292759e-07,3.14421780355122e-06
"ENSMUSG00000022604.19",-1.12826178296221,2.17129906418312,36.5107575052544,2.86360022537038e-05,0.000232962110780977
"ENSMUSG00000022876.19",2.30193115119462,-0.395127027861134,13.4207121654248,0.00169168937888046,0.00665062956033854
"ENSMUSG00000120279.1",-1.00848675708878,2.07988386183833,16.7332230558631,0.00107476994665902,0.00458094502958742
"ENSMUSG00000120450.1",-1.35235895259964,-0.255913074574685,7.58640432062758,0.01529367321728,0.0395907249994234
"ENSMUSG00000002489.17",-1.13611609243487,0.207584566652865,7.11057472310063,0.0184455573073221,0.0460484834906196
"ENSMUSG00000022951.19",1.64423412790477,5.30856304926273,180.265266555467,1.84749586449369e-09,1.11560921825828e-07
"ENSMUSG00000000386.19",5.06963647673774,4.66119237584257,253.756977916142,2.02557763081025e-10,1.86198320814353e-08
"ENSMUSG00000023341.17",3.43590989412233,5.99358891041681,284.370037704077,8.71920596458727e-11,9.60576950236057e-09
"ENSMUSG00000080717.12",1.08374525004832,3.14993276100081,26.0335171387797,0.000154478547262644,0.000925665438390551
"ENSMUSG00000121103.1",2.55456057692642,0.709113046814748,22.203206298835,0.000280880802840582,0.00151425915076402
"ENSMUSG00000034265.9",-1.21655373038885,1.81482199630503,47.4862425977072,6.95335190486579e-06,7.40596123180982e-05
"ENSMUSG00000023873.14",4.85748409936382,0.102158531585408,32.9928911525912,2.85629653621545e-05,0.0002326302009631
"ENSMUSG00000068037.12",1.95832278737578,0.269275359343817,14.2896701250864,0.00183003392884013,0.00708260918772344
"ENSMUSG00000073460.6",-1.84670343776953,1.30658818670501,35.1021481723116,3.59061695091426e-05,0.000281170829276151
"ENSMUSG00000023886.11",1.33966842769774,1.73949061962452,19.3344928470549,0.000593987691228917,0.00281340018372686
"ENSMUSG00000014773.14",1.25534355379332,1.10239334279412,17.6320267113994,0.00088313506769915,0.00389767746086671
"ENSMUSG00000116718.3",1.16137024182538,4.62917409802736,86.419560888339,2.04892279465662e-07,4.66404633635399e-06
"ENSMUSG00000052270.8",2.08977288373377,1.12245342470252,25.2415657137846,0.000182456822738531,0.00106306696235869
"ENSMUSG00000121093.1",1.10238666580637,5.19744601630369,36.3683959399622,2.91533834956159e-05,0.000236106414483013
"ENSMUSG00000057409.8",1.54528252549792,3.26281113244373,69.2785168802431,7.83859550107135e-07,1.3295923066341e-05
"ENSMUSG00000097006.9",1.98937657108141,4.12957639204313,277.557013158975,1.02896964462148e-10,1.08729405490976e-08
"ENSMUSG00000024165.10",1.06650611973889,4.84625178173632,69.2200574244107,7.86332626352546e-07,1.33137338225895e-05
"ENSMUSG00000041199.4",1.13564198756328,1.00441620875421,11.9202717834678,0.00386122276612979,0.0129573656904673
"ENSMUSG00000117819.2",-1.06435715212129,1.21279760710693,22.2090269440435,0.000323977162290142,0.00170394985647643
"ENSMUSG00000062753.15",1.34621191509945,0.150963211144803,10.4089726997318,0.00591072736232519,0.0182858772332427
"ENSMUSG00000117007.2",4.17751675580757,0.253309386520309,45.2992381206022,1.17678350893102e-06,1.83802376633035e-05
"ENSMUSG00000085912.3",4.79325908172406,0.451826020913533,41.8617617298432,2.99972250825757e-06,3.86222592814719e-05
"ENSMUSG00000023067.15",6.72343799378343,5.48583060044488,433.82892787796,5.75273418617835e-12,9.43448406533249e-10
"ENSMUSG00000117050.2",5.7459335630311,2.09436216073969,104.508165376228,1.73681397706993e-09,1.05837582538737e-07
"ENSMUSG00000024014.9",-1.54946355377131,4.23066356148446,18.6365754971223,0.000689089371561926,0.00317831186014117
"ENSMUSG00000117879.2",1.69363864539842,3.04374791014094,87.1277682285208,1.95518008837794e-07,4.49317819036154e-06
"ENSMUSG00000097305.4",-1.7589104044738,0.207579078671728,15.5510775273627,0.0014471831010805,0.00584782116025602
"ENSMUSG00000048440.17",1.62731690160124,1.7643384857219,21.6519250590248,0.000364251098265813,0.00187812499112977
"ENSMUSG00000091968.2",-2.21033476744197,-0.0245284268523031,30.0164278782841,6.6076272070171e-05,0.000466086392236905
"ENSMUSG00000024300.18",1.47553324446219,1.83667370601555,33.6978172344265,4.3791267705297e-05,0.000332979755280741
"ENSMUSG00000002307.17",1.25655691173583,4.68480203972878,95.2453301762032,1.12187812804434e-07,2.93314223622027e-06
"ENSMUSG00000024308.16",1.79028113249626,7.63398362141905,856.73105381282,4.31445637972251e-14,1.57557140841279e-11
"ENSMUSG00000101438.4",1.69059701003616,4.51841999667214,193.695256092813,1.1484164472818e-09,7.6731232255421e-08
"ENSMUSG00000121503.1",2.97943506478759,4.83597000890905,570.230988530956,7.36512210547633e-13,1.71441035848765e-10
"ENSMUSG00000061232.17",2.35779300465857,9.31028209252635,963.022056604069,1.90429573416093e-14,8.0831753045325e-12
"ENSMUSG00000096727.4",2.68987563815719,5.12758141226032,574.200656046629,7.0079895037699e-13,1.68565507530679e-10
"ENSMUSG00000037321.18",2.77418904521473,5.89933425935777,358.581162845464,1.79631428367685e-11,2.56677304376478e-09
"ENSMUSG00000024338.16",3.41790134799674,6.79662134108751,1245.5824125605,3.13863283134763e-15,1.96942387052213e-12
"ENSMUSG00000092550.3",3.19492005041885,5.59016441129038,1462.82425687055,1.01576454690997e-15,1.22162616175039e-12
"ENSMUSG00000024339.13",2.17335366982921,5.88467365278157,464.138131481074,3.0501000478806e-12,5.5023804863766e-10
"ENSMUSG00000081512.2",2.23841099428912,4.19152774290419,356.231113685146,1.88332745917124e-11,2.63885261075333e-09
"ENSMUSG00000090231.11",1.1170699038562,4.23098850654705,76.8953990738352,4.18089658809917e-07,8.09791010779631e-06
"ENSMUSG00000024371.15",1.31953277645597,6.35877477913016,248.815154072251,2.14841307892236e-10,1.95005645000047e-08
"ENSMUSG00000091971.4",2.41834770497294,0.537236833308714,18.7965669322156,0.000580066197895534,0.00275923380620578
"ENSMUSG00000073415.5",-1.04486752159445,0.614667019455656,12.9482820467599,0.00289175475801519,0.0102389118419223
"ENSMUSG00000120992.1",2.05656683465775,2.31744048600531,70.3747069222389,7.26703692703549e-07,1.25752850037142e-05
"ENSMUSG00000073412.7",1.05264921124083,1.11715967746308,13.3010911473136,0.00261525488759169,0.00944528491935018
"ENSMUSG00000073411.13",2.35540951190372,9.97692895156978,1324.22103531762,2.04047926587084e-15,1.54990509289726e-12
"ENSMUSG00000079507.11",2.41447963019403,2.69575113773656,162.931990400062,3.69342282697824e-09,1.9504582165489e-07
"ENSMUSG00000091705.9",1.92714737085902,2.38255886196719,145.567973964041,7.67418189816354e-09,3.56121521396451e-07
"ENSMUSG00000079505.3",2.74618756529292,4.6119370865097,528.896900288555,1.2404515414622e-12,2.59452125309891e-10
"ENSMUSG00000035929.12",2.64314106840995,6.72553626479215,905.796455255499,2.92419321632532e-14,1.17227656938908e-11
"ENSMUSG00000055413.13",2.99148210875187,2.47163461820815,233.81989650238,3.64854800318727e-10,2.94166730625691e-08
"ENSMUSG00000073409.13",3.44840753757966,3.43397009538674,411.038148873514,7.43145609945848e-12,1.17857993876247e-09
"ENSMUSG00000060550.18",3.56598403823177,4.17832737803928,331.769477020723,3.09660066150102e-11,4.10001291254887e-09
"ENSMUSG00000040312.15",1.36185653665062,1.65593026082442,35.3051160626621,3.45683354233726e-05,0.000272171422165911
"ENSMUSG00000092368.3",2.91255522987707,4.15037137093242,383.685992885937,1.13662465776963e-11,1.67385378172769e-09
"ENSMUSG00000053835.18",2.65961936531597,4.69182068965559,235.358905688337,3.12843392279955e-10,2.64032505110194e-08
"ENSMUSG00000067212.9",2.23998876722141,8.62731234138667,1495.59384046413,8.67422118687423e-16,1.13911634933478e-12
"ENSMUSG00000056116.19",2.92759771675437,7.76624403832928,1379.88545642731,1.528147105769e-15,1.29911427145313e-12
"ENSMUSG00000073407.2",2.83217982703415,0.703018879522205,88.0441868674175,8.63419454899822e-08,2.41489720409191e-06
"ENSMUSG00000079492.3",1.79260417007174,3.45940733321164,72.9852142209805,5.7377470405376e-07,1.04029102121908e-05
"ENSMUSG00000091373.5",2.7614666852899,1.23656476640945,80.4950632604397,2.86700946532257e-07,6.12081074016796e-06
"ENSMUSG00000073405.7",2.23481526719866,1.92289160419945,90.240036250078,1.66796810021197e-07,3.96575216182193e-06
"ENSMUSG00000092243.9",2.37054931426941,2.2167230196918,96.4786096390753,1.08621741490041e-07,2.85542618066352e-06
"ENSMUSG00000079491.11",2.52026143221907,4.81751327067165,469.712126910176,2.81308180885764e-12,5.20492264941455e-10
"ENSMUSG00000121510.1",2.39044569802438,4.68530995585702,400.175451045806,8.47570566764889e-12,1.31528370102698e-09
"ENSMUSG00000073402.12",1.67715157177389,1.26701523337962,26.1339730210013,0.000156148787697143,0.000932756334455781
"ENSMUSG00000054128.17",1.97841900653125,1.83791491828159,83.8065669166988,2.59988565888276e-07,5.65083581761987e-06
"ENSMUSG00000035186.7",6.30939083144356,2.61429349973448,246.17949637138,7.14386449272601e-13,1.69016807145937e-10
"ENSMUSG00000016206.7",1.41347271719394,2.19938024018304,30.367908736194,7.34522924226034e-05,0.000505996889853467
"ENSMUSG00000041293.6",-1.45828168763751,2.07726307442111,27.8346296919492,0.000112370148605808,0.000717260497425486
"ENSMUSG00000023959.11",1.11991839441622,2.83054318789259,29.1924530381143,8.89370688726078e-05,0.000594782102858886
"ENSMUSG00000015599.10",2.75296949072351,1.71721647447877,46.4485418151319,8.16154210387863e-06,8.45566228594231e-05
"ENSMUSG00000043939.17",4.6456302022703,-0.0632323333867866,41.189201943772,7.96221825842305e-06,8.30009318284393e-05
"ENSMUSG00000071068.8",3.33748193067639,-0.161981195899869,33.7010117724691,9.16792402631734e-06,9.24608522346694e-05
"ENSMUSG00000043740.16",1.25390631301703,1.57110231617132,32.421474109965,5.34498109473872e-05,0.000393766039608316
"ENSMUSG00000120175.1",-1.82099706128965,0.558695825506998,15.0808292642244,0.00164817967584548,0.00651150536047138
"ENSMUSG00000024066.10",2.16124067421507,8.44289198927142,746.290873180492,1.13041157141083e-13,3.62535551080025e-11
"ENSMUSG00000001870.17",1.95443938656293,1.99165505307721,40.0408069063215,1.79078009771687e-05,0.000159929074073328
"ENSMUSG00000024079.5",1.57836801156509,5.76087970075388,230.898503313352,3.55119379238808e-10,2.87926004560364e-08
"ENSMUSG00000040505.14",-1.11089027152444,6.80037154357209,154.451154827061,5.10065904980988e-09,2.60115588010093e-07
"ENSMUSG00000071037.7",1.03439486711232,1.42241631312875,20.3684940265222,0.000475783146292211,0.00234511692871899
"ENSMUSG00000036904.7",-1.2027180321661,3.7494854069342,47.7185261200496,6.73048443354265e-06,7.22725828458985e-05
"ENSMUSG00000024421.17",2.82656123793811,5.88186883350322,199.807799549874,9.33709267467002e-10,6.38639438297809e-08
"ENSMUSG00000117418.2",-1.66148626309479,-0.244547987395918,10.1080698167468,0.00642798689136097,0.0195608234852511
"ENSMUSG00000024430.15",-2.07318190970261,2.63143131920467,16.0709586542458,0.00126274899854602,0.00520388165248892
"ENSMUSG00000024411.12",-1.14980194904218,2.90276641509737,21.5875023671116,0.000365060023027874,0.00188162366154939
"ENSMUSG00000091561.4",1.28122598703383,0.161595791790096,8.48582735387315,0.0111257772512294,0.0306601522416925
"ENSMUSG00000024378.10",-1.76107212029382,7.4327770753469,611.323700205545,4.5298131855067e-13,1.1271424809178e-10
"ENSMUSG00000042834.16",-2.38442695589028,5.96269110011468,21.0181831457302,0.000410638687745606,0.00207650229206187
"ENSMUSG00000073599.11",1.19129197792311,1.31481912004471,24.8573107868544,0.0001952963407027,0.00112605544906966
"ENSMUSG00000024349.11",1.14065154151454,1.23749213287988,24.2766513011761,0.000218191036995216,0.00122861219114902
"ENSMUSG00000110185.3",-1.51873034995357,4.28910685439824,163.508777435667,3.51424220926546e-09,1.90926922466118e-07
"ENSMUSG00000103309.2",1.39193529139392,0.541042106771772,10.1750161382448,0.00649758661137329,0.0197500357993554
"ENSMUSG00000086312.2",1.53178659875889,-0.293610171221921,8.28065515296771,0.0111172578236807,0.03064428916057
"ENSMUSG00000056671.8",1.1790491145295,3.16311856919143,39.0730632542529,1.99969334808602e-05,0.000175651700545207
"ENSMUSG00000117780.3",2.42949251711372,1.25894126267517,42.3506099592304,1.31764716851564e-05,0.000123884105099714
"ENSMUSG00000024597.12",-1.02943147586905,3.42096485890399,33.163016628387,4.69441955421361e-05,0.000352313380168543
"ENSMUSG00000085977.2",1.66957656631199,2.68692402459031,36.3645590915164,2.92648877437665e-05,0.000236478900941164
"ENSMUSG00000068606.7",4.98555901431099,4.01999975253499,194.668453510963,1.25671671525655e-09,8.06086028203666e-08
"ENSMUSG00000054072.13",1.76298707752191,9.42905468257528,281.655378864067,9.2959418620851e-11,1.01062913803845e-08
"ENSMUSG00000063388.6",3.24773932412914,4.40499888995654,96.7717399515684,1.01907219779508e-07,2.72356480714418e-06
"ENSMUSG00000024621.17",-1.11124475112633,4.85173911267936,73.3644042429697,5.55101625746504e-07,1.01718348810724e-05
"ENSMUSG00000045991.20",-1.21688178167418,6.3155593106285,64.0005878792673,1.25083327249532e-06,1.93691263826744e-05
"ENSMUSG00000024589.19",1.08146845062228,5.41179530711173,33.3120250923132,4.58650029156909e-05,0.000345471671231342
"ENSMUSG00000120682.1",2.51420712691872,2.3978068162982,20.3088695037417,0.000482795038097751,0.00237481185747333
"ENSMUSG00000024521.9",1.15069846766449,0.418813166031962,12.8123302140283,0.00299349210627553,0.010524257753415
"ENSMUSG00000038121.7",-1.02992701172419,6.36294357405793,121.303564608566,2.43385542806777e-08,8.75945175508082e-07
"ENSMUSG00000053846.6",-1.60155512299104,4.11874167283317,130.82106133029,1.49964692107184e-08,5.8982903441105e-07
"ENSMUSG00000056162.15",2.0249976600256,0.439695105652014,13.2707827614829,0.00248087859255907,0.00904165886333562
"ENSMUSG00000117676.2",3.20819376643989,0.386033639224475,42.3671851985708,4.00195852664066e-06,4.82105721673439e-05
"ENSMUSG00000024646.15",-1.09792000837075,9.42165632092688,235.926475165617,3.07229668633783e-10,2.60819916336633e-08
"ENSMUSG00000069324.7",1.32328369733216,4.60549075739931,76.7196032927372,4.23881118253162e-07,8.16749305558029e-06
"ENSMUSG00000110277.3",1.24776669026834,3.58174222855049,44.4971029841044,9.90604852549971e-06,9.81222322031653e-05
"ENSMUSG00000024913.17",1.04078400745557,5.68632695122863,56.610493380546,2.55579181381871e-06,3.40269256983686e-05
"ENSMUSG00000082848.2",1.52017830449723,-0.152338112142479,7.18792405070865,0.0169415963851095,0.0429401333034598
"ENSMUSG00000024843.16",1.30599689074886,4.43739356798821,34.0997337639155,4.07020116093584e-05,0.000311789507190159
"ENSMUSG00000001750.17",1.45571900114098,6.45723794852591,203.233942821229,8.33443614596825e-10,5.81075277577844e-08
"ENSMUSG00000024885.10",1.86999443708581,2.27496641621487,63.1080880125172,1.37940338988063e-06,2.0802037327855e-05
"ENSMUSG00000058216.14",2.40922061568271,6.0864264859344,537.546972275693,1.10557643994084e-12,2.38144465391435e-10
"ENSMUSG00000087132.10",1.37702764736463,2.54924732289878,23.9156044728221,0.000229958628073639,0.00128435097537103
"ENSMUSG00000049303.11",1.97766119447011,2.39464199324346,60.1012321120241,1.83185186119545e-06,2.59443435336336e-05
"ENSMUSG00000024925.12",-1.13941620579078,4.32016240505011,110.607399703199,4.38314742722491e-08,1.41515847135816e-06
"ENSMUSG00000024937.16",1.40945277302721,3.99238305247874,111.960119475343,4.06026112127228e-08,1.33479928251029e-06
"ENSMUSG00000092274.5",1.92141264719682,8.64144726378434,129.64137945903,1.58854138041343e-08,6.19617005462881e-07
"ENSMUSG00000039699.15",3.118788999794,-0.129286105186774,34.1249039368743,9.50345629843761e-06,9.53317617406269e-05
"ENSMUSG00000047810.10",1.28802665195488,0.910306350870003,16.9963929769823,0.00102862909161447,0.00441952219415899
"ENSMUSG00000060675.14",1.53083368968242,4.16786156586056,236.403341318582,3.0350418064924e-10,2.60724543757728e-08
"ENSMUSG00000063590.4",-1.03120822264915,4.62953508560123,38.9450152928499,2.03287454751555e-05,0.000177808760422694
"ENSMUSG00000052562.16",-1.03168760688329,7.9835591082687,99.1234610921596,8.73997934423624e-08,2.42102460453009e-06
"ENSMUSG00000024664.6",-1.16842992974446,4.39798527988276,28.579628839092,9.8557966568019e-05,0.000645074182997574
"ENSMUSG00000024665.9",-1.22212236125866,9.43674580344187,72.7475753084689,5.83871597354171e-07,1.05330436162692e-05
"ENSMUSG00000024737.3",1.58283609201402,2.3245445164236,64.3531609578536,1.22213575311523e-06,1.89858591915597e-05
"ENSMUSG00000101264.2",6.22187080103802,0.629594342576558,114.57025484745,1.09579471955599e-07,2.87014689521452e-06
"ENSMUSG00000075010.7",1.63969363420665,6.96670218296204,319.479618396444,3.94886264490556e-11,5.03619186406867e-09
"ENSMUSG00000024672.12",2.33927545282253,0.247154688891474,34.1248268888429,2.66497349937536e-05,0.000220532669397851
"ENSMUSG00000101389.2",3.50547199697931,-0.0355497403415354,43.513654577348,1.55077974232608e-06,2.26972936023907e-05
"ENSMUSG00000024675.20",5.04642729666526,2.93787293769742,387.990437616112,4.93201338616456e-12,8.37397849283846e-10
"ENSMUSG00000056290.17",1.91152967975306,0.582272612839199,14.6462207961053,0.00177215767885869,0.00691985379363869
"ENSMUSG00000079419.5",2.7526166824687,2.97957588696714,193.971307207112,1.17040703085317e-09,7.71721264105096e-08
"ENSMUSG00000099757.3",1.54145028925017,1.14501730811118,21.0051485511493,0.000421924444334845,0.00212191665800334
"ENSMUSG00000024677.14",2.7194706415143,2.49537802299574,100.049652703106,8.66478519004071e-08,2.41546467289656e-06
"ENSMUSG00000024678.7",1.42494859903386,2.23475231527909,41.8278472689806,1.39493975102491e-05,0.000129715016023141
"ENSMUSG00000024679.11",3.39221804474334,3.39122442734974,202.599325904133,8.8560924890638e-10,6.12319657751657e-08
"ENSMUSG00000046805.11",2.97693431876918,9.45519286725407,626.494361776176,3.82057470189209e-13,1.00565286553146e-10
"ENSMUSG00000039982.9",1.05991231921791,4.12271501016219,20.2003759168338,0.000488460118412167,0.00239859014253978
"ENSMUSG00000111118.2",1.54973189210262,0.336559138530933,11.8559895794472,0.00383445102197423,0.0128874702256945
"ENSMUSG00000024697.5",1.16107398676706,2.34685713120738,17.2708462888446,0.000945817768749984,0.00412138950440814
"ENSMUSG00000046230.12",-1.19082944623485,4.31840221746432,104.007547684956,6.46486272322156e-08,1.93570329505256e-06
"ENSMUSG00000037847.15",-1.33455377012345,3.94046195888265,23.4761693178458,0.00024995079154516,0.00137211480546966
"ENSMUSG00000097930.4",-2.113844714327,6.1526377962253,69.2527131580375,7.84009875932387e-07,1.3295923066341e-05
"ENSMUSG00000118155.3",-1.98727529409691,6.73471949656447,62.4683663919537,1.44215068386555e-06,2.14789666352401e-05
"ENSMUSG00000048572.6",-1.30571239053722,0.0964208339825944,8.0536066249113,0.0131530567600735,0.0350489134345238
"ENSMUSG00000120776.1",-1.2938433030244,1.07806545702618,31.4528122612221,6.24732884768384e-05,0.000445681907710199
"ENSMUSG00000063754.8",-1.26123178546645,0.276847913891247,9.4382181945653,0.00828362347753218,0.0240638595063898
"ENSMUSG00000016495.13",1.4250584644994,3.01059086663766,72.9194779183803,5.77253274478419e-07,1.04397484426974e-05
"ENSMUSG00000016496.8",3.30124562081833,3.19602826702135,363.553275177571,1.74223256984428e-11,2.51439004479926e-09
"ENSMUSG00000117964.2",4.16408367943375,0.695283210212097,104.023953846217,1.81342761824901e-09,1.09963812548612e-07
"ENSMUSG00000024863.7",1.30283604555342,8.98966009562342,319.011315583303,3.98844255206212e-11,5.03619186406867e-09
"ENSMUSG00000120097.1",1.43774257079645,0.755856211502861,26.4696309499022,0.000146999649467301,0.000891386109710961
"ENSMUSG00000117914.3",1.69417028313228,0.277461509262072,9.03201882794347,0.00911541035372077,0.0260605392680068
"ENSMUSG00000045932.13",4.1261136334614,5.26824259855903,391.085257152867,9.96710258431088e-12,1.51416025786078e-09
"ENSMUSG00000074896.4",5.94182075190812,7.86798126813449,1261.33428761726,2.88029404963551e-15,1.88947289656089e-12
"ENSMUSG00000079339.8",4.46473506877607,0.186555219821689,38.0416878789018,5.68265395299934e-06,6.27963720135425e-05
"ENSMUSG00000062488.10",6.41618613360554,6.94844372223177,1434.4703428783,1.18727621030121e-15,1.26566363221204e-12
"ENSMUSG00000067297.6",6.56988876385068,2.02551050506233,181.663761165787,2.53338613691168e-11,3.48207892646756e-09
"ENSMUSG00000034459.9",5.26919580169738,7.09004200345153,1266.5632460846,2.79923387166697e-15,1.88947289656089e-12
"ENSMUSG00000033610.17",-1.04328234533023,8.27120712786868,248.498116945279,2.16670512541442e-10,1.9543680231238e-08
"ENSMUSG00000025002.6",1.22207653559398,1.35910338265637,7.33691075337486,0.0168727209443883,0.0428182009265715
"ENSMUSG00000003053.18",-1.67952917477772,10.7573758053976,284.605689688153,8.66205186929724e-11,9.60576950236057e-09
"ENSMUSG00000032808.3",-1.28844650526379,4.76769258301516,49.2386367855768,5.64762910257951e-06,6.25466527058665e-05
"ENSMUSG00000042248.5",-1.30173800185763,5.20669963827052,105.997802246857,5.73534438329997e-08,1.75051708826491e-06
"ENSMUSG00000067225.3",-1.46965083736251,7.30908158059888,237.925982924552,2.90294530945612e-10,2.50870100036352e-08
"ENSMUSG00000054827.13",-1.19574174970948,7.9960039126047,109.810921143176,4.58636976800907e-08,1.4708997442646e-06
"ENSMUSG00000055044.13",1.06402121245667,4.50050761643829,49.2770842298681,5.62344374875585e-06,6.2332980170541e-05
"ENSMUSG00000061132.14",1.124694172042,1.30725514094725,14.4491626471531,0.00192095350205878,0.00735753740491302
"ENSMUSG00000025014.14",2.70473464447147,0.00306131895584698,19.1777540336355,0.000360976579504746,0.00186457193822924
"ENSMUSG00000047604.4",-1.34843584352357,0.693577036884109,12.7492122363155,0.00305716314591071,0.0107037793599668
"ENSMUSG00000117703.2",2.99376843347905,-0.872972849108983,14.7247635060116,0.00108282980881485,0.00460608662920296
"ENSMUSG00000038754.6",1.0520171441418,6.38104425038493,7.20278827437775,0.0176479006096773,0.0444260424906442
"ENSMUSG00000003555.9",-1.41766376050122,1.84117552861204,32.7334705351774,5.03833728871734e-05,0.000375391242905362
"ENSMUSG00000117975.2",1.47888831219916,0.680783792743485,26.4808103282957,0.000145875965842205,0.000885485251983006
"ENSMUSG00000025025.15",-1.47915306211076,4.29244413085826,228.141337021006,3.8514188470596e-10,3.02926951498104e-08
"ENSMUSG00000034765.7",1.53374239584492,-0.293782632298463,12.9193370402778,0.00249892060131478,0.00909339942465328
"ENSMUSG00000025083.19",1.25576995200185,0.369283046162,9.61137749994515,0.00774975155353548,0.0228533744218684
"ENSMUSG00000054843.10",-1.18697694198535,4.81228361785785,144.993761594539,7.7029674361663e-09,3.56311621919077e-07
"ENSMUSG00000063698.10",2.2726054238563,0.561252190912156,35.4607508098108,2.78928926241526e-05,0.000228591837792033
"ENSMUSG00000059326.8",1.13832633234901,1.78174894282204,22.0713172851502,0.000332438763797044,0.0017446341034027
"ENSMUSG00000046269.18",1.25715353649753,0.668442850163968,13.2683859824392,0.00265019679804694,0.00955052783065589
"ENSMUSG00000031150.14",1.13981625010769,0.900048608529203,13.8653471020784,0.00225578120297829,0.00837331129665192
"ENSMUSG00000015340.11",1.10967507474866,3.88107454720712,41.5867825311889,1.43079559408116e-05,0.000132536855030676
"ENSMUSG00000001986.17",2.82402570674999,1.62141125785688,50.2048675152372,5.19891878655669e-06,5.86636402874013e-05
"ENSMUSG00000031101.7",1.22783059683563,0.127195581642213,10.2938130061819,0.0061596103669676,0.0189058904330235
"ENSMUSG00000061273.4",-1.64704030126294,4.38394817899352,300.726299847121,5.96501425614497e-11,6.99895006054343e-09
"ENSMUSG00000031328.17",1.09922240660432,4.68723166779936,90.7300306358601,1.51699146595907e-07,3.69194280551792e-06
"ENSMUSG00000031400.11",1.74223284913693,3.50015056762391,97.7053254778464,9.58675220708375e-08,2.61049071420062e-06
"ENSMUSG00000044206.4",-1.87824498112703,4.00118554068254,61.3682779109863,1.60120047851234e-06,2.32714252828702e-05
"ENSMUSG00000034457.11",4.95224057143236,2.24359496263291,100.872667777715,1.97980331975356e-08,7.32628756684191e-07
"ENSMUSG00000046532.9",1.54138751551709,3.32038902158909,52.3636903689828,3.99746324087062e-06,4.8196649534039e-05
"ENSMUSG00000031220.15",-1.32882284319381,0.41152172114417,15.1553446767647,0.00162330646439608,0.00643614255334183
"ENSMUSG00000031304.19",2.54545643797721,2.02558284602171,133.497294698855,1.44191141002952e-08,5.71694106306211e-07
"ENSMUSG00000033777.5",1.47409266543054,2.15011918548045,32.9773720199453,4.85974769762191e-05,0.000363586722509484
"ENSMUSG00000031255.15",1.20025991242078,1.59888418331238,19.9187286502921,0.000523291984194531,0.00254110024088004
"ENSMUSG00000031266.8",1.03083253232843,3.49409562522032,78.3271585126919,3.74076280253216e-07,7.45672496769946e-06
"ENSMUSG00000049804.10",1.13338705187701,2.41974119781955,37.0634125412383,2.64790446840126e-05,0.000219750185669736
"ENSMUSG00000072964.15",-2.1416279838837,1.26207147213823,72.4478667283112,6.36960393329678e-07,1.13209512272585e-05
"ENSMUSG00000072944.12",-1.74827990945677,0.243578955400306,12.1170999212144,0.00363622198057213,0.0123187689257317
"ENSMUSG00000041688.17",1.05294860944945,3.9206005291761,92.8635439073424,1.31383701907958e-07,3.29189164224939e-06
"ENSMUSG00000031360.15",1.03183939116623,3.57483910084823,45.8095140467509,8.44162606393577e-06,8.6896966729473e-05
"ENSMUSG00000044583.14",1.12767785945685,1.64383347350558,18.9961854565737,0.000639819930288775,0.0029941249137249
"ENSMUSG00000031355.17",-1.0062420092478,2.37749653684955,30.0775825435263,7.6770573085652e-05,0.000525594359948828
"ENSMUSG00000121914.1",-1.39346928849599,1.74367795494911,37.8013624259359,2.39533679603652e-05,0.000203469691821066
"ENSMUSG00000121607.1",-2.1117089061835,0.605252327401034,34.6621550021479,3.86741195699955e-05,0.000298952808588203
"ENSMUSG00000064341.1",-1.41132963291644,12.3789711893497,253.875826710481,1.87557870589769e-10,1.7561686624637e-08
"ENSMUSG00000064343.1",-1.33717299280832,5.52548012329086,44.9755640020321,9.33436838480835e-06,9.38117023186309e-05
"ENSMUSG00000064344.1",-1.56610883308088,0.933774115435547,24.5169345283269,0.000209562777864305,0.00119024400241545
"ENSMUSG00000064345.1",-1.63694063620998,12.3399574112606,303.563511902817,5.59107885602083e-11,6.66863223554484e-09
"ENSMUSG00000064356.1",-1.46704907300523,3.82175354223961,62.8874185690973,1.38753171575085e-06,2.08290384125968e-05
"ENSMUSG00000064357.1",-1.26891704656595,5.84901305520573,82.8114690803663,2.66121790060293e-07,5.74950550022478e-06
"ENSMUSG00000064358.1",-1.47951194510692,5.96671320650354,179.95514615223,1.86829358691588e-09,1.12346721026541e-07
"ENSMUSG00000064360.1",-1.575608790115,2.63414436170436,58.5657899349271,2.10598344460942e-06,2.91405110954967e-05
"ENSMUSG00000065947.1",-1.55466629597849,2.82703052900106,61.1048576809574,1.64437767891147e-06,2.37027695620099e-05
"ENSMUSG00000064363.1",-1.37932454049185,12.0957132418095,226.289845950126,4.06437343448846e-10,3.13673996826403e-08
"ENSMUSG00000064367.1",-1.0781138703261,12.4013000431432,188.73376635814,1.36288611899212e-09,8.62683003039223e-08
"ENSMUSG00000064368.1",-1.05660007082468,11.084154682109,268.1722781413,1.29565618581941e-10,1.28074726532505e-08
"ENSMUSG00000064369.1",-3.35389643750285,6.22065816721379,312.002544862825,4.64184049211364e-11,5.72573008394735e-09
"ENSMUSG00000064370.1",-1.72723376839037,12.9493752152575,277.056429775456,1.03925608481873e-10,1.08729405490976e-08
"ENSMUSG00000064371.1",-1.58736799395472,2.16177389876933,59.2514790185254,1.97390974705809e-06,2.75241212266109e-05
"ENSMUSG00000064372.1",-1.10022169210976,7.10501130657292,144.800498545113,7.76727345979131e-09,3.57689853821762e-07
