Gene_set,Term,Overlap,P-value,Adjusted P-value,Odds Ratio,Combined Score,Genes
gs_ind_0,AMP Metabolic Process (GO:0046033),1/10,0.3096775589228434,0.8143107238635908,4.184890455804584,4.9056275872300406,AK4
gs_ind_0,ATP Metabolic Process (GO:0046034),1/51,0.849349680211702,0.9696982111705127,0.7849258610071533,0.12816607324079426,AK4
gs_ind_0,Acetyl-CoA Metabolic Process (GO:0006084),2/16,0.11329711211364774,0.8143107238635908,4.576817535623368,9.967125943485295,HMGCS2;NUDT7
gs_ind_0,Actin Filament Network Formation (GO:0051639),1/9,0.28360602247834954,0.8143107238635908,4.677568252181255,5.894527670236213,CARMIL1
gs_ind_0,Actin Filament Organization (GO:0007015),3/120,0.8170483648162901,0.9592304359919781,0.7863429190426554,0.15888608160961712,ARHGAP6;PPP1R9A;CARMIL1
gs_ind_0,Actin Filament Polymerization (GO:0030041),1/22,0.5576523738511637,0.8578511688354005,1.8475353288082785,1.0789966528051265,ARHGAP6
gs_ind_0,Actin Polymerization or Depolymerization (GO:0008154),1/39,0.7646811496487023,0.9392582465415132,1.0304728764058908,0.2764720907855332,ARHGAP6
gs_ind_0,Actin-mediated Cell Contraction (GO:0070252),1/9,0.28360602247834954,0.8143107238635908,4.677568252181255,5.894527670236213,TNNC1
gs_ind_0,Actin-myosin Filament Sliding (GO:0033275),1/4,0.13774745818969023,0.8143107238635908,11.36390977443609,22.527056576132974,TNNC1
gs_ind_0,Action Potential (GO:0001508),1/15,0.4264976594107405,0.8143107238635908,2.7408348457350273,2.335598028362105,KCNA2
gs_ind_0,Activation of Protein Kinase Activity (GO:0032147),1/32,0.6948141680625056,0.9056246586820894,1.2601048074732286,0.4588178366380002,IGF1
gs_ind_0,Activation of Protein Kinase B Activity (GO:0032148),1/6,0.19934599035375983,0.8143107238635908,7.23053501522401,11.660780122240014,IGF1
gs_ind_0,Acyl-CoA Biosynthetic Process (GO:0071616),1/16,0.44737769589721343,0.8215747436105861,2.56382157740392,2.0622152284801696,SLC27A2
gs_ind_0,Acyl-CoA Metabolic Process (GO:0006637),3/26,0.0669684269396512,0.8143107238635908,3.958611809430376,10.702241660632282,HMGCS2;ACOT1;ACOT4
gs_ind_0,Acylglycerol Biosynthetic Process (GO:0046463),1/19,0.5055741167463359,0.8404608219159228,2.147601189706453,1.464794221737121,AWAT2
gs_ind_0,Acylglycerol Catabolic Process (GO:0046464),4/26,0.013692399770673314,0.5603255919320091,5.3264677574590955,22.8554169957476,MGLL;FABP1;FABP5;LIPG
gs_ind_0,Acylglycerol Metabolic Process (GO:0006639),2/30,0.29831701307588127,0.8143107238635908,2.3262014095641788,2.8137698651489713,AWAT2;MGLL
gs_ind_0,Adaptive Thermogenesis (GO:1990845),1/13,0.38234588519119,0.8143107238635908,3.1798277511961723,3.0571805910777474,MIMS1
gs_ind_0,Adenylate Cyclase-Activating G Protein-Coupled Receptor Signaling Pathway (GO:0007189),2/56,0.6094712811096952,0.8739642829272644,1.214166967199416,0.6012111042827646,ADGRF1;VIPR1
gs_ind_0,Adenylate Cyclase-Inhibiting G Protein-Coupled Receptor Signaling Pathway (GO:0007193),3/31,0.1015901956948146,0.8143107238635908,3.262938807152367,7.461715375482478,GPR146;P2RY1;P2RY12
gs_ind_0,Adenylate Cyclase-Modulating G Protein-Coupled Receptor Signaling Pathway (GO:0007188),5/86,0.20329950495390353,0.8143107238635908,1.793061627748756,2.856481640796884,ADGRF1;GPR146;P2RY12;VIPR1;P2RY1
gs_ind_0,Adherens Junction Organization (GO:0034332),1/19,0.5055741167463359,0.8404608219159228,2.147601189706453,1.464794221737121,CDH13
gs_ind_0,Alanine Transport (GO:0032328),1/9,0.28360602247834954,0.8143107238635908,4.677568252181255,5.894527670236213,SLC7A10
gs_ind_0,Alpha-amino Acid Metabolic Process (GO:1901605),2/33,0.3388349317016256,0.8143107238635908,2.104201859714803,2.277256086353031,ALDH5A1;KYAT3
gs_ind_0,Alpha-linolenic Acid Metabolic Process (GO:0036109),1/9,0.28360602247834954,0.8143107238635908,4.677568252181255,5.894527670236213,FADS2
gs_ind_0,Amine Transport (GO:0015837),1/13,0.38234588519119,0.8143107238635908,3.1798277511961723,3.0571805910777474,SLC22A5
gs_ind_0,Amino Acid Catabolic Process (GO:0009063),1/19,0.5055741167463359,0.8404608219159228,2.147601189706453,1.464794221737121,ALDH5A1
gs_ind_0,Amino Acid Import Across Plasma Membrane (GO:0089718),3/21,0.039097312416525705,0.7343327305332833,5.0303242723992,16.30680999337184,SLC1A2;SLC7A10;SLC38A4
gs_ind_0,Amino Acid Metabolic Process (GO:0006520),3/24,0.0549531728491953,0.8143107238635908,4.327480285056855,12.555205426982369,DIO1;PCCB;KYAT3
gs_ind_0,Amino Acid Transport (GO:0006865),3/28,0.080067256872774,0.8143107238635908,3.6476050554707955,9.20979527869405,SLC1A2;SLC7A10;SLC38A4
gs_ind_0,Amino-acid Betaine Transport (GO:0015838),1/4,0.13774745818969023,0.8143107238635908,11.36390977443609,22.527056576132974,SLC22A5
gs_ind_0,Androgen Biosynthetic Process (GO:0006702),1/8,0.2565517911082994,0.8143107238635908,5.3016267942583735,7.2124641476594045,CYP17A1
gs_ind_0,Androgen Metabolic Process (GO:0008209),1/15,0.4264976594107405,0.8143107238635908,2.7408348457350273,2.335598028362105,CYP17A1
gs_ind_0,Anoikis (GO:0043276),1/9,0.28360602247834954,0.8143107238635908,4.677568252181255,5.894527670236213,BMF
gs_ind_0,Anterior/posterior Pattern Specification (GO:0009952),1/21,0.5409316591593569,0.8578511688354005,1.937799043062201,1.1907045175823572,BHLHE41
gs_ind_0,Anterograde Axonal Protein Transport (GO:0099641),1/6,0.19934599035375983,0.8143107238635908,7.23053501522401,11.660780122240014,KIF5A
gs_ind_0,Anterograde Axonal Transport (GO:0008089),1/30,0.6712896421442267,0.8956329107048134,1.3457302732949477,0.5363469607775887,KIF5A
gs_ind_0,Anterograde Trans-Synaptic Signaling (GO:0098916),5/47,0.02727963776293585,0.7177954686372495,3.448193317828578,12.419063826689053,CACNB4;UNC119;SLC1A2;KIF5A;SYT3
gs_ind_0,Antifungal Innate Immune Response (GO:0061760),1/6,0.19934599035375983,0.8143107238635908,7.23053501522401,11.660780122240014,CX3CR1
gs_ind_0,Antigen Processing and Presentation of Exogenous Peptide Antigen (GO:0002478),1/13,0.38234588519119,0.8143107238635908,3.1798277511961723,3.0571805910777474,CTSE
gs_ind_0,Antigen Processing and Presentation of Exogenous Peptide Antigen via MHC Class II (GO:0019886),1/11,0.3348020291165355,0.8143107238635908,3.786056049213944,4.142762650493909,CTSE
gs_ind_0,Antigen Processing and Presentation of Peptide Antigen via MHC Class II (GO:0002495),1/13,0.38234588519119,0.8143107238635908,3.1798277511961723,3.0571805910777474,CTSE
gs_ind_0,Antigen Receptor-Mediated Signaling Pathway (GO:0050851),2/72,0.74266432675749,0.9271100500976093,0.9375233743361688,0.2789236265876585,BTNL9;BANK1
gs_ind_0,Antimicrobial Humoral Immune Response Mediated by Antimicrobial Peptide (GO:0061844),2/32,0.3253949518534859,0.8143107238635908,2.1733492604875595,2.440053114612683,CCL24;CXCL12
gs_ind_0,Antimicrobial Humoral Response (GO:0019730),2/40,0.429990501115447,0.817273142074958,1.7207480917931541,1.4522979004735832,CCL24;CXCL12
gs_ind_0,Apoptotic Process (GO:0006915),3/203,0.9800955996093519,0.9999949233144176,0.4580407770199861,0.009208983774266223,IL2RA;AATK;BMF
gs_ind_0,Arachidonate Metabolic Process (GO:0019369),2/18,0.13786954067767557,0.8143107238635908,4.021470699323048,7.968332654775604,MGLL;CYP2E1
gs_ind_0,Arginine Metabolic Process (GO:0006525),1/10,0.3096775589228434,0.8143107238635908,4.184890455804584,4.9056275872300406,OAT
gs_ind_0,Aspartate Transmembrane Transport (GO:0015810),1/8,0.2565517911082994,0.8143107238635908,5.3016267942583735,7.2124641476594045,SLC1A2
gs_ind_0,Associative Learning (GO:0008306),1/11,0.3348020291165355,0.8143107238635908,3.786056049213944,4.142762650493909,RELN
gs_ind_0,Attachment of GPI Anchor to Protein (GO:0016255),1/6,0.19934599035375983,0.8143107238635908,7.23053501522401,11.660780122240014,PGAP1
gs_ind_0,Autocrine Signaling (GO:0035425),1/5,0.1691162728367959,0.8143107238635908,8.837958532695374,15.706544121771545,CX3CR1
gs_ind_0,Autophagosome Assembly (GO:0000045),1/62,0.899935799953125,0.9885791827273728,0.6440191387559808,0.06790013025688804,MAP1LC3A
gs_ind_0,Autophagosome Maturation (GO:0097352),1/47,0.825196295043895,0.9592304359919781,0.8526933168698874,0.16383136713817034,MAP1LC3A
gs_ind_0,Autophagosome Organization (GO:1905037),1/59,0.888119657039673,0.9800743790660611,0.6771929824561403,0.080348132129132,MAP1LC3A
gs_ind_0,Autophagy of Mitochondrion (GO:0000422),1/55,0.8701711789718354,0.9760520723548637,0.7271059216013345,0.10111522438625818,MAP1LC3A
gs_ind_0,Autophagy of Peroxisome (GO:0030242),1/15,0.4264976594107405,0.8143107238635908,2.7408348457350273,2.335598028362105,ATM
gs_ind_0,Axo-dendritic Protein Transport (GO:0099640),1/6,0.19934599035375983,0.8143107238635908,7.23053501522401,11.660780122240014,KIF5A
gs_ind_0,Axon Development (GO:0061564),2/47,0.5140783548856143,0.8512369219541539,1.4552800986166279,0.9683136662328619,NREP;CSPG5
gs_ind_0,Axon Ensheathment in Central Nervous System (GO:0032291),1/7,0.22847789845484393,0.8143107238635908,6.117703349282297,9.031662100875606,CFH
gs_ind_0,Axon Extension (GO:0048675),1/14,0.4048302662063638,0.8143107238635908,2.9440723019670387,2.662287474131655,SEMA5B
gs_ind_0,Axon Guidance (GO:0007411),6/76,0.05802142803686956,0.8143107238635908,2.456401822729297,6.993235698684197,RELN;SEMA5B;CXCL12;KIFC2;KIF5A;TENM3
gs_ind_0,Axon Regeneration (GO:0031103),2/6,0.01796768525197654,0.5603255919320091,14.75817620112922,59.3157725019759,NREP;CSPG5
gs_ind_0,Axonemal Dynein Complex Assembly (GO:0070286),1/14,0.4048302662063638,0.8143107238635908,2.9440723019670387,2.662287474131655,SPAG1
gs_ind_0,Axoneme Assembly (GO:0035082),1/15,0.4264976594107405,0.8143107238635908,2.7408348457350273,2.335598028362105,SPAG1
gs_ind_0,Axonogenesis (GO:0007409),6/105,0.1832719401853176,0.8143107238635908,1.7368047969315175,2.946982967829265,RELN;SEMA5B;CXCL12;KIFC2;KIF5A;TENM3
gs_ind_0,B Cell Activation (GO:0042113),1/64,0.9071127145415206,0.991933643693455,0.6236446520739931,0.06079822205546009,BANK1
gs_ind_0,B Cell Chemotaxis (GO:0035754),1/5,0.1691162728367959,0.8143107238635908,8.837958532695374,15.706544121771545,CYP7B1
gs_ind_0,B Cell Receptor Signaling Pathway (GO:0050853),1/23,0.5737651895967999,0.8588627371386766,1.7652950558213716,0.9806832660056525,BANK1
gs_ind_0,Base-excision Repair (GO:0006284),1/41,0.7815323803489124,0.9428141621161269,0.9794435583909268,0.24143156033201724,UNG
gs_ind_0,"Base-excision Repair, AP Site Formation (GO:0006285)",1/10,0.3096775589228434,0.8143107238635908,4.184890455804584,4.9056275872300406,UNG
gs_ind_0,Basement Membrane Organization (GO:0071711),1/14,0.4048302662063638,0.8143107238635908,2.9440723019670387,2.662287474131655,HMCN1
gs_ind_0,Bile Acid Biosynthetic Process (GO:0006699),3/24,0.0549531728491953,0.8143107238635908,4.327480285056855,12.555205426982369,ABCD3;CYP7B1;SLC27A2
gs_ind_0,Bile Acid Metabolic Process (GO:0008206),3/28,0.080067256872774,0.8143107238635908,3.6476050554707955,9.20979527869405,ABCD3;CYP7B1;SLC27A2
gs_ind_0,Bile Acid and Bile Salt Transport (GO:0015721),1/21,0.5409316591593569,0.8578511688354005,1.937799043062201,1.1907045175823572,ABCD3
gs_ind_0,Binding of Sperm to Zona Pellucida (GO:0007339),2/6,0.01796768525197654,0.5603255919320091,14.75817620112922,59.3157725019759,PCSK4;FER1L5
gs_ind_0,Blood Circulation (GO:0008015),1/26,0.6186728767356198,0.8739642829272644,1.5572755417956656,0.747770415211568,CXCL12
gs_ind_0,Bone Development (GO:0060348),2/29,0.2847077869114524,0.8143107238635908,2.4109648740521226,3.028875723910727,NOTUM;RANBP3L
gs_ind_0,Brain Development (GO:0007420),7/100,0.0719656979133708,0.8143107238635908,2.1376655916260723,5.625407430521774,PBX1;RELN;AATK;ABCB6;MFSD2A;SOX12;CX3CR1
gs_ind_0,Branched-chain Amino Acid Metabolic Process (GO:0009081),1/16,0.44737769589721343,0.8215747436105861,2.56382157740392,2.0622152284801696,PCCB
gs_ind_0,C-X-C Chemokine Receptor CXCR4 Signaling Pathway (GO:0038159),1/4,0.13774745818969023,0.8143107238635908,11.36390977443609,22.527056576132974,CXCL12
gs_ind_0,C21-steroid Hormone Metabolic Process (GO:0008207),1/9,0.28360602247834954,0.8143107238635908,4.677568252181255,5.894527670236213,CYP17A1
gs_ind_0,CENP-A Containing Chromatin Assembly (GO:0034080),1/4,0.13774745818969023,0.8143107238635908,11.36390977443609,22.527056576132974,CENPA
gs_ind_0,CXCL12-activated CXCR4 Signaling Pathway (GO:0038160),1/3,0.10519670899329986,0.8143107238635908,15.910622009569378,35.82949982421785,CXCL12
gs_ind_0,Calcium Ion Homeostasis (GO:0055074),3/50,0.2732890164744273,0.8143107238635908,1.9550735628697102,2.536171036502624,ATP13A3;CXCL12;TMTC2
gs_ind_0,Calcium Ion Transmembrane Transport (GO:0070588),1/40,0.7732629611495552,0.9395200768945534,1.0043122766640422,0.2582449476718647,CACNB4
gs_ind_0,Calcium Ion Transport (GO:0006816),2/57,0.6191445306010845,0.8739642829272644,1.1922037089822324,0.5715621808097395,CACNB4;ORAI2
gs_ind_0,Calcium-dependent Cell-Cell Adhesion (GO:0016339),1/11,0.3348020291165355,0.8143107238635908,3.786056049213944,4.142762650493909,CDH13
gs_ind_0,Calcium-mediated Signaling (GO:0019722),3/52,0.29326068953333906,0.8143107238635908,1.8758090026101553,2.3010424109258913,P2RY12;PPP1R9A;CX3CR1
gs_ind_0,Camera-type Eye Development (GO:0043010),2/22,0.18979665063141055,0.8143107238635908,3.2358581016299137,5.377355593770469,TENM3;SOX12
gs_ind_0,Camera-type Eye Morphogenesis (GO:0048593),2/10,0.04896219447790363,0.7843626227074628,7.810896170548756,23.563183747458996,TENM3;SOX12
gs_ind_0,Canonical Wnt Signaling Pathway (GO:0060070),3/42,0.19563200570801792,0.8143107238635908,2.35239971303153,3.837986959627601,FZD4;WNT9A;FZD8
gs_ind_0,Carbohydrate Derivative Biosynthetic Process (GO:1901137),1/53,0.8601466472210654,0.9741001707601036,0.7549145591250854,0.11372967823494874,ST6GALNAC2
gs_ind_0,Carbohydrate Derivative Transport (GO:1901264),2/21,0.17655010337032873,0.8143107238635908,3.4020453819111536,5.899658941970412,SLC17A5;MFSD2A
gs_ind_0,Carboxylic Acid Catabolic Process (GO:0046395),1/29,0.6588572211752821,0.8869029260265189,1.3930496096701084,0.5812477594527592,ACOT4
gs_ind_0,Carboxylic Acid Metabolic Process (GO:0019752),3/36,0.14180342342695854,0.8143107238635908,2.774929387643913,5.420307096954248,PCK1;PCCB;ACOT4
gs_ind_0,Carboxylic Acid Transport (GO:0046942),1/29,0.6588572211752821,0.8869029260265189,1.3930496096701084,0.5812477594527592,SLC17A5
gs_ind_0,Cardiac Muscle Cell Contraction (GO:0086003),1/9,0.28360602247834954,0.8143107238635908,4.677568252181255,5.894527670236213,TNNC1
gs_ind_0,Cardiac Muscle Contraction (GO:0060048),1/12,0.3590137723674263,0.8143107238635908,3.456584148117329,3.540905887211403,TNNC1
gs_ind_0,Cardiac Muscle Tissue Morphogenesis (GO:0055008),1/16,0.44737769589721343,0.8215747436105861,2.56382157740392,2.0622152284801696,TNNC1
gs_ind_0,Cardiac Ventricle Morphogenesis (GO:0003208),1/25,0.6042545651778357,0.8704573890158044,1.6209549848647593,0.8165718038797516,TNNC1
gs_ind_0,Cell Chemotaxis (GO:0060326),3/41,0.18632450594897634,0.8143107238635908,2.413675661514278,4.055615869274187,CCL24;CXCL12;CX3CR1
gs_ind_0,Cell Cycle G1/S Phase Transition (GO:0044843),1/52,0.8548483275178141,0.9713661157489871,0.7696288382031867,0.12070183002562293,CCNE1
gs_ind_0,Cell Cycle G2/M Phase Transition (GO:0044839),2/34,0.3521915966959462,0.8143107238635908,2.0393096836049858,2.128182682704984,NEK2;WEE1
gs_ind_0,Cell Junction Assembly (GO:0034329),2/49,0.536560262603699,0.8578511688354005,1.3938033001968007,0.8677490378362335,ADGRF1;CDH13
gs_ind_0,Cell Junction Disassembly (GO:0150146),1/7,0.22847789845484393,0.8143107238635908,6.117703349282297,9.031662100875606,CX3CR1
gs_ind_0,Cell Junction Maintenance (GO:0034331),1/13,0.38234588519119,0.8143107238635908,3.1798277511961723,3.0571805910777474,CSF1R
gs_ind_0,Cell Junction Organization (GO:0034330),2/41,0.44248619317526583,0.8215747436105861,1.6770634853210675,1.367387032819384,PPFIA2;LRP4
gs_ind_0,Cell Morphogenesis Involved in Neuron Differentiation (GO:0048667),2/48,0.5254090996538149,0.8540433627577454,1.4238806585634904,0.9163783838083538,LRP4;MFSD2A
gs_ind_0,Cell Projection Organization (GO:0030030),1/14,0.4048302662063638,0.8143107238635908,2.9440723019670387,2.662287474131655,P2RY12
gs_ind_0,Cell Surface Pattern Recognition Receptor Signaling Pathway (GO:0002752),1/9,0.28360602247834954,0.8143107238635908,4.677568252181255,5.894527670236213,COLEC10
gs_ind_0,Cell Surface Receptor Protein Serine/Threonine Kinase Signaling Pathway (GO:0007178),1/29,0.6588572211752821,0.8869029260265189,1.3930496096701084,0.5812477594527592,INHBC
gs_ind_0,Cell Surface Receptor Protein Tyrosine Kinase Signaling Pathway (GO:0007169),7/191,0.5458809184055144,0.8578511688354005,1.0761535979348176,0.6514543426859026,SOCS2;IGF1;CSF1R;FGF22;GFRA2;FGF21;TIAM1
gs_ind_0,Cell Surface Receptor Signaling Pathway via JAK-STAT (GO:0007259),2/42,0.45482890254862796,0.8304516930019938,1.635536143366121,1.2885309314444544,IL2RA;SOCS2
gs_ind_0,Cell Surface Receptor Signaling Pathway via STAT (GO:0097696),3/44,0.21457005197205936,0.8143107238635908,2.2387069893406477,3.4456364880472976,IL2RA;IGF1;SOCS2
gs_ind_0,Cell Surface Toll-Like Receptor Signaling Pathway (GO:0140895),1/26,0.6186728767356198,0.8739642829272644,1.5572755417956656,0.747770415211568,TLR5
gs_ind_0,Cell-cell Adhesion Mediated by Cadherin (GO:0044331),1/13,0.38234588519119,0.8143107238635908,3.1798277511961723,3.0571805910777474,CDH13
gs_ind_0,Cell-cell Junction Assembly (GO:0007043),1/45,0.8117070603609876,0.9552164148482901,0.8911456373313262,0.18590703065247918,CDH13
gs_ind_0,Cell-cell Junction Maintenance (GO:0045217),1/12,0.3590137723674263,0.8143107238635908,3.456584148117329,3.540905887211403,CSF1R
gs_ind_0,Cell-cell Junction Organization (GO:0045216),2/41,0.44248619317526583,0.8215747436105861,1.6770634853210675,1.367387032819384,CSF1R;CDH13
gs_ind_0,Cell-matrix Adhesion (GO:0007160),5/86,0.20329950495390353,0.8143107238635908,1.793061627748756,2.856481640796884,PPFIA2;FRAS1;FBLN5;FREM1;TIAM1
gs_ind_0,Cellular Component Assembly (GO:0022607),6/268,0.9282930971745927,0.9999949233144176,0.6505323211410168,0.048404651906108404,H2AZ1;CENPA;SYCE2;LIN7A;EPOP;TIAM1
gs_ind_0,Cellular Defense Response (GO:0006968),1/25,0.6042545651778357,0.8704573890158044,1.6209549848647593,0.8165718038797516,CX3CR1
gs_ind_0,Cellular Response to ATP (GO:0071318),2/11,0.05843285698592441,0.8143107238635908,6.98819195640107,19.845605103580986,P2RY1;P2RY12
gs_ind_0,Cellular Response to Amyloid-Beta (GO:1904646),1/27,0.6325668495283794,0.8784098352272761,1.4984020944298997,0.6862222677050261,IGF1
gs_ind_0,Cellular Response to Cadmium Ion (GO:0071276),1/6,0.19934599035375983,0.8143107238635908,7.23053501522401,11.660780122240014,ABCB6
gs_ind_0,Cellular Response to Calcium Ion (GO:0071277),2/38,0.40456501553278584,0.8143107238635908,1.8152983359382182,1.6427412039547058,CHP2;PRKAA2
gs_ind_0,Cellular Response to Chemical Stress (GO:0062197),2/92,0.8528654134765693,0.9713661157489871,0.7292764708686693,0.11606692042141893,PRKAA2;ATM
gs_ind_0,Cellular Response to Chemokine (GO:1990869),3/30,0.09417862060944787,0.8143107238635908,3.3818356475416995,7.989796663687861,CCL24;SLC12A2;CXCL12
gs_ind_0,Cellular Response to Cytokine Stimulus (GO:0071345),8/233,0.6161718449352322,0.8739642829272644,0.9968256767480822,0.48269228470551817,PIM1;SOCS2;CXCL12;SLC12A2;CSF1R;AQP4;LIFR;LILRA5
gs_ind_0,Cellular Response to Decreased Oxygen Levels (GO:0036294),3/64,0.41305342410576007,0.8143107238635908,1.5084854306756323,1.3337701412916005,AK4;FABP1;EGLN3
gs_ind_0,Cellular Response to Epidermal Growth Factor Stimulus (GO:0071364),2/26,0.24379677623323087,0.8143107238635908,2.706772066448823,3.8203930015108383,DUSP3;EGFR
gs_ind_0,Cellular Response to Erythropoietin (GO:0036018),1/4,0.13774745818969023,0.8143107238635908,11.36390977443609,22.527056576132974,EPOR
gs_ind_0,Cellular Response to Estradiol Stimulus (GO:0071392),2/11,0.05843285698592441,0.8143107238635908,6.98819195640107,19.845605103580986,H2AZ1;EGFR
gs_ind_0,Cellular Response to Fibroblast Growth Factor Stimulus (GO:0044344),2/29,0.2847077869114524,0.8143107238635908,2.4109648740521226,3.028875723910727,FGF21;FGF22
gs_ind_0,Cellular Response to Gamma Radiation (GO:0071480),1/15,0.4264976594107405,0.8143107238635908,2.7408348457350273,2.335598028362105,ATM
gs_ind_0,Cellular Response to Glucocorticoid Stimulus (GO:0071385),1/16,0.44737769589721343,0.8215747436105861,2.56382157740392,2.0622152284801696,PCK1
gs_ind_0,Cellular Response to Glucose Starvation (GO:0042149),1/44,0.8045777468569549,0.9534897436362506,0.9116977396469229,0.1982374388607921,PRKAA2
gs_ind_0,Cellular Response to Glucose Stimulus (GO:0071333),3/27,0.07338667760023049,0.8143107238635908,3.7967613558391657,9.917189502684648,PCK1;ZBTB20;PRKAA2
gs_ind_0,Cellular Response to Growth Factor Stimulus (GO:0071363),3/117,0.8034800059671112,0.9534897436362506,0.8071219729098239,0.17660069111176854,DUSP3;GAS1;EGFR
gs_ind_0,Cellular Response to Growth Hormone Stimulus (GO:0071378),2/10,0.04896219447790363,0.7843626227074628,7.810896170548756,23.563183747458996,IGF1;SOCS2
gs_ind_0,Cellular Response to Hexose Stimulus (GO:0071331),3/24,0.0549531728491953,0.8143107238635908,4.327480285056855,12.555205426982369,PCK1;ZBTB20;PRKAA2
gs_ind_0,Cellular Response to Hormone Stimulus (GO:0032870),1/49,0.8377208810805986,0.9642665507448586,0.8174123218073299,0.14473945440723052,SOCS2
gs_ind_0,Cellular Response to Hydrogen Peroxide (GO:0070301),1/29,0.6588572211752821,0.8869029260265189,1.3930496096701084,0.5812477594527592,FABP1
gs_ind_0,Cellular Response to Hypoxia (GO:0071456),3/62,0.39334904050228514,0.8143107238635908,1.5594168503136125,1.4550262388796782,AK4;FABP1;EGLN3
gs_ind_0,Cellular Response to Insulin Stimulus (GO:0032869),2/97,0.8727005969911428,0.9760520723548637,0.6908434690507146,0.09406714016784426,IGF1;PCK1
gs_ind_0,Cellular Response to Interleukin-2 (GO:0071352),1/7,0.22847789845484393,0.8143107238635908,6.117703349282297,9.031662100875606,IL2RA
gs_ind_0,Cellular Response to Ionizing Radiation (GO:0071479),2/45,0.49088795267951635,0.8404608219159228,1.5224099359716114,1.0832546212037837,ATM;BRCA2
gs_ind_0,Cellular Response to Ketone (GO:1901655),1/30,0.6712896421442267,0.8956329107048134,1.3457302732949477,0.5363469607775887,PCK1
gs_ind_0,Cellular Response to Light Stimulus (GO:0071482),1/43,0.7971790326254642,0.9500704111403268,0.9332169997185477,0.21153788940697385,RGR
gs_ind_0,Cellular Response to Lipid (GO:0071396),6/141,0.4069956523824606,0.8143107238635908,1.2720288072445942,1.1434938270474326,FZD4;H2AZ1;WNT9A;ATM;EGFR;CX3CR1
gs_ind_0,Cellular Response to Lipopolysaccharide (GO:0071222),1/83,0.9542213182074817,0.9999949233144176,0.4793562418442801,0.022462463179468768,CX3CR1
gs_ind_0,Cellular Response to Low-Density Lipoprotein Particle Stimulus (GO:0071404),1/25,0.6042545651778357,0.8704573890158044,1.6209549848647593,0.8165718038797516,CDH13
gs_ind_0,Cellular Response to Macrophage Colony-Stimulating Factor Stimulus (GO:0036006),1/4,0.13774745818969023,0.8143107238635908,11.36390977443609,22.527056576132974,CSF1R
gs_ind_0,Cellular Response to Mechanical Stimulus (GO:0071260),1/44,0.8045777468569549,0.9534897436362506,0.9116977396469229,0.1982374388607921,TLR5
gs_ind_0,Cellular Response to Metal Ion (GO:0071248),3/66,0.43255216049001993,0.8184470092867344,1.4607622894400447,1.2241952805481937,SLC12A2;CHP2;PRKAA2
gs_ind_0,Cellular Response to Molecule of Bacterial Origin (GO:0071219),1/80,0.9488069648130449,0.9999949233144176,0.4975534892118805,0.026146391133528676,CX3CR1
gs_ind_0,Cellular Response to Nitrogen Compound (GO:1901699),3/121,0.8213911137484005,0.9592304359919781,0.7796503686409936,0.15340080680184515,IGF1;P2RY1;P2RY12
gs_ind_0,Cellular Response to Nitrogen Levels (GO:0043562),1/8,0.2565517911082994,0.8143107238635908,5.3016267942583735,7.2124641476594045,MAP1LC3A
gs_ind_0,Cellular Response to Nitrogen Starvation (GO:0006995),1/8,0.2565517911082994,0.8143107238635908,5.3016267942583735,7.2124641476594045,MAP1LC3A
gs_ind_0,Cellular Response to Oxidative Stress (GO:0034599),2/108,0.9079676311403703,0.992026251305354,0.618993603680247,0.059761696622713044,PRKAA2;ATM
gs_ind_0,Cellular Response to Oxygen-Containing Compound (GO:1901701),9/251,0.5651943477302401,0.8588627371386766,1.0367166601544888,0.5915356273170304,FZD4;H2AZ1;WNT9A;P2RY12;IGF1;ATM;EGFR;CX3CR1;P2RY1
gs_ind_0,Cellular Response to Peptide Hormone Stimulus (GO:0071375),1/78,0.9448468681123122,0.9999949233144176,0.5104676647630807,0.028960060310329005,PCK1
gs_ind_0,Cellular Response to Potassium Ion (GO:0035865),1/3,0.10519670899329986,0.8143107238635908,15.910622009569378,35.82949982421785,SLC12A2
gs_ind_0,Cellular Response to Purine-Containing Compound (GO:0071415),1/4,0.13774745818969023,0.8143107238635908,11.36390977443609,22.527056576132974,P2RY1
gs_ind_0,Cellular Response to Radiation (GO:0071478),2/31,0.3118843797918169,0.8143107238635908,2.24718462063474,2.61824589673562,RGR;BRCA2
gs_ind_0,Cellular Response to Reactive Oxygen Species (GO:0034614),2/57,0.6191445306010845,0.8739642829272644,1.1922037089822324,0.5715621808097395,FABP1;ATM
gs_ind_0,Cellular Response to Retinoic Acid (GO:0071300),3/21,0.039097312416525705,0.7343327305332833,5.0303242723992,16.30680999337184,FZD4;WNT9A;ATM
gs_ind_0,Cellular Response to Starvation (GO:0009267),3/135,0.8734986401760885,0.9760520723548637,0.6965617240316822,0.09420907193755498,MAP1LC3A;MFSD2A;PRKAA2
gs_ind_0,Cellular Response to Type II Interferon (GO:0071346),2/40,0.429990501115447,0.817273142074958,1.7207480917931541,1.4522979004735832,PIM1;AQP4
gs_ind_0,Cellular Response to Unfolded Protein (GO:0034620),1/57,0.8794784386596708,0.977434075615103,0.7012660371766101,0.09006095377249544,DERL3
gs_ind_0,Cellular Response to Vascular Endothelial Growth Factor Stimulus (GO:0035924),1/31,0.6832698175559738,0.899629689416935,1.3015138442230763,0.49570165564367114,GAS1
gs_ind_0,Cellular Response to Vitamin D (GO:0071305),1/5,0.1691162728367959,0.8143107238635908,8.837958532695374,15.706544121771545,PIM1
gs_ind_0,Central Nervous System Development (GO:0007417),9/165,0.14779887140214365,0.8143107238635908,1.616560636121176,3.090706978696826,PBX1;RELN;AATK;ABCB6;MFSD2A;SOX12;ALDH3A2;CX3CR1;ALDH5A1
gs_ind_0,Central Nervous System Myelination (GO:0022010),1/10,0.3096775589228434,0.8143107238635908,4.184890455804584,4.9056275872300406,CFH
gs_ind_0,Cerebral Cortex Cell Migration (GO:0021795),1/3,0.10519670899329986,0.8143107238635908,15.910622009569378,35.82949982421785,RELN
gs_ind_0,Cerebral Cortex Radial Glia-Guided Migration (GO:0021801),1/5,0.1691162728367959,0.8143107238635908,8.837958532695374,15.706544121771545,P2RY12
gs_ind_0,Chemical Synaptic Transmission (GO:0007268),6/78,0.06424940091444191,0.8143107238635908,2.3882925204064636,6.55582207984708,CACNB4;UNC119;SLC1A2;KIF5A;LIN7A;SYT3
gs_ind_0,Chemokine (C-X-C Motif) Ligand 12 Signaling Pathway (GO:0038146),1/5,0.1691162728367959,0.8143107238635908,8.837958532695374,15.706544121771545,CXCL12
gs_ind_0,Chemokine-mediated Signaling Pathway (GO:0070098),2/28,0.2710728400662629,0.8143107238635908,2.5021255811429297,3.266193944206684,CCL24;CXCL12
gs_ind_0,Chloride Ion Homeostasis (GO:0055064),1/4,0.13774745818969023,0.8143107238635908,11.36390977443609,22.527056576132974,SLC12A2
gs_ind_0,Chloride Transmembrane Transport (GO:1902476),1/21,0.5409316591593569,0.8578511688354005,1.937799043062201,1.1907045175823572,SLC12A2
gs_ind_0,Chloride Transport (GO:0006821),1/34,0.7166581229109903,0.9205585652037435,1.184703277869028,0.3946914413536959,SLC12A2
gs_ind_0,Cholesterol Efflux (GO:0033344),1/22,0.5576523738511637,0.8578511688354005,1.8475353288082785,1.0789966528051265,ABCG5
gs_ind_0,Cholesterol Homeostasis (GO:0042632),3/72,0.4894749875632452,0.8404608219159228,1.3340727993973698,0.9530908457586769,LIPG;CYP7B1;ABCG5
gs_ind_0,Cholesterol Import (GO:0070508),1/6,0.19934599035375983,0.8143107238635908,7.23053501522401,11.660780122240014,STARD4
gs_ind_0,Cholesterol Metabolic Process (GO:0008203),1/62,0.899935799953125,0.9885791827273728,0.6440191387559808,0.06790013025688804,OSBPL5
gs_ind_0,Cholesterol Transport (GO:0030301),4/50,0.10775158075954645,0.8143107238635908,2.5728523083610173,5.732126814739072,LIPG;STARD4;ABCG5;OSBPL5
gs_ind_0,Chromatin Organization (GO:0006325),2/280,0.9996680249712637,0.9999949233144176,0.23374604742912913,7.761073393798216e-05,H2AZ1;CENPA
gs_ind_0,Chromosome Condensation (GO:0030261),1/18,0.4868888983821721,0.8404608219159228,2.2704853041695148,1.6341121316150384,NCAPG
gs_ind_0,Ciliary Neurotrophic Factor-Mediated Signaling Pathway (GO:0070120),1/6,0.19934599035375983,0.8143107238635908,7.23053501522401,11.660780122240014,LIFR
gs_ind_0,Cilium Assembly (GO:0060271),2/188,0.9926149667554178,0.9999949233144176,0.3514172100997586,0.0026048581440226127,SCLT1;DYNC2H1
gs_ind_0,Cilium Movement (GO:0003341),3/22,0.04408463075951141,0.7774999569095511,4.772014089016971,14.896529464455595,DNAH11;CABYR;DYNC2H1
gs_ind_0,Cilium Movement Involved in Cell Motility (GO:0060294),2/5,0.012272199601267261,0.5603255919320091,18.97616764826736,83.50308429676458,DNAH11;DYNC2H1
gs_ind_0,Cilium Organization (GO:0044782),2/186,0.9921144557049117,0.9999949233144176,0.35527857675508684,0.0028126693007696876,SCLT1;DYNC2H1
gs_ind_0,Cilium-dependent Cell Motility (GO:0060285),2/10,0.04896219447790363,0.7843626227074628,7.810896170548756,23.563183747458996,DNAH11;DYNC2H1
gs_ind_0,Coenzyme A Biosynthetic Process (GO:0015937),1/10,0.3096775589228434,0.8143107238635908,4.184890455804584,4.9056275872300406,PANK1
gs_ind_0,Coenzyme A Metabolic Process (GO:0015936),2/14,0.0900489319939255,0.8143107238635908,5.309875359539789,12.783004919125327,PANK1;NUDT7
gs_ind_0,Cognition (GO:0050890),1/27,0.6325668495283794,0.8784098352272761,1.4984020944298997,0.6862222677050261,MFSD2A
gs_ind_0,Collagen Fibril Organization (GO:0030199),1/35,0.7269876783074459,0.9225676339636314,1.1502808404410234,0.36676215759768194,DPT
gs_ind_0,"Complement Activation, Alternative Pathway (GO:0006957)",1/4,0.13774745818969023,0.8143107238635908,11.36390977443609,22.527056576132974,CFH
gs_ind_0,"Complement Activation, GZMK Pathway (GO:0160257)",1/9,0.28360602247834954,0.8143107238635908,4.677568252181255,5.894527670236213,C9
gs_ind_0,"Complement Activation, Lectin Pathway (GO:0001867)",1/8,0.2565517911082994,0.8143107238635908,5.3016267942583735,7.2124641476594045,COLEC10
gs_ind_0,Copper Ion Homeostasis (GO:0055070),1/15,0.4264976594107405,0.8143107238635908,2.7408348457350273,2.335598028362105,ABCB6
gs_ind_0,Copper Ion Import (GO:0015677),1/7,0.22847789845484393,0.8143107238635908,6.117703349282297,9.031662100875606,STEAP2
gs_ind_0,Copper Ion Transport (GO:0006825),1/11,0.3348020291165355,0.8143107238635908,3.786056049213944,4.142762650493909,STEAP2
gs_ind_0,Cortisol Biosynthetic Process (GO:0034651),1/1,0.036369958275382475,0.7343327305332833,79.56459330143541,263.6780302800813,CYP17A1
gs_ind_0,Cortisol Metabolic Process (GO:0034650),1/1,0.036369958275382475,0.7343327305332833,79.56459330143541,263.6780302800813,CYP17A1
gs_ind_0,Cytokine-mediated Signaling Pathway (GO:0019221),8/165,0.25273982045055643,0.8143107238635908,1.43432020076055,1.9727563980171396,IL2RA;SOCS2;CXCL12;CSF1R;CCL24;LIFR;LILRA5;EPOR
gs_ind_0,Cytoplasmic Microtubule Organization (GO:0031122),1/47,0.825196295043895,0.9592304359919781,0.8526933168698874,0.16383136713817034,HOOK2
gs_ind_0,Cytoplasmic Translation (GO:0002181),2/98,0.8763602929932031,0.9760520723548637,0.6836347920257925,0.09022473838455568,RPL36AL;RPL22L1
gs_ind_0,Cytoskeleton Organization (GO:0007010),2/90,0.8441706513034741,0.967063521629286,0.7458656309754024,0.1263500938624901,CCL24;CSPG5
gs_ind_0,Cytoskeleton-dependent Cytokinesis (GO:0061640),2/63,0.6733202285939986,0.8956329107048134,1.0754234579737936,0.4253668000510009,UNC119;CENPA
gs_ind_0,Cytoskeleton-dependent Intracellular Transport (GO:0030705),1/13,0.38234588519119,0.8143107238635908,3.1798277511961723,3.0571805910777474,HOOK2
gs_ind_0,Cytosolic Transport (GO:0016482),1/13,0.38234588519119,0.8143107238635908,3.1798277511961723,3.0571805910777474,SORT1
gs_ind_0,DNA Biosynthetic Process (GO:0071897),1/20,0.5235801565027363,0.8527166185208973,2.0373205741626794,1.3182791304177788,POLD2
gs_ind_0,DNA Damage Checkpoint Signaling (GO:0000077),1/33,0.7059385191987833,0.9137590056347049,1.221244019138756,0.42527029806639605,ATM
gs_ind_0,DNA Damage Response (GO:0006974),2/399,0.9999949233144176,0.9999949233144176,0.16233409914554653,8.241212725618843e-07,ATM;BRCA2
gs_ind_0,"DNA Damage Response, Signal Transduction by P53 Class Mediator (GO:0030330)",1/31,0.6832698175559738,0.899629689416935,1.3015138442230763,0.49570165564367114,ATM
gs_ind_0,DNA Double-Strand Break Processing (GO:0000729),1/15,0.4264976594107405,0.8143107238635908,2.7408348457350273,2.335598028362105,ATM
gs_ind_0,DNA Integrity Checkpoint Signaling (GO:0031570),2/47,0.5140783548856143,0.8512369219541539,1.4552800986166279,0.9683136662328619,CDC45;ATM
gs_ind_0,DNA Metabolic Process (GO:0006259),4/290,0.9941451348309671,0.9999949233144176,0.41032708655624367,0.0024094702318234198,CDC45;POLD2;DCLRE1C;ATM
gs_ind_0,DNA Modification (GO:0006304),1/15,0.4264976594107405,0.8143107238635908,2.7408348457350273,2.335598028362105,UNG
gs_ind_0,DNA Recombinase Assembly (GO:0000730),1/4,0.13774745818969023,0.8143107238635908,11.36390977443609,22.527056576132974,BRCA2
gs_ind_0,DNA Recombination (GO:0006310),1/42,0.7895007578562364,0.9469510514457993,0.9557733325647086,0.22590131414647033,SYCE2
gs_ind_0,DNA Repair (GO:0006281),5/285,0.9795890946346639,0.9999949233144176,0.5134532115642786,0.01058847650857403,DCLRE1C;BRCA2;UNG;ATM;RNASEH2C
gs_ind_0,DNA Replication (GO:0006260),2/98,0.8763602929932031,0.9760520723548637,0.6836347920257925,0.09022473838455568,CDC45;POLD2
gs_ind_0,DNA Replication Checkpoint Signaling (GO:0000076),1/19,0.5055741167463359,0.8404608219159228,2.147601189706453,1.464794221737121,CDC45
gs_ind_0,DNA Replication Initiation (GO:0006270),1/21,0.5409316591593569,0.8578511688354005,1.937799043062201,1.1907045175823572,CDC45
gs_ind_0,DNA Strand Elongation (GO:0022616),1/12,0.3590137723674263,0.8143107238635908,3.456584148117329,3.540905887211403,POLD2
gs_ind_0,DNA Strand Elongation Involved in DNA Replication (GO:0006271),1/13,0.38234588519119,0.8143107238635908,3.1798277511961723,3.0571805910777474,POLD2
gs_ind_0,DNA Synthesis Involved in DNA Replication (GO:0090592),1/16,0.44737769589721343,0.8215747436105861,2.56382157740392,2.0622152284801696,TK1
gs_ind_0,DNA-templated DNA Replication (GO:0006261),2/58,0.6286323683450334,0.8784098352272761,1.171017911232914,0.5435966591456616,CDC45;POLD2
gs_ind_0,DNA-templated Transcription (GO:0006351),1/176,0.9985857791099371,0.9999949233144176,0.22381711855396066,0.0003167508752948204,POLR3G
gs_ind_0,DNA-templated Transcription Initiation (GO:0006352),1/92,0.9672690811854571,0.9999949233144176,0.4319240724762726,0.01437381044569178,POLR3G
gs_ind_0,DNA-templated Transcription Termination (GO:0006353),1/36,0.7369413516601964,0.922683446985703,1.117797695262484,0.34120435629060897,POLR3G
gs_ind_0,DTMP Biosynthetic Process (GO:0006231),1/4,0.13774745818969023,0.8143107238635908,11.36390977443609,22.527056576132974,TK1
gs_ind_0,Defense Response to Fungus (GO:0050832),1/16,0.44737769589721343,0.8215747436105861,2.56382157740392,2.0622152284801696,CX3CR1
gs_ind_0,Defense Response to Tumor Cell (GO:0002357),1/11,0.3348020291165355,0.8143107238635908,3.786056049213944,4.142762650493909,DLEC1
gs_ind_0,Dendrite Morphogenesis (GO:0048813),1/19,0.5055741167463359,0.8404608219159228,2.147601189706453,1.464794221737121,LRP4
gs_ind_0,Dense Core Granule Cytoskeletal Transport (GO:0099519),2/6,0.01796768525197654,0.5603255919320091,14.75817620112922,59.3157725019759,PPFIA2;KIF5A
gs_ind_0,Dephosphorylation (GO:0016311),1/71,0.9284200429915812,0.9999949233144176,0.5614374427364349,0.04169852933127762,DUSP3
gs_ind_0,Depyrimidination (GO:0045008),1/8,0.2565517911082994,0.8143107238635908,5.3016267942583735,7.2124641476594045,UNG
gs_ind_0,Detection of Mechanical Stimulus (GO:0050982),1/12,0.3590137723674263,0.8143107238635908,3.456584148117329,3.540905887211403,PKDREJ
gs_ind_0,Determination of Bilateral Symmetry (GO:0009855),1/19,0.5055741167463359,0.8404608219159228,2.147601189706453,1.464794221737121,DNAH11
gs_ind_0,Determination of Left/Right Symmetry (GO:0007368),1/26,0.6186728767356198,0.8739642829272644,1.5572755417956656,0.747770415211568,DNAH11
gs_ind_0,Diadenosine Polyphosphate Catabolic Process (GO:0015961),1/3,0.10519670899329986,0.8143107238635908,15.910622009569378,35.82949982421785,FHIT
gs_ind_0,Dicarboxylic Acid Catabolic Process (GO:0043649),1/14,0.4048302662063638,0.8143107238635908,2.9440723019670387,2.662287474131655,ACOT4
gs_ind_0,Dicarboxylic Acid Metabolic Process (GO:0043648),3/49,0.26335677033153476,0.8143107238635908,1.997262764298183,2.6648391050216844,PCK1;ALDH5A1;ACOT4
gs_ind_0,Diterpenoid Metabolic Process (GO:0016101),3/22,0.04408463075951141,0.7774999569095511,4.772014089016971,14.896529464455595,AWAT2;ALDH3A2;RGR
gs_ind_0,Double-strand Break Repair (GO:0006302),3/163,0.9391148227575958,0.9999949233144176,0.5738700805898953,0.036049098302197984,ATM;DCLRE1C;BRCA2
gs_ind_0,Double-strand Break Repair via Break-Induced Replication (GO:0000727),1/11,0.3348020291165355,0.8143107238635908,3.786056049213944,4.142762650493909,CDC45
gs_ind_0,Double-strand Break Repair via Homologous Recombination (GO:0000724),3/102,0.7225545161311181,0.9225676339636314,0.9298123663466227,0.30215406461647615,CDC45;ATM;BRCA2
gs_ind_0,Double-strand Break Repair via Nonhomologous End Joining (GO:0006303),2/48,0.5254090996538149,0.8540433627577454,1.4238806585634904,0.9163783838083538,DCLRE1C;ATM
gs_ind_0,Double-strand Break Repair via Synthesis-Dependent Strand Annealing (GO:0045003),1/6,0.19934599035375983,0.8143107238635908,7.23053501522401,11.660780122240014,BRCA2
gs_ind_0,ERBB Signaling Pathway (GO:0038127),1/50,0.8436431460443029,0.967063521629286,0.800840945338553,0.1361635315408572,EGFR
gs_ind_0,ERBB2 Signaling Pathway (GO:0038128),1/10,0.3096775589228434,0.8143107238635908,4.184890455804584,4.9056275872300406,EGFR
gs_ind_0,ERBB2-EGFR Signaling Pathway (GO:0038134),1/4,0.13774745818969023,0.8143107238635908,11.36390977443609,22.527056576132974,EGFR
gs_ind_0,Early Endosome to Late Endosome Transport (GO:0045022),1/22,0.5576523738511637,0.8578511688354005,1.8475353288082785,1.0789966528051265,HOOK2
gs_ind_0,Elastic Fiber Assembly (GO:0048251),1/6,0.19934599035375983,0.8143107238635908,7.23053501522401,11.660780122240014,FBLN5
gs_ind_0,Electron Transport Chain (GO:0022900),1/16,0.44737769589721343,0.8215747436105861,2.56382157740392,2.0622152284801696,POR
gs_ind_0,Embryonic Brain Development (GO:1990403),1/5,0.1691162728367959,0.8143107238635908,8.837958532695374,15.706544121771545,MFSD2A
gs_ind_0,Embryonic Organ Development (GO:0048568),2/42,0.45482890254862796,0.8304516930019938,1.635536143366121,1.2885309314444544,PBX1;MFSD2A
gs_ind_0,Embryonic Skeletal Joint Development (GO:0072498),1/1,0.036369958275382475,0.7343327305332833,79.56459330143541,263.6780302800813,WNT9A
gs_ind_0,Embryonic Skeletal System Development (GO:0048706),1/15,0.4264976594107405,0.8143107238635908,2.7408348457350273,2.335598028362105,WNT9A
gs_ind_0,Endomembrane System Organization (GO:0010256),3/164,0.9407363954134101,0.9999949233144176,0.5702750689233679,0.03483942188859228,HOOK2;RAB30;DYNC2H1
gs_ind_0,Endoplasmic Reticulum Unfolded Protein Response (GO:0030968),1/50,0.8436431460443029,0.967063521629286,0.800840945338553,0.1361635315408572,DERL3
gs_ind_0,Endosome Organization (GO:0007032),1/50,0.8436431460443029,0.967063521629286,0.800840945338553,0.1361635315408572,HOOK2
gs_ind_0,Endosome Transport via Multivesicular Body Sorting Pathway (GO:0032509),1/25,0.6042545651778357,0.8704573890158044,1.6209549848647593,0.8165718038797516,SORT1
gs_ind_0,Endothelial Cell Migration (GO:0043542),1/35,0.7269876783074459,0.9225676339636314,1.1502808404410234,0.36676215759768194,CDH13
gs_ind_0,Entrainment of Circadian Clock by Photoperiod (GO:0043153),1/18,0.4868888983821721,0.8404608219159228,2.2704853041695148,1.6341121316150384,PER3
gs_ind_0,Enzyme-linked Receptor Protein Signaling Pathway (GO:0007167),4/82,0.34867518563488614,0.8143107238635908,1.520515194056019,1.6020368412344104,CSF1R;GFRA2;LIFR;INHBC
gs_ind_0,Eosinophil Chemotaxis (GO:0048245),1/6,0.19934599035375983,0.8143107238635908,7.23053501522401,11.660780122240014,CCL24
gs_ind_0,Eosinophil Migration (GO:0072677),1/6,0.19934599035375983,0.8143107238635908,7.23053501522401,11.660780122240014,CCL24
gs_ind_0,Ephrin Receptor Signaling Pathway (GO:0048013),1/25,0.6042545651778357,0.8704573890158044,1.6209549848647593,0.8165718038797516,TIAM1
gs_ind_0,Epidermal Cell Differentiation (GO:0009913),1/24,0.5892921663914557,0.8704573890158044,1.6900539550035631,0.893756607904284,KRT10
gs_ind_0,Epidermal Growth Factor Receptor Signaling Pathway (GO:0007173),1/44,0.8045777468569549,0.9534897436362506,0.9116977396469229,0.1982374388607921,EGFR
gs_ind_0,Epidermis Development (GO:0008544),4/23,0.008835542050192824,0.5603255919320091,6.14725697786333,29.070211181212493,DCT;FABP5;ALDH3A2;STS
gs_ind_0,Epithelial Cell Differentiation (GO:0030855),1/66,0.913775792013787,0.9959860412629238,0.6045144088535008,0.05450908949231352,PCK1
gs_ind_0,Epithelial Cilium Movement Involved in Extracellular Fluid Movement (GO:0003351),2/10,0.04896219447790363,0.7843626227074628,7.810896170548756,23.563183747458996,CABYR;AQP4
gs_ind_0,Epithelial Structure Maintenance (GO:0010669),2/12,0.0684728533567351,0.8143107238635908,6.322193306852943,16.951810167056188,FRAS1;FREM1
gs_ind_0,Epithelial Tube Morphogenesis (GO:0060562),1/26,0.6186728767356198,0.8739642829272644,1.5572755417956656,0.747770415211568,CSF1R
gs_ind_0,Epithelial to Mesenchymal Transition (GO:0001837),1/38,0.7557751681208258,0.9330831254512247,1.0580287081339712,0.2962600402370663,IGF1
gs_ind_0,Epithelium Development (GO:0060429),2/82,0.8045589740479758,0.9534897436362506,0.8204653323249347,0.17841921985236198,MFSD2A;KRT10
gs_ind_0,Epoxygenase P450 Pathway (GO:0019373),1/4,0.13774745818969023,0.8143107238635908,11.36390977443609,22.527056576132974,CYP2E1
gs_ind_0,Error-prone Translesion Synthesis (GO:0042276),1/9,0.28360602247834954,0.8143107238635908,4.677568252181255,5.894527670236213,POLD2
gs_ind_0,Erythropoietin-mediated Signaling Pathway (GO:0038162),1/4,0.13774745818969023,0.8143107238635908,11.36390977443609,22.527056576132974,EPOR
gs_ind_0,Establishment of Blood-Brain Barrier (GO:0060856),1/5,0.1691162728367959,0.8143107238635908,8.837958532695374,15.706544121771545,MFSD2A
gs_ind_0,Establishment of Mitotic Spindle Localization (GO:0040001),1/28,0.6459555165454947,0.8837307841304614,1.4438103523270986,0.6309806957104804,CENPA
gs_ind_0,Establishment of Mitotic Spindle Orientation (GO:0000132),1/24,0.5892921663914557,0.8704573890158044,1.6900539550035631,0.893756607904284,CENPA
gs_ind_0,Establishment of Protein Localization to Chromosome (GO:0070199),1/13,0.38234588519119,0.8143107238635908,3.1798277511961723,3.0571805910777474,BRCA2
gs_ind_0,Establishment of Protein Localization to Membrane (GO:0090150),2/64,0.6817159319645869,0.899629689416935,1.0581399808245446,0.40541811185674453,EGFR;ZDHHC14
gs_ind_0,Establishment of Protein Localization to Peroxisome (GO:0072663),1/17,0.46749893406525544,0.8304516930019938,2.4082644628099175,1.8311436569442452,HACL1
gs_ind_0,Establishment of Protein Localization to Telomere (GO:0070200),1/4,0.13774745818969023,0.8143107238635908,11.36390977443609,22.527056576132974,BRCA2
gs_ind_0,Establishment of Spindle Orientation (GO:0051294),1/29,0.6588572211752821,0.8869029260265189,1.3930496096701084,0.5812477594527592,CENPA
gs_ind_0,Ether Lipid Biosynthetic Process (GO:0008611),1/10,0.3096775589228434,0.8143107238635908,4.184890455804584,4.9056275872300406,LPCAT2
gs_ind_0,Excitatory Synapse Assembly (GO:1904861),1/8,0.2565517911082994,0.8143107238635908,5.3016267942583735,7.2124641476594045,RELN
gs_ind_0,External Encapsulating Structure Organization (GO:0045229),2/50,0.5475298978590858,0.8578511688354005,1.3649662452679128,0.8221713260052429,COL6A6;COL27A1
gs_ind_0,Extracellular Matrix Assembly (GO:0085029),1/13,0.38234588519119,0.8143107238635908,3.1798277511961723,3.0571805910777474,FBLN5
gs_ind_0,Extracellular Matrix Organization (GO:0030198),4/101,0.5033707168018918,0.8404608219159228,1.222521655437921,0.8391735457740376,COL6A6;HMCN1;DPT;COL27A1
gs_ind_0,Extracellular Structure Organization (GO:0043062),2/50,0.5475298978590858,0.8578511688354005,1.3649662452679128,0.8221713260052429,COL6A6;COL27A1
gs_ind_0,Extracellular Transport (GO:0006858),1/7,0.22847789845484393,0.8143107238635908,6.117703349282297,9.031662100875606,CABYR
gs_ind_0,Extrinsic Apoptotic Signaling Pathway (GO:0097191),1/61,0.8961424122592633,0.9856981203426515,0.6547115346593381,0.07179300639417832,G0S2
gs_ind_0,Eye Development (GO:0001654),1/36,0.7369413516601964,0.922683446985703,1.117797695262484,0.34120435629060897,PBX1
gs_ind_0,Eye Morphogenesis (GO:0048592),2/18,0.13786954067767557,0.8143107238635908,4.021470699323048,7.968332654775604,TENM3;SOX12
gs_ind_0,Fatty Acid Alpha-Oxidation (GO:0001561),2/7,0.02455454174725489,0.6778663656127415,12.073999825677678,44.75660818208267,HACL1;SLC27A2
gs_ind_0,Fatty Acid Beta-Oxidation (GO:0006635),4/47,0.09063514492341977,0.8143107238635908,2.7508877899837376,6.6046428839632085,ABCD3;ABCD2;ECI2;SLC27A2
gs_ind_0,Fatty Acid Beta-Oxidation Using acyl-CoA Oxidase (GO:0033540),1/11,0.3348020291165355,0.8143107238635908,3.786056049213944,4.142762650493909,SLC27A2
gs_ind_0,Fatty Acid Biosynthetic Process (GO:0006633),5/44,0.021089455454302894,0.6230639120183521,3.7108870524761057,14.320246728865138,ABCD3;FADS3;CYP2E1;LIPG;FADS2
gs_ind_0,Fatty Acid Catabolic Process (GO:0009062),7/58,0.004881742553956808,0.5603255919320091,3.8928467372813653,20.71871539002749,ABCD3;ABCD2;PCCB;HACL1;SLC27A2;ECI2;NUDT7
gs_ind_0,Fatty Acid Derivative Biosynthetic Process (GO:1901570),4/18,0.003524676134528967,0.5603255919320091,8.269987720288075,46.708615449331695,HMGCS2;AWAT2;ACSS3;SLC27A2
gs_ind_0,Fatty Acid Homeostasis (GO:0055089),1/10,0.3096775589228434,0.8143107238635908,4.184890455804584,4.9056275872300406,PRKAA2
gs_ind_0,Fatty Acid Metabolic Process (GO:0006631),11/95,0.0006538667152242661,0.3670371828125547,3.6575609756097562,26.81945731007741,ABCD3;ABCD2;PCCB;HACL1;SLC27A2;ACSL1;ACOT4;CYP2E1;ACOT1;ECI2;LIPG
gs_ind_0,Fatty Acid Oxidation (GO:0019395),5/47,0.02727963776293585,0.7177954686372495,3.448193317828578,12.419063826689053,ABCD3;ABCD2;HACL1;SLC27A2;ECI2
gs_ind_0,Fatty Acid Transport (GO:0015908),4/24,0.010303742582906656,0.5603255919320091,5.846968238691049,26.7513302791151,FABP1;FABP5;MFSD2A;ACSL1
gs_ind_0,Fatty-acyl-CoA Biosynthetic Process (GO:0046949),2/22,0.18979665063141055,0.8143107238635908,3.2358581016299137,5.377355593770469,SLC27A2;ACSL1
gs_ind_0,Fatty-acyl-CoA Catabolic Process (GO:0036115),1/6,0.19934599035375983,0.8143107238635908,7.23053501522401,11.660780122240014,NUDT7
gs_ind_0,Fatty-acyl-CoA Metabolic Process (GO:0035337),2/21,0.17655010337032873,0.8143107238635908,3.4020453819111536,5.899658941970412,NUDT7;SLC27A2
gs_ind_0,Fc Receptor Signaling Pathway (GO:0038093),1/26,0.6186728767356198,0.8739642829272644,1.5572755417956656,0.747770415211568,CD33
gs_ind_0,Fc-gamma Receptor Signaling Pathway (GO:0038094),1/24,0.5892921663914557,0.8704573890158044,1.6900539550035631,0.893756607904284,CD33
gs_ind_0,Fibroblast Growth Factor Receptor Signaling Pathway (GO:0008543),2/17,0.12543788520853927,0.8143107238635908,4.2812297033990045,8.887595604971692,FGF21;FGF22
gs_ind_0,Fluid Transport (GO:0042044),1/6,0.19934599035375983,0.8143107238635908,7.23053501522401,11.660780122240014,AQP4
gs_ind_0,G Protein-Coupled Glutamate Receptor Signaling Pathway (GO:0007216),1/5,0.1691162728367959,0.8143107238635908,8.837958532695374,15.706544121771545,HOMER2
gs_ind_0,"G Protein-Coupled Rec Signaling Pathway, Coupled to Cyclic Nucleotide Second Messenger (GO:0007187)",1/10,0.3096775589228434,0.8143107238635908,4.184890455804584,4.9056275872300406,VIPR1
gs_ind_0,G1/S Transition of Mitotic Cell Cycle (GO:0000082),1/50,0.8436431460443029,0.967063521629286,0.800840945338553,0.1361635315408572,CCNE1
gs_ind_0,G2/M Transition of Mitotic Cell Cycle (GO:0000086),2/32,0.3253949518534859,0.8143107238635908,2.1733492604875595,2.440053114612683,NEK2;WEE1
gs_ind_0,GABA Metabolic Process (GO:0009448),1/4,0.13774745818969023,0.8143107238635908,11.36390977443609,22.527056576132974,ALDH5A1
gs_ind_0,GPI Anchor Biosynthetic Process (GO:0006506),1/23,0.5737651895967999,0.8588627371386766,1.7652950558213716,0.9806832660056525,PGAP1
gs_ind_0,GPI Anchor Metabolic Process (GO:0006505),1/23,0.5737651895967999,0.8588627371386766,1.7652950558213716,0.9806832660056525,PGAP1
gs_ind_0,GPI Anchored Protein Biosynthesis (GO:0180046),1/27,0.6325668495283794,0.8784098352272761,1.4984020944298997,0.6862222677050261,PGAP1
gs_ind_0,GTP Metabolic Process (GO:0046039),1/14,0.4048302662063638,0.8143107238635908,2.9440723019670387,2.662287474131655,AK4
gs_ind_0,Gamma-aminobutyric Acid Signaling Pathway (GO:0007214),1/6,0.19934599035375983,0.8143107238635908,7.23053501522401,11.660780122240014,SLC12A2
gs_ind_0,Generation of Neurons (GO:0048699),7/97,0.06321198790618952,0.8143107238635908,2.2090087873650206,6.099650506299702,FZD4;WNT9A;RELN;SOX12;LRP4;EGFR;FZD8
gs_ind_0,Glial Cell Development (GO:0021782),1/19,0.5055741167463359,0.8404608219159228,2.147601189706453,1.464794221737121,CSPG5
gs_ind_0,Glial Cell Differentiation (GO:0010001),1/19,0.5055741167463359,0.8404608219159228,2.147601189706453,1.464794221737121,RELN
gs_ind_0,Glial Cell-Derived Neurotrophic Factor Receptor Signaling Pathway (GO:0035860),1/5,0.1691162728367959,0.8143107238635908,8.837958532695374,15.706544121771545,GFRA2
gs_ind_0,Gliogenesis (GO:0042063),1/11,0.3348020291165355,0.8143107238635908,3.786056049213944,4.142762650493909,RELN
gs_ind_0,Glucan Biosynthetic Process (GO:0009250),1/10,0.3096775589228434,0.8143107238635908,4.184890455804584,4.9056275872300406,GYS2
gs_ind_0,Glucocorticoid Biosynthetic Process (GO:0006704),2/3,0.0038653222311553002,0.5603255919320091,44.2841163310962,246.02971807573775,SERPINA6;CYP17A1
gs_ind_0,Glucocorticoid Metabolic Process (GO:0008211),2/5,0.012272199601267261,0.5603255919320091,18.97616764826736,83.50308429676458,SERPINA6;CYP17A1
gs_ind_0,Gluconeogenesis (GO:0006094),1/29,0.6588572211752821,0.8869029260265189,1.3930496096701084,0.5812477594527592,PCK1
gs_ind_0,Glucose 6-Phosphate Metabolic Process (GO:0051156),1/15,0.4264976594107405,0.8143107238635908,2.7408348457350273,2.335598028362105,PGM2L1
gs_ind_0,Glucose Homeostasis (GO:0042593),2/76,0.7692137839144644,0.9395200768945534,0.8869291602051388,0.2327181011722364,PCK1;PRKAA2
gs_ind_0,Glucose Metabolic Process (GO:0006006),1/49,0.8377208810805986,0.9642665507448586,0.8174123218073299,0.14473945440723052,PCK1
gs_ind_0,Glutamate Metabolic Process (GO:0006536),1/14,0.4048302662063638,0.8143107238635908,2.9440723019670387,2.662287474131655,ALDH5A1
gs_ind_0,Glutamate Receptor Signaling Pathway (GO:0007215),1/15,0.4264976594107405,0.8143107238635908,2.7408348457350273,2.335598028362105,HOMER2
gs_ind_0,Glycerolipid Catabolic Process (GO:0046503),2/13,0.07902841848226269,0.8143107238635908,5.772020509400142,14.649086543158473,MGLL;GPCPD1
gs_ind_0,Glycerophospholipid Biosynthetic Process (GO:0046474),3/107,0.7520610756337907,0.9330831254512247,0.8850019993657184,0.2521704702426963,PGAP1;LPCAT2;MFSD2A
gs_ind_0,Glycerophospholipid Catabolic Process (GO:0046475),1/20,0.5235801565027363,0.8527166185208973,2.0373205741626794,1.3182791304177788,GPCPD1
gs_ind_0,Glycerophospholipid Metabolic Process (GO:0006650),1/40,0.7732629611495552,0.9395200768945534,1.0043122766640422,0.2582449476718647,GPCPD1
gs_ind_0,Glycogen Biosynthetic Process (GO:0005978),1/10,0.3096775589228434,0.8143107238635908,4.184890455804584,4.9056275872300406,GYS2
gs_ind_0,Glycogen Metabolic Process (GO:0005977),1/23,0.5737651895967999,0.8588627371386766,1.7652950558213716,0.9806832660056525,GYS2
gs_ind_0,Glycolipid Biosynthetic Process (GO:0009247),1/47,0.825196295043895,0.9592304359919781,0.8526933168698874,0.16383136713817034,PGAP1
gs_ind_0,Glycoprotein Biosynthetic Process (GO:0009101),5/118,0.4291888812838282,0.817273142074958,1.2845381671120097,1.086537108771399,DERL3;ALG10;IGF1;GALNT15;ST6GALNAC2
gs_ind_0,Glycoprotein Metabolic Process (GO:0009100),2/55,0.5996121673891971,0.8704573890158044,1.2369512817985502,0.6326662186890495,CNMD;ST6GALNAC2
gs_ind_0,Golgi Organization (GO:0007030),2/98,0.8763602929932031,0.9760520723548637,0.6836347920257925,0.09022473838455568,RAB30;DYNC2H1
gs_ind_0,Golgi to Lysosome Transport (GO:0090160),1/13,0.38234588519119,0.8143107238635908,3.1798277511961723,3.0571805910777474,SORT1
gs_ind_0,Golgi to Plasma Membrane Transport (GO:0006893),3/54,0.3133228505955831,0.8143107238635908,1.8027009130503717,2.092072534000538,SORT1;STEAP2;OSBPL5
gs_ind_0,Granulocyte Chemotaxis (GO:0071621),1/28,0.6459555165454947,0.8837307841304614,1.4438103523270986,0.6309806957104804,CCL24
gs_ind_0,Growth Hormone Receptor Signaling Pathway (GO:0060396),2/18,0.13786954067767557,0.8143107238635908,4.021470699323048,7.968332654775604,IGF1;SOCS2
gs_ind_0,Heart Contraction (GO:0060047),1/14,0.4048302662063638,0.8143107238635908,2.9440723019670387,2.662287474131655,TNNC1
gs_ind_0,Heme B Biosynthetic Process (GO:0006785),1/9,0.28360602247834954,0.8143107238635908,4.677568252181255,5.894527670236213,ABCB6
gs_ind_0,Heme Biosynthetic Process (GO:0006783),1/23,0.5737651895967999,0.8588627371386766,1.7652950558213716,0.9806832660056525,ABCB6
gs_ind_0,Heme Catabolic Process (GO:0042167),1/11,0.3348020291165355,0.8143107238635908,3.786056049213944,4.142762650493909,FABP1
gs_ind_0,Heme Metabolic Process (GO:0042168),2/36,0.3786091109611788,0.8143107238635908,1.9208109272305363,1.8655894870595544,FABP1;ABCB6
gs_ind_0,Heme Transport (GO:0015886),1/6,0.19934599035375983,0.8143107238635908,7.23053501522401,11.660780122240014,ABCB6
gs_ind_0,Hemopoiesis (GO:0030097),1/69,0.9228865740085641,0.9988052639012995,0.5779135962001886,0.04637695375444602,CSF1R
gs_ind_0,Hemostasis (GO:0007599),1/6,0.19934599035375983,0.8143107238635908,7.23053501522401,11.660780122240014,P2RY12
gs_ind_0,Heparan Sulfate Proteoglycan Biosynthetic Process (GO:0015012),1/19,0.5055741167463359,0.8404608219159228,2.147601189706453,1.464794221737121,EXTL1
gs_ind_0,Heparan Sulfate Proteoglycan Metabolic Process (GO:0030201),1/27,0.6325668495283794,0.8784098352272761,1.4984020944298997,0.6862222677050261,EXTL1
gs_ind_0,Hepatocyte Differentiation (GO:0070365),1/4,0.13774745818969023,0.8143107238635908,11.36390977443609,22.527056576132974,PCK1
gs_ind_0,Heterochromatin Formation (GO:0031507),3/98,0.697035188892247,0.9078169049455097,0.9690390331487545,0.34974497021871925,EPOP;H2AZ1;CENPA
gs_ind_0,Heterochromatin Organization (GO:0070828),3/89,0.6332479453479294,0.8784098352272761,1.070563542169879,0.48913323975531753,EPOP;H2AZ1;CENPA
gs_ind_0,Heterophilic Cell-Cell Adhesion (GO:0007157),2/25,0.23019459551834004,0.8143107238635908,2.8221578507170397,4.145270850479865,NTM;HMCN1
gs_ind_0,Hexose Biosynthetic Process (GO:0019319),1/32,0.6948141680625056,0.9056246586820894,1.2601048074732286,0.4588178366380002,PCK1
gs_ind_0,Hexose Metabolic Process (GO:0019318),1/39,0.7646811496487023,0.9392582465415132,1.0304728764058908,0.2764720907855332,PCK1
gs_ind_0,High-density Lipoprotein Particle Remodeling (GO:0034375),1/15,0.4264976594107405,0.8143107238635908,2.7408348457350273,2.335598028362105,LIPG
gs_ind_0,Histone mRNA Catabolic Process (GO:0071044),1/26,0.6186728767356198,0.8739642829272644,1.5572755417956656,0.747770415211568,ATM
gs_ind_0,Histone mRNA Metabolic Process (GO:0008334),1/24,0.5892921663914557,0.8704573890158044,1.6900539550035631,0.893756607904284,ATM
gs_ind_0,Homologous Chromosome Pairing at Meiosis (GO:0007129),1/13,0.38234588519119,0.8143107238635908,3.1798277511961723,3.0571805910777474,SYCE2
gs_ind_0,Homologous Chromosome Segregation (GO:0045143),1/12,0.3590137723674263,0.8143107238635908,3.456584148117329,3.540905887211403,SYCE2
gs_ind_0,Homologous Recombination (GO:0035825),1/14,0.4048302662063638,0.8143107238635908,2.9440723019670387,2.662287474131655,SYCE2
gs_ind_0,Homophilic Cell-Cell Adhesion (GO:0007156),3/38,0.15916768946790621,0.8143107238635908,2.6182165036327474,4.811750388006442,HMCN1;CDH13;TENM3
gs_ind_0,Homotypic Cell-Cell Adhesion (GO:0034109),1/36,0.7369413516601964,0.922683446985703,1.117797695262484,0.34120435629060897,P2RY12
gs_ind_0,Hormone Biosynthetic Process (GO:0042446),1/14,0.4048302662063638,0.8143107238635908,2.9440723019670387,2.662287474131655,CYP17A1
gs_ind_0,Hormone Catabolic Process (GO:0042447),1/8,0.2565517911082994,0.8143107238635908,5.3016267942583735,7.2124641476594045,DIO1
gs_ind_0,Host-mediated Modulation of Intestinal Microbiota Composition (GO:0048874),1/3,0.10519670899329986,0.8143107238635908,15.910622009569378,35.82949982421785,CX3CR1
gs_ind_0,Icosanoid Biosynthetic Process (GO:0046456),1/14,0.4048302662063638,0.8143107238635908,2.9440723019670387,2.662287474131655,PTGDS
gs_ind_0,Icosanoid Metabolic Process (GO:0006690),1/25,0.6042545651778357,0.8704573890158044,1.6209549848647593,0.8165718038797516,MGLL
gs_ind_0,Immune Response-Inhibiting Cell Surface Receptor Signaling Pathway (GO:0002767),1/5,0.1691162728367959,0.8143107238635908,8.837958532695374,15.706544121771545,LILRA5
gs_ind_0,Immune Response-Inhibiting Signal Transduction (GO:0002765),2/5,0.012272199601267261,0.5603255919320091,18.97616764826736,83.50308429676458,CD33;LILRA5
gs_ind_0,Immune Response-Regulating Cell Surface Receptor Signaling Pathway (GO:0002768),1/15,0.4264976594107405,0.8143107238635908,2.7408348457350273,2.335598028362105,LILRA5
gs_ind_0,Import Into Cell (GO:0098657),2/11,0.05843285698592441,0.8143107238635908,6.98819195640107,19.845605103580986,SLC27A2;ACSL1
gs_ind_0,Induction of Positive Chemotaxis (GO:0050930),1/6,0.19934599035375983,0.8143107238635908,7.23053501522401,11.660780122240014,CXCL12
gs_ind_0,Inflammatory Response (GO:0006954),5/162,0.7065569306898976,0.9138570439952285,0.9227196889684836,0.32050806693732237,MGLL;TLR5;CSF1R;CCL24;CFH
gs_ind_0,Innate Immune Response Activating Cell Surface Receptor Signaling Pathway (GO:0002220),1/22,0.5576523738511637,0.8578511688354005,1.8475353288082785,1.0789966528051265,COLEC10
gs_ind_0,Inner Mitochondrial Membrane Organization (GO:0007007),1/35,0.7269876783074459,0.9225676339636314,1.1502808404410234,0.36676215759768194,MIMS1
gs_ind_0,Inorganic Anion Transport (GO:0015698),1/31,0.6832698175559738,0.899629689416935,1.3015138442230763,0.49570165564367114,SLC12A2
gs_ind_0,Inorganic Cation Import Across Plasma Membrane (GO:0098659),2/39,0.41734787006150936,0.8143107238635908,1.766762543943752,1.5438592729913223,KCNJ16;SLC12A2
gs_ind_0,Insulin Receptor Signaling Pathway (GO:0008286),1/49,0.8377208810805986,0.9642665507448586,0.8174123218073299,0.14473945440723052,IGF1
gs_ind_0,Insulin-like Growth Factor Receptor Signaling Pathway (GO:0048009),1/11,0.3348020291165355,0.8143107238635908,3.786056049213944,4.142762650493909,IGF1
gs_ind_0,Integrin Activation (GO:0033622),1/7,0.22847789845484393,0.8143107238635908,6.117703349282297,9.031662100875606,CXCL12
gs_ind_0,Interleukin-2-mediated Signaling Pathway (GO:0038110),1/7,0.22847789845484393,0.8143107238635908,6.117703349282297,9.031662100875606,IL2RA
gs_ind_0,Intermediate Filament Organization (GO:0045109),2/15,0.10148676134509448,0.8143107238635908,4.916196157806896,11.247405909429377,KLHL24;KRT10
gs_ind_0,Intermembrane Lipid Transfer (GO:0120009),2/17,0.12543788520853927,0.8143107238635908,4.2812297033990045,8.887595604971692,VPS13A;OSBPL5
gs_ind_0,Intermembrane Phospholipid Transfer (GO:0120010),1/5,0.1691162728367959,0.8143107238635908,8.837958532695374,15.706544121771545,OSBPL5
gs_ind_0,Interstrand Cross-Link Repair (GO:0036297),1/34,0.7166581229109903,0.9205585652037435,1.184703277869028,0.3946914413536959,DCLRE1C
gs_ind_0,Intestinal Cholesterol Absorption (GO:0030299),1/7,0.22847789845484393,0.8143107238635908,6.117703349282297,9.031662100875606,ABCG5
gs_ind_0,Intestinal Lipid Absorption (GO:0098856),1/9,0.28360602247834954,0.8143107238635908,4.677568252181255,5.894527670236213,ABCG5
gs_ind_0,Intracellular Amino Acid Homeostasis (GO:0080144),1/10,0.3096775589228434,0.8143107238635908,4.184890455804584,4.9056275872300406,SLC1A2
gs_ind_0,Intracellular Calcium Ion Homeostasis (GO:0006874),2/71,0.7356312895576498,0.922683446985703,0.9510818957489808,0.2920071088963997,ATP13A3;CXCL12
gs_ind_0,Intracellular Cholesterol Transport (GO:0032367),1/17,0.46749893406525544,0.8304516930019938,2.4082644628099175,1.8311436569442452,STARD4
gs_ind_0,Intracellular Copper Ion Homeostasis (GO:0006878),1/12,0.3590137723674263,0.8143107238635908,3.456584148117329,3.540905887211403,ABCB6
gs_ind_0,Intracellular Glucose Homeostasis (GO:0001678),3/44,0.21457005197205936,0.8143107238635908,2.2387069893406477,3.4456364880472976,PCK1;ZBTB20;PRKAA2
gs_ind_0,Intracellular Glutamate Homeostasis (GO:0090461),1/7,0.22847789845484393,0.8143107238635908,6.117703349282297,9.031662100875606,SLC1A2
gs_ind_0,Intracellular Iron Ion Homeostasis (GO:0006879),2/62,0.6647457629337016,0.8926888873846518,1.0932782897395465,0.44644087051301923,ABCB6;SLC22A17
gs_ind_0,Intracellular Monoatomic Cation Homeostasis (GO:0030003),6/141,0.4069956523824606,0.8143107238635908,1.2720288072445942,1.1434938270474326,CHP2;SLC22A17;ATP13A3;ABCB6;CXCL12;SLC12A2
gs_ind_0,Intracellular Potassium Ion Homeostasis (GO:0030007),1/9,0.28360602247834954,0.8143107238635908,4.677568252181255,5.894527670236213,SLC12A2
gs_ind_0,Intracellular Protein Transport (GO:0006886),2/260,0.9993404889974056,0.9999949233144176,0.2522017465613067,0.00016638469903335835,HOOK2;RANBP3L
gs_ind_0,Intracellular Receptor Signaling Pathway (GO:0030522),1/35,0.7269876783074459,0.9225676339636314,1.1502808404410234,0.36676215759768194,NR1I3
gs_ind_0,Intracellular Signaling Cassette (GO:0141124),5/269,0.9697384097146864,0.9999949233144176,0.5451544279430449,0.016752009290683063,P2RY12;EGFR;CX3CR1;PPP1R9A;TIAM1
gs_ind_0,Intracellular Sodium Ion Homeostasis (GO:0006883),2/12,0.0684728533567351,0.8143107238635908,6.322193306852943,16.951810167056188,SLC12A2;CHP2
gs_ind_0,Intracellular Sterol Transport (GO:0032366),1/15,0.4264976594107405,0.8143107238635908,2.7408348457350273,2.335598028362105,STARD4
gs_ind_0,Intracellular Water Homeostasis (GO:0009992),1/4,0.13774745818969023,0.8143107238635908,11.36390977443609,22.527056576132974,AQP4
gs_ind_0,Intraciliary Retrograde Transport (GO:0035721),1/18,0.4868888983821721,0.8404608219159228,2.2704853041695148,1.6341121316150384,DYNC2H1
gs_ind_0,Intraciliary Transport (GO:0042073),1/42,0.7895007578562364,0.9469510514457993,0.9557733325647086,0.22590131414647033,DYNC2H1
gs_ind_0,Intrinsic Apoptotic Signaling Pathway (GO:0097193),3/97,0.6903848707975282,0.9056246586820894,0.9793645711032839,0.3628605018146764,FHIT;RNF186;ATM
gs_ind_0,Intrinsic Apoptotic Signaling Pathway by P53 Class Mediator (GO:0072332),1/31,0.6832698175559738,0.899629689416935,1.3015138442230763,0.49570165564367114,FHIT
gs_ind_0,Intrinsic Apoptotic Signaling Pathway in Response to DNA Damage (GO:0008630),1/53,0.8601466472210654,0.9741001707601036,0.7549145591250854,0.11372967823494874,ATM
gs_ind_0,Intrinsic Apoptotic Signaling Pathway in Response to Endoplasmic Reticulum Stress (GO:0070059),1/25,0.6042545651778357,0.8704573890158044,1.6209549848647593,0.8165718038797516,RNF186
gs_ind_0,Iodide Transport (GO:0015705),1/3,0.10519670899329986,0.8143107238635908,15.910622009569378,35.82949982421785,SLC5A6
gs_ind_0,Iron Coordination Entity Transport (GO:1901678),2/6,0.01796768525197654,0.5603255919320091,14.75817620112922,59.3157725019759,ABCB6;SLC22A17
gs_ind_0,Iron Ion Transmembrane Transport (GO:0034755),1/10,0.3096775589228434,0.8143107238635908,4.184890455804584,4.9056275872300406,ABCB6
gs_ind_0,Keratinocyte Differentiation (GO:0030216),1/19,0.5055741167463359,0.8404608219159228,2.147601189706453,1.464794221737121,KRT10
gs_ind_0,Keratinocyte Proliferation (GO:0043616),1/1,0.036369958275382475,0.7343327305332833,79.56459330143541,263.6780302800813,CDH13
gs_ind_0,Ketone Biosynthetic Process (GO:0042181),1/6,0.19934599035375983,0.8143107238635908,7.23053501522401,11.660780122240014,CYP17A1
gs_ind_0,Ketone Body Biosynthetic Process (GO:0046951),2/4,0.007544461404128762,0.5603255919320091,26.56855225311601,129.83896256106613,HMGCS2;ACSS3
gs_ind_0,Ketone Body Metabolic Process (GO:1902224),2/7,0.02455454174725489,0.6778663656127415,12.073999825677678,44.75660818208267,HMGCS2;ACSS3
gs_ind_0,Kidney Development (GO:0001822),1/40,0.7732629611495552,0.9395200768945534,1.0043122766640422,0.2582449476718647,LRP4
gs_ind_0,Kinetochore Assembly (GO:0051382),1/8,0.2565517911082994,0.8143107238635908,5.3016267942583735,7.2124641476594045,CENPA
gs_ind_0,Kinetochore Organization (GO:0051383),1/5,0.1691162728367959,0.8143107238635908,8.837958532695374,15.706544121771545,CENPA
gs_ind_0,L-alanine Transmembrane Transport (GO:1904557),1/4,0.13774745818969023,0.8143107238635908,11.36390977443609,22.527056576132974,SLC38A4
gs_ind_0,L-alpha-amino Acid Transmembrane Transport (GO:1902475),1/27,0.6325668495283794,0.8784098352272761,1.4984020944298997,0.6862222677050261,SLC1A2
gs_ind_0,L-amino Acid Catabolic Process (GO:0170035),1/74,0.9359860022948535,0.9999949233144176,0.538404452690167,0.03561801596671303,OAT
gs_ind_0,L-arginine Catabolic Process (GO:0006527),1/4,0.13774745818969023,0.8143107238635908,11.36390977443609,22.527056576132974,OAT
gs_ind_0,L-aspartate Import Across Plasma Membrane (GO:0140009),1/3,0.10519670899329986,0.8143107238635908,15.910622009569378,35.82949982421785,SLC1A2
gs_ind_0,L-aspartate Transmembrane Transport (GO:0070778),1/3,0.10519670899329986,0.8143107238635908,15.910622009569378,35.82949982421785,SLC1A2
gs_ind_0,L-glutamate Import (GO:0051938),1/9,0.28360602247834954,0.8143107238635908,4.677568252181255,5.894527670236213,SLC1A2
gs_ind_0,L-glutamate Import Across Plasma Membrane (GO:0098712),1/2,0.07141958007258499,0.8143107238635908,26.51961722488038,69.99012868850511,SLC1A2
gs_ind_0,L-glutamate Transmembrane Transport (GO:0015813),1/9,0.28360602247834954,0.8143107238635908,4.677568252181255,5.894527670236213,SLC1A2
gs_ind_0,L-methionine Cycle (GO:0033353),1/9,0.28360602247834954,0.8143107238635908,4.677568252181255,5.894527670236213,AHCY
gs_ind_0,Lamellipodium Assembly (GO:0030032),3/23,0.04937199406590918,0.7843626227074628,4.538904899135447,13.65471412459572,CARMIL1;CDH13;P2RY12
gs_ind_0,Lamellipodium Organization (GO:0097581),3/28,0.080067256872774,0.8143107238635908,3.6476050554707955,9.20979527869405,CARMIL1;CDH13;P2RY12
gs_ind_0,Learning (GO:0007612),1/25,0.6042545651778357,0.8704573890158044,1.6209549848647593,0.8165718038797516,RELN
gs_ind_0,Left/right Pattern Formation (GO:0060972),1/22,0.5576523738511637,0.8578511688354005,1.8475353288082785,1.0789966528051265,DNAH11
gs_ind_0,Leukemia Inhibitory Factor Signaling Pathway (GO:0048861),1/5,0.1691162728367959,0.8143107238635908,8.837958532695374,15.706544121771545,LIFR
gs_ind_0,Leukocyte Adhesion to Vascular Endothelial Cell (GO:0061756),1/18,0.4868888983821721,0.8404608219159228,2.2704853041695148,1.6341121316150384,CX3CR1
gs_ind_0,Leukocyte Tethering or Rolling (GO:0050901),1/12,0.3590137723674263,0.8143107238635908,3.456584148117329,3.540905887211403,CX3CR1
gs_ind_0,Limb Development (GO:0060173),1/23,0.5737651895967999,0.8588627371386766,1.7652950558213716,0.9806832660056525,LRP4
gs_ind_0,Linoleic Acid Metabolic Process (GO:0043651),1/11,0.3348020291165355,0.8143107238635908,3.786056049213944,4.142762650493909,FADS2
gs_ind_0,Lipid Biosynthetic Process (GO:0008610),5/101,0.306192068033919,0.8143107238635908,1.5126985475239956,1.7903433241617106,ABCD3;ACSL1;PRKAA2;LIPG;CYP17A1
gs_ind_0,Lipid Catabolic Process (GO:0016042),3/47,0.24364090994351165,0.8143107238635908,2.087329598808406,2.947434253887426,ECI2;LIPG;STS
gs_ind_0,Lipid Droplet Disassembly (GO:1905691),1/7,0.22847789845484393,0.8143107238635908,6.117703349282297,9.031662100875606,PRKAA2
gs_ind_0,Lipid Droplet Organization (GO:0034389),1/32,0.6948141680625056,0.9056246586820894,1.2601048074732286,0.4588178366380002,PRKAA2
gs_ind_0,Lipid Hydroxylation (GO:0002933),1/2,0.07141958007258499,0.8143107238635908,26.51961722488038,69.99012868850511,CYP2E1
gs_ind_0,Lipid Import Into Cell (GO:0140354),2/8,0.03196064988065511,0.7343327305332833,10.215723873441995,35.1752894303098,SLC27A2;ACSL1
gs_ind_0,Lipid Metabolic Process (GO:0006629),13/164,0.006940420376917017,0.5603255919320091,2.3925000727300936,11.891665454309965,MGLL;RDH16;PCCB;HACL1;ACSL1;PRKAA2;FADS3;AWAT2;FABP5;CYP2E1;LIPG;CYP17A1;FADS2
gs_ind_0,Lipid Modification (GO:0030258),1/22,0.5576523738511637,0.8578511688354005,1.8475353288082785,1.0789966528051265,CYP2E1
gs_ind_0,Lipid Transport (GO:0006869),8/95,0.02226758596573865,0.646527840798343,2.5949674379936263,9.872873323215567,ABCD3;ACSL1;MFSD2A;OSBPL5;VPS13A;FABP1;FABP5;ABCG5
gs_ind_0,Lipid Transport Across Blood-Brain Barrier (GO:1990379),2/5,0.012272199601267261,0.5603255919320091,18.97616764826736,83.50308429676458,FABP5;MFSD2A
gs_ind_0,Lipoprotein Catabolic Process (GO:0042159),1/9,0.28360602247834954,0.8143107238635908,4.677568252181255,5.894527670236213,NOTUM
gs_ind_0,Lipoprotein Transport (GO:0042953),1/14,0.4048302662063638,0.8143107238635908,2.9440723019670387,2.662287474131655,UNC119
gs_ind_0,Liver Development (GO:0001889),1/28,0.6459555165454947,0.8837307841304614,1.4438103523270986,0.6309806957104804,PCK1
gs_ind_0,Long-chain Fatty Acid Biosynthetic Process (GO:0042759),1/13,0.38234588519119,0.8143107238635908,3.1798277511961723,3.0571805910777474,CYP2E1
gs_ind_0,Long-chain Fatty Acid Import Into Cell (GO:0044539),2/9,0.04011794014789909,0.7343327305332833,8.852988175135826,28.470604953440475,SLC27A2;ACSL1
gs_ind_0,Long-chain Fatty Acid Metabolic Process (GO:0001676),9/54,0.00012832264669881282,0.21609533704080078,5.605303345828127,50.22891469903615,MGLL;ABCD3;HACL1;SLC27A2;ACSL1;ACOT4;CYP2E1;ACOT1;FADS2
gs_ind_0,Long-chain Fatty Acid Transport (GO:0015909),4/17,0.002821602260436286,0.5603255919320091,8.883221045877447,52.14850834595491,FABP5;MFSD2A;SLC27A2;ACSL1
gs_ind_0,Long-chain fatty-acyl-CoA Biosynthetic Process (GO:0035338),1/14,0.4048302662063638,0.8143107238635908,2.9440723019670387,2.662287474131655,ACSL1
gs_ind_0,Long-chain fatty-acyl-CoA Metabolic Process (GO:0035336),1/19,0.5055741167463359,0.8404608219159228,2.147601189706453,1.464794221737121,ACSL1
gs_ind_0,Long-term Memory (GO:0007616),1/11,0.3348020291165355,0.8143107238635908,3.786056049213944,4.142762650493909,RELN
gs_ind_0,Lymphocyte Chemotaxis (GO:0048247),3/14,0.012905337412285665,0.5603255919320091,8.096353840370881,35.220064621256014,SLC12A2;CYP7B1;CXCL12
gs_ind_0,Lymphocyte Differentiation (GO:0030098),1/57,0.8794784386596708,0.977434075615103,0.7012660371766101,0.09006095377249544,PBX1
gs_ind_0,Lysosomal Protein Catabolic Process (GO:1905146),1/11,0.3348020291165355,0.8143107238635908,3.786056049213944,4.142762650493909,VPS13A
gs_ind_0,Lysosomal Transport (GO:0007041),1/47,0.825196295043895,0.9592304359919781,0.8526933168698874,0.16383136713817034,SORT1
gs_ind_0,Lysosome Organization (GO:0007040),1/48,0.8315747460096414,0.9611337489912396,0.8346814404432134,0.15394371308757915,HOOK2
gs_ind_0,Lytic Vacuole Organization (GO:0080171),1/43,0.7971790326254642,0.9500704111403268,0.9332169997185477,0.21153788940697385,HOOK2
gs_ind_0,Macroautophagy (GO:0016236),3/160,0.9340010415878861,0.9999949233144176,0.5849290212402605,0.03993762318634579,VPS13A;MAP1LC3A;ATM
gs_ind_0,Macromolecule Biosynthetic Process (GO:0009059),3/201,0.9789158735597706,0.9999949233144176,0.46272354861267384,0.009860440374976907,EIF4EBP2;MRPL34;ST6GALNAC2
gs_ind_0,Macrophage Activation Involved in Immune Response (GO:0002281),1/13,0.38234588519119,0.8143107238635908,3.1798277511961723,3.0571805910777474,CX3CR1
gs_ind_0,Macrophage Differentiation (GO:0030225),1/15,0.4264976594107405,0.8143107238635908,2.7408348457350273,2.335598028362105,CSF1R
gs_ind_0,Macropinocytosis (GO:0044351),1/7,0.22847789845484393,0.8143107238635908,6.117703349282297,9.031662100875606,CARMIL1
gs_ind_0,Magnesium Ion Transport (GO:0015693),1/11,0.3348020291165355,0.8143107238635908,3.786056049213944,4.142762650493909,MMGT1
gs_ind_0,Maintenance of Blood-Brain Barrier (GO:0035633),2/25,0.23019459551834004,0.8143107238635908,2.8221578507170397,4.145270850479865,SLC12A2;MFSD2A
gs_ind_0,Mammary Gland Epithelium Development (GO:0061180),1/13,0.38234588519119,0.8143107238635908,3.1798277511961723,3.0571805910777474,CSF1R
gs_ind_0,Medium-chain fatty-acyl-CoA Metabolic Process (GO:0036112),1/4,0.13774745818969023,0.8143107238635908,11.36390977443609,22.527056576132974,NUDT7
gs_ind_0,Melanin Biosynthetic Process (GO:0042438),1/1,0.036369958275382475,0.7343327305332833,79.56459330143541,263.6780302800813,DCT
gs_ind_0,Melanosome Assembly (GO:1903232),1/18,0.4868888983821721,0.8404608219159228,2.2704853041695148,1.6341121316150384,ABCB6
gs_ind_0,Melanosome Organization (GO:0032438),1/34,0.7166581229109903,0.9205585652037435,1.184703277869028,0.3946914413536959,ABCB6
gs_ind_0,Membrane Assembly (GO:0071709),1/32,0.6948141680625056,0.9056246586820894,1.2601048074732286,0.4588178366380002,LRP4
gs_ind_0,Membrane Organization (GO:0061024),4/163,0.84878658421189,0.9696982111705127,0.7439423607821604,0.12196748826096275,VPS13A;EGFR;LPCAT2;AZIN2
gs_ind_0,Membraneless Organelle Assembly (GO:0140694),3/121,0.8213911137484005,0.9592304359919781,0.7796503686409936,0.15340080680184515,HAUS4;CENPA;NEK2
gs_ind_0,Memory (GO:0007613),2/31,0.3118843797918169,0.8143107238635908,2.24718462063474,2.61824589673562,EIF4EBP2;RELN
gs_ind_0,Mesenchymal Cell Differentiation (GO:0048762),2/46,0.5025703785050993,0.8404608219159228,1.4880907494586704,1.02383559049404,IGF1;RANBP3L
gs_ind_0,Mesenchymal Cell Migration (GO:0090497),1/17,0.46749893406525544,0.8304516930019938,2.4082644628099175,1.8311436569442452,SEMA5B
gs_ind_0,Metabolic Compound Salvage (GO:0043094),1/8,0.2565517911082994,0.8143107238635908,5.3016267942583735,7.2124641476594045,PDXK
gs_ind_0,Metal Ion Transport (GO:0030001),6/66,0.0324789733234837,0.7343327305332833,2.8644947498702438,9.817088626378982,MMGT1;SLC17A2;KCNJ16;CACNB4;SLC5A6;KCNA2
gs_ind_0,Metaphase Chromosome Alignment (GO:0051310),1/40,0.7732629611495552,0.9395200768945534,1.0043122766640422,0.2582449476718647,CENPA
gs_ind_0,Microglial Cell Activation (GO:0001774),1/17,0.46749893406525544,0.8304516930019938,2.4082644628099175,1.8311436569442452,CX3CR1
gs_ind_0,Microglial Cell Activation Involved in Immune Response (GO:0002282),1/6,0.19934599035375983,0.8143107238635908,7.23053501522401,11.660780122240014,CX3CR1
gs_ind_0,Microtubule Cytoskeleton Organization Involved in Mitosis (GO:1902850),1/46,0.8185767644022296,0.9592304359919781,0.8714969241285031,0.17446331329513187,SPC25
gs_ind_0,Microtubule-based Protein Transport (GO:0099118),1/9,0.28360602247834954,0.8143107238635908,4.677568252181255,5.894527670236213,HOOK2
gs_ind_0,Microtubule-based Transport (GO:0099111),1/7,0.22847789845484393,0.8143107238635908,6.117703349282297,9.031662100875606,CABYR
gs_ind_0,Mismatch Repair (GO:0006298),1/23,0.5737651895967999,0.8588627371386766,1.7652950558213716,0.9806832660056525,RNASEH2C
gs_ind_0,Mitochondrial Fusion (GO:0008053),1/22,0.5576523738511637,0.8578511688354005,1.8475353288082785,1.0789966528051265,MIMS1
gs_ind_0,Mitochondrial Gene Expression (GO:0140053),1/104,0.9790810817337231,0.9999949233144176,0.38151307121558836,0.00806549874918907,MRPL34
gs_ind_0,Mitochondrial Respirasome Assembly (GO:0097250),1/6,0.19934599035375983,0.8143107238635908,7.23053501522401,11.660780122240014,STMP1
gs_ind_0,Mitochondrial Respiratory Chain Complex Assembly (GO:0033108),2/86,0.8253710818006985,0.9592304359919781,0.7813998082454459,0.14996796844437185,UQCC5;STMP1
gs_ind_0,Mitochondrial Respiratory Chain Complex III Assembly (GO:0034551),2/14,0.0900489319939255,0.8143107238635908,5.309875359539789,12.783004919125327,UQCC5;STMP1
gs_ind_0,Mitochondrial Respiratory Chain Complex IV Assembly (GO:0033617),2/26,0.24379677623323087,0.8143107238635908,2.706772066448823,3.8203930015108383,UQCC5;STMP1
gs_ind_0,Mitochondrial Translation (GO:0032543),1/101,0.9766030324932236,0.9999949233144176,0.39298721702492323,0.009303981089572231,MRPL34
gs_ind_0,Mitochondrion Organization (GO:0007005),2/115,0.925412187692311,0.9999949233144176,0.5805221299115986,0.04499977223555709,VPS13A;STMP1
gs_ind_0,Mitophagy (GO:0000423),1/45,0.8117070603609876,0.9552164148482901,0.8911456373313262,0.18590703065247918,MAP1LC3A
gs_ind_0,Mitotic Cell Cycle Phase Transition (GO:0044772),3/88,0.625614563778509,0.8784098352272761,1.0831634000146058,0.5080261755891226,NEK2;CCNE1;WEE1
gs_ind_0,Mitotic Chromosome Condensation (GO:0007076),1/13,0.38234588519119,0.8143107238635908,3.1798277511961723,3.0571805910777474,NCAPG
gs_ind_0,Mitotic Cytokinesis (GO:0000281),2/50,0.5475298978590858,0.8578511688354005,1.3649662452679128,0.8221713260052429,UNC119;CENPA
gs_ind_0,Mitotic DNA Damage Checkpoint Signaling (GO:0044773),1/49,0.8377208810805986,0.9642665507448586,0.8174123218073299,0.14473945440723052,ATM
gs_ind_0,Mitotic DNA Replication (GO:1902969),2/11,0.05843285698592441,0.8143107238635908,6.98819195640107,19.845605103580986,CDC45;TK1
gs_ind_0,Mitotic G2 DNA Damage Checkpoint Signaling (GO:0007095),1/25,0.6042545651778357,0.8704573890158044,1.6209549848647593,0.8165718038797516,ATM
gs_ind_0,Mitotic G2/M Transition Checkpoint (GO:0044818),1/39,0.7646811496487023,0.9392582465415132,1.0304728764058908,0.2764720907855332,ATM
gs_ind_0,Mitotic Metaphase Chromosome Alignment (GO:0007080),1/40,0.7732629611495552,0.9395200768945534,1.0043122766640422,0.2582449476718647,CENPA
gs_ind_0,Mitotic Sister Chromatid Segregation (GO:0000070),2/87,0.8302533896281219,0.9611337489912396,0.7722045606185486,0.1436488407024023,NCAPG;CENPA
gs_ind_0,Mitotic Spindle Assembly Checkpoint Signaling (GO:0007094),2/16,0.11329711211364774,0.8143107238635908,4.576817535623368,9.967125943485295,SPC25;ATM
gs_ind_0,Mitotic Spindle Checkpoint Signaling (GO:0071174),2/16,0.11329711211364774,0.8143107238635908,4.576817535623368,9.967125943485295,SPC25;ATM
gs_ind_0,Mitotic Spindle Organization (GO:0007052),1/72,0.9310363206850192,0.9999949233144176,0.5535450195737277,0.03955466088117765,SPC25
gs_ind_0,Modification-dependent Protein Catabolic Process (GO:0019941),1/203,0.9994869020229491,0.9999949233144176,0.193592060960482,9.935718701814e-05,DERL3
gs_ind_0,Modified Amino Acid Biosynthetic Process (GO:0042398),1/13,0.38234588519119,0.8143107238635908,3.1798277511961723,3.0571805910777474,GAMT
gs_ind_0,Modified Amino Acid Catabolic Process (GO:0042219),1/13,0.38234588519119,0.8143107238635908,3.1798277511961723,3.0571805910777474,DIO1
gs_ind_0,Modified Amino Acid Transport (GO:0072337),1/13,0.38234588519119,0.8143107238635908,3.1798277511961723,3.0571805910777474,SLC5A6
gs_ind_0,Modulation of Chemical Synaptic Transmission (GO:0050804),6/67,0.034622435081544965,0.7343327305332833,2.8177133655394524,9.476684040774941,RELN;FER1L5;SLC12A2;EIF4EBP2;CX3CR1;HOMER2
gs_ind_0,Modulation of Excitatory Postsynaptic Potential (GO:0098815),1/13,0.38234588519119,0.8143107238635908,3.1798277511961723,3.0571805910777474,RELN
gs_ind_0,Monoacylglycerol Biosynthetic Process (GO:0006640),1/4,0.13774745818969023,0.8143107238635908,11.36390977443609,22.527056576132974,AWAT2
gs_ind_0,Monoacylglycerol Catabolic Process (GO:0052651),1/5,0.1691162728367959,0.8143107238635908,8.837958532695374,15.706544121771545,MGLL
gs_ind_0,Monoacylglycerol Metabolic Process (GO:0046462),2/9,0.04011794014789909,0.7343327305332833,8.852988175135826,28.470604953440475,AWAT2;MGLL
gs_ind_0,Monoatomic Anion Transmembrane Transport (GO:0098656),2/26,0.24379677623323087,0.8143107238635908,2.706772066448823,3.8203930015108383,SLC12A2;SLC5A6
gs_ind_0,Monoatomic Anion Transport (GO:0006820),2/31,0.3118843797918169,0.8143107238635908,2.24718462063474,2.61824589673562,SLC12A2;SLC17A5
gs_ind_0,Monoatomic Cation Homeostasis (GO:0055080),1/50,0.8436431460443029,0.967063521629286,0.800840945338553,0.1361635315408572,TMTC2
gs_ind_0,Monoatomic Cation Transmembrane Transport (GO:0098655),4/134,0.723176902131451,0.9225676339636314,0.9111878132156251,0.2953172539797876,SLC12A2;CACNB4;KCNA2;KCNJ16
gs_ind_0,Monoatomic Ion Transport (GO:0006811),1/23,0.5737651895967999,0.8588627371386766,1.7652950558213716,0.9806832660056525,SLC17A5
gs_ind_0,Monocarboxylic Acid Biosynthetic Process (GO:0072330),5/52,0.03994407713860822,0.7343327305332833,3.084109018931127,9.931678784243136,ABCD3;CYP7B1;SLC27A2;GAMT;LIPG
gs_ind_0,Monocarboxylic Acid Catabolic Process (GO:0072329),1/24,0.5892921663914557,0.8704573890158044,1.6900539550035631,0.893756607904284,ECI2
gs_ind_0,Monocarboxylic Acid Metabolic Process (GO:0032787),7/95,0.05775556404282285,0.8143107238635908,2.2592580438741856,6.442354712683478,NMRK1;PCCB;HACL1;SLC27A2;GAMT;ACOT4;IGF1
gs_ind_0,Monocarboxylic Acid Transport (GO:0015718),6/53,0.012136927009139611,0.5603255919320091,3.6518993135011444,16.1103635165319,ABCD3;ACSL1;SLC5A6;MFSD2A;FABP1;FABP5
gs_ind_0,Monocyte Differentiation (GO:0030224),1/13,0.38234588519119,0.8143107238635908,3.1798277511961723,3.0571805910777474,CSF1R
gs_ind_0,Mononuclear Cell Differentiation (GO:1903131),1/32,0.6948141680625056,0.9056246586820894,1.2601048074732286,0.4588178366380002,CSF1R
gs_ind_0,Monoterpenoid Metabolic Process (GO:0016098),1/2,0.07141958007258499,0.8143107238635908,26.51961722488038,69.99012868850511,CYP2E1
gs_ind_0,Morphogenesis of an Epithelium (GO:0002009),1/19,0.5055741167463359,0.8404608219159228,2.147601189706453,1.464794221737121,KRT10
gs_ind_0,Multicellular Organismal-Level Water Homeostasis (GO:0050891),1/16,0.44737769589721343,0.8215747436105861,2.56382157740392,2.0622152284801696,AQP4
gs_ind_0,Muscle Contraction (GO:0006936),2/79,0.7875320266757065,0.9469510514457993,0.8524108495963876,0.20359938868385033,GAMT;TNNC1
gs_ind_0,Muscle Filament Sliding (GO:0030049),1/4,0.13774745818969023,0.8143107238635908,11.36390977443609,22.527056576132974,TNNC1
gs_ind_0,Muscle Organ Development (GO:0007517),1/36,0.7369413516601964,0.922683446985703,1.117797695262484,0.34120435629060897,IGF1
gs_ind_0,Myelin Maintenance (GO:0043217),1/9,0.28360602247834954,0.8143107238635908,4.677568252181255,5.894527670236213,ABCD2
gs_ind_0,Myelination (GO:0042552),2/37,0.39164936679252893,0.8143107238635908,1.866568538749274,1.749699531656481,ABCD2;CFH
gs_ind_0,Myeloid Leukocyte Differentiation (GO:0002573),1/48,0.8315747460096414,0.9611337489912396,0.8346814404432134,0.15394371308757915,CSF1R
gs_ind_0,Myoblast Differentiation (GO:0045445),1/18,0.4868888983821721,0.8404608219159228,2.2704853041695148,1.6341121316150384,IGF1
gs_ind_0,Myoblast Fusion (GO:0007520),1/9,0.28360602247834954,0.8143107238635908,4.677568252181255,5.894527670236213,FER1L5
gs_ind_0,Myotube Cell Development (GO:0014904),1/8,0.2565517911082994,0.8143107238635908,5.3016267942583735,7.2124641476594045,IGF1
gs_ind_0,Myotube Differentiation (GO:0014902),3/11,0.006344213191810098,0.5603255919320091,10.956263773520936,55.4410195030544,SORT1;IGF1;FER1L5
gs_ind_0,NMDA Glutamate Receptor Clustering (GO:0097114),1/4,0.13774745818969023,0.8143107238635908,11.36390977443609,22.527056576132974,RELN
gs_ind_0,Natural Killer Cell Activation (GO:0030101),1/22,0.5576523738511637,0.8578511688354005,1.8475353288082785,1.0789966528051265,PBX1
gs_ind_0,Natural Killer Cell Differentiation (GO:0001779),1/8,0.2565517911082994,0.8143107238635908,5.3016267942583735,7.2124641476594045,PBX1
gs_ind_0,Neg Reg Phosphatidylinositol 3-Kinase/Protein Kinase B Signal Transduction (GO:0051898),1/35,0.7269876783074459,0.9225676339636314,1.1502808404410234,0.36676215759768194,BANK1
gs_ind_0,Neg Reg Transmembrane Rec Protein Serine/Threonine Kinase Signaling Pathway (GO:0090101),1/79,0.9468637250538072,0.9999949233144176,0.50392832109225,0.027514535660792833,HTRA4
gs_ind_0,Negative Regulation of ATP-dependent Activity (GO:0032780),1/7,0.22847789845484393,0.8143107238635908,6.117703349282297,9.031662100875606,TNNC1
gs_ind_0,Negative Regulation of Actin Filament Bundle Assembly (GO:0032232),1/20,0.5235801565027363,0.8527166185208973,2.0373205741626794,1.3182791304177788,ARHGAP6
gs_ind_0,Negative Regulation of Amyloid Precursor Protein Catabolic Process (GO:1902992),1/18,0.4868888983821721,0.8404608219159228,2.2704853041695148,1.6341121316150384,IGF1
gs_ind_0,Negative Regulation of Amyloid-Beta Formation (GO:1902430),1/17,0.46749893406525544,0.8304516930019938,2.4082644628099175,1.8311436569442452,IGF1
gs_ind_0,Negative Regulation of Angiogenesis (GO:0016525),2/64,0.6817159319645869,0.899629689416935,1.0581399808245446,0.40541811185674453,SLC12A2;CNMD
gs_ind_0,Negative Regulation of Antigen Receptor-Mediated Signaling Pathway (GO:0050858),1/31,0.6832698175559738,0.899629689416935,1.3015138442230763,0.49570165564367114,DUSP3
gs_ind_0,Negative Regulation of Apoptotic Process (GO:0043066),6/348,0.9885166260285471,0.9999949233144176,0.49564935293910223,0.005724659352682589,SOCS2;PRKAA2;IGF1;EGFR;CX3CR1;PIM1
gs_ind_0,Negative Regulation of Apoptotic Signaling Pathway (GO:2001234),2/62,0.6647457629337016,0.8926888873846518,1.0932782897395465,0.44644087051301923,IGF1;CX3CR1
gs_ind_0,Negative Regulation of Autophagy (GO:0010507),1/55,0.8701711789718354,0.9760520723548637,0.7271059216013345,0.10111522438625818,BMF
gs_ind_0,Negative Regulation of Axonogenesis (GO:0050771),1/14,0.4048302662063638,0.8143107238635908,2.9440723019670387,2.662287474131655,LRP4
gs_ind_0,Negative Regulation of B Cell Activation (GO:0050869),2/14,0.0900489319939255,0.8143107238635908,5.309875359539789,12.783004919125327,BANK1;ATM
gs_ind_0,Negative Regulation of B Cell Proliferation (GO:0030889),1/6,0.19934599035375983,0.8143107238635908,7.23053501522401,11.660780122240014,ATM
gs_ind_0,Negative Regulation of Biosynthetic Process (GO:0009890),3/36,0.14180342342695854,0.8143107238635908,2.774929387643913,5.420307096954248,C1QTNF12;ABCD2;NT5DC2
gs_ind_0,Negative Regulation of Blood Vessel Morphogenesis (GO:2000181),1/55,0.8701711789718354,0.9760520723548637,0.7271059216013345,0.10111522438625818,CNMD
gs_ind_0,Negative Regulation of Calcineurin-Mediated Signaling (GO:0106057),1/8,0.2565517911082994,0.8143107238635908,5.3016267942583735,7.2124641476594045,HOMER2
gs_ind_0,Negative Regulation of Canonical Wnt Signaling Pathway (GO:0090090),3/88,0.625614563778509,0.8784098352272761,1.0831634000146058,0.5080261755891226,LRP4;NOTUM;TMEM278
gs_ind_0,Negative Regulation of Carbohydrate Metabolic Process (GO:0045912),1/25,0.6042545651778357,0.8704573890158044,1.6209549848647593,0.8165718038797516,C1QTNF12
gs_ind_0,Negative Regulation of Cardiocyte Differentiation (GO:1905208),1/5,0.1691162728367959,0.8143107238635908,8.837958532695374,15.706544121771545,EGFR
gs_ind_0,Negative Regulation of Cartilage Development (GO:0061037),1/9,0.28360602247834954,0.8143107238635908,4.677568252181255,5.894527670236213,WNT9A
gs_ind_0,Negative Regulation of Catabolic Process (GO:0009895),3/84,0.5940056574684105,0.8704573890158044,1.1366548210486613,0.5920453448144222,EGFR;BMF;AZIN2
gs_ind_0,Negative Regulation of Cell Adhesion (GO:0007162),2/52,0.5689186675999868,0.8588627371386766,1.310718320154163,0.7392684558349937,FZD4;CDH13
gs_ind_0,Negative Regulation of Cell Communication (GO:0010648),1/13,0.38234588519119,0.8143107238635908,3.1798277511961723,3.0571805910777474,SOCS2
gs_ind_0,Negative Regulation of Cell Cycle (GO:0045786),2/50,0.5475298978590858,0.8578511688354005,1.3649662452679128,0.8221713260052429,GAS1;GMNN
gs_ind_0,Negative Regulation of Cell Cycle G1/S Phase Transition (GO:1902807),1/26,0.6186728767356198,0.8739642829272644,1.5572755417956656,0.747770415211568,WEE1
gs_ind_0,Negative Regulation of Cell Cycle G2/M Phase Transition (GO:1902750),1/10,0.3096775589228434,0.8143107238635908,4.184890455804584,4.9056275872300406,WEE1
gs_ind_0,Negative Regulation of Cell Cycle Process (GO:0010948),1/22,0.5576523738511637,0.8578511688354005,1.8475353288082785,1.0789966528051265,NEK2
gs_ind_0,Negative Regulation of Cell Development (GO:0010721),1/11,0.3348020291165355,0.8143107238635908,3.786056049213944,4.142762650493909,IGF1
gs_ind_0,Negative Regulation of Cell Differentiation (GO:0045596),4/157,0.8276337516942264,0.9611337489912396,0.7733601276597079,0.14630778876383635,WNT9A;EGFR;RANBP3L;LRP3
gs_ind_0,Negative Regulation of Cell Junction Assembly (GO:1901889),1/23,0.5737651895967999,0.8588627371386766,1.7652950558213716,0.9806832660056525,ARHGAP6
gs_ind_0,Negative Regulation of Cell Migration (GO:0030336),3/134,0.8702774768377062,0.9760520723548637,0.701909906750967,0.09752559401897921,RAP2A;DUSP3;PODN
gs_ind_0,Negative Regulation of Cell Motility (GO:2000146),3/97,0.6903848707975282,0.9056246586820894,0.9793645711032839,0.3628605018146764,RAP2A;DUSP3;PODN
gs_ind_0,Negative Regulation of Cell Population Proliferation (GO:0008285),6/259,0.9135427555026612,0.9959860412629238,0.674074074074074,0.06095321569447024,WNT9A;PODN;CDH13;CLMN;DLEC1;CD33
gs_ind_0,Negative Regulation of Cell Size (GO:0045792),1/4,0.13774745818969023,0.8143107238635908,11.36390977443609,22.527056576132974,DEPTOR
gs_ind_0,Negative Regulation of Cell-Matrix Adhesion (GO:0001953),1/26,0.6186728767356198,0.8739642829272644,1.5572755417956656,0.747770415211568,ARHGAP6
gs_ind_0,Negative Regulation of Cell-Substrate Adhesion (GO:0010812),1/25,0.6042545651778357,0.8704573890158044,1.6209549848647593,0.8165718038797516,FZD4
gs_ind_0,Negative Regulation of Cell-Substrate Junction Organization (GO:0150118),1/16,0.44737769589721343,0.8215747436105861,2.56382157740392,2.0622152284801696,ARHGAP6
gs_ind_0,Negative Regulation of Cellular Component Organization (GO:0051129),1/63,0.9035908898137561,0.9893673982096003,0.633668899521531,0.06424045103107898,CARMIL1
gs_ind_0,Negative Regulation of Cellular Extravasation (GO:0002692),1/3,0.10519670899329986,0.8143107238635908,15.910622009569378,35.82949982421785,CXCL12
gs_ind_0,Negative Regulation of Cellular Process (GO:0048523),7/383,0.9873212767791629,0.9999949233144176,0.5199531014374256,0.006634489330405608,WNT9A;PODN;CDH13;CLMN;CD33;DLEC1;GMNN
gs_ind_0,Negative Regulation of Chemotaxis (GO:0050922),1/10,0.3096775589228434,0.8143107238635908,4.184890455804584,4.9056275872300406,DUSP3
gs_ind_0,Negative Regulation of Chondrocyte Differentiation (GO:0032331),1/9,0.28360602247834954,0.8143107238635908,4.677568252181255,5.894527670236213,WNT9A
gs_ind_0,Negative Regulation of Cilium Assembly (GO:1902018),1/25,0.6042545651778357,0.8704573890158044,1.6209549848647593,0.8165718038797516,CEP97
gs_ind_0,Negative Regulation of Complement Activation (GO:0045916),1/8,0.2565517911082994,0.8143107238635908,5.3016267942583735,7.2124641476594045,VSIG4
gs_ind_0,Negative Regulation of Cytokine Production (GO:0001818),5/133,0.5339874070605082,0.8578511688354005,1.133353845461129,0.711046961222264,ABCD2;HOMER2;CD33;LILRA5;VSIG4
gs_ind_0,Negative Regulation of Cytokine Production Involved in Inflammatory Response (GO:1900016),1/23,0.5737651895967999,0.8588627371386766,1.7652950558213716,0.9806832660056525,ABCD2
gs_ind_0,Negative Regulation of DNA Metabolic Process (GO:0051053),1/25,0.6042545651778357,0.8704573890158044,1.6209549848647593,0.8165718038797516,GMNN
gs_ind_0,Negative Regulation of DNA Replication (GO:0008156),1/15,0.4264976594107405,0.8143107238635908,2.7408348457350273,2.335598028362105,GMNN
gs_ind_0,Negative Regulation of DNA-templated DNA Replication (GO:2000104),1/12,0.3590137723674263,0.8143107238635908,3.456584148117329,3.540905887211403,GMNN
gs_ind_0,Negative Regulation of DNA-templated Transcription (GO:0045892),10/720,0.9999407895925136,0.9999949233144176,0.3783798043946451,2.2404685704644874e-05,ZBTB20;BHLHE41;SOX12;MXI1;TFDP2;MAFF;NR1I3;EPOP;GMNN;PER3
gs_ind_0,Negative Regulation of Defense Response (GO:0031348),1/98,0.9738320612727486,0.9999949233144176,0.4051674641148325,0.010743587365794205,PIM1
gs_ind_0,Negative Regulation of Dendritic Cell Apoptotic Process (GO:2000669),1/3,0.10519670899329986,0.8143107238635908,15.910622009569378,35.82949982421785,CXCL12
gs_ind_0,Negative Regulation of ERBB Signaling Pathway (GO:1901185),2/20,0.16345936137472836,0.8143107238635908,3.5861988546552306,6.495290637264511,DUSP3;EGFR
gs_ind_0,Negative Regulation of ERK1 and ERK2 Cascade (GO:0070373),1/34,0.7166581229109903,0.9205585652037435,1.184703277869028,0.3946914413536959,DUSP3
gs_ind_0,Negative Regulation of Endocytosis (GO:0045806),1/29,0.6588572211752821,0.8869029260265189,1.3930496096701084,0.5812477594527592,UNC119
gs_ind_0,Negative Regulation of Endothelial Cell Proliferation (GO:0001937),1/28,0.6459555165454947,0.8837307841304614,1.4438103523270986,0.6309806957104804,CNMD
gs_ind_0,Negative Regulation of Epidermal Growth Factor Receptor Signaling Pathway (GO:0042059),2/24,0.21664472331971585,0.8143107238635908,2.947800149142431,4.508649972123984,DUSP3;EGFR
gs_ind_0,Negative Regulation of Epithelial Cell Apoptotic Process (GO:1904036),1/9,0.28360602247834954,0.8143107238635908,4.677568252181255,5.894527670236213,PRKAA2
gs_ind_0,Negative Regulation of Epithelial Cell Proliferation (GO:0050680),2/52,0.5689186675999868,0.8588627371386766,1.310718320154163,0.7392684558349937,CNMD;BRCA2
gs_ind_0,Negative Regulation of Extrinsic Apoptotic Signaling Pathway (GO:2001237),1/59,0.888119657039673,0.9800743790660611,0.6771929824561403,0.080348132129132,IGF1
gs_ind_0,Negative Regulation of Fat Cell Differentiation (GO:0045599),1/32,0.6948141680625056,0.9056246586820894,1.2601048074732286,0.4588178366380002,LRP3
gs_ind_0,Negative Regulation of Fatty Acid Oxidation (GO:0046322),1/8,0.2565517911082994,0.8143107238635908,5.3016267942583735,7.2124641476594045,MFSD2A
gs_ind_0,Negative Regulation of Ferroptosis (GO:0110076),1/18,0.4868888983821721,0.8404608219159228,2.2704853041695148,1.6341121316150384,EGLN3
gs_ind_0,Negative Regulation of Focal Adhesion Assembly (GO:0051895),1/16,0.44737769589721343,0.8215747436105861,2.56382157740392,2.0622152284801696,ARHGAP6
gs_ind_0,Negative Regulation of G1/S Transition of Mitotic Cell Cycle (GO:2000134),1/25,0.6042545651778357,0.8704573890158044,1.6209549848647593,0.8165718038797516,WEE1
gs_ind_0,Negative Regulation of G2/M Transition of Mitotic Cell Cycle (GO:0010972),1/30,0.6712896421442267,0.8956329107048134,1.3457302732949477,0.5363469607775887,WEE1
gs_ind_0,Negative Regulation of Gene Expression (GO:0010629),3/285,0.9983222973778113,0.9999949233144176,0.3231355146940059,0.0005425805721217618,IGF1;PRKAA2;LRP3
gs_ind_0,"Negative Regulation of Gene Expression, Epigenetic (GO:0045814)",3/110,0.7685239986704749,0.9395200768945534,0.8601166141679512,0.22645450274045525,EPOP;H2AZ1;CENPA
gs_ind_0,Negative Regulation of Gluconeogenesis (GO:0045721),1/12,0.3590137723674263,0.8143107238635908,3.456584148117329,3.540905887211403,C1QTNF12
gs_ind_0,Negative Regulation of Immune Response (GO:0050777),1/54,0.8652519242157874,0.9760520723548637,0.7407503465545767,0.1072121848007491,PIM1
gs_ind_0,Negative Regulation of Inflammatory Response (GO:0050728),1/97,0.972837451392345,0.9999949233144176,0.409395840047599,0.011274053163035185,IGF1
gs_ind_0,Negative Regulation of Innate Immune Response (GO:0045824),2/42,0.45482890254862796,0.8304516930019938,1.635536143366121,1.2885309314444544,PIM1;VSIG4
gs_ind_0,Negative Regulation of Interleukin-1 Beta Production (GO:0032691),3/12,0.00823287513187089,0.5603255919320091,9.80226502856565,47.04714705648488,IGF1;CD33;CX3CR1
gs_ind_0,Negative Regulation of Interleukin-1 Production (GO:0032692),3/15,0.015703041211327456,0.5603255919320091,7.448107588856868,30.938700650250688,IGF1;CD33;CX3CR1
gs_ind_0,Negative Regulation of Interleukin-12 Production (GO:0032695),1/7,0.22847789845484393,0.8143107238635908,6.117703349282297,9.031662100875606,LILRA5
gs_ind_0,Negative Regulation of Interleukin-13 Production (GO:0032696),1/2,0.07141958007258499,0.8143107238635908,26.51961722488038,69.99012868850511,LILRA5
gs_ind_0,Negative Regulation of Interleukin-2 Production (GO:0032703),2/15,0.10148676134509448,0.8143107238635908,4.916196157806896,11.247405909429377,HOMER2;VSIG4
gs_ind_0,Negative Regulation of Interleukin-8 Production (GO:0032717),1/11,0.3348020291165355,0.8143107238635908,3.786056049213944,4.142762650493909,CD33
gs_ind_0,Negative Regulation of Intracellular Signal Transduction (GO:1902532),4/269,0.9894809310166036,0.9999949233144176,0.4434674801389863,0.0046895734598912,BANK1;DUSP3;DEPTOR;PRKAA2
gs_ind_0,Negative Regulation of Intrinsic Apoptotic Signaling Pathway (GO:2001243),1/53,0.8601466472210654,0.9741001707601036,0.7549145591250854,0.11372967823494874,CXCL12
gs_ind_0,Negative Regulation of Intrinsic Apoptotic Signaling Pathway in Response to DNA Damage (GO:1902230),1/22,0.5576523738511637,0.8578511688354005,1.8475353288082785,1.0789966528051265,CXCL12
gs_ind_0,Negative Regulation of JNK Cascade (GO:0046329),1/28,0.6459555165454947,0.8837307841304614,1.4438103523270986,0.6309806957104804,DUSP3
gs_ind_0,Negative Regulation of Kinase Activity (GO:0033673),1/23,0.5737651895967999,0.8588627371386766,1.7652950558213716,0.9806832660056525,DEPTOR
gs_ind_0,Negative Regulation of Leukocyte Activation (GO:0002695),1/17,0.46749893406525544,0.8304516930019938,2.4082644628099175,1.8311436569442452,CD33
gs_ind_0,Negative Regulation of Leukocyte Adhesion to Vascular Endothelial Cell (GO:1904995),1/2,0.07141958007258499,0.8143107238635908,26.51961722488038,69.99012868850511,CXCL12
gs_ind_0,Negative Regulation of Leukocyte Apoptotic Process (GO:2000107),1/8,0.2565517911082994,0.8143107238635908,5.3016267942583735,7.2124641476594045,CXCL12
gs_ind_0,Negative Regulation of Leukocyte Cell-Cell Adhesion (GO:1903038),2/22,0.18979665063141055,0.8143107238635908,3.2358581016299137,5.377355593770469,DUSP3;ILDR2
gs_ind_0,Negative Regulation of Leukocyte Mediated Cytotoxicity (GO:0001911),1/11,0.3348020291165355,0.8143107238635908,3.786056049213944,4.142762650493909,CX3CR1
gs_ind_0,Negative Regulation of Lipid Catabolic Process (GO:0050995),1/13,0.38234588519119,0.8143107238635908,3.1798277511961723,3.0571805910777474,MFSD2A
gs_ind_0,Negative Regulation of Locomotion (GO:0040013),1/7,0.22847789845484393,0.8143107238635908,6.117703349282297,9.031662100875606,DUSP3
gs_ind_0,Negative Regulation of Lymphocyte Activation (GO:0051250),3/24,0.0549531728491953,0.8143107238635908,4.327480285056855,12.555205426982369,BANK1;DUSP3;ILDR2
gs_ind_0,Negative Regulation of Lymphocyte Proliferation (GO:0050672),2/24,0.21664472331971585,0.8143107238635908,2.947800149142431,4.508649972123984,VSIG4;ATM
gs_ind_0,Negative Regulation of MAPK Cascade (GO:0043409),1/93,0.9684671684292985,0.9999949233144176,0.4272235872235872,0.013688541129914801,DUSP3
gs_ind_0,Negative Regulation of Macromolecule Biosynthetic Process (GO:0010558),3/138,0.8827414827923322,0.9792451656564444,0.6809908156718455,0.0849351444420703,IGF1;PRKAA2;LRP3
gs_ind_0,Negative Regulation of Mitotic Cell Cycle (GO:0045930),1/21,0.5409316591593569,0.8578511688354005,1.937799043062201,1.1907045175823572,GAS1
gs_ind_0,Negative Regulation of Mitotic Cell Cycle Phase Transition (GO:1901991),1/33,0.7059385191987833,0.9137590056347049,1.221244019138756,0.42527029806639605,WEE1
gs_ind_0,Negative Regulation of Mitotic Metaphase/Anaphase Transition (GO:0045841),2/17,0.12543788520853927,0.8143107238635908,4.2812297033990045,8.887595604971692,SPC25;ATM
gs_ind_0,Negative Regulation of Monoatomic Ion Transport (GO:0043271),1/8,0.2565517911082994,0.8143107238635908,5.3016267942583735,7.2124641476594045,WNK4
gs_ind_0,Negative Regulation of Multicellular Organismal Process (GO:0051241),3/176,0.957311456803836,0.9999949233144176,0.5303673313456635,0.023138064690777616,LRP4;EGFR;BRCA2
gs_ind_0,Negative Regulation of Muscle Cell Apoptotic Process (GO:0010656),1/15,0.4264976594107405,0.8143107238635908,2.7408348457350273,2.335598028362105,IGF1
gs_ind_0,Negative Regulation of Myeloid Leukocyte Mediated Immunity (GO:0002887),1/6,0.19934599035375983,0.8143107238635908,7.23053501522401,11.660780122240014,CX3CR1
gs_ind_0,Negative Regulation of Myotube Differentiation (GO:0010832),1/7,0.22847789845484393,0.8143107238635908,6.117703349282297,9.031662100875606,BHLHE41
gs_ind_0,Negative Regulation of Neurogenesis (GO:0050768),1/17,0.46749893406525544,0.8304516930019938,2.4082644628099175,1.8311436569442452,LRP4
gs_ind_0,Negative Regulation of Neuroinflammatory Response (GO:0150079),1/10,0.3096775589228434,0.8143107238635908,4.184890455804584,4.9056275872300406,IGF1
gs_ind_0,Negative Regulation of Neuron Apoptotic Process (GO:0043524),1/49,0.8377208810805986,0.9642665507448586,0.8174123218073299,0.14473945440723052,CX3CR1
gs_ind_0,Negative Regulation of Neuron Projection Development (GO:0010977),1/28,0.6459555165454947,0.8837307841304614,1.4438103523270986,0.6309806957104804,LRP4
gs_ind_0,Negative Regulation of Organelle Assembly (GO:1902116),1/42,0.7895007578562364,0.9469510514457993,0.9557733325647086,0.22590131414647033,CEP97
gs_ind_0,Negative Regulation of Organelle Organization (GO:0010639),1/38,0.7557751681208258,0.9330831254512247,1.0580287081339712,0.2962600402370663,IGF1
gs_ind_0,Negative Regulation of Ossification (GO:0030279),1/21,0.5409316591593569,0.8578511688354005,1.937799043062201,1.1907045175823572,LRP4
gs_ind_0,Negative Regulation of Osteoblast Differentiation (GO:0045668),1/26,0.6186728767356198,0.8739642829272644,1.5572755417956656,0.747770415211568,RANBP3L
gs_ind_0,Negative Regulation of Plasma Membrane Bounded Cell Projection Assembly (GO:0120033),1/32,0.6948141680625056,0.9056246586820894,1.2601048074732286,0.4588178366380002,CEP97
gs_ind_0,Negative Regulation of Programmed Cell Death (GO:0043069),6/299,0.9635332432519877,0.9999949233144176,0.5804952719551638,0.021564406198951773,SOCS2;PRKAA2;IGF1;EGFR;EGLN3;PIM1
gs_ind_0,Negative Regulation of Proteasomal Protein Catabolic Process (GO:1901799),1/43,0.7971790326254642,0.9500704111403268,0.9332169997185477,0.21153788940697385,FHIT
gs_ind_0,Negative Regulation of Proteasomal Ubiquitin-Dependent Protein Catabolic Process (GO:0032435),1/34,0.7166581229109903,0.9205585652037435,1.184703277869028,0.3946914413536959,FHIT
gs_ind_0,Negative Regulation of Protein Catabolic Process (GO:0042177),2/59,0.6379354594364542,0.8827307425562768,1.150569010796615,0.5172016664263781,EGFR;AZIN2
gs_ind_0,Negative Regulation of Protein Exit From Endoplasmic Reticulum (GO:0070862),1/9,0.28360602247834954,0.8143107238635908,4.677568252181255,5.894527670236213,DERL3
gs_ind_0,Negative Regulation of Protein Kinase Activity (GO:0006469),1/24,0.5892921663914557,0.8704573890158044,1.6900539550035631,0.893756607904284,DEPTOR
gs_ind_0,Negative Regulation of Protein Localization to Cell Periphery (GO:1904376),1/22,0.5576523738511637,0.8578511688354005,1.8475353288082785,1.0789966528051265,WNK4
gs_ind_0,Negative Regulation of Protein Localization to Membrane (GO:1905476),1/22,0.5576523738511637,0.8578511688354005,1.8475353288082785,1.0789966528051265,WNK4
gs_ind_0,Negative Regulation of Protein Localization to Plasma Membrane (GO:1903077),1/23,0.5737651895967999,0.8588627371386766,1.7652950558213716,0.9806832660056525,WNK4
gs_ind_0,Negative Regulation of Protein Maturation (GO:1903318),1/7,0.22847789845484393,0.8143107238635908,6.117703349282297,9.031662100875606,GAS1
gs_ind_0,Negative Regulation of Protein Metabolic Process (GO:0051248),2/123,0.9415222663883457,0.9999949233144176,0.541982805219196,0.03265841033034671,EGFR;AZIN2
gs_ind_0,Negative Regulation of Protein Modification by Small Protein Conjugation or Removal (GO:1903321),1/44,0.8045777468569549,0.9534897436362506,0.9116977396469229,0.1982374388607921,BAG2
gs_ind_0,Negative Regulation of Protein Phosphorylation (GO:0001933),1/48,0.8315747460096414,0.9611337489912396,0.8346814404432134,0.15394371308757915,DEPTOR
gs_ind_0,Negative Regulation of Protein Processing (GO:0010955),1/12,0.3590137723674263,0.8143107238635908,3.456584148117329,3.540905887211403,GAS1
gs_ind_0,Negative Regulation of Protein Ubiquitination (GO:0031397),1/43,0.7971790326254642,0.9500704111403268,0.9332169997185477,0.21153788940697385,BAG2
gs_ind_0,Negative Regulation of Proteolysis (GO:0045861),1/25,0.6042545651778357,0.8704573890158044,1.6209549848647593,0.8165718038797516,GAS1
gs_ind_0,Negative Regulation of RNA Biosynthetic Process (GO:1902679),3/352,0.9998029671482356,0.9999949233144176,0.2599005853016317,5.1213999083069794e-05,TFDP2;GMNN;BHLHE41
gs_ind_0,Negative Regulation of Reactive Oxygen Species Biosynthetic Process (GO:1903427),1/10,0.3096775589228434,0.8143107238635908,4.184890455804584,4.9056275872300406,ABCD2
gs_ind_0,Negative Regulation of Reactive Oxygen Species Metabolic Process (GO:2000378),1/15,0.4264976594107405,0.8143107238635908,2.7408348457350273,2.335598028362105,ABCD2
gs_ind_0,Negative Regulation of Receptor Signaling Pathway via JAK-STAT (GO:0046426),1/22,0.5576523738511637,0.8578511688354005,1.8475353288082785,1.0789966528051265,SOCS2
gs_ind_0,Negative Regulation of Receptor Signaling Pathway via STAT (GO:1904893),1/19,0.5055741167463359,0.8404608219159228,2.147601189706453,1.464794221737121,SOCS2
gs_ind_0,Negative Regulation of Receptor-Mediated Endocytosis (GO:0048261),1/22,0.5576523738511637,0.8578511688354005,1.8475353288082785,1.0789966528051265,UNC119
gs_ind_0,Negative Regulation of Release of Cytochrome C From Mitochondria (GO:0090201),1/16,0.44737769589721343,0.8215747436105861,2.56382157740392,2.0622152284801696,IGF1
gs_ind_0,Negative Regulation of Reproductive Process (GO:2000242),1/6,0.19934599035375983,0.8143107238635908,7.23053501522401,11.660780122240014,IGF1
gs_ind_0,Negative Regulation of Response to Biotic Stimulus (GO:0002832),1/35,0.7269876783074459,0.9225676339636314,1.1502808404410234,0.36676215759768194,PIM1
gs_ind_0,Negative Regulation of Response to External Stimulus (GO:0032102),2/113,0.9207745464684476,0.9984445178704866,0.5910210715038114,0.048782917540917715,DUSP3;PIM1
gs_ind_0,Negative Regulation of Response to Stimulus (GO:0048585),1/45,0.8117070603609876,0.9552164148482901,0.8911456373313262,0.18590703065247918,SOCS2
gs_ind_0,"Negative Regulation of Retrograde Protein Transport, ER to Cytosol (GO:1904153)",1/9,0.28360602247834954,0.8143107238635908,4.677568252181255,5.894527670236213,DERL3
gs_ind_0,Negative Regulation of Signal Transduction (GO:0009968),3/210,0.9837483987533733,0.9999949233144176,0.44236195502470976,0.007248147943048134,NOTUM;SOCS2;CX3CR1
gs_ind_0,Negative Regulation of Signaling (GO:0023057),1/19,0.5055741167463359,0.8404608219159228,2.147601189706453,1.464794221737121,SOCS2
gs_ind_0,Negative Regulation of Small Molecule Metabolic Process (GO:0062014),1/21,0.5409316591593569,0.8578511688354005,1.937799043062201,1.1907045175823572,C1QTNF12
gs_ind_0,Negative Regulation of Smooth Muscle Cell Apoptotic Process (GO:0034392),1/9,0.28360602247834954,0.8143107238635908,4.677568252181255,5.894527670236213,IGF1
gs_ind_0,Negative Regulation of Sodium Ion Transport (GO:0010766),1/9,0.28360602247834954,0.8143107238635908,4.677568252181255,5.894527670236213,WNK4
gs_ind_0,Negative Regulation of Stress Fiber Assembly (GO:0051497),1/18,0.4868888983821721,0.8404608219159228,2.2704853041695148,1.6341121316150384,ARHGAP6
gs_ind_0,Negative Regulation of Striated Muscle Cell Differentiation (GO:0051154),1/12,0.3590137723674263,0.8143107238635908,3.456584148117329,3.540905887211403,BHLHE41
gs_ind_0,Negative Regulation of T Cell Activation (GO:0050868),3/32,0.10922579886678051,0.8143107238635908,3.1521027695012944,6.979820911571679,DUSP3;ILDR2;VSIG4
gs_ind_0,Negative Regulation of T Cell Proliferation (GO:0042130),1/23,0.5737651895967999,0.8588627371386766,1.7652950558213716,0.9806832660056525,VSIG4
gs_ind_0,Negative Regulation of T Cell Receptor Signaling Pathway (GO:0050860),1/23,0.5737651895967999,0.8588627371386766,1.7652950558213716,0.9806832660056525,DUSP3
gs_ind_0,Negative Regulation of TOR Signaling (GO:0032007),3/70,0.47079335177223125,0.8345431625099341,1.3738001209663073,1.0349331220331641,PRKAA2;DEPTOR;ATM
gs_ind_0,Negative Regulation of TORC1 Signaling (GO:1904262),3/51,0.2832596723852026,0.8143107238635908,1.9146241223248859,2.415090080061652,PRKAA2;DEPTOR;ATM
gs_ind_0,Negative Regulation of Telomere Capping (GO:1904354),1/7,0.22847789845484393,0.8143107238635908,6.117703349282297,9.031662100875606,ATM
gs_ind_0,Negative Regulation of Telomere Maintenance (GO:0032205),1/17,0.46749893406525544,0.8304516930019938,2.4082644628099175,1.8311436569442452,ATM
gs_ind_0,Negative Regulation of Transcription by RNA Polymerase II (GO:0000122),8/528,0.9990270835748474,0.9999949233144176,0.42251677348964056,0.0004112736087124086,ZBTB20;BHLHE41;SOX12;MXI1;MAFF;NR1I3;EPOP;PER3
gs_ind_0,Negative Regulation of Transforming Growth Factor Beta Receptor Signaling Pathway (GO:0030512),1/59,0.888119657039673,0.9800743790660611,0.6771929824561403,0.080348132129132,HTRA4
gs_ind_0,Negative Regulation of Translation (GO:0017148),1/89,0.9633952920506583,0.9999949233144176,0.4466628821668964,0.016656716187073047,EIF4EBP2
gs_ind_0,Negative Regulation of Translational Initiation (GO:0045947),1/19,0.5055741167463359,0.8404608219159228,2.147601189706453,1.464794221737121,EIF4EBP2
gs_ind_0,Negative Regulation of Tumor Necrosis Factor Production (GO:0032720),2/28,0.2710728400662629,0.8143107238635908,2.5021255811429297,3.266193944206684,IGF1;CD33
gs_ind_0,Negative Regulation of Tumor Necrosis Factor Superfamily Cytokine Production (GO:1903556),2/29,0.2847077869114524,0.8143107238635908,2.4109648740521226,3.028875723910727,IGF1;CD33
gs_ind_0,Negative Regulation of Ubiquitin-Dependent Protein Catabolic Process (GO:2000059),1/43,0.7971790326254642,0.9500704111403268,0.9332169997185477,0.21153788940697385,FHIT
gs_ind_0,Negative Regulation of Wnt Signaling Pathway (GO:0030178),3/103,0.7286663582705062,0.922683446985703,0.9204935935117878,0.2913724181312231,LRP4;NOTUM;TMEM278
gs_ind_0,Negative Regulation of Wound Healing (GO:0061045),1/23,0.5737651895967999,0.8588627371386766,1.7652950558213716,0.9806832660056525,SLC12A2
gs_ind_0,Negative Regulation of calcineurin-NFAT Signaling Cascade (GO:0070885),1/8,0.2565517911082994,0.8143107238635908,5.3016267942583735,7.2124641476594045,HOMER2
gs_ind_0,Nervous System Development (GO:0007399),10/261,0.47894252813385435,0.8404608219159228,1.1062601992717502,0.8144007391119522,ADGRF1;RELN;KCTD12;UNC119;ALDH3A2;FGF22;CSPG5;GFRA2;ALDH5A1;FGF21
gs_ind_0,Neural Crest Cell Development (GO:0014032),1/28,0.6459555165454947,0.8837307841304614,1.4438103523270986,0.6309806957104804,SEMA5B
gs_ind_0,Neural Crest Cell Migration (GO:0001755),1/17,0.46749893406525544,0.8304516930019938,2.4082644628099175,1.8311436569442452,SEMA5B
gs_ind_0,Neurogenesis (GO:0022008),3/39,0.16808220675139535,0.8143107238635908,2.546300317134473,4.540822685865557,LRP4;FGF21;FGF22
gs_ind_0,Neuromuscular Junction Development (GO:0007528),1/15,0.4264976594107405,0.8143107238635908,2.7408348457350273,2.335598028362105,LRP4
gs_ind_0,Neuron Apoptotic Process (GO:0051402),1/18,0.4868888983821721,0.8404608219159228,2.2704853041695148,1.6341121316150384,AATK
gs_ind_0,Neuron Development (GO:0048666),3/103,0.7286663582705062,0.922683446985703,0.9204935935117878,0.2913724181312231,ADGRF1;PBX1;PPP1R9A
gs_ind_0,Neuron Differentiation (GO:0030182),7/88,0.04101575323511479,0.7426938542788528,2.4545519334358796,7.839345659757983,FZD4;PBX1;WNT9A;SOX12;EGFR;FZD8;EPOP
gs_ind_0,Neuron Fate Commitment (GO:0048663),1/6,0.19934599035375983,0.8143107238635908,7.23053501522401,11.660780122240014,EPOP
gs_ind_0,Neuron Migration (GO:0001764),1/37,0.7465327956842982,0.9271100500976093,1.087094448449892,0.3177748076798525,RELN
gs_ind_0,Neuron Projection Development (GO:0031175),2/126,0.9466647277290775,0.9999949233144176,0.5288074637957391,0.028984087626583627,ADGRF1;PPP1R9A
gs_ind_0,Neuron Projection Extension (GO:1990138),1/22,0.5576523738511637,0.8578511688354005,1.8475353288082785,1.0789966528051265,SEMA5B
gs_ind_0,Neuron Projection Guidance (GO:0097485),6/68,0.03685508878655966,0.7343327305332833,2.7724289855072466,9.15112706551618,RELN;SEMA5B;CXCL12;KIFC2;KIF5A;TENM3
gs_ind_0,Neuron Projection Maintenance (GO:1990535),1/9,0.28360602247834954,0.8143107238635908,4.677568252181255,5.894527670236213,ABCD2
gs_ind_0,Neuron Projection Morphogenesis (GO:0048812),1/91,0.9660255630581865,0.9999949233144176,0.4367284358560892,0.01509551066688887,LRP4
gs_ind_0,Neuron Projection Organization (GO:0106027),1/14,0.4048302662063638,0.8143107238635908,2.9440723019670387,2.662287474131655,ABCD2
gs_ind_0,Neuron Projection Regeneration (GO:0031102),2/6,0.01796768525197654,0.5603255919320091,14.75817620112922,59.3157725019759,NREP;CSPG5
gs_ind_0,Neuronal Action Potential (GO:0019228),1/4,0.13774745818969023,0.8143107238635908,11.36390977443609,22.527056576132974,KCNA2
gs_ind_0,Neurotransmitter Secretion (GO:0007269),1/18,0.4868888983821721,0.8404608219159228,2.2704853041695148,1.6341121316150384,LIN7A
gs_ind_0,Neurotransmitter Transport (GO:0006836),2/26,0.24379677623323087,0.8143107238635908,2.706772066448823,3.8203930015108383,LIN7A;SLC1A2
gs_ind_0,Neurotransmitter-gated Ion Channel Clustering (GO:0072578),1/5,0.1691162728367959,0.8143107238635908,8.837958532695374,15.706544121771545,RELN
gs_ind_0,Neutral Amino Acid Transport (GO:0015804),2/23,0.2031704274471727,0.8143107238635908,3.0851301032353007,4.916803030285306,SLC38A4;SLC7A10
gs_ind_0,Neutral Lipid Catabolic Process (GO:0046461),1/5,0.1691162728367959,0.8143107238635908,8.837958532695374,15.706544121771545,MGLL
gs_ind_0,Nicotinate Metabolic Process (GO:1901847),1/10,0.3096775589228434,0.8143107238635908,4.184890455804584,4.9056275872300406,NMRK1
gs_ind_0,Nitric Oxide Biosynthetic Process (GO:0006809),1/13,0.38234588519119,0.8143107238635908,3.1798277511961723,3.0571805910777474,POR
gs_ind_0,Nitric Oxide Metabolic Process (GO:0046209),1/20,0.5235801565027363,0.8527166185208973,2.0373205741626794,1.3182791304177788,POR
gs_ind_0,Nitrogen Compound Transport (GO:0071705),4/91,0.4232454787421661,0.8143107238635908,1.36322837893579,1.1721077684621812,SLC12A2;ABCB6;SLC5A6;SLC22A5
gs_ind_0,Non-canonical Wnt Signaling Pathway (GO:0035567),3/30,0.09417862060944787,0.8143107238635908,3.3818356475416995,7.989796663687861,FZD4;TIAM1;FZD8
gs_ind_0,Non-proteinogenic Amino Acid Catabolic Process (GO:0170044),1/12,0.3590137723674263,0.8143107238635908,3.456584148117329,3.540905887211403,ALDH5A1
gs_ind_0,Non-proteinogenic Amino Acid Metabolic Process (GO:0170041),1/16,0.44737769589721343,0.8215747436105861,2.56382157740392,2.0622152284801696,KYAT3
gs_ind_0,Nuclear Migration (GO:0007097),1/19,0.5055741167463359,0.8404608219159228,2.147601189706453,1.464794221737121,CLMN
gs_ind_0,Nuclear Receptor-Mediated Signaling Pathway (GO:0141193),1/25,0.6042545651778357,0.8704573890158044,1.6209549848647593,0.8165718038797516,PIM1
gs_ind_0,Nuclear-transcribed mRNA Catabolic Process (GO:0000956),2/101,0.8867652761066239,0.9800743790660611,0.6628781491349365,0.07966135399934063,PNLDC1;ATM
gs_ind_0,"Nuclear-transcribed mRNA Catabolic Process, Deadenylation-Dependent Decay (GO:0000288)",1/41,0.7815323803489124,0.9428141621161269,0.9794435583909268,0.24143156033201724,PNLDC1
gs_ind_0,Nuclear-transcribed mRNA poly(A) Tail Shortening (GO:0000289),1/20,0.5235801565027363,0.8527166185208973,2.0373205741626794,1.3182791304177788,PNLDC1
gs_ind_0,Nucleic Acid Biosynthetic Process (GO:0141187),1/9,0.28360602247834954,0.8143107238635908,4.677568252181255,5.894527670236213,POLD2
gs_ind_0,Nucleic Acid Catabolic Process (GO:0141188),1/46,0.8185767644022296,0.9592304359919781,0.8714969241285031,0.17446331329513187,RNASEH2C
gs_ind_0,Nucleobase Catabolic Process (GO:0046113),2/4,0.007544461404128762,0.5603255919320091,26.56855225311601,129.83896256106613,DPYS;DPYD
gs_ind_0,Nucleobase-containing Compound Metabolic Process (GO:0006139),1/33,0.7059385191987833,0.9137590056347049,1.221244019138756,0.42527029806639605,TK1
gs_ind_0,Nucleobase-containing Small Molecule Interconversion (GO:0015949),1/7,0.22847789845484393,0.8143107238635908,6.117703349282297,9.031662100875606,AK4
gs_ind_0,Nucleobase-containing Small Molecule Metabolic Process (GO:0055086),1/15,0.4264976594107405,0.8143107238635908,2.7408348457350273,2.335598028362105,AK4
gs_ind_0,Nucleoside Phosphate Biosynthetic Process (GO:1901293),2/20,0.16345936137472836,0.8143107238635908,3.5861988546552306,6.495290637264511,AK4;PANK1
gs_ind_0,Nucleoside Phosphate Catabolic Process (GO:1901292),1/17,0.46749893406525544,0.8304516930019938,2.4082644628099175,1.8311436569442452,NUDT7
gs_ind_0,Nucleoside Phosphate Metabolic Process (GO:0006753),2/28,0.2710728400662629,0.8143107238635908,2.5021255811429297,3.266193944206684,ACOT1;ACOT4
gs_ind_0,Nucleoside Triphosphate Biosynthetic Process (GO:0009142),1/5,0.1691162728367959,0.8143107238635908,8.837958532695374,15.706544121771545,AK4
gs_ind_0,Nucleoside Triphosphate Metabolic Process (GO:0009141),1/9,0.28360602247834954,0.8143107238635908,4.677568252181255,5.894527670236213,AK4
gs_ind_0,Nucleotide Metabolic Process (GO:0009117),1/13,0.38234588519119,0.8143107238635908,3.1798277511961723,3.0571805910777474,FHIT
gs_ind_0,Nucleotide-excision Repair (GO:0006289),1/57,0.8794784386596708,0.977434075615103,0.7012660371766101,0.09006095377249544,BRCA2
gs_ind_0,Olefinic Compound Biosynthetic Process (GO:0120255),1/3,0.10519670899329986,0.8143107238635908,15.910622009569378,35.82949982421785,CYP17A1
gs_ind_0,Oligodendrocyte Development (GO:0014003),1/14,0.4048302662063638,0.8143107238635908,2.9440723019670387,2.662287474131655,CFH
gs_ind_0,Oncostatin-M-mediated Signaling Pathway (GO:0038165),1/7,0.22847789845484393,0.8143107238635908,6.117703349282297,9.031662100875606,LIFR
gs_ind_0,Organelle Assembly (GO:0070925),4/291,0.9943082753498333,0.9999949233144176,0.4088697326024187,0.002333821990319981,SCLT1;MAP1LC3A;ABCB6;DYNC2H1
gs_ind_0,Organelle Disassembly (GO:1903008),1/45,0.8117070603609876,0.9552164148482901,0.8911456373313262,0.18590703065247918,PRKAA2
gs_ind_0,Organelle Organization (GO:0006996),8/362,0.955338005107724,0.9999949233144176,0.6280878110041465,0.028697375467185888,ABCD3;ABCD2;SORT1;DYNC2H1;VPS13A;CSPG5;CCL24;RAB30
gs_ind_0,Organic Anion Transport (GO:0015711),1/67,0.9169262224159661,0.9961959732570884,0.5953807964888297,0.05163634369801335,SLC17A5
gs_ind_0,Organic Cation Transport (GO:0015695),1/47,0.825196295043895,0.9592304359919781,0.8526933168698874,0.16383136713817034,SLC22A5
gs_ind_0,Organic Hydroxy Compound Transport (GO:0015850),2/35,0.36545323943149977,0.8143107238635908,1.9782916672629185,1.9913819121811687,ABCD3;ABCG5
gs_ind_0,Organophosphate Catabolic Process (GO:0046434),1/14,0.4048302662063638,0.8143107238635908,2.9440723019670387,2.662287474131655,LIPG
gs_ind_0,Organophosphate Ester Transport (GO:0015748),1/24,0.5892921663914557,0.8704573890158044,1.6900539550035631,0.893756607904284,OSBPL5
gs_ind_0,Organophosphate Metabolic Process (GO:0019637),1/61,0.8961424122592633,0.9856981203426515,0.6547115346593381,0.07179300639417832,PGM2L1
gs_ind_0,Osteoclast Differentiation (GO:0030316),1/18,0.4868888983821721,0.8404608219159228,2.2704853041695148,1.6341121316150384,CSF1R
gs_ind_0,Oxaloacetate Metabolic Process (GO:0006107),1/7,0.22847789845484393,0.8143107238635908,6.117703349282297,9.031662100875606,PCK1
gs_ind_0,Pancreas Development (GO:0031016),1/9,0.28360602247834954,0.8143107238635908,4.677568252181255,5.894527670236213,ILDR2
gs_ind_0,Pattern Recognition Receptor Signaling Pathway (GO:0002221),2/60,0.6470546655777072,0.8837307841304614,1.1308192180675403,0.49227330753370674,TLR5;COLEC10
gs_ind_0,Peptide Hormone Processing (GO:0016486),1/20,0.5235801565027363,0.8527166185208973,2.0373205741626794,1.3182791304177788,PCSK4
gs_ind_0,Peptidyl-L-cysteine S-palmitoylation (GO:0018230),1/10,0.3096775589228434,0.8143107238635908,4.184890455804584,4.9056275872300406,ZDHHC14
gs_ind_0,Peptidyl-S-diacylglycerol-L-cysteine Biosynthetic Process From Peptidyl-Cysteine (GO:0018231),1/10,0.3096775589228434,0.8143107238635908,4.184890455804584,4.9056275872300406,ZDHHC14
gs_ind_0,Peptidyl-serine Modification (GO:0018209),1/30,0.6712896421442267,0.8956329107048134,1.3457302732949477,0.5363469607775887,PCK1
gs_ind_0,Peptidyl-serine Phosphorylation (GO:0018105),2/33,0.3388349317016256,0.8143107238635908,2.104201859714803,2.277256086353031,PCK1;ATM
gs_ind_0,Peptidyl-tyrosine Dephosphorylation (GO:0035335),1/16,0.44737769589721343,0.8215747436105861,2.56382157740392,2.0622152284801696,DUSP3
gs_ind_0,Peptidyl-tyrosine Modification (GO:0018212),1/33,0.7059385191987833,0.9137590056347049,1.221244019138756,0.42527029806639605,CSF1R
gs_ind_0,Peptidyl-tyrosine Phosphorylation (GO:0018108),1/41,0.7815323803489124,0.9428141621161269,0.9794435583909268,0.24143156033201724,CSF1R
gs_ind_0,Peripheral Nervous System Development (GO:0007422),1/10,0.3096775589228434,0.8143107238635908,4.184890455804584,4.9056275872300406,ALDH3A2
gs_ind_0,Peroxisome Organization (GO:0007031),2/27,0.2574295841238708,0.8143107238635908,2.600436147613408,3.528815401830968,ABCD3;ABCD2
gs_ind_0,Pexophagy (GO:0000425),1/15,0.4264976594107405,0.8143107238635908,2.7408348457350273,2.335598028362105,ATM
gs_ind_0,Phenol-containing Compound Catabolic Process (GO:0019336),1/4,0.13774745818969023,0.8143107238635908,11.36390977443609,22.527056576132974,DIO1
gs_ind_0,Phosphate-containing Compound Metabolic Process (GO:0006796),3/106,0.7463687995180521,0.9271100500976093,0.8936177124374092,0.26141484320354497,SLC17A2;DUSP3;PGM2L1
gs_ind_0,Phosphatidylcholine Acyl-Chain Remodeling (GO:0036151),1/9,0.28360602247834954,0.8143107238635908,4.677568252181255,5.894527670236213,LPCAT2
gs_ind_0,Phosphatidylcholine Biosynthetic Process (GO:0006656),1/19,0.5055741167463359,0.8404608219159228,2.147601189706453,1.464794221737121,MFSD2A
gs_ind_0,Phosphatidylcholine Metabolic Process (GO:0046470),2/38,0.40456501553278584,0.8143107238635908,1.8152983359382182,1.6427412039547058,LPCAT2;MFSD2A
gs_ind_0,Phosphatidylinositol 3-Kinase/Protein Kinase B Signal Transduction (GO:0043491),1/34,0.7166581229109903,0.9205585652037435,1.184703277869028,0.3946914413536959,EGFR
gs_ind_0,Phosphatidylserine Acyl-Chain Remodeling (GO:0036150),1/4,0.13774745818969023,0.8143107238635908,11.36390977443609,22.527056576132974,OSBPL5
gs_ind_0,Phosphatidylserine Metabolic Process (GO:0006658),1/12,0.3590137723674263,0.8143107238635908,3.456584148117329,3.540905887211403,OSBPL5
gs_ind_0,Phospholipase C-activating G Protein-Coupled Receptor Signaling Pathway (GO:0007200),3/47,0.24364090994351165,0.8143107238635908,2.087329598808406,2.947434253887426,P2RY12;P2RY1;CX3CR1
gs_ind_0,Phospholipid Catabolic Process (GO:0009395),2/20,0.16345936137472836,0.8143107238635908,3.5861988546552306,6.495290637264511,LIPG;GPCPD1
gs_ind_0,Phospholipid Homeostasis (GO:0055091),1/13,0.38234588519119,0.8143107238635908,3.1798277511961723,3.0571805910777474,LIPG
gs_ind_0,Phospholipid Metabolic Process (GO:0006644),1/46,0.8185767644022296,0.9592304359919781,0.8714969241285031,0.17446331329513187,LIPG
gs_ind_0,Phospholipid Translocation (GO:0045332),1/29,0.6588572211752821,0.8869029260265189,1.3930496096701084,0.5812477594527592,MFSD2A
gs_ind_0,Phospholipid Transport (GO:0015914),2/58,0.6286323683450334,0.8784098352272761,1.171017911232914,0.5435966591456616,MFSD2A;OSBPL5
gs_ind_0,Phosphorylation (GO:0016310),2/210,0.9964319975793812,0.9999949233144176,0.3138313893468159,0.0011217535587434572,CCNE1;WNK4
gs_ind_0,Photoperiodism (GO:0009648),1/19,0.5055741167463359,0.8404608219159228,2.147601189706453,1.464794221737121,PER3
gs_ind_0,Photoreceptor Cell Development (GO:0042461),1/14,0.4048302662063638,0.8143107238635908,2.9440723019670387,2.662287474131655,MFSD2A
gs_ind_0,Photoreceptor Cell Outer Segment Organization (GO:0035845),1/3,0.10519670899329986,0.8143107238635908,15.910622009569378,35.82949982421785,MFSD2A
gs_ind_0,PiRNA Processing (GO:0034587),1/5,0.1691162728367959,0.8143107238635908,8.837958532695374,15.706544121771545,PNLDC1
gs_ind_0,Pigment Catabolic Process (GO:0046149),1/11,0.3348020291165355,0.8143107238635908,3.786056049213944,4.142762650493909,FABP1
gs_ind_0,Pinocytosis (GO:0006907),1/10,0.3096775589228434,0.8143107238635908,4.184890455804584,4.9056275872300406,CARMIL1
gs_ind_0,Plasma Membrane Bounded Cell Projection Assembly (GO:0120031),5/221,0.9083755816584655,0.992026251305354,0.6683718578863794,0.06422876416828921,CARMIL1;CDH13;SCLT1;P2RY12;DYNC2H1
gs_ind_0,Plasma Membrane Bounded Cell Projection Organization (GO:0120036),4/99,0.4877011925632222,0.8404608219159228,1.2483056100055934,0.8963488029831105,ADGRF1;PPP1R9A;CARMIL1;CSF1R
gs_ind_0,Plasma Membrane Organization (GO:0007009),2/63,0.6733202285939986,0.8956329107048134,1.0754234579737936,0.4253668000510009,ABCD2;FER1L5
gs_ind_0,Plasma Membrane Repair (GO:0001778),1/21,0.5409316591593569,0.8578511688354005,1.937799043062201,1.1907045175823572,FER1L5
gs_ind_0,Platelet Activating Factor Metabolic Process (GO:0046469),1/8,0.2565517911082994,0.8143107238635908,5.3016267942583735,7.2124641476594045,LPCAT2
gs_ind_0,Platelet Aggregation (GO:0070527),1/32,0.6948141680625056,0.9056246586820894,1.2601048074732286,0.4588178366380002,P2RY12
gs_ind_0,Porphyrin-containing Compound Biosynthetic Process (GO:0006779),1/25,0.6042545651778357,0.8704573890158044,1.6209549848647593,0.8165718038797516,ABCB6
gs_ind_0,Porphyrin-containing Compound Catabolic Process (GO:0006787),1/12,0.3590137723674263,0.8143107238635908,3.456584148117329,3.540905887211403,FABP1
gs_ind_0,Porphyrin-containing Compound Metabolic Process (GO:0006778),1/8,0.2565517911082994,0.8143107238635908,5.3016267942583735,7.2124641476594045,ABCB6
gs_ind_0,Pos Reg Phosphatidylinositol 3-Kinase/Protein Kinase B Signal Transduction (GO:0051897),6/116,0.24698666020423465,0.8143107238635908,1.5626598465473145,2.1852562688277697,RELN;P2RY12;IGF1;EGFR;CSF1R;CX3CR1
gs_ind_0,Positive Regulation of ATP Metabolic Process (GO:1903580),4/28,0.017715183662368104,0.5603255919320091,4.890946946632359,19.726818567722418,IGF1;ZBTB20;PRXL2C;PRKAA2
gs_ind_0,Positive Regulation of Actin Filament Bundle Assembly (GO:0032233),1/41,0.7815323803489124,0.9428141621161269,0.9794435583909268,0.24143156033201724,CARMIL1
gs_ind_0,Positive Regulation of Actin Filament Depolymerization (GO:0030836),1/3,0.10519670899329986,0.8143107238635908,15.910622009569378,35.82949982421785,CARMIL1
gs_ind_0,Positive Regulation of Actin Filament Polymerization (GO:0030838),2/28,0.2710728400662629,0.8143107238635908,2.5021255811429297,3.266193944206684,CCL24;CARMIL1
gs_ind_0,Positive Regulation of Activated T Cell Proliferation (GO:0042104),2/9,0.04011794014789909,0.7343327305332833,8.852988175135826,28.470604953440475,IL2RA;IGF1
gs_ind_0,Positive Regulation of Apoptotic Process (GO:0043065),3/224,0.9892240745188287,0.9999949233144176,0.4139772705095595,0.004485197934700951,HTRA4;BMF;ATM
gs_ind_0,Positive Regulation of Apoptotic Signaling Pathway (GO:2001235),1/52,0.8548483275178141,0.9713661157489871,0.7696288382031867,0.12070183002562293,G0S2
gs_ind_0,Positive Regulation of Autophagy (GO:0010508),2/86,0.8253710818006985,0.9592304359919781,0.7813998082454459,0.14996796844437185,DEPTOR;PRKAA2
gs_ind_0,Positive Regulation of Axonogenesis (GO:0050772),1/29,0.6588572211752821,0.8869029260265189,1.3930496096701084,0.5812477594527592,TIAM1
gs_ind_0,Positive Regulation of Binding (GO:0051099),1/23,0.5737651895967999,0.8588627371386766,1.7652950558213716,0.9806832660056525,IGF1
gs_ind_0,Positive Regulation of Biosynthetic Process (GO:0009891),2/71,0.7356312895576498,0.922683446985703,0.9510818957489808,0.2920071088963997,PCK1;ZBTB20
gs_ind_0,Positive Regulation of Brown Fat Cell Differentiation (GO:0090336),1/9,0.28360602247834954,0.8143107238635908,4.677568252181255,5.894527670236213,PIM1
gs_ind_0,Positive Regulation of Calcineurin-Mediated Signaling (GO:0106058),2/14,0.0900489319939255,0.8143107238635908,5.309875359539789,12.783004919125327,IGF1;CHP2
gs_ind_0,Positive Regulation of Calcium Ion Import (GO:0090280),1/10,0.3096775589228434,0.8143107238635908,4.184890455804584,4.9056275872300406,CXCL12
gs_ind_0,Positive Regulation of Calcium Ion Transport (GO:0051928),2/17,0.12543788520853927,0.8143107238635908,4.2812297033990045,8.887595604971692,LILRA5;CXCL12
gs_ind_0,Positive Regulation of Calcium-Mediated Signaling (GO:0050850),1/14,0.4048302662063638,0.8143107238635908,2.9440723019670387,2.662287474131655,CDH13
gs_ind_0,Positive Regulation of Canonical NF-kappaB Signal Transduction (GO:0043123),1/172,0.998356851385001,0.9999949233144176,0.22910430064028345,0.00037676203713636565,CX3CR1
gs_ind_0,Positive Regulation of Canonical Wnt Signaling Pathway (GO:0090263),1/75,0.9383262316251898,0.9999949233144176,0.5311390128769147,0.03381103245349339,EGFR
gs_ind_0,Positive Regulation of Carbohydrate Metabolic Process (GO:0045913),4/32,0.0277793650324779,0.7196992417645044,4.203282508484879,15.062302299221672,IGF1;ZBTB20;PRXL2C;PRKAA2
gs_ind_0,Positive Regulation of Cardiac Muscle Cell Proliferation (GO:0060045),1/14,0.4048302662063638,0.8143107238635908,2.9440723019670387,2.662287474131655,PIM1
gs_ind_0,Positive Regulation of Cardiac Muscle Hypertrophy (GO:0010613),1/17,0.46749893406525544,0.8304516930019938,2.4082644628099175,1.8311436569442452,IGF1
gs_ind_0,Positive Regulation of Cardiac Muscle Tissue Growth (GO:0055023),2/15,0.10148676134509448,0.8143107238635908,4.916196157806896,11.247405909429377,IGF1;PIM1
gs_ind_0,Positive Regulation of Catabolic Process (GO:0009896),2/140,0.9654696845638954,0.9999949233144176,0.4748694234556663,0.016687185206274338,DEPTOR;PRKAA2
gs_ind_0,Positive Regulation of Catalytic Activity (GO:0043085),1/32,0.6948141680625056,0.9056246586820894,1.2601048074732286,0.4588178366380002,AZIN2
gs_ind_0,Positive Regulation of Cell Activation (GO:0050867),1/12,0.3590137723674263,0.8143107238635908,3.456584148117329,3.540905887211403,LILRA5
gs_ind_0,Positive Regulation of Cell Adhesion (GO:0045785),3/52,0.29326068953333906,0.8143107238635908,1.8758090026101553,2.3010424109258913,CXCL12;ATM;P2RY12
gs_ind_0,Positive Regulation of Cell Adhesion Mediated by Integrin (GO:0033630),1/10,0.3096775589228434,0.8143107238635908,4.184890455804584,4.9056275872300406,P2RY12
gs_ind_0,Positive Regulation of Cell Cycle (GO:0045787),1/48,0.8315747460096414,0.9611337489912396,0.8346814404432134,0.15394371308757915,DUSP3
gs_ind_0,Positive Regulation of Cell Cycle G1/S Phase Transition (GO:1902808),3/34,0.12512829179249774,0.8143107238635908,2.951542320418401,6.134531997323466,CCNE1;EGFR;PIM1
gs_ind_0,Positive Regulation of Cell Cycle G2/M Phase Transition (GO:1902751),1/16,0.44737769589721343,0.8215747436105861,2.56382157740392,2.0622152284801696,PIM1
gs_ind_0,Positive Regulation of Cell Cycle Process (GO:0090068),1/75,0.9383262316251898,0.9999949233144176,0.5311390128769147,0.03381103245349339,IGF1
gs_ind_0,Positive Regulation of Cell Development (GO:0010720),1/16,0.44737769589721343,0.8215747436105861,2.56382157740392,2.0622152284801696,CX3CR1
gs_ind_0,Positive Regulation of Cell Differentiation (GO:0045597),5/198,0.8513405835854987,0.9713126983455147,0.7490774172167278,0.12055877780394053,MMD2;IGF1;RANBP3L;TIAM1;LRP3
gs_ind_0,Positive Regulation of Cell Growth (GO:0030307),4/80,0.33203751798844866,0.8143107238635908,1.5604936873690767,1.7204556982527137,SYT3;IGF1;EGFR;MFSD2A
gs_ind_0,Positive Regulation of Cell Migration (GO:0030335),12/245,0.1829451646722969,0.8143107238635908,1.4259295308545843,2.422039437266193,FZD4;RAP2A;CARMIL1;CDH13;SEMA5B;CXCL12;IGF1;EGFR;CSF1R;ATM;CCL24;TIAM1
gs_ind_0,Positive Regulation of Cell Motility (GO:2000147),12/167,0.019032682749047198,0.5723399598106336,2.1534450405936765,8.531082775360582,FZD4;RAP2A;CARMIL1;CDH13;SEMA5B;CXCL12;IGF1;EGFR;CSF1R;ATM;CCL24;TIAM1
gs_ind_0,Positive Regulation of Cell Population Proliferation (GO:0008284),12/305,0.43207781893276803,0.8184470092867344,1.1294319243431734,0.9477623142692231,PIM1;CDH13;CHP2;IL2RA;VIPR1;IGF1;EGFR;CSF1R;FGF21;FGF22;LIFR;TIAM1
gs_ind_0,Positive Regulation of Cell Projection Organization (GO:0031346),5/76,0.14270708492679895,0.8143107238635908,2.0453230472516877,3.982164423493435,FZD4;CARMIL1;RELN;TENM3;TIAM1
gs_ind_0,Positive Regulation of Cell Proliferation Involved in Heart Morphogenesis (GO:2000138),1/5,0.1691162728367959,0.8143107238635908,8.837958532695374,15.706544121771545,PIM1
gs_ind_0,Positive Regulation of Cell-Matrix Adhesion (GO:0001954),1/38,0.7557751681208258,0.9330831254512247,1.0580287081339712,0.2962600402370663,CDH13
gs_ind_0,Positive Regulation of Cell-Substrate Adhesion (GO:0010811),3/52,0.29326068953333906,0.8143107238635908,1.8758090026101553,2.3010424109258913,CARMIL1;CDH13;CSPG5
gs_ind_0,Positive Regulation of Cell-Substrate Junction Organization (GO:0150117),1/26,0.6186728767356198,0.8739642829272644,1.5572755417956656,0.747770415211568,DUSP3
gs_ind_0,Positive Regulation of Cellular Component Biogenesis (GO:0044089),1/73,0.9335571484933596,0.9999949233144176,0.5458703184293021,0.03753027564983503,BMF
gs_ind_0,Positive Regulation of Cellular Component Organization (GO:0051130),3/80,0.5607174881412424,0.8588627371386766,1.1956679371571999,0.691739440455379,LRP4;RELN;BMF
gs_ind_0,Positive Regulation of Cellular Process (GO:0048522),13/423,0.7716611367126546,0.9395200768945534,0.8662962083696694,0.22455243867333413,TIAM1;CHP2;MFSD2A;CXCL12;VIPR1;IGF1;EGFR;CSF1R;FGF22;ATM;FGF21;LILRA5;LIFR
gs_ind_0,Positive Regulation of Cellular Response to Insulin Stimulus (GO:1900078),1/11,0.3348020291165355,0.8143107238635908,3.786056049213944,4.142762650493909,C1QTNF12
gs_ind_0,Positive Regulation of Chemokine Production (GO:0032722),1/32,0.6948141680625056,0.9056246586820894,1.2601048074732286,0.4588178366380002,CSF1R
gs_ind_0,Positive Regulation of Chemotaxis (GO:0050921),2/28,0.2710728400662629,0.8143107238635908,2.5021255811429297,3.266193944206684,CDH13;P2RY12
gs_ind_0,Positive Regulation of Cholesterol Metabolic Process (GO:0090205),1/17,0.46749893406525544,0.8304516930019938,2.4082644628099175,1.8311436569442452,STARD4
gs_ind_0,Positive Regulation of Cholesterol Transport (GO:0032376),1/22,0.5576523738511637,0.8578511688354005,1.8475353288082785,1.0789966528051265,LIPG
gs_ind_0,Positive Regulation of Chromosome Condensation (GO:1905821),1/4,0.13774745818969023,0.8143107238635908,11.36390977443609,22.527056576132974,NCAPG
gs_ind_0,Positive Regulation of Chromosome Organization (GO:2001252),2/38,0.40456501553278584,0.8143107238635908,1.8152983359382182,1.6427412039547058,NEK2;NCAPG
gs_ind_0,Positive Regulation of Cold-Induced Thermogenesis (GO:0120162),4/69,0.2421939545506771,0.8143107238635908,1.8240160459631618,2.586484682983821,FABP5;FGF21;G0S2;ACSL1
gs_ind_0,Positive Regulation of Cytokine Production (GO:0001819),3/224,0.9892240745188287,0.9999949233144176,0.4139772705095595,0.004485197934700951,TLR5;CSF1R;LILRA5
gs_ind_0,Positive Regulation of Cytoskeleton Organization (GO:0051495),2/50,0.5475298978590858,0.8578511688354005,1.3649662452679128,0.8221713260052429,CCL24;CARMIL1
gs_ind_0,Positive Regulation of D-glucose Import Across Plasma Membrane (GO:0046326),3/19,0.030043409906553836,0.7343327305332833,5.640875614939016,19.771900505661957,IGF1;C1QTNF12;FGF21
gs_ind_0,Positive Regulation of D-glucose Transmembrane Transport (GO:0010828),3/24,0.0549531728491953,0.8143107238635908,4.327480285056855,12.555205426982369,IGF1;C1QTNF12;FGF21
gs_ind_0,Positive Regulation of DNA Binding (GO:0043388),1/10,0.3096775589228434,0.8143107238635908,4.184890455804584,4.9056275872300406,IGF1
gs_ind_0,Positive Regulation of DNA Biosynthetic Process (GO:2000573),1/37,0.7465327956842982,0.9271100500976093,1.087094448449892,0.3177748076798525,ATM
gs_ind_0,"Positive Regulation of DNA Damage Response, Signal Transduction by P53 Class Mediator (GO:0043517)",1/11,0.3348020291165355,0.8143107238635908,3.786056049213944,4.142762650493909,ATM
gs_ind_0,Positive Regulation of DNA Metabolic Process (GO:0051054),3/80,0.5607174881412424,0.8588627371386766,1.1956679371571999,0.691739440455379,NEK2;EGFR;WEE1
gs_ind_0,Positive Regulation of DNA Repair (GO:0045739),2/67,0.705847385469977,0.9137590056347049,1.0094559879384921,0.3516502850812373,EGFR;ATM
gs_ind_0,Positive Regulation of DNA Replication (GO:0045740),2/19,0.15055496782721928,0.8143107238635908,3.791398438570059,7.1787362727390835,EGFR;WEE1
gs_ind_0,Positive Regulation of DNA-templated Transcription (GO:0045893),16/913,0.99980720518509,0.9999949233144176,0.46949956776486407,9.052580900126242e-05,FZD4;PBX1;H2AZ1;CDH13;CHP2;SOX12;BRCA2;DBP;IGF1;EGFR;MAFF;TFDP2;NR1I3;ATM;ONECUT2;TEF
gs_ind_0,Positive Regulation of Defense Response (GO:0031349),2/93,0.857045054752048,0.9725497791121622,0.7212538442596755,0.11126407219157965,POLR3G;LILRA5
gs_ind_0,Positive Regulation of Dendrite Extension (GO:1903861),1/8,0.2565517911082994,0.8143107238635908,5.3016267942583735,7.2124641476594045,SYT3
gs_ind_0,Positive Regulation of Dendrite Morphogenesis (GO:0050775),1/12,0.3590137723674263,0.8143107238635908,3.456584148117329,3.540905887211403,RELN
gs_ind_0,Positive Regulation of Dendritic Spine Development (GO:0060999),1/15,0.4264976594107405,0.8143107238635908,2.7408348457350273,2.335598028362105,RELN
gs_ind_0,Positive Regulation of Dendritic Spine Morphogenesis (GO:0061003),1/7,0.22847789845484393,0.8143107238635908,6.117703349282297,9.031662100875606,RELN
gs_ind_0,Positive Regulation of Developmental Growth (GO:0048639),2/34,0.3521915966959462,0.8143107238635908,2.0393096836049858,2.128182682704984,SYT3;IGF1
gs_ind_0,Positive Regulation of Developmental Process (GO:0051094),4/177,0.8897445090037661,0.981224461795902,0.6832134645094902,0.07981362958178817,FZD4;KRT10;RELN;CXCL12
gs_ind_0,Positive Regulation of Double-Strand Break Repair (GO:2000781),1/85,0.9575094402441019,0.9999949233144176,0.46794258373205744,0.020317926000707608,ATM
gs_ind_0,Positive Regulation of ER to Golgi Vesicle-Mediated Transport (GO:1902953),1/13,0.38234588519119,0.8143107238635908,3.1798277511961723,3.0571805910777474,PGAP1
gs_ind_0,Positive Regulation of ERK1 and ERK2 Cascade (GO:0070374),7/98,0.066053904987335,0.8143107238635908,2.184707917413867,5.936472148470244,P2RY1;IGF1;EGFR;CSF1R;PRXL2C;MTURN;FGF21
gs_ind_0,Positive Regulation of Endothelial Cell Proliferation (GO:0001938),2/53,0.5793357029487517,0.8664310157777068,1.2851743942510867,0.7015422226335509,CCL24;CDH13
gs_ind_0,Positive Regulation of Epidermis Development (GO:0045684),1/4,0.13774745818969023,0.8143107238635908,11.36390977443609,22.527056576132974,KRT10
gs_ind_0,Positive Regulation of Epithelial Cell Proliferation (GO:0050679),4/78,0.3154415736867958,0.8143107238635908,1.602618676967399,1.8490722627268281,CCL24;IGF1;EGFR;CDH13
gs_ind_0,Positive Regulation of Epithelial to Mesenchymal Transition (GO:0010718),1/35,0.7269876783074459,0.9225676339636314,1.1502808404410234,0.36676215759768194,TIAM1
gs_ind_0,Positive Regulation of Excitatory Postsynaptic Potential (GO:2000463),1/10,0.3096775589228434,0.8143107238635908,4.184890455804584,4.9056275872300406,RELN
gs_ind_0,Positive Regulation of Extrinsic Apoptotic Signaling Pathway (GO:2001238),1/28,0.6459555165454947,0.8837307841304614,1.4438103523270986,0.6309806957104804,G0S2
gs_ind_0,Positive Regulation of Fat Cell Differentiation (GO:0045600),1/36,0.7369413516601964,0.922683446985703,1.117797695262484,0.34120435629060897,PIM1
gs_ind_0,Positive Regulation of Fatty Acid Beta-Oxidation (GO:0032000),1/8,0.2565517911082994,0.8143107238635908,5.3016267942583735,7.2124641476594045,ABCD2
gs_ind_0,Positive Regulation of Fatty Acid Biosynthetic Process (GO:0045723),1/15,0.4264976594107405,0.8143107238635908,2.7408348457350273,2.335598028362105,ABCD2
gs_ind_0,Positive Regulation of Fatty Acid Oxidation (GO:0046321),1/11,0.3348020291165355,0.8143107238635908,3.786056049213944,4.142762650493909,ABCD2
gs_ind_0,Positive Regulation of Fibroblast Proliferation (GO:0048146),1/22,0.5576523738511637,0.8578511688354005,1.8475353288082785,1.0789966528051265,IGF1
gs_ind_0,Positive Regulation of Focal Adhesion Disassembly (GO:0120183),1/8,0.2565517911082994,0.8143107238635908,5.3016267942583735,7.2124641476594045,DUSP3
gs_ind_0,Positive Regulation of G1/S Transition of Mitotic Cell Cycle (GO:1900087),3/29,0.08700105765620539,0.8143107238635908,3.50970583437551,8.570122558133146,CCNE1;EGFR;PIM1
gs_ind_0,Positive Regulation of G2/M Transition of Mitotic Cell Cycle (GO:0010971),1/13,0.38234588519119,0.8143107238635908,3.1798277511961723,3.0571805910777474,PIM1
gs_ind_0,Positive Regulation of Gene Expression (GO:0010628),3/283,0.9982140660012506,0.9999949233144176,0.3254874563570953,0.0005818188142591029,IGF1;ATM;LRP3
gs_ind_0,Positive Regulation of Glial Cell Migration (GO:1903977),1/5,0.1691162728367959,0.8143107238635908,8.837958532695374,15.706544121771545,P2RY12
gs_ind_0,Positive Regulation of Glycogen Biosynthetic Process (GO:0045725),2/11,0.05843285698592441,0.8143107238635908,6.98819195640107,19.845605103580986,IGF1;PPP1R3E
gs_ind_0,Positive Regulation of Glycogen Metabolic Process (GO:0070875),2/13,0.07902841848226269,0.8143107238635908,5.772020509400142,14.649086543158473,IGF1;PPP1R3E
gs_ind_0,Positive Regulation of Glycolytic Process (GO:0045821),4/21,0.006324106798304366,0.5603255919320091,6.850790595352675,34.68820042301421,IGF1;ZBTB20;PRXL2C;PRKAA2
gs_ind_0,Positive Regulation of Glycoprotein Biosynthetic Process (GO:0010560),1/9,0.28360602247834954,0.8143107238635908,4.677568252181255,5.894527670236213,IGF1
gs_ind_0,Positive Regulation of Glycoprotein Metabolic Process (GO:1903020),1/7,0.22847789845484393,0.8143107238635908,6.117703349282297,9.031662100875606,IGF1
gs_ind_0,Positive Regulation of Growth (GO:0045927),2/62,0.6647457629337016,0.8926888873846518,1.0932782897395465,0.44644087051301923,EGFR;MFSD2A
gs_ind_0,Positive Regulation of Hemopoiesis (GO:1903708),1/4,0.13774745818969023,0.8143107238635908,11.36390977443609,22.527056576132974,IL2RA
gs_ind_0,Positive Regulation of Hydrolase Activity (GO:0051345),1/56,0.8749111771147834,0.9760520723548637,0.7139531876373981,0.09540764181503643,CHP2
gs_ind_0,Positive Regulation of Immune Effector Process (GO:0002699),2/39,0.41734787006150936,0.8143107238635908,1.766762543943752,1.5438592729913223,PCK1;COLEC10
gs_ind_0,Positive Regulation of Immune Response (GO:0050778),3/62,0.39334904050228514,0.8143107238635908,1.5594168503136125,1.4550262388796782,POLR3G;PCK1;C9
gs_ind_0,Positive Regulation of Immune System Process (GO:0002684),1/20,0.5235801565027363,0.8527166185208973,2.0373205741626794,1.3182791304177788,C9
gs_ind_0,Positive Regulation of Inflammasome-Mediated Signaling Pathway (GO:0141087),1/27,0.6325668495283794,0.8784098352272761,1.4984020944298997,0.6862222677050261,STMP1
gs_ind_0,Positive Regulation of Inflammatory Response (GO:0050729),1/84,0.9558959527865883,0.9999949233144176,0.4735810675300117,0.021361446066352267,LILRA5
gs_ind_0,Positive Regulation of Innate Immune Response (GO:0045089),1/43,0.7971790326254642,0.9500704111403268,0.9332169997185477,0.21153788940697385,POLR3G
gs_ind_0,Positive Regulation of Insulin Receptor Signaling Pathway (GO:0046628),1/10,0.3096775589228434,0.8143107238635908,4.184890455804584,4.9056275872300406,C1QTNF12
gs_ind_0,Positive Regulation of Insulin-Like Growth Factor Receptor Signaling Pathway (GO:0043568),1/3,0.10519670899329986,0.8143107238635908,15.910622009569378,35.82949982421785,IGF1
gs_ind_0,Positive Regulation of Integrin Activation (GO:0033625),1/8,0.2565517911082994,0.8143107238635908,5.3016267942583735,7.2124641476594045,P2RY12
gs_ind_0,Positive Regulation of Interferon-Beta Production (GO:0032728),1/38,0.7557751681208258,0.9330831254512247,1.0580287081339712,0.2962600402370663,POLR3G
gs_ind_0,Positive Regulation of Interleukin-1 Beta Production (GO:0032731),2/33,0.3388349317016256,0.8143107238635908,2.104201859714803,2.277256086353031,LILRA5;STMP1
gs_ind_0,Positive Regulation of Interleukin-1 Production (GO:0032732),2/38,0.40456501553278584,0.8143107238635908,1.8152983359382182,1.6427412039547058,LILRA5;STMP1
gs_ind_0,Positive Regulation of Interleukin-10 Production (GO:0032733),1/19,0.5055741167463359,0.8404608219159228,2.147601189706453,1.464794221737121,LILRA5
gs_ind_0,Positive Regulation of Interleukin-6 Production (GO:0032755),1/52,0.8548483275178141,0.9713661157489871,0.7696288382031867,0.12070183002562293,LILRA5
gs_ind_0,Positive Regulation of Interleukin-8 Production (GO:0032757),1/42,0.7895007578562364,0.9469510514457993,0.9557733325647086,0.22590131414647033,TLR5
gs_ind_0,Positive Regulation of Intracellular Protein Transport (GO:0090316),1/69,0.9228865740085641,0.9988052639012995,0.5779135962001886,0.04637695375444602,CHP2
gs_ind_0,Positive Regulation of Intracellular Signal Transduction (GO:1902533),11/495,0.9737994186757434,0.9999949233144176,0.6193772810793123,0.01644442481791439,RELN;CDH13;ARHGAP6;P2RY12;IGF1;EGFR;CSF1R;FGF22;CX3CR1;FGF21;LILRA5
gs_ind_0,Positive Regulation of Intracellular Transport (GO:0032388),1/58,0.8838792469108049,0.9792451656564444,0.6890201789057624,0.08504908464804882,PGAP1
gs_ind_0,Positive Regulation of JNK Cascade (GO:0046330),1/59,0.888119657039673,0.9800743790660611,0.6771929824561403,0.080348132129132,MTURN
gs_ind_0,Positive Regulation of Kinase Activity (GO:0033674),1/25,0.6042545651778357,0.8704573890158044,1.6209549848647593,0.8165718038797516,MMD2
gs_ind_0,Positive Regulation of Lamellipodium Organization (GO:1902745),1/25,0.6042545651778357,0.8704573890158044,1.6209549848647593,0.8165718038797516,CARMIL1
gs_ind_0,Positive Regulation of Leukocyte Chemotaxis (GO:0002690),2/36,0.3786091109611788,0.8143107238635908,1.9208109272305363,1.8655894870595544,CSF1R;CXCL12
gs_ind_0,Positive Regulation of Leukocyte Differentiation (GO:1902107),1/11,0.3348020291165355,0.8143107238635908,3.786056049213944,4.142762650493909,IL2RA
gs_ind_0,Positive Regulation of Leukocyte Proliferation (GO:0070665),2/14,0.0900489319939255,0.8143107238635908,5.309875359539789,12.783004919125327,IL2RA;CSF1R
gs_ind_0,Positive Regulation of Lipid Biosynthetic Process (GO:0046889),3/38,0.15916768946790621,0.8143107238635908,2.6182165036327474,4.811750388006442,PCK1;ZBTB20;MFSD2A
gs_ind_0,Positive Regulation of Lipid Catabolic Process (GO:0050996),1/20,0.5235801565027363,0.8527166185208973,2.0373205741626794,1.3182791304177788,ABCD2
gs_ind_0,Positive Regulation of Lipid Metabolic Process (GO:0045834),2/26,0.24379677623323087,0.8143107238635908,2.706772066448823,3.8203930015108383,PCK1;ZBTB20
gs_ind_0,Positive Regulation of Lipoprotein Particle Clearance (GO:0010986),1/6,0.19934599035375983,0.8143107238635908,7.23053501522401,11.660780122240014,LIPG
gs_ind_0,Positive Regulation of Locomotion (GO:0040017),2/18,0.13786954067767557,0.8143107238635908,4.021470699323048,7.968332654775604,CSF1R;P2RY12
gs_ind_0,Positive Regulation of Long-Term Synaptic Potentiation (GO:1900273),1/8,0.2565517911082994,0.8143107238635908,5.3016267942583735,7.2124641476594045,RELN
gs_ind_0,Positive Regulation of Lymphocyte Migration (GO:2000403),1/17,0.46749893406525544,0.8304516930019938,2.4082644628099175,1.8311436569442452,CXCL12
gs_ind_0,Positive Regulation of MAPK Cascade (GO:0043410),9/233,0.47505139365135435,0.8404608219159228,1.1213191608173654,0.8346340516600748,P2RY1;IGF1;EGFR;CSF1R;PRXL2C;FGF22;MTURN;FGF21;LILRA5
gs_ind_0,Positive Regulation of Macroautophagy (GO:0016239),1/72,0.9310363206850192,0.9999949233144176,0.5535450195737277,0.03955466088117765,PRKAA2
gs_ind_0,Positive Regulation of Macromolecule Biosynthetic Process (GO:0010557),4/226,0.9668261737935586,0.9999949233144176,0.5308453461085096,0.01790889476303259,IGF1;ATM;PPP1R3E;LRP3
gs_ind_0,Positive Regulation of Macrophage Chemotaxis (GO:0010759),1/12,0.3590137723674263,0.8143107238635908,3.456584148117329,3.540905887211403,CSF1R
gs_ind_0,Positive Regulation of Macrophage Migration (GO:1905523),2/15,0.10148676134509448,0.8143107238635908,4.916196157806896,11.247405909429377,CSF1R;P2RY12
gs_ind_0,Positive Regulation of Macrophage Proliferation (GO:0120041),1/5,0.1691162728367959,0.8143107238635908,8.837958532695374,15.706544121771545,CSF1R
gs_ind_0,Positive Regulation of Megakaryocyte Differentiation (GO:0045654),1/6,0.19934599035375983,0.8143107238635908,7.23053501522401,11.660780122240014,MTURN
gs_ind_0,Positive Regulation of Memory T Cell Differentiation (GO:0043382),1/3,0.10519670899329986,0.8143107238635908,15.910622009569378,35.82949982421785,PCK1
gs_ind_0,Positive Regulation of Mesenchymal Stem Cell Proliferation (GO:1902462),1/5,0.1691162728367959,0.8143107238635908,8.837958532695374,15.706544121771545,CCNE1
gs_ind_0,Positive Regulation of Microglial Cell Migration (GO:1904141),1/3,0.10519670899329986,0.8143107238635908,15.910622009569378,35.82949982421785,P2RY12
gs_ind_0,Positive Regulation of Microvillus Assembly (GO:1903698),1/4,0.13774745818969023,0.8143107238635908,11.36390977443609,22.527056576132974,RAP2A
gs_ind_0,Positive Regulation of Mitotic Cell Cycle (GO:0045931),1/25,0.6042545651778357,0.8704573890158044,1.6209549848647593,0.8165718038797516,DUSP3
gs_ind_0,Positive Regulation of Mitotic Cell Cycle Phase Transition (GO:1901992),3/47,0.24364090994351165,0.8143107238635908,2.087329598808406,2.947434253887426,CCNE1;EGFR;PIM1
gs_ind_0,Positive Regulation of Mitotic Nuclear Division (GO:0045840),1/22,0.5576523738511637,0.8578511688354005,1.8475353288082785,1.0789966528051265,IGF1
gs_ind_0,Positive Regulation of Monoatomic Ion Transport (GO:0043270),1/22,0.5576523738511637,0.8578511688354005,1.8475353288082785,1.0789966528051265,LILRA5
gs_ind_0,Positive Regulation of Monocyte Chemotaxis (GO:0090026),1/14,0.4048302662063638,0.8143107238635908,2.9440723019670387,2.662287474131655,CXCL12
gs_ind_0,Positive Regulation of Mononuclear Cell Migration (GO:0071677),1/24,0.5892921663914557,0.8704573890158044,1.6900539550035631,0.893756607904284,CXCL12
gs_ind_0,Positive Regulation of Multicellular Organismal Process (GO:0051240),8/260,0.7338864469486142,0.922683446985703,0.8884712525568754,0.274893864484245,LILRA5;ACSL1;CACNB4;G0S2;CXCL12;FABP5;FGF21;TIAM1
gs_ind_0,Positive Regulation of Muscle Contraction (GO:0045933),1/5,0.1691162728367959,0.8143107238635908,8.837958532695374,15.706544121771545,CACNB4
gs_ind_0,Positive Regulation of Muscle Hypertrophy (GO:0014742),1/17,0.46749893406525544,0.8304516930019938,2.4082644628099175,1.8311436569442452,IGF1
gs_ind_0,Positive Regulation of Myeloid Cell Differentiation (GO:0045639),1/31,0.6832698175559738,0.899629689416935,1.3015138442230763,0.49570165564367114,MTURN
gs_ind_0,Positive Regulation of Myeloid Leukocyte Differentiation (GO:0002763),1/24,0.5892921663914557,0.8704573890158044,1.6900539550035631,0.893756607904284,EEIG1
gs_ind_0,Positive Regulation of Myoblast Differentiation (GO:0045663),1/35,0.7269876783074459,0.9225676339636314,1.1502808404410234,0.36676215759768194,RANBP3L
gs_ind_0,Positive Regulation of NLRP3 Inflammasome Complex Assembly (GO:1900227),1/26,0.6186728767356198,0.8739642829272644,1.5572755417956656,0.747770415211568,STMP1
gs_ind_0,Positive Regulation of Nervous System Development (GO:0051962),1/25,0.6042545651778357,0.8704573890158044,1.6209549848647593,0.8165718038797516,CX3CR1
gs_ind_0,Positive Regulation of Neural Precursor Cell Proliferation (GO:2000179),2/13,0.07902841848226269,0.8143107238635908,5.772020509400142,14.649086543158473,DCT;CX3CR1
gs_ind_0,Positive Regulation of Neuroblast Proliferation (GO:0002052),2/6,0.01796768525197654,0.5603255919320091,14.75817620112922,59.3157725019759,DCT;CX3CR1
gs_ind_0,Positive Regulation of Neurogenesis (GO:0050769),3/41,0.18632450594897634,0.8143107238635908,2.413675661514278,4.055615869274187,DCT;TIAM1;CX3CR1
gs_ind_0,Positive Regulation of Neuron Differentiation (GO:0045666),1/24,0.5892921663914557,0.8704573890158044,1.6900539550035631,0.893756607904284,MMD2
gs_ind_0,Positive Regulation of Neuron Projection Arborization (GO:0150012),1/7,0.22847789845484393,0.8143107238635908,6.117703349282297,9.031662100875606,FZD4
gs_ind_0,Positive Regulation of Neuron Projection Development (GO:0010976),2/61,0.6559910299520426,0.8869029260265189,1.111733283917594,0.4687158286736556,RELN;TENM3
gs_ind_0,Positive Regulation of Nuclear Division (GO:0051785),1/15,0.4264976594107405,0.8143107238635908,2.7408348457350273,2.335598028362105,IGF1
gs_ind_0,Positive Regulation of Nucleocytoplasmic Transport (GO:0046824),1/45,0.8117070603609876,0.9552164148482901,0.8911456373313262,0.18590703065247918,CHP2
gs_ind_0,Positive Regulation of Opsonization (GO:1903028),1/12,0.3590137723674263,0.8143107238635908,3.456584148117329,3.540905887211403,COLEC10
gs_ind_0,Positive Regulation of Organelle Organization (GO:0010638),2/63,0.6733202285939986,0.8956329107048134,1.0754234579737936,0.4253668000510009,SYT3;BMF
gs_ind_0,Positive Regulation of Osteoblast Differentiation (GO:0045669),2/33,0.3388349317016256,0.8143107238635908,2.104201859714803,2.277256086353031,IGF1;LRP3
gs_ind_0,Positive Regulation of Osteoclast Differentiation (GO:0045672),1/10,0.3096775589228434,0.8143107238635908,4.184890455804584,4.9056275872300406,EEIG1
gs_ind_0,Positive Regulation of Pattern Recognition Receptor Signaling Pathway (GO:0062208),1/45,0.8117070603609876,0.9552164148482901,0.8911456373313262,0.18590703065247918,EGFR
gs_ind_0,Positive Regulation of Peptidyl-Serine Phosphorylation (GO:0033138),1/14,0.4048302662063638,0.8143107238635908,2.9440723019670387,2.662287474131655,EGFR
gs_ind_0,Positive Regulation of Peptidyl-Tyrosine Phosphorylation (GO:0050731),4/26,0.013692399770673314,0.5603255919320091,5.3264677574590955,22.8554169957476,BANK1;UNC119;CSF1R;LILRA5
gs_ind_0,Positive Regulation of Phagocytosis (GO:0050766),1/51,0.849349680211702,0.9696982111705127,0.7849258610071533,0.12816607324079426,COLEC10
gs_ind_0,Positive Regulation of Phosphate Metabolic Process (GO:0045937),1/13,0.38234588519119,0.8143107238635908,3.1798277511961723,3.0571805910777474,EGFR
gs_ind_0,Positive Regulation of Phospholipase C/protein Kinase C Signal Transduction (GO:0141214),1/2,0.07141958007258499,0.8143107238635908,26.51961722488038,69.99012868850511,ARHGAP6
gs_ind_0,Positive Regulation of Phosphorylation (GO:0042327),2/52,0.5689186675999868,0.8588627371386766,1.310718320154163,0.7392684558349937,EGFR;CSF1R
gs_ind_0,Positive Regulation of Plasma Membrane Bounded Cell Projection Assembly (GO:0120034),2/71,0.7356312895576498,0.922683446985703,0.9510818957489808,0.2920071088963997,RAP2A;P2RY12
gs_ind_0,Positive Regulation of Positive Chemotaxis (GO:0050927),2/10,0.04896219447790363,0.7843626227074628,7.810896170548756,23.563183747458996,CDH13;CXCL12
gs_ind_0,Positive Regulation of Programmed Cell Death (GO:0043068),3/190,0.9711448602719557,0.9999949233144176,0.4902644892731348,0.014354765364188775,HTRA4;BMF;ATM
gs_ind_0,Positive Regulation of Proteasomal Protein Catabolic Process (GO:1901800),1/87,0.9605618070685799,0.9999949233144176,0.45705672483889703,0.018390568582561703,BAG2
gs_ind_0,Positive Regulation of Proteasomal Ubiquitin-Dependent Protein Catabolic Process (GO:0032436),1/63,0.9035908898137561,0.9893673982096003,0.633668899521531,0.06424045103107898,BAG2
gs_ind_0,Positive Regulation of Protein Catabolic Process (GO:0045732),1/100,0.9757135497567226,0.9999949233144176,0.3969656896924815,0.009759889649085238,BAG2
gs_ind_0,Positive Regulation of Protein Import Into Nucleus (GO:0042307),1/28,0.6459555165454947,0.8837307841304614,1.4438103523270986,0.6309806957104804,CHP2
gs_ind_0,Positive Regulation of Protein Kinase Activity (GO:0045860),4/45,0.08001352463579245,0.8143107238635908,2.883878149750107,7.283406148204799,UNC119;CSF1R;LILRA5;MMD2
gs_ind_0,Positive Regulation of Protein Localization (GO:1903829),1/124,0.9900885478415835,0.9999949233144176,0.3192646688491564,0.003180162670191326,PRKAA2
gs_ind_0,Positive Regulation of Protein Localization to Cell Periphery (GO:1904377),1/40,0.7732629611495552,0.9395200768945534,1.0043122766640422,0.2582449476718647,EGFR
gs_ind_0,Positive Regulation of Protein Localization to Membrane (GO:1905477),1/40,0.7732629611495552,0.9395200768945534,1.0043122766640422,0.2582449476718647,EGFR
gs_ind_0,Positive Regulation of Protein Localization to Nucleus (GO:1900182),1/68,0.919961755545041,0.9982059254754182,0.5865178096757044,0.048929180729339924,CHP2
gs_ind_0,Positive Regulation of Protein Localization to Plasma Membrane (GO:1903078),1/39,0.7646811496487023,0.9392582465415132,1.0304728764058908,0.2764720907855332,EGFR
gs_ind_0,Positive Regulation of Protein Maturation (GO:1903319),1/6,0.19934599035375983,0.8143107238635908,7.23053501522401,11.660780122240014,BAG2
gs_ind_0,Positive Regulation of Protein Modification Process (GO:0031401),2/49,0.536560262603699,0.8578511688354005,1.3938033001968007,0.8677490378362335,EGFR;CSF1R
gs_ind_0,Positive Regulation of Protein Phosphorylation (GO:0001934),4/82,0.34867518563488614,0.8143107238635908,1.520515194056019,1.6020368412344104,BANK1;EGFR;CSF1R;MMD2
gs_ind_0,Positive Regulation of Protein Polymerization (GO:0032273),2/49,0.536560262603699,0.8578511688354005,1.3938033001968007,0.8677490378362335,CCL24;CARMIL1
gs_ind_0,Positive Regulation of Protein Processing (GO:0010954),1/15,0.4264976594107405,0.8143107238635908,2.7408348457350273,2.335598028362105,BAG2
gs_ind_0,Positive Regulation of Protein Secretion (GO:0050714),2/59,0.6379354594364542,0.8827307425562768,1.150569010796615,0.5172016664263781,IGF1;CD33
gs_ind_0,Positive Regulation of Protein Transport (GO:0051222),2/63,0.6733202285939986,0.8956329107048134,1.0754234579737936,0.4253668000510009,IGF1;CD33
gs_ind_0,Positive Regulation of Protein Tyrosine Kinase Activity (GO:0061098),3/5,0.0004528541084210114,0.3670371828125547,37.26743515850144,286.95703482926325,UNC119;CSF1R;LILRA5
gs_ind_0,Positive Regulation of Protein-Containing Complex Assembly (GO:0031334),3/87,0.6178729991352003,0.8739642829272644,1.096061479346782,0.5277232914492784,BMF;STMP1;ATM
gs_ind_0,Positive Regulation of Proteolysis (GO:0045862),1/34,0.7166581229109903,0.9205585652037435,1.184703277869028,0.3946914413536959,BAG2
gs_ind_0,Positive Regulation of Purine Nucleotide Catabolic Process (GO:0033123),4/21,0.006324106798304366,0.5603255919320091,6.850790595352675,34.68820042301421,IGF1;ZBTB20;PRXL2C;PRKAA2
gs_ind_0,Positive Regulation of RNA Biosynthetic Process (GO:1902680),3/416,0.9999762636717263,0.9999949233144176,0.21863337154884324,5.189615070112446e-06,FZD4;IGF1;BRCA2
gs_ind_0,Positive Regulation of Ras Protein Signal Transduction (GO:0046579),2/16,0.11329711211364774,0.8143107238635908,4.576817535623368,9.967125943485295,IGF1;MMD2
gs_ind_0,Positive Regulation of Regulatory T Cell Differentiation (GO:0045591),1/11,0.3348020291165355,0.8143107238635908,3.786056049213944,4.142762650493909,SOX12
gs_ind_0,Positive Regulation of Release of Cytochrome C From Mitochondria (GO:0090200),1/16,0.44737769589721343,0.8215747436105861,2.56382157740392,2.0622152284801696,BMF
gs_ind_0,Positive Regulation of Response to Biotic Stimulus (GO:0002833),1/36,0.7369413516601964,0.922683446985703,1.117797695262484,0.34120435629060897,POLR3G
gs_ind_0,Positive Regulation of Response to External Stimulus (GO:0032103),3/118,0.8080939814942958,0.9552164148482901,0.8000756848019096,0.17047765747950538,POLR3G;LILRA5;P2RY12
gs_ind_0,Positive Regulation of Response to Stimulus (GO:0048584),3/60,0.3734784813401258,0.8143107238635908,1.6138913252307563,1.5895133186156496,EGFR;C9;PIM1
gs_ind_0,Positive Regulation of Ruffle Assembly (GO:1900029),1/11,0.3348020291165355,0.8143107238635908,3.786056049213944,4.142762650493909,P2RY12
gs_ind_0,Positive Regulation of Secretion by Cell (GO:1903532),3/52,0.29326068953333906,0.8143107238635908,1.8758090026101553,2.3010424109258913,SLC12A2;IGF1;CD33
gs_ind_0,Positive Regulation of Signal Transduction (GO:0009967),4/205,0.9435844263999263,0.9999949233144176,0.5870719364152877,0.034090936260159264,IGF1;GAS1;C1QTNF12;RELN
gs_ind_0,Positive Regulation of Signal Transduction by P53 Class Mediator (GO:1901798),1/27,0.6325668495283794,0.8784098352272761,1.4984020944298997,0.6862222677050261,ATM
gs_ind_0,Positive Regulation of Skeletal Muscle Tissue Regeneration (GO:0043415),1/4,0.13774745818969023,0.8143107238635908,11.36390977443609,22.527056576132974,IGF1
gs_ind_0,Positive Regulation of Small GTPase Mediated Signal Transduction (GO:0051057),3/55,0.3233691429581838,0.8143107238635908,1.7682356708293308,1.9962686706514876,IGF1;RELN;MMD2
gs_ind_0,Positive Regulation of Small Molecule Metabolic Process (GO:0062013),1/21,0.5409316591593569,0.8578511688354005,1.937799043062201,1.1907045175823572,STARD4
gs_ind_0,Positive Regulation of Smooth Muscle Cell Migration (GO:0014911),1/15,0.4264976594107405,0.8143107238635908,2.7408348457350273,2.335598028362105,IGF1
gs_ind_0,Positive Regulation of Smooth Muscle Cell Proliferation (GO:0048661),2/36,0.3786091109611788,0.8143107238635908,1.9208109272305363,1.8655894870595544,IGF1;CDH13
gs_ind_0,Positive Regulation of Smoothened Signaling Pathway (GO:0045880),1/30,0.6712896421442267,0.8956329107048134,1.3457302732949477,0.5363469607775887,GAS1
gs_ind_0,Positive Regulation of Stem Cell Proliferation (GO:2000648),1/14,0.4048302662063638,0.8143107238635908,2.9440723019670387,2.662287474131655,CCNE1
gs_ind_0,Positive Regulation of Steroid Biosynthetic Process (GO:0010893),1/4,0.13774745818969023,0.8143107238635908,11.36390977443609,22.527056576132974,STARD4
gs_ind_0,Positive Regulation of Steroid Metabolic Process (GO:0045940),1/6,0.19934599035375983,0.8143107238635908,7.23053501522401,11.660780122240014,STARD4
gs_ind_0,Positive Regulation of Sterol Transport (GO:0032373),1/5,0.1691162728367959,0.8143107238635908,8.837958532695374,15.706544121771545,LIPG
gs_ind_0,Positive Regulation of Stress Fiber Assembly (GO:0051496),1/36,0.7369413516601964,0.922683446985703,1.117797695262484,0.34120435629060897,CARMIL1
gs_ind_0,Positive Regulation of Striated Muscle Cell Differentiation (GO:0051155),1/13,0.38234588519119,0.8143107238635908,3.1798277511961723,3.0571805910777474,IGF1
gs_ind_0,Positive Regulation of Substrate Adhesion-Dependent Cell Spreading (GO:1900026),2/29,0.2847077869114524,0.8143107238635908,2.4109648740521226,3.028875723910727,CARMIL1;CSPG5
gs_ind_0,Positive Regulation of Supramolecular Fiber Organization (GO:1902905),2/61,0.6559910299520426,0.8869029260265189,1.111733283917594,0.4687158286736556,CCL24;CARMIL1
gs_ind_0,Positive Regulation of Synapse Maturation (GO:0090129),1/4,0.13774745818969023,0.8143107238635908,11.36390977443609,22.527056576132974,RELN
gs_ind_0,Positive Regulation of Synaptic Transmission (GO:0050806),1/41,0.7815323803489124,0.9428141621161269,0.9794435583909268,0.24143156033201724,RELN
gs_ind_0,"Positive Regulation of Synaptic Transmission, Glutamatergic (GO:0051968)",1/8,0.2565517911082994,0.8143107238635908,5.3016267942583735,7.2124641476594045,RELN
gs_ind_0,Positive Regulation of T Cell Differentiation (GO:0045582),2/42,0.45482890254862796,0.8304516930019938,1.635536143366121,1.2885309314444544,PCK1;SOX12
gs_ind_0,Positive Regulation of T Cell Migration (GO:2000406),1/23,0.5737651895967999,0.8588627371386766,1.7652950558213716,0.9806832660056525,CXCL12
gs_ind_0,Positive Regulation of T Cell Proliferation (GO:0042102),2/32,0.3253949518534859,0.8143107238635908,2.1733492604875595,2.440053114612683,IL2RA;IGF1
gs_ind_0,Positive Regulation of TOR Signaling (GO:0032008),2/75,0.7628090318499645,0.9392582465415132,0.8990614462467633,0.24341869729856566,PIM1;RELN
gs_ind_0,Positive Regulation of TORC1 Signaling (GO:1904263),1/55,0.8701711789718354,0.9760520723548637,0.7271059216013345,0.10111522438625818,PIM1
gs_ind_0,Positive Regulation of Telomere Maintenance (GO:0032206),2/35,0.36545323943149977,0.8143107238635908,1.9782916672629185,1.9913819121811687,NEK2;ATM
gs_ind_0,Positive Regulation of Telomere Maintenance via Telomerase (GO:0032212),1/22,0.5576523738511637,0.8578511688354005,1.8475353288082785,1.0789966528051265,ATM
gs_ind_0,Positive Regulation of Telomere Maintenance via Telomere Lengthening (GO:1904358),1/25,0.6042545651778357,0.8704573890158044,1.6209549848647593,0.8165718038797516,ATM
gs_ind_0,Positive Regulation of Toll-Like Receptor 9 Signaling Pathway (GO:0034165),1/10,0.3096775589228434,0.8143107238635908,4.184890455804584,4.9056275872300406,EGFR
gs_ind_0,Positive Regulation of Transcription Regulatory Region DNA Binding (GO:2000679),1/5,0.1691162728367959,0.8143107238635908,8.837958532695374,15.706544121771545,IGF1
gs_ind_0,Positive Regulation of Transcription by RNA Polymerase II (GO:0045944),15/699,0.9921155998821737,0.9999949233144176,0.5866356669992164,0.004643600474689141,FZD4;PBX1;H2AZ1;CDH13;CHP2;SOX12;DBP;IGF1;MAFF;EGFR;TFDP2;NR1I3;ATM;ONECUT2;TEF
gs_ind_0,Positive Regulation of Transmembrane Transport (GO:0034764),3/15,0.015703041211327456,0.5603255919320091,7.448107588856868,30.938700650250688,AZIN2;PIM1;ACSL1
gs_ind_0,Positive Regulation of Transport (GO:0051050),1/41,0.7815323803489124,0.9428141621161269,0.9794435583909268,0.24143156033201724,SYT3
gs_ind_0,Positive Regulation of Triglyceride Biosynthetic Process (GO:0010867),1/12,0.3590137723674263,0.8143107238635908,3.456584148117329,3.540905887211403,MFSD2A
gs_ind_0,Positive Regulation of Triglyceride Metabolic Process (GO:0090208),1/19,0.5055741167463359,0.8404608219159228,2.147601189706453,1.464794221737121,MFSD2A
gs_ind_0,Positive Regulation of Tumor Necrosis Factor Production (GO:0032760),1/74,0.9359860022948535,0.9999949233144176,0.538404452690167,0.03561801596671303,LILRA5
gs_ind_0,Positive Regulation of Tumor Necrosis Factor Superfamily Cytokine Production (GO:1903557),1/76,0.9405810642613328,0.9999949233144176,0.5240660350454703,0.03210294434072957,LILRA5
gs_ind_0,Positive Regulation of Type I Interferon Production (GO:0032481),1/63,0.9035908898137561,0.9893673982096003,0.633668899521531,0.06424045103107898,POLR3G
gs_ind_0,Positive Regulation of Tyrosine Phosphorylation of STAT Protein (GO:0042531),1/15,0.4264976594107405,0.8143107238635908,2.7408348457350273,2.335598028362105,CSF1R
gs_ind_0,Positive Regulation of Ubiquitin-Dependent Protein Catabolic Process (GO:2000060),1/80,0.9488069648130449,0.9999949233144176,0.4975534892118805,0.026146391133528676,BAG2
gs_ind_0,Positive Regulation of Unsaturated Fatty Acid Biosynthetic Process (GO:2001280),1/5,0.1691162728367959,0.8143107238635908,8.837958532695374,15.706544121771545,ABCD2
gs_ind_0,Positive Regulation of Vascular Associated Smooth Muscle Cell Proliferation (GO:1904707),1/17,0.46749893406525544,0.8304516930019938,2.4082644628099175,1.8311436569442452,IGF1
gs_ind_0,Positive Regulation of Vasculature Development (GO:1904018),1/84,0.9558959527865883,0.9999949233144176,0.4735810675300117,0.021361446066352267,CXCL12
gs_ind_0,Positive Regulation of Vesicle Fusion (GO:0031340),1/6,0.19934599035375983,0.8143107238635908,7.23053501522401,11.660780122240014,SYT3
gs_ind_0,Positive Regulation of Wnt Signaling Pathway (GO:0030177),1/95,0.9707336168243234,0.9999949233144176,0.4181210602263234,0.012419528180827628,EGFR
gs_ind_0,Positive Regulation of calcineurin-NFAT Signaling Cascade (GO:0070886),2/14,0.0900489319939255,0.8143107238635908,5.309875359539789,12.783004919125327,IGF1;CHP2
gs_ind_0,Positive Regulation of miRNA Metabolic Process (GO:2000630),1/40,0.7732629611495552,0.9395200768945534,1.0043122766640422,0.2582449476718647,EGFR
gs_ind_0,Positive Regulation of miRNA Transcription (GO:1902895),1/35,0.7269876783074459,0.9225676339636314,1.1502808404410234,0.36676215759768194,EGFR
gs_ind_0,Post-Golgi Vesicle-Mediated Transport (GO:0006892),3/41,0.18632450594897634,0.8143107238635908,2.413675661514278,4.055615869274187,SORT1;STEAP2;OSBPL5
gs_ind_0,Postsynapse Assembly (GO:0099068),1/5,0.1691162728367959,0.8143107238635908,8.837958532695374,15.706544121771545,LRP4
gs_ind_0,Postsynaptic Density Assembly (GO:0097107),1/7,0.22847789845484393,0.8143107238635908,6.117703349282297,9.031662100875606,RELN
gs_ind_0,Postsynaptic Density Organization (GO:0097106),1/6,0.19934599035375983,0.8143107238635908,7.23053501522401,11.660780122240014,RELN
gs_ind_0,Postsynaptic Density Protein 95 Clustering (GO:0097119),1/4,0.13774745818969023,0.8143107238635908,11.36390977443609,22.527056576132974,RELN
gs_ind_0,Postsynaptic Membrane Assembly (GO:0097104),1/4,0.13774745818969023,0.8143107238635908,11.36390977443609,22.527056576132974,LRP4
gs_ind_0,Postsynaptic Membrane Organization (GO:0001941),2/10,0.04896219447790363,0.7843626227074628,7.810896170548756,23.563183747458996,LRP4;RELN
gs_ind_0,Potassium Ion Homeostasis (GO:0055075),1/11,0.3348020291165355,0.8143107238635908,3.786056049213944,4.142762650493909,SLC12A2
gs_ind_0,Potassium Ion Import Across Plasma Membrane (GO:1990573),2/15,0.10148676134509448,0.8143107238635908,4.916196157806896,11.247405909429377,KCNJ16;SLC12A2
gs_ind_0,Potassium Ion Transmembrane Transport (GO:0071805),3/42,0.19563200570801792,0.8143107238635908,2.35239971303153,3.837986959627601,KCNJ16;SLC12A2;KCNA2
gs_ind_0,Potassium Ion Transport (GO:0006813),3/40,0.17713788003670106,0.8143107238635908,2.478219660582773,4.2893691693775855,KCNJ16;SLC12A2;KCNA2
gs_ind_0,Pre-B Cell Differentiation (GO:0002329),1/3,0.10519670899329986,0.8143107238635908,15.910622009569378,35.82949982421785,ATM
gs_ind_0,Presynapse Assembly (GO:0099054),1/8,0.2565517911082994,0.8143107238635908,5.3016267942583735,7.2124641476594045,LRP4
gs_ind_0,Presynaptic Membrane Assembly (GO:0097105),1/5,0.1691162728367959,0.8143107238635908,8.837958532695374,15.706544121771545,LRP4
gs_ind_0,Presynaptic Membrane Organization (GO:0097090),1/5,0.1691162728367959,0.8143107238635908,8.837958532695374,15.706544121771545,LRP4
gs_ind_0,Primary Alcohol Biosynthetic Process (GO:0034309),1/2,0.07141958007258499,0.8143107238635908,26.51961722488038,69.99012868850511,CYP17A1
gs_ind_0,Primary Alcohol Metabolic Process (GO:0034308),4/28,0.017715183662368104,0.5603255919320091,4.890946946632359,19.726818567722418,IGF1;RDH16;ALDH3A2;RETSAT
gs_ind_0,Progesterone Metabolic Process (GO:0042448),1/4,0.13774745818969023,0.8143107238635908,11.36390977443609,22.527056576132974,CYP17A1
gs_ind_0,Propionyl-CoA Metabolic Process (GO:1902858),1/4,0.13774745818969023,0.8143107238635908,11.36390977443609,22.527056576132974,NUDT7
gs_ind_0,Prostaglandin Biosynthetic Process (GO:0001516),1/12,0.3590137723674263,0.8143107238635908,3.456584148117329,3.540905887211403,PTGDS
gs_ind_0,Prostaglandin Metabolic Process (GO:0006693),1/19,0.5055741167463359,0.8404608219159228,2.147601189706453,1.464794221737121,PTGDS
gs_ind_0,Prostanoid Biosynthetic Process (GO:0046457),1/14,0.4048302662063638,0.8143107238635908,2.9440723019670387,2.662287474131655,PTGDS
gs_ind_0,Prostanoid Metabolic Process (GO:0006692),1/15,0.4264976594107405,0.8143107238635908,2.7408348457350273,2.335598028362105,PTGDS
gs_ind_0,Proteasomal Protein Catabolic Process (GO:0010498),5/276,0.9744933440543421,0.9999949233144176,0.5308253905674216,0.013715248894054607,RNF186;SOCS2;RNF145;GID4;KLHL24
gs_ind_0,Proteasome-mediated Ubiquitin-Dependent Protein Catabolic Process (GO:0043161),5/334,0.9942553349673042,0.9999949233144176,0.4355200524449686,0.0025091307945355277,RNF186;SOCS2;RNF145;GID4;KLHL24
gs_ind_0,Protein Autophosphorylation (GO:0046777),2/78,0.7815727852221575,0.9428141621161269,0.8636161399682916,0.21283560527183645,CSF1R;ATM
gs_ind_0,Protein Autoubiquitination (GO:0051865),2/51,0.5583164376743461,0.8578511688354005,1.3372943238715052,0.7794144279859105,KLHL24;RNF186
gs_ind_0,Protein Biosynthetic Process (GO:0160307),2/138,0.9632388889444011,0.9999949233144176,0.4818974569693649,0.018048905675558335,EIF4EBP2;MRPL34
gs_ind_0,Protein Catabolic Process in the Vacuole (GO:0007039),1/12,0.3590137723674263,0.8143107238635908,3.456584148117329,3.540905887211403,VPS13A
gs_ind_0,Protein Complex Oligomerization (GO:0051259),1/90,0.9647348947556829,0.9999949233144176,0.44164015931143247,0.015855736666687676,C9
gs_ind_0,Protein Deacylation (GO:0035601),1/16,0.44737769589721343,0.8215747436105861,2.56382157740392,2.0622152284801696,NOTUM
gs_ind_0,Protein Dephosphorylation (GO:0006470),1/64,0.9071127145415206,0.991933643693455,0.6236446520739931,0.06079822205546009,DUSP3
gs_ind_0,Protein Export From Nucleus (GO:0006611),1/23,0.5737651895967999,0.8588627371386766,1.7652950558213716,0.9806832660056525,RANBP3L
gs_ind_0,Protein Heterooligomerization (GO:0051291),1/13,0.38234588519119,0.8143107238635908,3.1798277511961723,3.0571805910777474,KRT10
gs_ind_0,Protein Heterotetramerization (GO:0051290),1/10,0.3096775589228434,0.8143107238635908,4.184890455804584,4.9056275872300406,KRT10
gs_ind_0,Protein Homooligomerization (GO:0051260),4/101,0.5033707168018918,0.8404608219159228,1.222521655437921,0.8391735457740376,SLC1A2;TK1;C9;AQP4
gs_ind_0,Protein Homotetramerization (GO:0051289),2/40,0.429990501115447,0.817273142074958,1.7207480917931541,1.4522979004735832,TK1;AQP4
gs_ind_0,Protein Homotrimerization (GO:0070207),1/14,0.4048302662063638,0.8143107238635908,2.9440723019670387,2.662287474131655,SLC1A2
gs_ind_0,Protein Hydroxylation (GO:0018126),1/11,0.3348020291165355,0.8143107238635908,3.786056049213944,4.142762650493909,EGLN3
gs_ind_0,Protein Insertion Into ER Membrane (GO:0045048),1/27,0.6325668495283794,0.8784098352272761,1.4984020944298997,0.6862222677050261,MMGT1
gs_ind_0,Protein Insertion Into ER Membrane by Stop-Transfer Membrane-Anchor Sequence (GO:0045050),1/11,0.3348020291165355,0.8143107238635908,3.786056049213944,4.142762650493909,MMGT1
gs_ind_0,Protein Insertion Into Membrane (GO:0051205),1/15,0.4264976594107405,0.8143107238635908,2.7408348457350273,2.335598028362105,EGFR
gs_ind_0,Protein K29-linked Ubiquitination (GO:0035519),1/9,0.28360602247834954,0.8143107238635908,4.677568252181255,5.894527670236213,RNF186
gs_ind_0,Protein K63-linked Ubiquitination (GO:0070534),1/55,0.8701711789718354,0.9760520723548637,0.7271059216013345,0.10111522438625818,RNF186
gs_ind_0,Protein Localization to Cell Junction (GO:1902414),2/24,0.21664472331971585,0.8143107238635908,2.947800149142431,4.508649972123984,MPP4;RELN
gs_ind_0,Protein Localization to Cell Periphery (GO:1990778),1/103,0.9782856335547743,0.9999949233144176,0.38526315789473686,0.008457910465662253,P2RY1
gs_ind_0,Protein Localization to Cell Surface (GO:0034394),1/16,0.44737769589721343,0.8215747436105861,2.56382157740392,2.0622152284801696,FBLN5
gs_ind_0,Protein Localization to Chromatin (GO:0071168),1/27,0.6325668495283794,0.8784098352272761,1.4984020944298997,0.6862222677050261,CENPA
gs_ind_0,Protein Localization to Chromosome (GO:0034502),1/54,0.8652519242157874,0.9760520723548637,0.7407503465545767,0.1072121848007491,CENPA
gs_ind_0,"Protein Localization to Chromosome, Centromeric Region (GO:0071459)",1/11,0.3348020291165355,0.8143107238635908,3.786056049213944,4.142762650493909,CENPA
gs_ind_0,Protein Localization to Cilium (GO:0061512),1/51,0.849349680211702,0.9696982111705127,0.7849258610071533,0.12816607324079426,DNAH11
gs_ind_0,Protein Localization to Membrane (GO:0072657),2/151,0.9755936988151932,0.9999949233144176,0.4395764725499187,0.01086152646368666,P2RY1;RELN
gs_ind_0,Protein Localization to Mitochondrion (GO:0070585),1/35,0.7269876783074459,0.9225676339636314,1.1502808404410234,0.36676215759768194,RNF186
gs_ind_0,Protein Localization to Organelle (GO:0033365),2/139,0.9643710444890814,0.9999949233144176,0.47835788372701127,0.01735442100733084,RNF186;PRKAA2
gs_ind_0,Protein Localization to Perinuclear Region of Cytoplasm (GO:1905719),1/8,0.2565517911082994,0.8143107238635908,5.3016267942583735,7.2124641476594045,HOOK2
gs_ind_0,Protein Localization to Plasma Membrane (GO:0072659),1/124,0.9900885478415835,0.9999949233144176,0.3192646688491564,0.003180162670191326,P2RY1
gs_ind_0,Protein Localization to Presynapse (GO:1905383),1/6,0.19934599035375983,0.8143107238635908,7.23053501522401,11.660780122240014,KIF5A
gs_ind_0,Protein Localization to Synapse (GO:0035418),2/12,0.0684728533567351,0.8143107238635908,6.322193306852943,16.951810167056188,MPP4;RELN
gs_ind_0,Protein Maturation (GO:0051604),2/144,0.9695474241322803,0.9999949233144176,0.46140519082942255,0.014269365910923336,PGAP1;PCSK4
gs_ind_0,Protein Metabolic Process (GO:0019538),7/461,0.9981344331697182,0.9999949233144176,0.42822820520193355,0.000799634453305271,CTSE;HTRA4;COLEC10;MRPL34;EIF4EBP2;BAG2;CFH
gs_ind_0,Protein Modification Process (GO:0036211),4/349,0.9989472422115396,0.9999949233144176,0.33877754548024996,0.0003568385648233337,ST6GALNAC2;CCNE1;WNK4;EGLN3
gs_ind_0,Protein Modification by Small Protein Conjugation (GO:0032446),1/267,0.9999539676322814,0.9999949233144176,0.14641148325358852,6.739822361536661e-06,KLHL24
gs_ind_0,Protein N-linked Glycosylation (GO:0006487),2/63,0.6733202285939986,0.8956329107048134,1.0754234579737936,0.4253668000510009,DERL3;ALG10
gs_ind_0,Protein O-linked Glycosylation (GO:0006493),3/59,0.36349427223953257,0.8143107238635908,1.6425747876871286,1.6622721164581002,GALNT15;ST6GALNAC2;TMTC2
gs_ind_0,Protein O-linked Glycosylation via Mannose (GO:0035269),1/14,0.4048302662063638,0.8143107238635908,2.9440723019670387,2.662287474131655,TMTC2
gs_ind_0,Protein O-linked Glycosylation via N-acetyl-galactosamine (GO:0016266),2/20,0.16345936137472836,0.8143107238635908,3.5861988546552306,6.495290637264511,GALNT15;ST6GALNAC2
gs_ind_0,Protein O-linked Glycosylation via Xylose (GO:0180064),1/34,0.7166581229109903,0.9205585652037435,1.184703277869028,0.3946914413536959,EXTL1
gs_ind_0,Protein Palmitoylation (GO:0018345),1/15,0.4264976594107405,0.8143107238635908,2.7408348457350273,2.335598028362105,ZDHHC14
gs_ind_0,Protein Phosphorylation (GO:0006468),5/247,0.9489712449796998,0.9999949233144176,0.59557406873515,0.031194252667945125,PCK1;WNK4;CSF1R;ATM;CCNE1
gs_ind_0,Protein Polymerization (GO:0051258),1/45,0.8117070603609876,0.9552164148482901,0.8911456373313262,0.18590703065247918,ARHGAP6
gs_ind_0,Protein Polyubiquitination (GO:0000209),1/211,0.9996201851778255,0.9999949233144176,0.1861255384195752,7.070666684718629e-05,RNF186
gs_ind_0,Protein Processing (GO:0016485),1/105,0.9798474444581041,0.9999949233144176,0.3778347565302992,0.0076921067076440724,PCSK4
gs_ind_0,Protein Stabilization (GO:0050821),6/195,0.7174933215971677,0.9209289280256329,0.9059717282959224,0.3007750392094117,SPAG1;IGF1;BAG2;EGLN3;ATM;PER3
gs_ind_0,Protein Targeting (GO:0006605),2/85,0.8203630063554463,0.9592304359919781,0.7908153013244843,0.1565880298107649,HACL1;ZDHHC14
gs_ind_0,Protein Targeting to Membrane (GO:0006612),1/56,0.8749111771147834,0.9760520723548637,0.7139531876373981,0.09540764181503643,ZDHHC14
gs_ind_0,Protein Targeting to Peroxisome (GO:0006625),1/9,0.28360602247834954,0.8143107238635908,4.677568252181255,5.894527670236213,HACL1
gs_ind_0,Protein Tetramerization (GO:0051262),3/56,0.3334160969357448,0.8143107238635908,1.7350588488782352,1.9057262272506716,TK1;AQP4;KRT10
gs_ind_0,Protein Transport (GO:0015031),2/264,0.9994248291982273,0.9999949233144176,0.24828562297402182,0.0001428477256942902,UNC119;LIN7A
gs_ind_0,Protein Transport Along Microtubule (GO:0098840),1/10,0.3096775589228434,0.8143107238635908,4.184890455804584,4.9056275872300406,HOOK2
gs_ind_0,Protein Trimerization (GO:0070206),1/15,0.4264976594107405,0.8143107238635908,2.7408348457350273,2.335598028362105,SLC1A2
gs_ind_0,Protein Ubiquitination (GO:0016567),2/318,0.9999111909933512,0.9999949233144176,0.20510618446303425,1.8216085387876707e-05,KLHL24;RNF186
gs_ind_0,Protein-DNA Complex Assembly (GO:0065004),1/37,0.7465327956842982,0.9271100500976093,1.087094448449892,0.3177748076798525,BRCA2
gs_ind_0,Protein-containing Complex Assembly (GO:0065003),5/272,0.9718686903193066,0.9999949233144176,0.5389215836480141,0.015377898838986527,SPAG1;CENPA;CXCL12;LIN7A;TIAM1
gs_ind_0,Protein-containing Complex Disassembly (GO:0032984),1/61,0.8961424122592633,0.9856981203426515,0.6547115346593381,0.07179300639417832,MAP1LC3A
gs_ind_0,Protein-containing Complex Organization (GO:0043933),2/106,0.9023218691457949,0.9893673982096003,0.6309321198053095,0.06484971637956834,LIN7A;TIAM1
gs_ind_0,Proteinogenic Amino Acid Catabolic Process (GO:0170040),1/72,0.9310363206850192,0.9999949233144176,0.5535450195737277,0.03955466088117765,OAT
gs_ind_0,Proteoglycan Biosynthetic Process (GO:0030166),2/44,0.47903432067136364,0.8404608219159228,1.558344143026338,1.1469148495702177,EXTL1;IGF1
gs_ind_0,Proteoglycan Metabolic Process (GO:0006029),2/16,0.11329711211364774,0.8143107238635908,4.576817535623368,9.967125943485295,CNMD;IGF1
gs_ind_0,Proteolysis (GO:0006508),5/206,0.8738766965565554,0.9760520723548637,0.7189162285749837,0.09692140504790965,CTSE;HTRA4;PCSK4;COLEC10;CFH
gs_ind_0,Purine Nucleobase Metabolic Process (GO:0006144),1/8,0.2565517911082994,0.8143107238635908,5.3016267942583735,7.2124641476594045,DPYD
gs_ind_0,Purine Nucleotide Metabolic Process (GO:0006163),1/27,0.6325668495283794,0.8784098352272761,1.4984020944298997,0.6862222677050261,FHIT
gs_ind_0,Purine Ribonucleoside Monophosphate Metabolic Process (GO:0009167),1/12,0.3590137723674263,0.8143107238635908,3.456584148117329,3.540905887211403,AK4
gs_ind_0,Purine Ribonucleoside Triphosphate Metabolic Process (GO:0009205),1/25,0.6042545651778357,0.8704573890158044,1.6209549848647593,0.8165718038797516,AK4
gs_ind_0,Purine Ribonucleotide Metabolic Process (GO:0009150),1/41,0.7815323803489124,0.9428141621161269,0.9794435583909268,0.24143156033201724,AK4
gs_ind_0,Purine-containing Compound Biosynthetic Process (GO:0072522),1/26,0.6186728767356198,0.8739642829272644,1.5572755417956656,0.747770415211568,PANK1
gs_ind_0,Purine-containing Compound Catabolic Process (GO:0072523),2/13,0.07902841848226269,0.8143107238635908,5.772020509400142,14.649086543158473,DPYD;NUDT7
gs_ind_0,Purinergic Nucleotide Receptor Signaling Pathway (GO:0035590),1/6,0.19934599035375983,0.8143107238635908,7.23053501522401,11.660780122240014,P2RY1
gs_ind_0,Pyrimidine Deoxyribonucleotide Catabolic Process (GO:0009223),1/14,0.4048302662063638,0.8143107238635908,2.9440723019670387,2.662287474131655,UNG
gs_ind_0,Pyrimidine Nucleobase Catabolic Process (GO:0006208),2/5,0.012272199601267261,0.5603255919320091,18.97616764826736,83.50308429676458,DPYS;DPYD
gs_ind_0,Pyrimidine Nucleobase Metabolic Process (GO:0006206),2/9,0.04011794014789909,0.7343327305332833,8.852988175135826,28.470604953440475,DPYS;DPYD
gs_ind_0,Pyrimidine Ribonucleoside Monophosphate Catabolic Process (GO:0009175),1/5,0.1691162728367959,0.8143107238635908,8.837958532695374,15.706544121771545,DPYD
gs_ind_0,Pyrimidine Ribonucleotide Catabolic Process (GO:0009222),1/7,0.22847789845484393,0.8143107238635908,6.117703349282297,9.031662100875606,DPYD
gs_ind_0,Pyrimidine-containing Compound Catabolic Process (GO:0072529),2/5,0.012272199601267261,0.5603255919320091,18.97616764826736,83.50308429676458,DPYS;DPYD
gs_ind_0,Pyruvate Metabolic Process (GO:0006090),1/36,0.7369413516601964,0.922683446985703,1.117797695262484,0.34120435629060897,PCK1
gs_ind_0,Pyruvate Transmembrane Transport (GO:1901475),1/3,0.10519670899329986,0.8143107238635908,15.910622009569378,35.82949982421785,SLC16A7
gs_ind_0,Quaternary Ammonium Group Transport (GO:0015697),1/5,0.1691162728367959,0.8143107238635908,8.837958532695374,15.706544121771545,SLC22A5
gs_ind_0,RNA Catabolic Process (GO:0006401),1/89,0.9633952920506583,0.9999949233144176,0.4466628821668964,0.016656716187073047,RNASEH2C
gs_ind_0,RNA Metabolic Process (GO:0016070),1/70,0.9257047084361737,0.9999949233144176,0.5695569859901553,0.04396979053004436,RNASEH2C
gs_ind_0,Rac Protein Signal Transduction (GO:0016601),2/19,0.15055496782721928,0.8143107238635908,3.791398438570059,7.1787362727390835,TIAM1;CDH13
gs_ind_0,Rap Protein Signal Transduction (GO:0032486),1/13,0.38234588519119,0.8143107238635908,3.1798277511961723,3.0571805910777474,RAP2A
gs_ind_0,Ras Protein Signal Transduction (GO:0007265),1/51,0.849349680211702,0.9696982111705127,0.7849258610071533,0.12816607324079426,IGF1
gs_ind_0,Receptor Clustering (GO:0043113),1/20,0.5235801565027363,0.8527166185208973,2.0373205741626794,1.3182791304177788,LRP4
gs_ind_0,Receptor Internalization (GO:0031623),1/39,0.7646811496487023,0.9392582465415132,1.0304728764058908,0.2764720907855332,GRK4
gs_ind_0,Receptor-mediated Endocytosis (GO:0006898),2/111,0.9158667319339056,0.9961959732570884,0.6019035360765618,0.0528979395813306,GRK4;LRP3
gs_ind_0,Recombinational Repair (GO:0000725),2/92,0.8528654134765693,0.9713661157489871,0.7292764708686693,0.11606692042141893,ATM;BRCA2
gs_ind_0,Reelin-mediated Signaling Pathway (GO:0038026),1/8,0.2565517911082994,0.8143107238635908,5.3016267942583735,7.2124641476594045,RELN
gs_ind_0,Regulated Exocytosis (GO:0045055),1/27,0.6325668495283794,0.8784098352272761,1.4984020944298997,0.6862222677050261,STEAP2
gs_ind_0,Regulation of Actin Cytoskeleton Organization (GO:0032956),1/86,0.9590640091669654,0.9999949233144176,0.46243599429195,0.01932865024389856,CSF1R
gs_ind_0,Regulation of Actin Filament Length (GO:0030832),1/7,0.22847789845484393,0.8143107238635908,6.117703349282297,9.031662100875606,CXCL12
gs_ind_0,Regulation of Actin Filament Organization (GO:0110053),1/10,0.3096775589228434,0.8143107238635908,4.184890455804584,4.9056275872300406,CXCL12
gs_ind_0,Regulation of Actin Filament Polymerization (GO:0030833),2/56,0.6094712811096952,0.8739642829272644,1.214166967199416,0.6012111042827646,CCL24;CARMIL1
gs_ind_0,Regulation of Actin Filament-Based Process (GO:0032970),1/82,0.9524832237916931,0.9999949233144176,0.4852731382276103,0.02362444783204899,CSF1R
gs_ind_0,Regulation of Actin Nucleation (GO:0051125),1/15,0.4264976594107405,0.8143107238635908,2.7408348457350273,2.335598028362105,CARMIL1
gs_ind_0,Regulation of Actin Polymerization or Depolymerization (GO:0008064),1/23,0.5737651895967999,0.8588627371386766,1.7652950558213716,0.9806832660056525,CXCL12
gs_ind_0,Regulation of Activated T Cell Proliferation (GO:0046006),2/17,0.12543788520853927,0.8143107238635908,4.2812297033990045,8.887595604971692,IL2RA;IGF1
gs_ind_0,Regulation of Aerobic Respiration (GO:1903715),1/14,0.4048302662063638,0.8143107238635908,2.9440723019670387,2.662287474131655,AK4
gs_ind_0,Regulation of Alcohol Biosynthetic Process (GO:1902930),1/14,0.4048302662063638,0.8143107238635908,2.9440723019670387,2.662287474131655,GPR146
gs_ind_0,Regulation of Amyloid-Beta Formation (GO:1902003),1/31,0.6832698175559738,0.899629689416935,1.3015138442230763,0.49570165564367114,IGF1
gs_ind_0,Regulation of Anatomical Structure Morphogenesis (GO:0022603),3/79,0.5521419892605132,0.8578511688354005,1.2113854827874153,0.71950245457723,KCTD12;PPFIA2;RAP2A
gs_ind_0,Regulation of Angiogenesis (GO:0045765),1/155,0.9968926028913659,0.9999949233144176,0.2546290704696428,0.0007924655285554021,CNMD
gs_ind_0,Regulation of Apoptotic Process (GO:0042981),10/522,0.992786125021191,0.9999949233144176,0.5324634858812074,0.0038550467090540897,HTRA4;BMF;GAS1;SOCS2;PRKAA2;IGF1;EGFR;EGLN3;ATM;PIM1
gs_ind_0,Regulation of Apoptotic Signaling Pathway (GO:2001233),2/34,0.3521915966959462,0.8143107238635908,2.0393096836049858,2.128182682704984,DEPTOR;CX3CR1
gs_ind_0,Regulation of Arp2/3 Complex-Mediated Actin Nucleation (GO:0034315),1/20,0.5235801565027363,0.8527166185208973,2.0373205741626794,1.3182791304177788,CARMIL1
gs_ind_0,Regulation of Attachment of Spindle Microtubules to Kinetochore (GO:0051988),1/10,0.3096775589228434,0.8143107238635908,4.184890455804584,4.9056275872300406,NEK2
gs_ind_0,Regulation of Autophagosome Assembly (GO:2000785),1/40,0.7732629611495552,0.9395200768945534,1.0043122766640422,0.2582449476718647,ATM
gs_ind_0,Regulation of Autophagy (GO:0010506),4/205,0.9435844263999263,0.9999949233144176,0.5870719364152877,0.034090936260159264,PRKAA2;DEPTOR;BMF;ATM
gs_ind_0,Regulation of Axonogenesis (GO:0050770),2/26,0.24379677623323087,0.8143107238635908,2.706772066448823,3.8203930015108383,LRP4;TIAM1
gs_ind_0,Regulation of B Cell Activation (GO:0050864),1/18,0.4868888983821721,0.8404608219159228,2.2704853041695148,1.6341121316150384,BANK1
gs_ind_0,Regulation of B Cell Proliferation (GO:0030888),1/29,0.6588572211752821,0.8869029260265189,1.3930496096701084,0.5812477594527592,ATM
gs_ind_0,Regulation of Barbed-End Actin Filament Capping (GO:2000812),1/3,0.10519670899329986,0.8143107238635908,15.910622009569378,35.82949982421785,CARMIL1
gs_ind_0,Regulation of Behavior (GO:0050795),1/11,0.3348020291165355,0.8143107238635908,3.786056049213944,4.142762650493909,RELN
gs_ind_0,Regulation of Bile Acid Biosynthetic Process (GO:0070857),1/8,0.2565517911082994,0.8143107238635908,5.3016267942583735,7.2124641476594045,STARD4
gs_ind_0,Regulation of Biomineral Tissue Development (GO:0070167),1/21,0.5409316591593569,0.8578511688354005,1.937799043062201,1.1907045175823572,NOTUM
gs_ind_0,Regulation of Biosynthetic Process (GO:0009889),3/18,0.025984641455448123,0.705776390499591,6.005236900003099,21.920613764806898,PCK1;GCHFR;CX3CR1
gs_ind_0,Regulation of Bone Mineralization (GO:0030500),1/37,0.7465327956842982,0.9271100500976093,1.087094448449892,0.3177748076798525,NOTUM
gs_ind_0,Regulation of Bone Remodeling (GO:0046850),1/10,0.3096775589228434,0.8143107238635908,4.184890455804584,4.9056275872300406,CSF1R
gs_ind_0,Regulation of Bone Resorption (GO:0045124),1/19,0.5055741167463359,0.8404608219159228,2.147601189706453,1.464794221737121,CSF1R
gs_ind_0,Regulation of Brown Fat Cell Differentiation (GO:0090335),1/15,0.4264976594107405,0.8143107238635908,2.7408348457350273,2.335598028362105,PIM1
gs_ind_0,Regulation of Calcium Ion Import (GO:0090279),1/11,0.3348020291165355,0.8143107238635908,3.786056049213944,4.142762650493909,CXCL12
gs_ind_0,Regulation of Calcium Ion Transport (GO:0051924),2/32,0.3253949518534859,0.8143107238635908,2.1733492604875595,2.440053114612683,HOMER2;LILRA5
gs_ind_0,Regulation of Calcium Ion-Dependent Exocytosis (GO:0017158),1/14,0.4048302662063638,0.8143107238635908,2.9440723019670387,2.662287474131655,SYT3
gs_ind_0,Regulation of Calcium-Mediated Signaling (GO:0050848),1/27,0.6325668495283794,0.8784098352272761,1.4984020944298997,0.6862222677050261,CDH13
gs_ind_0,Regulation of Canonical NF-kappaB Signal Transduction (GO:0043122),1/238,0.9998625497448737,0.9999949233144176,0.1646396373709393,2.2631315536224926e-05,CX3CR1
gs_ind_0,Regulation of Canonical Wnt Signaling Pathway (GO:0060828),4/170,0.8706531652086262,0.9760520723548637,0.712301329240694,0.09866198568952535,LRP4;NOTUM;EGFR;TMEM278
gs_ind_0,Regulation of Cardiac Muscle Cell Proliferation (GO:0060043),1/17,0.46749893406525544,0.8304516930019938,2.4082644628099175,1.8311436569442452,PIM1
gs_ind_0,Regulation of Cardiac Muscle Hypertrophy (GO:0010611),1/22,0.5576523738511637,0.8578511688354005,1.8475353288082785,1.0789966528051265,IGF1
gs_ind_0,Regulation of Catabolic Process (GO:0009894),1/74,0.9359860022948535,0.9999949233144176,0.538404452690167,0.03561801596671303,ATM
gs_ind_0,Regulation of Catecholamine Secretion (GO:0050433),1/7,0.22847789845484393,0.8143107238635908,6.117703349282297,9.031662100875606,KCNA2
gs_ind_0,Regulation of Caveolin-Mediated Endocytosis (GO:2001286),1/4,0.13774745818969023,0.8143107238635908,11.36390977443609,22.527056576132974,UNC119
gs_ind_0,Regulation of Cell Activation (GO:0050865),1/8,0.2565517911082994,0.8143107238635908,5.3016267942583735,7.2124641476594045,LILRA5
gs_ind_0,Regulation of Cell Adhesion (GO:0030155),3/97,0.6903848707975282,0.9056246586820894,0.9793645711032839,0.3628605018146764,ATM;CDH13;CXCL12
gs_ind_0,Regulation of Cell Adhesion Mediated by Integrin (GO:0033628),1/23,0.5737651895967999,0.8588627371386766,1.7652950558213716,0.9806832660056525,P2RY12
gs_ind_0,Regulation of Cell Communication (GO:0010646),3/38,0.15916768946790621,0.8143107238635908,2.6182165036327474,4.811750388006442,MGLL;SOCS2;GRK4
gs_ind_0,Regulation of Cell Cycle (GO:0051726),3/257,0.9960099188006825,0.9999949233144176,0.35942657524784427,0.001437010024107826,GMNN;PIM1;ATM
gs_ind_0,Regulation of Cell Cycle Checkpoint (GO:1901976),1/15,0.4264976594107405,0.8143107238635908,2.7408348457350273,2.335598028362105,BRCA2
gs_ind_0,Regulation of Cell Cycle Process (GO:0010564),1/121,0.9889126660401572,0.9999949233144176,0.32728463936151203,0.003648980417924182,NEK2
gs_ind_0,Regulation of Cell Development (GO:0060284),2/36,0.3786091109611788,0.8143107238635908,1.9208109272305363,1.8655894870595544,BHLHE41;CX3CR1
gs_ind_0,Regulation of Cell Differentiation (GO:0045595),3/135,0.8734986401760885,0.9760520723548637,0.6965617240316822,0.09420907193755498,RELN;TIAM1;NREP
gs_ind_0,Regulation of Cell Growth (GO:0001558),3/171,0.9510142815537385,0.9999949233144176,0.5463047685830504,0.027438812099536407,EGFR;SOCS2;MFSD2A
gs_ind_0,Regulation of Cell Junction Assembly (GO:1901888),2/28,0.2710728400662629,0.8143107238635908,2.5021255811429297,3.266193944206684,RAP2A;NTM
gs_ind_0,Regulation of Cell Killing (GO:0031341),1/5,0.1691162728367959,0.8143107238635908,8.837958532695374,15.706544121771545,CFH
gs_ind_0,Regulation of Cell Migration (GO:0030334),17/325,0.0854609016718664,0.8143107238635908,1.517493012234789,3.732571944459189,FZD4;RAP2A;PODN;CARMIL1;RELN;CDH13;SEMA5B;DUSP3;CXCL12;IGF1;EGFR;CSF1R;FGF22;ATM;CCL24;FGF21;TIAM1
gs_ind_0,Regulation of Cell Morphogenesis (GO:0022604),1/11,0.3348020291165355,0.8143107238635908,3.786056049213944,4.142762650493909,MFSD2A
gs_ind_0,Regulation of Cell Motility (GO:2000145),3/81,0.569193039482569,0.8588627371386766,1.1803508385494106,0.6651697669241091,CSF1R;FGF21;FGF22
gs_ind_0,Regulation of Cell Population Proliferation (GO:0042127),15/488,0.7842615192148813,0.9453803853671153,0.8616341622200833,0.20938808193603498,WNT9A;PODN;TIAM1;CDH13;CHP2;CLMN;VIPR1;IGF1;EGFR;FGF21;CSF1R;FGF22;DLEC1;CD33;LIFR
gs_ind_0,Regulation of Cell Projection Organization (GO:0031344),1/9,0.28360602247834954,0.8143107238635908,4.677568252181255,5.894527670236213,MFSD2A
gs_ind_0,Regulation of Cell Size (GO:0008361),1/18,0.4868888983821721,0.8404608219159228,2.2704853041695148,1.6341121316150384,DEPTOR
gs_ind_0,Regulation of Cell-Cell Adhesion (GO:0022407),1/26,0.6186728767356198,0.8739642829272644,1.5572755417956656,0.747770415211568,TENM3
gs_ind_0,Regulation of Cell-Matrix Adhesion (GO:0001952),2/51,0.5583164376743461,0.8578511688354005,1.3372943238715052,0.7794144279859105,DUSP3;CDH13
gs_ind_0,Regulation of Cell-Substrate Adhesion (GO:0010810),1/31,0.6832698175559738,0.899629689416935,1.3015138442230763,0.49570165564367114,FZD4
gs_ind_0,Regulation of Cell-Substrate Junction Assembly (GO:0090109),1/19,0.5055741167463359,0.8404608219159228,2.147601189706453,1.464794221737121,DUSP3
gs_ind_0,Regulation of Cellular Component Organization (GO:0051128),3/132,0.8636175280475571,0.9760520723548637,0.7128540644390788,0.104522429690888,SPARCL1;SOCS2;CDH13
gs_ind_0,Regulation of Cellular Response to Heat (GO:1900034),1/16,0.44737769589721343,0.8215747436105861,2.56382157740392,2.0622152284801696,ATM
gs_ind_0,Regulation of Cellular Response to Oxidative Stress (GO:1900407),1/9,0.28360602247834954,0.8143107238635908,4.677568252181255,5.894527670236213,FBLN5
gs_ind_0,Regulation of Cellular Response to Stress (GO:0080135),2/101,0.8867652761066239,0.9800743790660611,0.6628781491349365,0.07966135399934063,ATM;BRCA2
gs_ind_0,Regulation of Cellular Response to Transforming Growth Factor Beta Stimulus (GO:1903844),1/17,0.46749893406525544,0.8304516930019938,2.4082644628099175,1.8311436569442452,NREP
gs_ind_0,Regulation of Chemokine Production (GO:0032642),1/25,0.6042545651778357,0.8704573890158044,1.6209549848647593,0.8165718038797516,CSF1R
gs_ind_0,Regulation of Chemotaxis (GO:0050920),2/20,0.16345936137472836,0.8143107238635908,3.5861988546552306,6.495290637264511,DUSP3;P2RY12
gs_ind_0,Regulation of Cholesterol Biosynthetic Process (GO:0045540),1/24,0.5892921663914557,0.8704573890158044,1.6900539550035631,0.893756607904284,GPR146
gs_ind_0,Regulation of Cholesterol Metabolic Process (GO:0090181),2/25,0.23019459551834004,0.8143107238635908,2.8221578507170397,4.145270850479865,GPR146;STARD4
gs_ind_0,Regulation of Cholesterol Transport (GO:0032374),1/19,0.5055741167463359,0.8404608219159228,2.147601189706453,1.464794221737121,LIPG
gs_ind_0,Regulation of Chondrocyte Differentiation (GO:0032330),1/15,0.4264976594107405,0.8143107238635908,2.7408348457350273,2.335598028362105,WNT9A
gs_ind_0,Regulation of Chromosome Condensation (GO:0060623),1/6,0.19934599035375983,0.8143107238635908,7.23053501522401,11.660780122240014,NCAPG
gs_ind_0,Regulation of Cilium Assembly (GO:1902017),2/80,0.7933477840740262,0.9500704111403268,0.8414910443295003,0.1947997793808775,CEP97;TBC1D16
gs_ind_0,Regulation of Cilium Beat Frequency (GO:0003356),1/3,0.10519670899329986,0.8143107238635908,15.910622009569378,35.82949982421785,DNAH11
gs_ind_0,Regulation of Cilium Movement (GO:0003352),1/5,0.1691162728367959,0.8143107238635908,8.837958532695374,15.706544121771545,DNAH11
gs_ind_0,Regulation of Circadian Sleep/Wake Cycle (GO:0042749),2/5,0.012272199601267261,0.5603255919320091,18.97616764826736,83.50308429676458,PTGDS;PER3
gs_ind_0,"Regulation of Circadian Sleep/Wake Cycle, Sleep (GO:0045187)",2/6,0.01796768525197654,0.5603255919320091,14.75817620112922,59.3157725019759,PTGDS;PER3
gs_ind_0,Regulation of Clathrin-Dependent Endocytosis (GO:2000369),1/13,0.38234588519119,0.8143107238635908,3.1798277511961723,3.0571805910777474,UNC119
gs_ind_0,Regulation of Cold-Induced Thermogenesis (GO:0120161),4/107,0.5490365608391112,0.8578511688354005,1.1511486797505963,0.6902175181801582,FABP5;FGF21;G0S2;ACSL1
gs_ind_0,Regulation of Complement Activation (GO:0030449),1/15,0.4264976594107405,0.8143107238635908,2.7408348457350273,2.335598028362105,CFH
gs_ind_0,"Regulation of Complement Activation, Alternative Pathway (GO:0030451)",2/6,0.01796768525197654,0.5603255919320091,14.75817620112922,59.3157725019759,VSIG4;CFH
gs_ind_0,Regulation of Complement-Dependent Cytotoxicity (GO:1903659),1/4,0.13774745818969023,0.8143107238635908,11.36390977443609,22.527056576132974,CFH
gs_ind_0,Regulation of Cytokine Production (GO:0001817),2/109,0.9106747311955704,0.9938925776625668,0.613190929563647,0.057375963389972015,BTNL9;ZBTB20
gs_ind_0,Regulation of Cytokine Production Involved in Inflammatory Response (GO:1900015),1/42,0.7895007578562364,0.9469510514457993,0.9557733325647086,0.22590131414647033,ABCD2
gs_ind_0,Regulation of Cytoskeleton Organization (GO:0051493),2/111,0.9158667319339056,0.9961959732570884,0.6019035360765618,0.0528979395813306,CSF1R;PRKAA2
gs_ind_0,Regulation of D-glucose Import Across Plasma Membrane (GO:0046324),3/26,0.0669684269396512,0.8143107238635908,3.958611809430376,10.702241660632282,IGF1;C1QTNF12;FGF21
gs_ind_0,Regulation of D-glucose Transmembrane Transport (GO:0010827),1/14,0.4048302662063638,0.8143107238635908,2.9440723019670387,2.662287474131655,C1QTNF12
gs_ind_0,Regulation of DNA Binding (GO:0051101),1/18,0.4868888983821721,0.8404608219159228,2.2704853041695148,1.6341121316150384,IGF1
gs_ind_0,Regulation of DNA Biosynthetic Process (GO:2000278),1/23,0.5737651895967999,0.8588627371386766,1.7652950558213716,0.9806832660056525,ATM
gs_ind_0,Regulation of DNA Damage Checkpoint (GO:2000001),1/20,0.5235801565027363,0.8527166185208973,2.0373205741626794,1.3182791304177788,BRCA2
gs_ind_0,"Regulation of DNA Damage Response, Signal Transduction by P53 Class Mediator (GO:0043516)",1/28,0.6459555165454947,0.8837307841304614,1.4438103523270986,0.6309806957104804,ATM
gs_ind_0,Regulation of DNA Metabolic Process (GO:0051052),1/111,0.9838916429511894,0.9999949233144176,0.35716296087813115,0.005800150383842864,GMNN
gs_ind_0,Regulation of DNA Repair (GO:0006282),1/116,0.9866354705369559,0.9999949233144176,0.3415770832038775,0.004595796184988952,EGFR
gs_ind_0,Regulation of DNA Replication (GO:0006275),3/66,0.43255216049001993,0.8184470092867344,1.4607622894400447,1.2241952805481937,WEE1;EGFR;GMNN
gs_ind_0,Regulation of DNA-templated DNA Replication (GO:0090329),1/21,0.5409316591593569,0.8578511688354005,1.937799043062201,1.1907045175823572,GMNN
gs_ind_0,Regulation of DNA-templated DNA Replication Initiation (GO:0030174),1/15,0.4264976594107405,0.8143107238635908,2.7408348457350273,2.335598028362105,GMNN
gs_ind_0,Regulation of Defense Response (GO:0031347),1/71,0.9284200429915812,0.9999949233144176,0.5614374427364349,0.04169852933127762,MGLL
gs_ind_0,Regulation of Defense Response to Bacterium (GO:1900424),1/7,0.22847789845484393,0.8143107238635908,6.117703349282297,9.031662100875606,PIM1
gs_ind_0,Regulation of Dendrite Development (GO:0050773),3/25,0.06082119303553834,0.8143107238635908,4.1348489700074715,11.576820360439841,KCTD12;MFSD2A;RAP2A
gs_ind_0,Regulation of Dendrite Extension (GO:1903859),1/8,0.2565517911082994,0.8143107238635908,5.3016267942583735,7.2124641476594045,SYT3
gs_ind_0,Regulation of Dendrite Morphogenesis (GO:0048814),2/21,0.17655010337032873,0.8143107238635908,3.4020453819111536,5.899658941970412,KCTD12;RAP2A
gs_ind_0,Regulation of Dendritic Cell Apoptotic Process (GO:2000668),1/6,0.19934599035375983,0.8143107238635908,7.23053501522401,11.660780122240014,CXCL12
gs_ind_0,Regulation of Dendritic Spine Development (GO:0060998),1/13,0.38234588519119,0.8143107238635908,3.1798277511961723,3.0571805910777474,PPFIA2
gs_ind_0,Regulation of Dendritic Spine Morphogenesis (GO:0061001),2/22,0.18979665063141055,0.8143107238635908,3.2358581016299137,5.377355593770469,PPFIA2;RELN
gs_ind_0,Regulation of Developmental Growth (GO:0048638),2/27,0.2574295841238708,0.8143107238635908,2.600436147613408,3.528815401830968,LIN7A;MFSD2A
gs_ind_0,Regulation of Dopamine Secretion (GO:0014059),1/6,0.19934599035375983,0.8143107238635908,7.23053501522401,11.660780122240014,KCNA2
gs_ind_0,Regulation of Double-Strand Break Repair (GO:2000779),1/77,0.9427536106393615,0.9999949233144176,0.5171779716671357,0.030487803280519997,ATM
gs_ind_0,Regulation of ER to Golgi Vesicle-Mediated Transport (GO:0060628),2/20,0.16345936137472836,0.8143107238635908,3.5861988546552306,6.495290637264511,PGAP1;GAS1
gs_ind_0,Regulation of ERBB Signaling Pathway (GO:1901184),1/12,0.3590137723674263,0.8143107238635908,3.456584148117329,3.540905887211403,CDH13
gs_ind_0,Regulation of ERK1 and ERK2 Cascade (GO:0070372),8/148,0.17163571374042963,0.8143107238635908,1.6098629323705347,2.837191831014291,P2RY1;DUSP3;IGF1;EGFR;CSF1R;PRXL2C;MTURN;FGF21
gs_ind_0,Regulation of Endocytosis (GO:0030100),1/55,0.8701711789718354,0.9760520723548637,0.7271059216013345,0.10111522438625818,CDH13
gs_ind_0,Regulation of Endothelial Cell Proliferation (GO:0001936),3/64,0.41305342410576007,0.8143107238635908,1.5084854306756323,1.3337701412916005,CCL24;CNMD;CDH13
gs_ind_0,Regulation of Epidermal Cell Differentiation (GO:0045604),1/13,0.38234588519119,0.8143107238635908,3.1798277511961723,3.0571805910777474,MAFF
gs_ind_0,Regulation of Epidermal Growth Factor Receptor Signaling Pathway (GO:0042058),3/47,0.24364090994351165,0.8143107238635908,2.087329598808406,2.947434253887426,DUSP3;EGFR;CDH13
gs_ind_0,Regulation of Epidermis Development (GO:0045682),2/6,0.01796768525197654,0.5603255919320091,14.75817620112922,59.3157725019759,MAFF;KRT10
gs_ind_0,Regulation of Epithelial Cell Differentiation (GO:0030856),1/14,0.4048302662063638,0.8143107238635908,2.9440723019670387,2.662287474131655,MAFF
gs_ind_0,Regulation of Epithelial Cell Proliferation (GO:0050678),2/59,0.6379354594364542,0.8827307425562768,1.150569010796615,0.5172016664263781,IGF1;EGFR
gs_ind_0,Regulation of Epithelial to Mesenchymal Transition (GO:0010717),1/61,0.8961424122592633,0.9856981203426515,0.6547115346593381,0.07179300639417832,TIAM1
gs_ind_0,Regulation of Extrinsic Apoptotic Signaling Pathway (GO:2001236),3/52,0.29326068953333906,0.8143107238635908,1.8758090026101553,2.3010424109258913,IGF1;DEPTOR;G0S2
gs_ind_0,Regulation of Fat Cell Differentiation (GO:0045598),1/54,0.8652519242157874,0.9760520723548637,0.7407503465545767,0.1072121848007491,LRP3
gs_ind_0,Regulation of Fatty Acid Beta-Oxidation (GO:0031998),2/13,0.07902841848226269,0.8143107238635908,5.772020509400142,14.649086543158473,ABCD2;MFSD2A
gs_ind_0,Regulation of Ferroptosis (GO:0110075),1/28,0.6459555165454947,0.8837307841304614,1.4438103523270986,0.6309806957104804,EGLN3
gs_ind_0,Regulation of Fibroblast Proliferation (GO:0048145),1/38,0.7557751681208258,0.9330831254512247,1.0580287081339712,0.2962600402370663,IGF1
gs_ind_0,Regulation of Focal Adhesion Assembly (GO:0051893),2/51,0.5583164376743461,0.8578511688354005,1.3372943238715052,0.7794144279859105,ARHGAP6;DUSP3
gs_ind_0,Regulation of Focal Adhesion Disassembly (GO:0120182),1/10,0.3096775589228434,0.8143107238635908,4.184890455804584,4.9056275872300406,DUSP3
gs_ind_0,Regulation of G Protein-Coupled Receptor Signaling Pathway (GO:0008277),3/51,0.2832596723852026,0.8143107238635908,1.9146241223248859,2.415090080061652,KCTD12;MGLL;GRK4
gs_ind_0,Regulation of G1/S Transition of Mitotic Cell Cycle (GO:2000045),4/106,0.541575984707582,0.8578511688354005,1.1624639076034649,0.712906449005675,CCNE1;WEE1;PIM1;EGFR
gs_ind_0,Regulation of G2/M Transition of Mitotic Cell Cycle (GO:0010389),2/24,0.21664472331971585,0.8143107238635908,2.947800149142431,4.508649972123984,WEE1;PIM1
gs_ind_0,Regulation of Gene Expression (GO:0010468),9/715,0.9999790922853183,0.9999949233144176,0.3437172665042157,7.1864176652776485e-06,BTNL9;ZBTB20;ILDR2;PRKAA2;BRCA2;IGF1;TFDP2;ATM;LRP3
gs_ind_0,Regulation of Glial Cell Migration (GO:1903975),2/3,0.0038653222311553002,0.5603255919320091,44.2841163310962,246.02971807573775,P2RY12;CX3CR1
gs_ind_0,Regulation of Glucan Biosynthetic Process (GO:0010962),2/6,0.01796768525197654,0.5603255919320091,14.75817620112922,59.3157725019759,PPP1R3G;PPP1R3E
gs_ind_0,Regulation of Gluconeogenesis (GO:0006111),1/31,0.6832698175559738,0.899629689416935,1.3015138442230763,0.49570165564367114,C1QTNF12
gs_ind_0,Regulation of Glycogen Biosynthetic Process (GO:0005979),3/20,0.034415425899636955,0.7343327305332833,5.318155619596542,17.918197883712978,PPP1R3G;IGF1;PPP1R3E
gs_ind_0,Regulation of Glycogen Metabolic Process (GO:0070873),2/7,0.02455454174725489,0.6778663656127415,12.073999825677678,44.75660818208267,PPP1R3G;PPP1R3E
gs_ind_0,Regulation of Glycolytic Process (GO:0006110),4/41,0.06077395181454845,0.8143107238635908,3.1924157844080847,8.940660510194256,IGF1;ZBTB20;PRXL2C;PRKAA2
gs_ind_0,Regulation of Glycoprotein Biosynthetic Process (GO:0010559),1/11,0.3348020291165355,0.8143107238635908,3.786056049213944,4.142762650493909,IGF1
gs_ind_0,Regulation of Granulocyte Chemotaxis (GO:0071622),1/16,0.44737769589721343,0.8215747436105861,2.56382157740392,2.0622152284801696,CSF1R
gs_ind_0,Regulation of Growth Hormone Receptor Signaling Pathway (GO:0060398),1/7,0.22847789845484393,0.8143107238635908,6.117703349282297,9.031662100875606,SOCS2
gs_ind_0,Regulation of Homophilic Cell Adhesion (GO:1903385),1/4,0.13774745818969023,0.8143107238635908,11.36390977443609,22.527056576132974,TENM3
gs_ind_0,Regulation of Humoral Immune Response (GO:0002920),1/12,0.3590137723674263,0.8143107238635908,3.456584148117329,3.540905887211403,CFH
gs_ind_0,Regulation of Immune Effector Process (GO:0002697),1/11,0.3348020291165355,0.8143107238635908,3.786056049213944,4.142762650493909,CFH
gs_ind_0,Regulation of Immune Response (GO:0050776),1/69,0.9228865740085641,0.9988052639012995,0.5779135962001886,0.04637695375444602,C9
gs_ind_0,Regulation of Inflammatory Response (GO:0050727),2/176,0.9890713656843773,0.9999949233144176,0.37591310057224175,0.004130830317639201,MGLL;LILRA5
gs_ind_0,Regulation of Innate Immune Response (GO:0045088),3/70,0.47079335177223125,0.8345431625099341,1.3738001209663073,1.0349331220331641,POLR3G;PIM1;CFH
gs_ind_0,Regulation of Insulin Receptor Signaling Pathway (GO:0046626),1/44,0.8045777468569549,0.9534897436362506,0.9116977396469229,0.1982374388607921,C1QTNF12
gs_ind_0,Regulation of Insulin-Like Growth Factor Receptor Signaling Pathway (GO:0043567),1/12,0.3590137723674263,0.8143107238635908,3.456584148117329,3.540905887211403,IGF1
gs_ind_0,Regulation of Interferon-Beta Production (GO:0032648),1/50,0.8436431460443029,0.967063521629286,0.800840945338553,0.1361635315408572,POLR3G
gs_ind_0,Regulation of Interleukin-1 Beta Production (GO:0032651),5/48,0.02957374982714371,0.7343327305332833,3.368680654850974,11.860680395820133,STMP1;IGF1;CX3CR1;CD33;LILRA5
gs_ind_0,Regulation of Interleukin-10 Production (GO:0032653),1/29,0.6588572211752821,0.8869029260265189,1.3930496096701084,0.5812477594527592,LILRA5
gs_ind_0,Regulation of Interleukin-12 Production (GO:0032655),1/29,0.6588572211752821,0.8869029260265189,1.3930496096701084,0.5812477594527592,LILRA5
gs_ind_0,Regulation of Interleukin-13 Production (GO:0032656),1/10,0.3096775589228434,0.8143107238635908,4.184890455804584,4.9056275872300406,LILRA5
gs_ind_0,Regulation of Interleukin-2 Production (GO:0032663),2/50,0.5475298978590858,0.8578511688354005,1.3649662452679128,0.8221713260052429,HOMER2;VSIG4
gs_ind_0,Regulation of Interleukin-6 Production (GO:0032675),1/72,0.9310363206850192,0.9999949233144176,0.5535450195737277,0.03955466088117765,LILRA5
gs_ind_0,Regulation of Interleukin-8 Production (GO:0032677),2/56,0.6094712811096952,0.8739642829272644,1.214166967199416,0.6012111042827646,TLR5;CD33
gs_ind_0,Regulation of Intestinal Cholesterol Absorption (GO:0030300),1/4,0.13774745818969023,0.8143107238635908,11.36390977443609,22.527056576132974,ABCG5
gs_ind_0,Regulation of Intracellular Signal Transduction (GO:1902531),4/272,0.990316723807363,0.9999949233144176,0.4384157521467247,0.004265988684626468,ARHGAP6;CSF1R;TIAM1;ATM
gs_ind_0,Regulation of Intracellular Transport (GO:0032386),1/52,0.8548483275178141,0.9713661157489871,0.7696288382031867,0.12070183002562293,GAS1
gs_ind_0,Regulation of Intrinsic Apoptotic Signaling Pathway in Response to DNA Damage (GO:1902229),1/14,0.4048302662063638,0.8143107238635908,2.9440723019670387,2.662287474131655,CXCL12
gs_ind_0,Regulation of JNK Cascade (GO:0046328),3/88,0.625614563778509,0.8784098352272761,1.0831634000146058,0.5080261755891226,RAP2A;DUSP3;MTURN
gs_ind_0,Regulation of Lamellipodium Organization (GO:1902743),1/10,0.3096775589228434,0.8143107238635908,4.184890455804584,4.9056275872300406,CARMIL1
gs_ind_0,Regulation of Leukocyte Differentiation (GO:1902105),1/4,0.13774745818969023,0.8143107238635908,11.36390977443609,22.527056576132974,IL2RA
gs_ind_0,Regulation of Leukocyte Proliferation (GO:0070663),1/9,0.28360602247834954,0.8143107238635908,4.677568252181255,5.894527670236213,IL2RA
gs_ind_0,Regulation of Leukocyte Tethering or Rolling (GO:1903236),1/5,0.1691162728367959,0.8143107238635908,8.837958532695374,15.706544121771545,CXCL12
gs_ind_0,Regulation of Lipid Biosynthetic Process (GO:0046890),2/25,0.23019459551834004,0.8143107238635908,2.8221578507170397,4.145270850479865,PCK1;ZBTB20
gs_ind_0,Regulation of Lipid Metabolic Process (GO:0019216),2/50,0.5475298978590858,0.8578511688354005,1.3649662452679128,0.8221713260052429,PCK1;FABP1
gs_ind_0,Regulation of Long-Chain Fatty Acid Import Across Plasma Membrane (GO:0010746),1/6,0.19934599035375983,0.8143107238635908,7.23053501522401,11.660780122240014,ACSL1
gs_ind_0,Regulation of Long-Term Synaptic Potentiation (GO:1900271),1/16,0.44737769589721343,0.8215747436105861,2.56382157740392,2.0622152284801696,RELN
gs_ind_0,Regulation of Low-Density Lipoprotein Particle Clearance (GO:0010988),1/12,0.3590137723674263,0.8143107238635908,3.456584148117329,3.540905887211403,FGF21
gs_ind_0,Regulation of MAPK Cascade (GO:0043408),8/190,0.38752529598494806,0.8143107238635908,1.2355792354809136,1.1712971784264403,RAP2A;DUSP3;IGF1;EGFR;CSF1R;FGF22;FGF21;LILRA5
gs_ind_0,Regulation of Macroautophagy (GO:0016241),1/101,0.9766030324932236,0.9999949233144176,0.39298721702492323,0.009303981089572231,PRKAA2
gs_ind_0,Regulation of Macromolecule Biosynthetic Process (GO:0010556),1/94,0.969621481504925,0.9999949233144176,0.42262364710999667,0.013037731960778386,IGF1
gs_ind_0,Regulation of Macromolecule Metabolic Process (GO:0060255),1/18,0.4868888983821721,0.8404608219159228,2.2704853041695148,1.6341121316150384,TBC1D16
gs_ind_0,Regulation of Macrophage Chemotaxis (GO:0010758),1/17,0.46749893406525544,0.8304516930019938,2.4082644628099175,1.8311436569442452,CSF1R
gs_ind_0,Regulation of Macrophage Migration (GO:1905521),3/11,0.006344213191810098,0.5603255919320091,10.956263773520936,55.4410195030544,CX3CR1;CSF1R;P2RY12
gs_ind_0,Regulation of Macrophage Proliferation (GO:0120040),1/6,0.19934599035375983,0.8143107238635908,7.23053501522401,11.660780122240014,CSF1R
gs_ind_0,Regulation of Mammary Gland Epithelial Cell Proliferation (GO:0033599),1/6,0.19934599035375983,0.8143107238635908,7.23053501522401,11.660780122240014,BRCA2
gs_ind_0,Regulation of Matrix Metallopeptidase Secretion (GO:1904464),1/5,0.1691162728367959,0.8143107238635908,8.837958532695374,15.706544121771545,SLC12A2
gs_ind_0,Regulation of Megakaryocyte Differentiation (GO:0045652),1/13,0.38234588519119,0.8143107238635908,3.1798277511961723,3.0571805910777474,MTURN
gs_ind_0,Regulation of Memory T Cell Differentiation (GO:0043380),1/3,0.10519670899329986,0.8143107238635908,15.910622009569378,35.82949982421785,PCK1
gs_ind_0,Regulation of Mesenchymal Stem Cell Proliferation (GO:1902460),1/5,0.1691162728367959,0.8143107238635908,8.837958532695374,15.706544121771545,CCNE1
gs_ind_0,Regulation of Microglial Cell Mediated Cytotoxicity (GO:1904149),1/5,0.1691162728367959,0.8143107238635908,8.837958532695374,15.706544121771545,CX3CR1
gs_ind_0,Regulation of Microglial Cell Migration (GO:1904139),2/4,0.007544461404128762,0.5603255919320091,26.56855225311601,129.83896256106613,CX3CR1;P2RY12
gs_ind_0,Regulation of Microtubule Cytoskeleton Organization (GO:0070507),1/24,0.5892921663914557,0.8704573890158044,1.6900539550035631,0.893756607904284,PRKAA2
gs_ind_0,Regulation of Microtubule Nucleation (GO:0010968),1/19,0.5055741167463359,0.8404608219159228,2.147601189706453,1.464794221737121,HAUS4
gs_ind_0,Regulation of Microtubule Polymerization (GO:0031113),1/40,0.7732629611495552,0.9395200768945534,1.0043122766640422,0.2582449476718647,HAUS4
gs_ind_0,Regulation of Microtubule-Based Process (GO:0032886),1/37,0.7465327956842982,0.9271100500976093,1.087094448449892,0.3177748076798525,PRKAA2
gs_ind_0,Regulation of Microvillus Assembly (GO:0032534),1/8,0.2565517911082994,0.8143107238635908,5.3016267942583735,7.2124641476594045,RAP2A
gs_ind_0,Regulation of Mitotic Cell Cycle (GO:0007346),5/104,0.3277555703431359,0.8143107238635908,1.4667697213163213,1.6361627919422403,NEK2;DUSP3;GAS1;GMNN;PIM1
gs_ind_0,Regulation of Mitotic Centrosome Separation (GO:0046602),1/7,0.22847789845484393,0.8143107238635908,6.117703349282297,9.031662100875606,NEK2
gs_ind_0,Regulation of Mitotic Nuclear Division (GO:0007088),2/35,0.36545323943149977,0.8143107238635908,1.9782916672629185,1.9913819121811687,NEK2;IGF1
gs_ind_0,Regulation of Mitotic Spindle Assembly (GO:1901673),1/22,0.5576523738511637,0.8578511688354005,1.8475353288082785,1.0789966528051265,CEP97
gs_ind_0,Regulation of Mitotic Spindle Organization (GO:0060236),1/36,0.7369413516601964,0.922683446985703,1.117797695262484,0.34120435629060897,CEP97
gs_ind_0,Regulation of Monocyte Chemotaxis (GO:0090025),1/17,0.46749893406525544,0.8304516930019938,2.4082644628099175,1.8311436569442452,CXCL12
gs_ind_0,Regulation of Mononuclear Cell Migration (GO:0071675),1/9,0.28360602247834954,0.8143107238635908,4.677568252181255,5.894527670236213,CSF1R
gs_ind_0,Regulation of Multicellular Organism Growth (GO:0040014),1/12,0.3590137723674263,0.8143107238635908,3.456584148117329,3.540905887211403,MFSD2A
gs_ind_0,Regulation of Muscle Contraction (GO:0006937),2/10,0.04896219447790363,0.7843626227074628,7.810896170548756,23.563183747458996,CACNB4;TNNC1
gs_ind_0,Regulation of Muscle System Process (GO:0090257),1/6,0.19934599035375983,0.8143107238635908,7.23053501522401,11.660780122240014,TNNC1
gs_ind_0,Regulation of Myoblast Differentiation (GO:0045661),1/46,0.8185767644022296,0.9592304359919781,0.8714969241285031,0.17446331329513187,RANBP3L
gs_ind_0,Regulation of Myotube Differentiation (GO:0010830),1/18,0.4868888983821721,0.8404608219159228,2.2704853041695148,1.6341121316150384,BHLHE41
gs_ind_0,Regulation of NLRP3 Inflammasome Complex Assembly (GO:1900225),1/37,0.7465327956842982,0.9271100500976093,1.087094448449892,0.3177748076798525,STMP1
gs_ind_0,Regulation of Nervous System Development (GO:0051960),2/23,0.2031704274471727,0.8143107238635908,3.0851301032353007,4.916803030285306,BHLHE41;CX3CR1
gs_ind_0,Regulation of Neuroblast Proliferation (GO:1902692),2/8,0.03196064988065511,0.7343327305332833,10.215723873441995,35.1752894303098,DCT;CX3CR1
gs_ind_0,Regulation of Neurogenesis (GO:0050767),2/36,0.3786091109611788,0.8143107238635908,1.9208109272305363,1.8655894870595544,BHLHE41;CX3CR1
gs_ind_0,Regulation of Neuroinflammatory Response (GO:0150077),1/16,0.44737769589721343,0.8215747436105861,2.56382157740392,2.0622152284801696,IGF1
gs_ind_0,Regulation of Neuromuscular Junction Development (GO:1904396),1/5,0.1691162728367959,0.8143107238635908,8.837958532695374,15.706544121771545,LIN7A
gs_ind_0,Regulation of Neuron Apoptotic Process (GO:0043523),1/86,0.9590640091669654,0.9999949233144176,0.46243599429195,0.01932865024389856,EGLN3
gs_ind_0,Regulation of Neuron Differentiation (GO:0045664),4/42,0.06532700908143611,0.8143107238635908,3.109270902341162,8.483178373665748,TIAM1;RELN;NREP;MMD2
gs_ind_0,Regulation of Neuron Migration (GO:2001222),1/21,0.5409316591593569,0.8578511688354005,1.937799043062201,1.1907045175823572,RELN
gs_ind_0,Regulation of Neuron Projection Arborization (GO:0150011),2/12,0.0684728533567351,0.8143107238635908,6.322193306852943,16.951810167056188,FZD4;MFSD2A
gs_ind_0,Regulation of Neuron Projection Development (GO:0010975),4/108,0.5564332362187253,0.8578511688354005,1.1400500112824716,0.6683065354223716,PPFIA2;RELN;MFSD2A;TENM3
gs_ind_0,Regulation of Neurotransmitter Secretion (GO:0046928),1/22,0.5576523738511637,0.8578511688354005,1.8475353288082785,1.0789966528051265,FER1L5
gs_ind_0,Regulation of Neurotransmitter Transport (GO:0051588),1/9,0.28360602247834954,0.8143107238635908,4.677568252181255,5.894527670236213,FER1L5
gs_ind_0,Regulation of Nitric Oxide Biosynthetic Process (GO:0045428),2/39,0.41734787006150936,0.8143107238635908,1.766762543943752,1.5438592729913223,GCHFR;CX3CR1
gs_ind_0,Regulation of Nitric Oxide Metabolic Process (GO:0080164),2/9,0.04011794014789909,0.7343327305332833,8.852988175135826,28.470604953440475,GCHFR;CX3CR1
gs_ind_0,Regulation of Nuclear Division (GO:0051783),1/12,0.3590137723674263,0.8143107238635908,3.456584148117329,3.540905887211403,NEK2
gs_ind_0,Regulation of Opsin-Mediated Signaling Pathway (GO:0022400),1/5,0.1691162728367959,0.8143107238635908,8.837958532695374,15.706544121771545,GRK4
gs_ind_0,Regulation of Opsonization (GO:1903027),1/12,0.3590137723674263,0.8143107238635908,3.456584148117329,3.540905887211403,COLEC10
gs_ind_0,Regulation of Organelle Assembly (GO:1902115),2/76,0.7692137839144644,0.9395200768945534,0.8869291602051388,0.2327181011722364,ATM;TBC1D16
gs_ind_0,Regulation of Ossification (GO:0030278),2/35,0.36545323943149977,0.8143107238635908,1.9782916672629185,1.9913819121811687,LRP4;NOTUM
gs_ind_0,Regulation of Osteoblast Differentiation (GO:0045667),3/66,0.43255216049001993,0.8184470092867344,1.4607622894400447,1.2241952805481937,IGF1;RANBP3L;LRP3
gs_ind_0,Regulation of Osteoclast Differentiation (GO:0045670),1/20,0.5235801565027363,0.8527166185208973,2.0373205741626794,1.3182791304177788,EEIG1
gs_ind_0,Regulation of Oxidative Phosphorylation (GO:0002082),1/14,0.4048302662063638,0.8143107238635908,2.9440723019670387,2.662287474131655,AK4
gs_ind_0,Regulation of Peptidyl-Serine Phosphorylation (GO:0033135),1/18,0.4868888983821721,0.8404608219159228,2.2704853041695148,1.6341121316150384,EGFR
gs_ind_0,Regulation of Peptidyl-Tyrosine Phosphorylation (GO:0050730),2/16,0.11329711211364774,0.8143107238635908,4.576817535623368,9.967125943485295,BANK1;EGFR
gs_ind_0,Regulation of Phosphatase Activity (GO:0010921),1/9,0.28360602247834954,0.8143107238635908,4.677568252181255,5.894527670236213,CHP2
gs_ind_0,Regulation of Phosphatidylinositol 3-Kinase/Protein Kinase B Signal Transduction (GO:0051896),7/160,0.3639215505417828,0.8143107238635908,1.296420091381795,1.3104434092528896,RELN;P2RY12;IGF1;EGFR;CSF1R;CX3CR1;BANK1
gs_ind_0,Regulation of Phospholipid Metabolic Process (GO:1903725),1/5,0.1691162728367959,0.8143107238635908,8.837958532695374,15.706544121771545,MFSD2A
gs_ind_0,Regulation of Phosphorylation (GO:0042325),1/36,0.7369413516601964,0.922683446985703,1.117797695262484,0.34120435629060897,EGFR
gs_ind_0,Regulation of Plasma Membrane Bounded Cell Projection Assembly (GO:0120032),1/67,0.9169262224159661,0.9961959732570884,0.5953807964888297,0.05163634369801335,TBC1D16
gs_ind_0,Regulation of Positive Chemotaxis (GO:0050926),1/6,0.19934599035375983,0.8143107238635908,7.23053501522401,11.660780122240014,CDH13
gs_ind_0,Regulation of Postsynapse Organization (GO:0099175),1/27,0.6325668495283794,0.8784098352272761,1.4984020944298997,0.6862222677050261,PPFIA2
gs_ind_0,Regulation of Primary Metabolic Process (GO:0080090),2/93,0.857045054752048,0.9725497791121622,0.7212538442596755,0.11126407219157965,FABP1;ILDR2
gs_ind_0,Regulation of Programmed Cell Death (GO:0043067),2/151,0.9755936988151932,0.9999949233144176,0.4395764725499187,0.01086152646368666,GAS1;ATM
gs_ind_0,Regulation of Proteasomal Protein Catabolic Process (GO:0061136),1/76,0.9405810642613328,0.9999949233144176,0.5240660350454703,0.03210294434072957,BAG2
gs_ind_0,Regulation of Proteasomal Ubiquitin-Dependent Protein Catabolic Process (GO:0032434),2/99,0.879922837667753,0.977434075615103,0.6765739852988175,0.08654806124799752,FHIT;BAG2
gs_ind_0,Regulation of Protein Catabolic Process (GO:0042176),2/145,0.9704920370445461,0.9999949233144176,0.4581564169291878,0.013722738298274764,EGFR;AZIN2
gs_ind_0,Regulation of Protein Import Into Nucleus (GO:0042306),1/39,0.7646811496487023,0.9392582465415132,1.0304728764058908,0.2764720907855332,CHP2
gs_ind_0,Regulation of Protein Kinase Activity (GO:0045859),2/47,0.5140783548856143,0.8512369219541539,1.4552800986166279,0.9683136662328619,DEPTOR;MMD2
gs_ind_0,Regulation of Protein Localization (GO:0032880),2/86,0.8253710818006985,0.9592304359919781,0.7813998082454459,0.14996796844437185,PRKAA2;MMD2
gs_ind_0,Regulation of Protein Localization to Plasma Membrane (GO:1903076),2/69,0.7210741000254655,0.9225676339636314,0.979404140477966,0.32027825152514805,EGFR;WNK4
gs_ind_0,Regulation of Protein Phosphorylation (GO:0001932),2/80,0.7933477840740262,0.9500704111403268,0.8414910443295003,0.1947997793808775,EGFR;CSF1R
gs_ind_0,Regulation of Protein Processing (GO:0070613),2/14,0.0900489319939255,0.8143107238635908,5.309875359539789,12.783004919125327,GAS1;BAG2
gs_ind_0,Regulation of Protein Secretion (GO:0050708),3/63,0.4032245602946282,0.8143107238635908,1.533530219671168,1.3928466886417077,SLC12A2;IGF1;CD33
gs_ind_0,Regulation of Protein Tyrosine Kinase Activity (GO:0061097),3/8,0.0023362173470541964,0.5603255919320091,16.936075451925596,102.61944395171749,UNC119;CSF1R;LILRA5
gs_ind_0,Regulation of Protein Ubiquitination (GO:0031396),1/97,0.972837451392345,0.9999949233144176,0.409395840047599,0.011274053163035185,BAG2
gs_ind_0,Regulation of Protein-Containing Complex Assembly (GO:0043254),1/107,0.9812971210420381,0.9999949233144176,0.37068535615607523,0.006998535667021747,BMF
gs_ind_0,Regulation of RNA Biosynthetic Process (GO:2001141),2/304,0.9998553511835493,0.9999949233144176,0.21482056686449608,3.1075788338409516e-05,TFDP2;BRCA2
gs_ind_0,Regulation of RNA Splicing (GO:0043484),1/90,0.9647348947556829,0.9999949233144176,0.44164015931143247,0.015855736666687676,ILDR2
gs_ind_0,Regulation of Ras Protein Signal Transduction (GO:0046578),2/32,0.3253949518534859,0.8143107238635908,2.1733492604875595,2.440053114612683,IGF1;MMD2
gs_ind_0,Regulation of Reactive Oxygen Species Biosynthetic Process (GO:1903426),1/20,0.5235801565027363,0.8527166185208973,2.0373205741626794,1.3182791304177788,ABCD2
gs_ind_0,Regulation of Receptor Recycling (GO:0001919),1/14,0.4048302662063638,0.8143107238635908,2.9440723019670387,2.662287474131655,TBC1D16
gs_ind_0,Regulation of Receptor Signaling Pathway via JAK-STAT (GO:0046425),1/45,0.8117070603609876,0.9552164148482901,0.8911456373313262,0.18590703065247918,SOCS2
gs_ind_0,Regulation of Regulated Secretory Pathway (GO:1903305),1/15,0.4264976594107405,0.8143107238635908,2.7408348457350273,2.335598028362105,SYT3
gs_ind_0,Regulation of Regulatory T Cell Differentiation (GO:0045589),1/28,0.6459555165454947,0.8837307841304614,1.4438103523270986,0.6309806957104804,SOX12
gs_ind_0,Regulation of Release of Cytochrome C From Mitochondria (GO:0090199),2/32,0.3253949518534859,0.8143107238635908,2.1733492604875595,2.440053114612683,IGF1;BMF
gs_ind_0,Regulation of Response to External Stimulus (GO:0032101),3/89,0.6332479453479294,0.8784098352272761,1.070563542169879,0.48913323975531753,MGLL;GRK4;P2RY12
gs_ind_0,"Regulation of Retrograde Protein Transport, ER to Cytosol (GO:1904152)",1/12,0.3590137723674263,0.8143107238635908,3.456584148117329,3.540905887211403,DERL3
gs_ind_0,Regulation of Ruffle Assembly (GO:1900027),1/20,0.5235801565027363,0.8527166185208973,2.0373205741626794,1.3182791304177788,P2RY12
gs_ind_0,Regulation of Secretion by Cell (GO:1903530),1/31,0.6832698175559738,0.899629689416935,1.3015138442230763,0.49570165564367114,FER1L5
gs_ind_0,Regulation of Sensory Perception (GO:0051931),1/2,0.07141958007258499,0.8143107238635908,26.51961722488038,69.99012868850511,MGLL
gs_ind_0,Regulation of Sensory Perception of Pain (GO:0051930),1/3,0.10519670899329986,0.8143107238635908,15.910622009569378,35.82949982421785,MGLL
gs_ind_0,Regulation of Signal Transduction (GO:0009966),5/153,0.6581730360275614,0.8869029260265189,0.9792849744633737,0.4096225751715046,MGLL;KCTD12;GAS1;SOCS2;GRK4
gs_ind_0,Regulation of Signal Transduction by P53 Class Mediator (GO:1901796),1/56,0.8749111771147834,0.9760520723548637,0.7139531876373981,0.09540764181503643,ATM
gs_ind_0,Regulation of Skeletal Muscle Tissue Regeneration (GO:0043416),1/4,0.13774745818969023,0.8143107238635908,11.36390977443609,22.527056576132974,IGF1
gs_ind_0,Regulation of Small GTPase Mediated Signal Transduction (GO:0051056),3/138,0.8827414827923322,0.9792451656564444,0.6809908156718455,0.0849351444420703,ARHGAP6;RELN;TIAM1
gs_ind_0,Regulation of Smooth Muscle Cell Apoptotic Process (GO:0034391),1/11,0.3348020291165355,0.8143107238635908,3.786056049213944,4.142762650493909,IGF1
gs_ind_0,Regulation of Smooth Muscle Cell Migration (GO:0014910),1/18,0.4868888983821721,0.8404608219159228,2.2704853041695148,1.6341121316150384,IGF1
gs_ind_0,Regulation of Smooth Muscle Cell Proliferation (GO:0048660),2/38,0.40456501553278584,0.8143107238635908,1.8152983359382182,1.6427412039547058,IGF1;CDH13
gs_ind_0,Regulation of Smoothened Signaling Pathway (GO:0008589),1/63,0.9035908898137561,0.9893673982096003,0.633668899521531,0.06424045103107898,GAS1
gs_ind_0,Regulation of Sodium Ion Transport (GO:0002028),1/25,0.6042545651778357,0.8704573890158044,1.6209549848647593,0.8165718038797516,WNK4
gs_ind_0,Regulation of Spindle Assembly (GO:0090169),1/29,0.6588572211752821,0.8869029260265189,1.3930496096701084,0.5812477594527592,CEP97
gs_ind_0,Regulation of Sterol Biosynthetic Process (GO:0106118),1/11,0.3348020291165355,0.8143107238635908,3.786056049213944,4.142762650493909,GPR146
gs_ind_0,Regulation of Store-Operated Calcium Entry (GO:2001256),1/8,0.2565517911082994,0.8143107238635908,5.3016267942583735,7.2124641476594045,HOMER2
gs_ind_0,Regulation of Stress Fiber Assembly (GO:0051492),2/61,0.6559910299520426,0.8869029260265189,1.111733283917594,0.4687158286736556,ARHGAP6;CARMIL1
gs_ind_0,Regulation of Substrate Adhesion-Dependent Cell Spreading (GO:1900024),2/39,0.41734787006150936,0.8143107238635908,1.766762543943752,1.5438592729913223,CARMIL1;CSPG5
gs_ind_0,Regulation of Superoxide Metabolic Process (GO:0090322),1/6,0.19934599035375983,0.8143107238635908,7.23053501522401,11.660780122240014,FBLN5
gs_ind_0,Regulation of Synapse Assembly (GO:0051963),3/44,0.21457005197205936,0.8143107238635908,2.2387069893406477,3.4456364880472976,RAP2A;NTM;LIN7A
gs_ind_0,Regulation of Synapse Maturation (GO:0090128),1/8,0.2565517911082994,0.8143107238635908,5.3016267942583735,7.2124641476594045,RELN
gs_ind_0,Regulation of Synapse Organization (GO:0050807),3/30,0.09417862060944787,0.8143107238635908,3.3818356475416995,7.989796663687861,RAP2A;SPARCL1;NTM
gs_ind_0,Regulation of Synaptic Assembly at Neuromuscular Junction (GO:0008582),1/5,0.1691162728367959,0.8143107238635908,8.837958532695374,15.706544121771545,LIN7A
gs_ind_0,"Regulation of Synaptic Transmission, Glutamatergic (GO:0051966)",2/23,0.2031704274471727,0.8143107238635908,3.0851301032353007,4.916803030285306,HOMER2;RELN
gs_ind_0,Regulation of T Cell Activation (GO:0050863),2/42,0.45482890254862796,0.8304516930019938,1.635536143366121,1.2885309314444544,DUSP3;ILDR2
gs_ind_0,Regulation of T Cell Migration (GO:2000404),1/20,0.5235801565027363,0.8527166185208973,2.0373205741626794,1.3182791304177788,CXCL12
gs_ind_0,Regulation of T Cell Proliferation (GO:0042129),1/41,0.7815323803489124,0.9428141621161269,0.9794435583909268,0.24143156033201724,VSIG4
gs_ind_0,Regulation of T Cell Receptor Signaling Pathway (GO:0050856),1/37,0.7465327956842982,0.9271100500976093,1.087094448449892,0.3177748076798525,DUSP3
gs_ind_0,Regulation of T Cell Tolerance Induction (GO:0002664),1/3,0.10519670899329986,0.8143107238635908,15.910622009569378,35.82949982421785,IL2RA
gs_ind_0,Regulation of TOR Signaling (GO:0032006),3/77,0.5346979482887682,0.8578511688354005,1.2440864166489372,0.7788643744819665,DEPTOR;RELN;PRKAA2
gs_ind_0,Regulation of TORC1 Signaling (GO:1903432),4/102,0.5111262996602568,0.848852750126107,1.210022327208415,0.8120926392933476,PRKAA2;DEPTOR;PIM1;ATM
gs_ind_0,Regulation of TORC2 Signaling (GO:1903939),1/11,0.3348020291165355,0.8143107238635908,3.786056049213944,4.142762650493909,DEPTOR
gs_ind_0,Regulation of Telomere Capping (GO:1904353),1/11,0.3348020291165355,0.8143107238635908,3.786056049213944,4.142762650493909,ATM
gs_ind_0,Regulation of Telomere Maintenance (GO:0032204),1/47,0.825196295043895,0.9592304359919781,0.8526933168698874,0.16383136713817034,NEK2
gs_ind_0,Regulation of Telomere Maintenance via Telomerase (GO:0032210),1/42,0.7895007578562364,0.9469510514457993,0.9557733325647086,0.22590131414647033,ATM
gs_ind_0,Regulation of Telomere Maintenance via Telomere Lengthening (GO:1904356),1/17,0.46749893406525544,0.8304516930019938,2.4082644628099175,1.8311436569442452,ATM
gs_ind_0,Regulation of Toll-Like Receptor 9 Signaling Pathway (GO:0034163),1/15,0.4264976594107405,0.8143107238635908,2.7408348457350273,2.335598028362105,EGFR
gs_ind_0,Regulation of Trans-Synaptic Signaling (GO:0099177),4/25,0.011921024816012689,0.5603255919320091,5.574613335720841,24.692480218748237,EIF4EBP2;FABP5;RELN;CX3CR1
gs_ind_0,Regulation of Transcription Regulatory Region DNA Binding (GO:2000677),1/9,0.28360602247834954,0.8143107238635908,4.677568252181255,5.894527670236213,IGF1
gs_ind_0,Regulation of Transcription by RNA Polymerase III (GO:0006359),1/26,0.6186728767356198,0.8739642829272644,1.5572755417956656,0.747770415211568,POLR3G
gs_ind_0,Regulation of Transforming Growth Factor Beta Receptor Signaling Pathway (GO:0017015),2/95,0.8650807614814842,0.9760520723548637,0.7057234120005538,0.10228219527154175,HTRA4;NREP
gs_ind_0,Regulation of Translational Initiation (GO:0006446),1/67,0.9169262224159661,0.9961959732570884,0.5953807964888297,0.05163634369801335,EIF4EBP2
gs_ind_0,Regulation of Transmembrane Receptor Protein Serine/Threonine Kinase Signaling Pathway (GO:0090092),1/26,0.6186728767356198,0.8739642829272644,1.5572755417956656,0.747770415211568,NREP
gs_ind_0,Regulation of Triglyceride Biosynthetic Process (GO:0010866),1/17,0.46749893406525544,0.8304516930019938,2.4082644628099175,1.8311436569442452,MFSD2A
gs_ind_0,Regulation of Tumor Necrosis Factor Production (GO:0032680),4/101,0.5033707168018918,0.8404608219159228,1.222521655437921,0.8391735457740376,IGF1;CD33;LILRA5;CX3CR1
gs_ind_0,Regulation of Tumor Necrosis Factor Superfamily Cytokine Production (GO:1903555),1/8,0.2565517911082994,0.8143107238635908,5.3016267942583735,7.2124641476594045,CX3CR1
gs_ind_0,Regulation of Tyrosine Phosphorylation of STAT Protein (GO:0042509),1/18,0.4868888983821721,0.8404608219159228,2.2704853041695148,1.6341121316150384,CSF1R
gs_ind_0,Regulation of Vacuole Organization (GO:0044088),1/19,0.5055741167463359,0.8404608219159228,2.147601189706453,1.464794221737121,ATM
gs_ind_0,Regulation of Vascular Associated Smooth Muscle Cell Apoptotic Process (GO:1905459),1/7,0.22847789845484393,0.8143107238635908,6.117703349282297,9.031662100875606,IGF1
gs_ind_0,Regulation of Vascular Associated Smooth Muscle Cell Proliferation (GO:1904705),1/27,0.6325668495283794,0.8784098352272761,1.4984020944298997,0.6862222677050261,IGF1
gs_ind_0,Regulation of Vascular Wound Healing (GO:0061043),1/6,0.19934599035375983,0.8143107238635908,7.23053501522401,11.660780122240014,SLC12A2
gs_ind_0,Regulation of Vasculature Development (GO:1901342),1/28,0.6459555165454947,0.8837307841304614,1.4438103523270986,0.6309806957104804,CXCL12
gs_ind_0,Regulation of Vesicle Fusion (GO:0031338),1/8,0.2565517911082994,0.8143107238635908,5.3016267942583735,7.2124641476594045,SYT3
gs_ind_0,Regulation of Vesicle-Mediated Transport (GO:0060627),2/72,0.74266432675749,0.9271100500976093,0.9375233743361688,0.2789236265876585,GAS1;CDH13
gs_ind_0,Regulation of Wnt Signaling Pathway (GO:0030111),1/77,0.9427536106393615,0.9999949233144176,0.5171779716671357,0.030487803280519997,NOTUM
gs_ind_0,Regulation of calcineurin-NFAT Signaling Cascade (GO:0070884),3/23,0.04937199406590918,0.7843626227074628,4.538904899135447,13.65471412459572,HOMER2;IGF1;CHP2
gs_ind_0,Regulation of miRNA Transcription (GO:1902893),1/49,0.8377208810805986,0.9642665507448586,0.8174123218073299,0.14473945440723052,EGFR
gs_ind_0,Regulatory ncRNA Processing (GO:0070918),1/24,0.5892921663914557,0.8704573890158044,1.6900539550035631,0.893756607904284,PNLDC1
gs_ind_0,Renal Absorption (GO:0070293),1/14,0.4048302662063638,0.8143107238635908,2.9440723019670387,2.662287474131655,WNK4
gs_ind_0,Renal Sodium Ion Absorption (GO:0070294),1/6,0.19934599035375983,0.8143107238635908,7.23053501522401,11.660780122240014,WNK4
gs_ind_0,Renal Sodium Ion Transport (GO:0003096),1/6,0.19934599035375983,0.8143107238635908,7.23053501522401,11.660780122240014,WNK4
gs_ind_0,Renal System Development (GO:0072001),1/35,0.7269876783074459,0.9225676339636314,1.1502808404410234,0.36676215759768194,LRP4
gs_ind_0,Renal Water Homeostasis (GO:0003091),1/15,0.4264976594107405,0.8143107238635908,2.7408348457350273,2.335598028362105,AQP4
gs_ind_0,Replication Fork Processing (GO:0031297),1/48,0.8315747460096414,0.9611337489912396,0.8346814404432134,0.15394371308757915,BRCA2
gs_ind_0,Respiratory Chain Complex III Assembly (GO:0017062),2/14,0.0900489319939255,0.8143107238635908,5.309875359539789,12.783004919125327,UQCC5;STMP1
gs_ind_0,Respiratory Chain Complex IV Assembly (GO:0008535),2/28,0.2710728400662629,0.8143107238635908,2.5021255811429297,3.266193944206684,UQCC5;STMP1
gs_ind_0,Response to ATP (GO:0033198),2/15,0.10148676134509448,0.8143107238635908,4.916196157806896,11.247405909429377,P2RY1;P2RY12
gs_ind_0,Response to Amyloid-Beta (GO:1904645),1/30,0.6712896421442267,0.8956329107048134,1.3457302732949477,0.5363469607775887,IGF1
gs_ind_0,Response to Axon Injury (GO:0048678),3/13,0.010417245166333184,0.5603255919320091,8.868075568363754,40.47649219877549,CSPG5;NREP;P2RY12
gs_ind_0,Response to Calcium Ion (GO:0051592),2/60,0.6470546655777072,0.8837307841304614,1.1308192180675403,0.49227330753370674,CHP2;PRKAA2
gs_ind_0,Response to Chemokine (GO:1990868),2/13,0.07902841848226269,0.8143107238635908,5.772020509400142,14.649086543158473,SLC12A2;CXCL12
gs_ind_0,Response to Cytokine (GO:0034097),3/110,0.7685239986704749,0.9395200768945534,0.8601166141679512,0.22645450274045525,CSF1R;LIFR;SLC22A5
gs_ind_0,Response to Endoplasmic Reticulum Stress (GO:0034976),2/112,0.9183552737764329,0.9971052746869845,0.596413061869043,0.050797069910154306,DERL3;RNF186
gs_ind_0,Response to Epidermal Growth Factor (GO:0070849),2/29,0.2847077869114524,0.8143107238635908,2.4109648740521226,3.028875723910727,DUSP3;EGFR
gs_ind_0,Response to Estradiol (GO:0032355),3/19,0.030043409906553836,0.7343327305332833,5.640875614939016,19.771900505661957,H2AZ1;EGFR;SOCS2
gs_ind_0,Response to Gamma Radiation (GO:0010332),1/19,0.5055741167463359,0.8404608219159228,2.147601189706453,1.464794221737121,ATM
gs_ind_0,Response to Glucose (GO:0009749),4/42,0.06532700908143611,0.8143107238635908,3.109270902341162,8.483178373665748,PCK1;ZBTB20;GYS2;PRKAA2
gs_ind_0,Response to Hexose (GO:0009746),1/21,0.5409316591593569,0.8578511688354005,1.937799043062201,1.1907045175823572,GYS2
gs_ind_0,Response to Hydrogen Peroxide (GO:0042542),1/35,0.7269876783074459,0.9225676339636314,1.1502808404410234,0.36676215759768194,FABP1
gs_ind_0,Response to Insulin (GO:0032868),2/71,0.7356312895576498,0.922683446985703,0.9510818957489808,0.2920071088963997,SORT1;PCK1
gs_ind_0,Response to Ionizing Radiation (GO:0010212),2/60,0.6470546655777072,0.8837307841304614,1.1308192180675403,0.49227330753370674,ATM;BRCA2
gs_ind_0,Response to Light Stimulus (GO:0009416),2/36,0.3786091109611788,0.8143107238635908,1.9208109272305363,1.8655894870595544,DCT;RGR
gs_ind_0,Response to Lipopolysaccharide (GO:0032496),1/107,0.9812971210420381,0.9999949233144176,0.37068535615607523,0.006998535667021747,CX3CR1
gs_ind_0,Response to Macrophage Colony-Stimulating Factor (GO:0036005),1/3,0.10519670899329986,0.8143107238635908,15.910622009569378,35.82949982421785,CSF1R
gs_ind_0,Response to Peptide Hormone (GO:0043434),2/38,0.40456501553278584,0.8143107238635908,1.8152983359382182,1.6427412039547058,SORT1;PCK1
gs_ind_0,Response to Potassium Ion (GO:0035864),1/3,0.10519670899329986,0.8143107238635908,15.910622009569378,35.82949982421785,SLC12A2
gs_ind_0,Response to Purine-Containing Compound (GO:0014074),1/17,0.46749893406525544,0.8304516930019938,2.4082644628099175,1.8311436569442452,P2RY1
gs_ind_0,Response to Reactive Oxygen Species (GO:0000302),1/48,0.8315747460096414,0.9611337489912396,0.8346814404432134,0.15394371308757915,ATM
gs_ind_0,Response to Retinoic Acid (GO:0032526),3/33,0.1170752642073208,0.8143107238635908,3.0485346687453743,6.5389186698152555,FZD4;WNT9A;ATM
gs_ind_0,Response to Tumor Necrosis Factor (GO:0034612),1/56,0.8749111771147834,0.9760520723548637,0.7139531876373981,0.09540764181503643,SLC22A5
gs_ind_0,Response to Type II Interferon (GO:0034341),3/61,0.38343191653480296,0.8143107238635908,1.5861884939694737,1.520509513417212,SLC22A5;PIM1;AQP4
gs_ind_0,Response to UV (GO:0009411),1/82,0.9524832237916931,0.9999949233144176,0.4852731382276103,0.02362444783204899,EGFR
gs_ind_0,Response to UV-A (GO:0070141),1/7,0.22847789845484393,0.8143107238635908,6.117703349282297,9.031662100875606,EGFR
gs_ind_0,Response to X-ray (GO:0010165),1/9,0.28360602247834954,0.8143107238635908,4.677568252181255,5.894527670236213,ATM
gs_ind_0,Retinal Pigment Epithelium Development (GO:0003406),1/3,0.10519670899329986,0.8143107238635908,15.910622009569378,35.82949982421785,MFSD2A
gs_ind_0,Retinoid Metabolic Process (GO:0001523),4/37,0.044323037923584864,0.7774999569095511,3.5746340482381163,11.139455832491993,AWAT2;RDH16;RETSAT;RGR
gs_ind_0,Retinol Metabolic Process (GO:0042572),2/15,0.10148676134509448,0.8143107238635908,4.916196157806896,11.247405909429377,RDH16;RETSAT
gs_ind_0,Retrograde Axonal Transport (GO:0008090),1/11,0.3348020291165355,0.8143107238635908,3.786056049213944,4.142762650493909,KIF5A
gs_ind_0,Retrograde Neuronal Dense Core Vesicle Transport (GO:1990049),1/4,0.13774745818969023,0.8143107238635908,11.36390977443609,22.527056576132974,KIF5A
gs_ind_0,Reverse Cholesterol Transport (GO:0043691),1/15,0.4264976594107405,0.8143107238635908,2.7408348457350273,2.335598028362105,LIPG
gs_ind_0,Rho Protein Signal Transduction (GO:0007266),2/50,0.5475298978590858,0.8578511688354005,1.3649662452679128,0.8221713260052429,ARHGAP6;CDH13
gs_ind_0,Ribonucleoside Diphosphate Metabolic Process (GO:0009185),1/6,0.19934599035375983,0.8143107238635908,7.23053501522401,11.660780122240014,AK4
gs_ind_0,Ruffle Organization (GO:0031529),2/14,0.0900489319939255,0.8143107238635908,5.309875359539789,12.783004919125327,CARMIL1;CSF1R
gs_ind_0,S-adenosylmethionine Metabolic Process (GO:0046500),1/16,0.44737769589721343,0.8215747436105861,2.56382157740392,2.0622152284801696,AHCY
gs_ind_0,Secondary Alcohol Metabolic Process (GO:1902652),1/41,0.7815323803489124,0.9428141621161269,0.9794435583909268,0.24143156033201724,OSBPL5
gs_ind_0,Secretion (GO:0046903),1/8,0.2565517911082994,0.8143107238635908,5.3016267942583735,7.2124641476594045,FBLN5
gs_ind_0,Semaphorin-plexin Signaling Pathway (GO:0071526),1/29,0.6588572211752821,0.8869029260265189,1.3930496096701084,0.5812477594527592,SEMA5B
gs_ind_0,Sensory Organ Development (GO:0007423),1/25,0.6042545651778357,0.8704573890158044,1.6209549848647593,0.8165718038797516,PBX1
gs_ind_0,Sensory Perception (GO:0007600),1/26,0.6186728767356198,0.8739642829272644,1.5572755417956656,0.747770415211568,KCNA2
gs_ind_0,Sensory Perception of Light Stimulus (GO:0050953),3/46,0.2338745845166974,0.8143107238635908,2.135468768977663,3.102772635777316,UNC119;OAT;RGR
gs_ind_0,Sensory Perception of Mechanical Stimulus (GO:0050954),1/43,0.7971790326254642,0.9500704111403268,0.9332169997185477,0.21153788940697385,HOMER2
gs_ind_0,Sensory Perception of Pain (GO:0019233),1/17,0.46749893406525544,0.8304516930019938,2.4082644628099175,1.8311436569442452,KCNA2
gs_ind_0,Sensory Perception of Sound (GO:0007605),1/45,0.8117070603609876,0.9552164148482901,0.8911456373313262,0.18590703065247918,HOMER2
gs_ind_0,Serine Transport (GO:0032329),1/6,0.19934599035375983,0.8143107238635908,7.23053501522401,11.660780122240014,SLC7A10
gs_ind_0,Short-chain Fatty Acid Catabolic Process (GO:0019626),1/4,0.13774745818969023,0.8143107238635908,11.36390977443609,22.527056576132974,PCCB
gs_ind_0,Short-chain Fatty Acid Metabolic Process (GO:0046459),2/8,0.03196064988065511,0.7343327305332833,10.215723873441995,35.1752894303098,PCCB;ACOT4
gs_ind_0,Sialylation (GO:0097503),1/5,0.1691162728367959,0.8143107238635908,8.837958532695374,15.706544121771545,ST6GALNAC2
gs_ind_0,Signal Release From Synapse (GO:0099643),1/18,0.4868888983821721,0.8404608219159228,2.2704853041695148,1.6341121316150384,LIN7A
gs_ind_0,Signal Transduction by P53 Class Mediator (GO:0072331),2/44,0.47903432067136364,0.8404608219159228,1.558344143026338,1.1469148495702177,FHIT;ATM
gs_ind_0,Signal Transduction in Response to DNA Damage (GO:0042770),1/75,0.9383262316251898,0.9999949233144176,0.5311390128769147,0.03381103245349339,ATM
gs_ind_0,Signaling Receptor Ligand Precursor Processing (GO:0140448),1/12,0.3590137723674263,0.8143107238635908,3.456584148117329,3.540905887211403,PCSK4
gs_ind_0,Single Strand Break Repair (GO:0000012),1/11,0.3348020291165355,0.8143107238635908,3.786056049213944,4.142762650493909,UNG
gs_ind_0,Skeletal Muscle Contraction (GO:0003009),1/4,0.13774745818969023,0.8143107238635908,11.36390977443609,22.527056576132974,TNNC1
gs_ind_0,Skeletal System Development (GO:0001501),5/90,0.2296312701918121,0.8143107238635908,1.7086794453185359,2.5139466283485836,EXTL1;CNMD;NOTUM;COL27A1;IGF1
gs_ind_0,Skin Development (GO:0043588),2/38,0.40456501553278584,0.8143107238635908,1.8152983359382182,1.6427412039547058,ABCB6;KRT10
gs_ind_0,Small GTPase-mediated Signal Transduction (GO:0007264),5/169,0.7407418189710888,0.9267527660826995,0.8830036374507948,0.26499216144049115,RAP2A;CDH13;ARHGAP6;IGF1;TIAM1
gs_ind_0,Small Molecule Biosynthetic Process (GO:0044283),2/8,0.03196064988065511,0.7343327305332833,10.215723873441995,35.1752894303098,HMGCS2;ACSS3
gs_ind_0,Sodium Ion Homeostasis (GO:0055078),2/12,0.0684728533567351,0.8143107238635908,6.322193306852943,16.951810167056188,SLC12A2;CHP2
gs_ind_0,Sodium Ion Import Across Plasma Membrane (GO:0098719),1/10,0.3096775589228434,0.8143107238635908,4.184890455804584,4.9056275872300406,SLC12A2
gs_ind_0,Sodium Ion Transmembrane Transport (GO:0035725),1/31,0.6832698175559738,0.899629689416935,1.3015138442230763,0.49570165564367114,SLC12A2
gs_ind_0,Sodium Ion Transport (GO:0006814),4/35,0.03716882761316105,0.7343327305332833,3.8021449195655164,12.517744064412836,SLC12A2;SLC17A2;SLC5A6;WNK4
gs_ind_0,Sperm-egg Recognition (GO:0035036),2/10,0.04896219447790363,0.7843626227074628,7.810896170548756,23.563183747458996,PCSK4;FER1L5
gs_ind_0,Spindle Assembly (GO:0051225),2/67,0.705847385469977,0.9137590056347049,1.0094559879384921,0.3516502850812373,HAUS4;NEK2
gs_ind_0,Spindle Assembly Checkpoint Signaling (GO:0071173),2/16,0.11329711211364774,0.8143107238635908,4.576817535623368,9.967125943485295,SPC25;ATM
gs_ind_0,Sprouting Angiogenesis (GO:0002040),1/47,0.825196295043895,0.9592304359919781,0.8526933168698874,0.16383136713817034,CDH13
gs_ind_0,Stem Cell Differentiation (GO:0048863),1/36,0.7369413516601964,0.922683446985703,1.117797695262484,0.34120435629060897,EPOP
gs_ind_0,Steroid Biosynthetic Process (GO:0006694),1/15,0.4264976594107405,0.8143107238635908,2.7408348457350273,2.335598028362105,CYP17A1
gs_ind_0,Steroid Catabolic Process (GO:0006706),1/9,0.28360602247834954,0.8143107238635908,4.677568252181255,5.894527670236213,STS
gs_ind_0,Steroid Hormone Biosynthetic Process (GO:0120178),2/14,0.0900489319939255,0.8143107238635908,5.309875359539789,12.783004919125327,SERPINA6;CYP17A1
gs_ind_0,Steroid Metabolic Process (GO:0008202),6/55,0.014426271563926809,0.5603255919320091,3.503840335724394,14.85174316923946,RDH16;CYP7B1;SLC27A2;STS;CYP2E1;CYP17A1
gs_ind_0,Sterol Homeostasis (GO:0055092),3/73,0.49869442044835893,0.8404608219159228,1.3150544007739422,0.9149645573890135,LIPG;CYP7B1;ABCG5
gs_ind_0,Sterol Metabolic Process (GO:0016125),2/51,0.5583164376743461,0.8578511688354005,1.3372943238715052,0.7794144279859105,CYP7B1;OSBPL5
gs_ind_0,Sterol Transport (GO:0015918),2/24,0.21664472331971585,0.8143107238635908,2.947800149142431,4.508649972123984,ABCG5;OSBPL5
gs_ind_0,Store-operated Calcium Entry (GO:0002115),1/8,0.2565517911082994,0.8143107238635908,5.3016267942583735,7.2124641476594045,ORAI2
gs_ind_0,Striated Muscle Cell Development (GO:0055002),1/15,0.4264976594107405,0.8143107238635908,2.7408348457350273,2.335598028362105,IGF1
gs_ind_0,Striated Muscle Cell Differentiation (GO:0051146),1/14,0.4048302662063638,0.8143107238635908,2.9440723019670387,2.662287474131655,SORT1
gs_ind_0,Striated Muscle Contraction (GO:0006941),1/58,0.8838792469108049,0.9792451656564444,0.6890201789057624,0.08504908464804882,TNNC1
gs_ind_0,Substrate-dependent Cell Migration (GO:0006929),1/10,0.3096775589228434,0.8143107238635908,4.184890455804584,4.9056275872300406,P2RY12
gs_ind_0,"Substrate-dependent Cell Migration, Cell Extension (GO:0006930)",1/7,0.22847789845484393,0.8143107238635908,6.117703349282297,9.031662100875606,P2RY12
gs_ind_0,Succinyl-CoA Catabolic Process (GO:1901289),1/5,0.1691162728367959,0.8143107238635908,8.837958532695374,15.706544121771545,NUDT7
gs_ind_0,Succinyl-CoA Metabolic Process (GO:0006104),2/11,0.05843285698592441,0.8143107238635908,6.98819195640107,19.845605103580986,NUDT7;ACOT4
gs_ind_0,Sulfur Compound Biosynthetic Process (GO:0044272),1/30,0.6712896421442267,0.8956329107048134,1.3457302732949477,0.5363469607775887,PANK1
gs_ind_0,Sulfur Compound Catabolic Process (GO:0044273),1/17,0.46749893406525544,0.8304516930019938,2.4082644628099175,1.8311436569442452,NUDT7
gs_ind_0,Sulfur Compound Transport (GO:0072348),1/12,0.3590137723674263,0.8143107238635908,3.456584148117329,3.540905887211403,SLC5A6
gs_ind_0,Supramolecular Fiber Organization (GO:0097435),7/182,0.4945543022631526,0.8404608219159228,1.132085619016887,0.797099584127001,CARMIL1;KRT10;ARHGAP6;HOOK2;KLHL24;FBLN5;PPP1R9A
gs_ind_0,Synapse Assembly (GO:0007416),1/38,0.7557751681208258,0.9330831254512247,1.0580287081339712,0.2962600402370663,ADGRF1
gs_ind_0,Synapse Organization (GO:0050808),5/77,0.14837506273547596,0.8143107238635908,2.016965384231703,3.8483941632243295,ADGRF1;PPFIA2;LRP4;TENM3;CX3CR1
gs_ind_0,Synapse Pruning (GO:0098883),1/9,0.28360602247834954,0.8143107238635908,4.677568252181255,5.894527670236213,CX3CR1
gs_ind_0,Synaptic Membrane Adhesion (GO:0099560),1/8,0.2565517911082994,0.8143107238635908,5.3016267942583735,7.2124641476594045,TENM3
gs_ind_0,Synaptonemal Complex Assembly (GO:0007130),1/6,0.19934599035375983,0.8143107238635908,7.23053501522401,11.660780122240014,SYCE2
gs_ind_0,Synaptonemal Complex Organization (GO:0070193),1/6,0.19934599035375983,0.8143107238635908,7.23053501522401,11.660780122240014,SYCE2
gs_ind_0,T Cell Chemotaxis (GO:0010818),2/8,0.03196064988065511,0.7343327305332833,10.215723873441995,35.1752894303098,SLC12A2;CXCL12
gs_ind_0,T Cell Migration (GO:0072678),2/11,0.05843285698592441,0.8143107238635908,6.98819195640107,19.845605103580986,SLC12A2;CXCL12
gs_ind_0,T Cell Receptor Signaling Pathway (GO:0050852),1/56,0.8749111771147834,0.9760520723548637,0.7139531876373981,0.09540764181503643,BTNL9
gs_ind_0,TOR Signaling (GO:0031929),1/33,0.7059385191987833,0.9137590056347049,1.221244019138756,0.42527029806639605,EIF4EBP2
gs_ind_0,TRNA Transport (GO:0051031),1/6,0.19934599035375983,0.8143107238635908,7.23053501522401,11.660780122240014,TOMM20L
gs_ind_0,Tail-anchored Membrane Protein Insertion Into ER Membrane (GO:0071816),1/16,0.44737769589721343,0.8215747436105861,2.56382157740392,2.0622152284801696,MMGT1
gs_ind_0,Taurine Metabolic Process (GO:0019530),1/9,0.28360602247834954,0.8143107238635908,4.677568252181255,5.894527670236213,FMO3
gs_ind_0,Telomere Maintenance (GO:0000723),2/55,0.5996121673891971,0.8704573890158044,1.2369512817985502,0.6326662186890495,DCLRE1C;ATM
gs_ind_0,Telomere Organization (GO:0032200),2/43,0.4670132175486681,0.8304516930019938,1.5960101190957503,1.215198463560679,DCLRE1C;ATM
gs_ind_0,Termination of RNA Polymerase III Transcription (GO:0006386),1/17,0.46749893406525544,0.8304516930019938,2.4082644628099175,1.8311436569442452,POLR3G
gs_ind_0,Terpenoid Metabolic Process (GO:0006721),2/6,0.01796768525197654,0.5603255919320091,14.75817620112922,59.3157725019759,CYP2E1;ALDH3A2
gs_ind_0,Tertiary Alcohol Biosynthetic Process (GO:1902645),1/1,0.036369958275382475,0.7343327305332833,79.56459330143541,263.6780302800813,CYP17A1
gs_ind_0,Thyroid Hormone Generation (GO:0006590),1/3,0.10519670899329986,0.8143107238635908,15.910622009569378,35.82949982421785,DIO1
gs_ind_0,Thyroid Hormone Metabolic Process (GO:0042403),1/8,0.2565517911082994,0.8143107238635908,5.3016267942583735,7.2124641476594045,DIO1
gs_ind_0,Toll-like Receptor Signaling Pathway (GO:0002224),1/34,0.7166581229109903,0.9205585652037435,1.184703277869028,0.3946914413536959,TLR5
gs_ind_0,Transcription Initiation at RNA Polymerase III Promoter (GO:0006384),1/25,0.6042545651778357,0.8704573890158044,1.6209549848647593,0.8165718038797516,POLR3G
gs_ind_0,Transcription by RNA Polymerase III (GO:0006383),1/38,0.7557751681208258,0.9330831254512247,1.0580287081339712,0.2962600402370663,POLR3G
gs_ind_0,Transepithelial Ammonium Transport (GO:0070634),1/2,0.07141958007258499,0.8143107238635908,26.51961722488038,69.99012868850511,SLC12A2
gs_ind_0,Transepithelial Chloride Transport (GO:0030321),1/4,0.13774745818969023,0.8143107238635908,11.36390977443609,22.527056576132974,SLC12A2
gs_ind_0,Transepithelial Transport (GO:0070633),2/13,0.07902841848226269,0.8143107238635908,5.772020509400142,14.649086543158473,SLC12A2;SLC1A2
gs_ind_0,Translation (GO:0006412),4/236,0.9744279776866156,0.9999949233144176,0.5076407215374584,0.01315026522081329,EIF4EBP2;RPL36AL;MRPL34;RPL22L1
gs_ind_0,Translesion Synthesis (GO:0019985),1/20,0.5235801565027363,0.8527166185208973,2.0373205741626794,1.3182791304177788,POLD2
gs_ind_0,Transport Across Blood-Brain Barrier (GO:0150104),8/60,0.0014053490809366716,0.473321570459471,4.335938293843241,28.47614271928348,SLC1A2;SLC5A6;MFSD2A;SLC12A2;SLC22A5;SLC16A7;FABP5;LRP3
gs_ind_0,Transport Along Microtubule (GO:0010970),1/44,0.8045777468569549,0.9534897436362506,0.9116977396469229,0.1982374388607921,HOOK2
gs_ind_0,Tricarboxylic Acid Metabolic Process (GO:0072350),1/11,0.3348020291165355,0.8143107238635908,3.786056049213944,4.142762650493909,PCK1
gs_ind_0,Triglyceride Biosynthetic Process (GO:0019432),1/16,0.44737769589721343,0.8215747436105861,2.56382157740392,2.0622152284801696,PCK1
gs_ind_0,Triglyceride Catabolic Process (GO:0019433),3/16,0.01881430596522182,0.5723399598106336,6.895897819048636,27.398351896245593,FABP1;LIPG;FABP5
gs_ind_0,Triglyceride Metabolic Process (GO:0006641),3/40,0.17713788003670106,0.8143107238635908,2.478219660582773,4.2893691693775855,FABP1;FABP5;LIPG
gs_ind_0,Tyrosine Metabolic Process (GO:0006570),1/10,0.3096775589228434,0.8143107238635908,4.184890455804584,4.9056275872300406,DCT
gs_ind_0,UMP Catabolic Process (GO:0046050),1/4,0.13774745818969023,0.8143107238635908,11.36390977443609,22.527056576132974,DPYD
gs_ind_0,UMP Metabolic Process (GO:0046049),1/5,0.1691162728367959,0.8143107238635908,8.837958532695374,15.706544121771545,DPYD
gs_ind_0,Ubiquitin-dependent Protein Catabolic Process (GO:0006511),6/416,0.9979916713191833,0.9999949233144176,0.41146357393775707,0.0008271850046442311,DERL3;RNF186;SOCS2;RNF145;GID4;KLHL24
gs_ind_0,Unsaturated Fatty Acid Biosynthetic Process (GO:0006636),3/12,0.00823287513187089,0.5603255919320091,9.80226502856565,47.04714705648488,FADS3;PTGDS;FADS2
gs_ind_0,Unsaturated Fatty Acid Metabolic Process (GO:0033559),3/29,0.08700105765620539,0.8143107238635908,3.50970583437551,8.570122558133146,FADS3;MGLL;FADS2
gs_ind_0,Urate Metabolic Process (GO:0046415),1/9,0.28360602247834954,0.8143107238635908,4.677568252181255,5.894527670236213,CARMIL1
gs_ind_0,Vascular Transport (GO:0010232),7/58,0.004881742553956808,0.5603255919320091,3.8928467372813653,20.71871539002749,SLC1A2;SLC5A6;MFSD2A;SLC12A2;SLC22A5;SLC16A7;LRP3
gs_ind_0,Ventricular Cardiac Muscle Tissue Development (GO:0003229),1/14,0.4048302662063638,0.8143107238635908,2.9440723019670387,2.662287474131655,TNNC1
gs_ind_0,Ventricular Cardiac Muscle Tissue Morphogenesis (GO:0055010),1/20,0.5235801565027363,0.8527166185208973,2.0373205741626794,1.3182791304177788,TNNC1
gs_ind_0,Very Long-Chain Fatty Acid Catabolic Process (GO:0042760),2/5,0.012272199601267261,0.5603255919320091,18.97616764826736,83.50308429676458,ABCD3;ABCD2
gs_ind_0,Very Long-Chain Fatty Acid Metabolic Process (GO:0000038),5/22,0.000983254291400126,0.41395005667945306,8.38933737429398,58.09316449597877,ABCD3;ABCD2;ACSL1;ACOT4;ACOT1
gs_ind_0,Very-low-density Lipoprotein Particle Assembly (GO:0034379),1/11,0.3348020291165355,0.8143107238635908,3.786056049213944,4.142762650493909,MFSD2A
gs_ind_0,Vesicle Cytoskeletal Trafficking (GO:0099518),1/19,0.5055741167463359,0.8404608219159228,2.147601189706453,1.464794221737121,PPFIA2
gs_ind_0,Vesicle Organization (GO:0016050),2/57,0.6191445306010845,0.8739642829272644,1.1922037089822324,0.5715621808097395,SORT1;HOOK2
gs_ind_0,Vesicle Transport Along Microtubule (GO:0047496),1/21,0.5409316591593569,0.8578511688354005,1.937799043062201,1.1907045175823572,KIF5A
gs_ind_0,Visual Perception (GO:0007601),3/48,0.253471225216995,0.8143107238635908,2.0413064361191164,2.801703233736575,UNC119;OAT;RGR
gs_ind_0,Visual System Development (GO:0150063),1/22,0.5576523738511637,0.8578511688354005,1.8475353288082785,1.0789966528051265,PBX1
gs_ind_0,Vitamin Transport (GO:0051180),1/23,0.5737651895967999,0.8588627371386766,1.7652950558213716,0.9806832660056525,SLC5A6
gs_ind_0,Water Transport (GO:0006833),1/6,0.19934599035375983,0.8143107238635908,7.23053501522401,11.660780122240014,AQP4
gs_ind_0,Wnt Signaling Pathway (GO:0016055),4/58,0.1596074360729246,0.8143107238635908,2.1939144025218322,4.025916304211494,FZD4;TIAM1;WNT9A;FZD8
gs_ind_0,"Wnt Signaling Pathway, Planar Cell Polarity Pathway (GO:0060071)",1/19,0.5055741167463359,0.8404608219159228,2.147601189706453,1.464794221737121,TIAM1
gs_ind_0,Wound Healing (GO:0042060),2/66,0.697977705349917,0.9083419287552242,1.025180791842256,0.3686223274089229,IGF1;FER1L5
gs_ind_0,Xenobiotic Catabolic Process (GO:0042178),1/15,0.4264976594107405,0.8143107238635908,2.7408348457350273,2.335598028362105,DPYD
