Gene_set,Term,Overlap,P-value,Adjusted P-value,Odds Ratio,Combined Score,Genes
gs_ind_0,3'-UTR-mediated mRNA Destabilization (GO:0061158),4/19,0.030566398839181975,0.26736608866978584,4.224688684353005,14.735097117366543,ZC3H12A;PLEKHN1;ZC3H12D;MOV10
gs_ind_0,ADP Catabolic Process (GO:0046032),2/24,0.46396195640651067,0.7448352156149185,1.6125217600096045,1.2383404726591272,HK1;PKM
gs_ind_0,AMP Metabolic Process (GO:0046033),1/10,0.48653733475260663,0.7454724541752974,2.291220495924106,1.6506906488764395,XDH
gs_ind_0,ATF6-mediated Unfolded Protein Response (GO:0036500),1/8,0.4132896381284026,0.7125352949529677,2.902644360496492,2.5647957981136242,DDIT3
gs_ind_0,ATP Metabolic Process (GO:0046034),4/51,0.41911102040205744,0.716248172264888,1.375299917362437,1.1959875288363797,HSPA1A;HK1;CLPX;PKM
gs_ind_0,ATP Transport (GO:0015867),1/12,0.5506490672062563,0.7880800413240646,1.8924658016377671,1.1291540547630419,PANX1
gs_ind_0,Acetylcholine Receptor Signaling Pathway (GO:0095500),3/13,0.04697270459387391,0.32337227653282646,4.847124571840634,14.823421104972665,LY6E;CHRM3;CHRNA4
gs_ind_0,Actin Crosslink Formation (GO:0051764),1/11,0.5196605004230545,0.7685083681045072,2.072854830005397,1.356848411751394,FLNA
gs_ind_0,Actin Filament Bundle Assembly (GO:0051017),1/26,0.8234411526643806,0.9185301096581084,0.852576108694962,0.16562415625449156,PLS1
gs_ind_0,Actin Filament Bundle Organization (GO:0061572),1/26,0.8234411526643806,0.9185301096581084,0.852576108694962,0.16562415625449156,PLS1
gs_ind_0,Actin Filament Capping (GO:0051693),2/13,0.20275236784673498,0.60784832860503,3.1575176755220444,5.0386716886898935,TWF2;CAPG
gs_ind_0,Actin Filament Depolymerization (GO:0030042),1/10,0.48653733475260663,0.7454724541752974,2.291220495924106,1.6506906488764395,TWF2
gs_ind_0,Actin Filament Network Formation (GO:0051639),1/9,0.45113270140804174,0.7303585487139446,2.5609663185295704,2.0385131696903356,PLS1
gs_ind_0,Actin Filament Organization (GO:0007015),12/120,0.0858497037854771,0.43055146552783957,1.6794101583833971,4.123215844731931,MAD2L2;MYO1F;CORO1A;PLS1;TAGLN2;RHOC;MNMIP1;SHROOM3;ARHGAP25;FLNA;CAPG;MYO1G
gs_ind_0,Actin Polymerization or Depolymerization (GO:0008154),2/39,0.7262111326204261,0.8726270337022817,0.9664325589771294,0.30917577937399343,TWF2;CAPG
gs_ind_0,Action Potential (GO:0001508),3/15,0.06795103532390583,0.3649780494105417,4.070978907517577,10.946731611814585,GNA14;MYH14;CHRNA4
gs_ind_0,Activation of GTPase Activity (GO:0090630),1/20,0.7364825677009945,0.8775237004578357,1.1154053717464403,0.34116872034232576,ARHGEF16
gs_ind_0,Activation of NF-kappaB-inducing Kinase Activity (GO:0007250),2/10,0.13249100130695554,0.509738988210719,4.2728890583786185,8.636536632696506,TNFRSF10B;TLR3
gs_ind_0,Activation of Protein Kinase Activity (GO:0032147),3/32,0.340812100969237,0.6811661211576013,1.7228093976588352,1.8544733436450738,NRG1;TNFRSF10B;TLR3
gs_ind_0,Activation of Protein Kinase B Activity (GO:0032148),1/6,0.3296057006468095,0.6624839519426774,3.9587401265760684,4.393640133528681,NRG1
gs_ind_0,Activin Receptor Signaling Pathway (GO:0032924),1/16,0.6558766163212053,0.8389578739523719,1.4036697247706422,0.5920434556741193,HJV
gs_ind_0,Actomyosin Structure Organization (GO:0031032),6/51,0.10836049840996381,0.47715707147271474,2.078676071622355,4.619424502382393,CSRP1;MYH14;PDLIM1;MYOM3;KRT8;EPB41L1
gs_ind_0,Acute Inflammatory Response (GO:0002526),4/19,0.030566398839181975,0.26736608866978584,4.224688684353005,14.735097117366543,ORM2;PLSCR1;IL1RN;MBL2
gs_ind_0,Acute Inflammatory Response to Antigenic Stimulus (GO:0002438),1/2,0.12477758622840975,0.49743772311433054,14.519697787371829,30.218720809256304,ORM2
gs_ind_0,Acute-phase Response (GO:0006953),4/13,0.0076695214354057465,0.11250714442645848,6.895990653406662,33.58692978641159,ORM2;PLSCR1;IL1RN;MBL2
gs_ind_0,Acylglycerol Biosynthetic Process (GO:0046463),2/19,0.3489945155948375,0.6882690247871663,2.074014046461372,2.183312661052468,PNPLA3;LPIN3
gs_ind_0,Acylglycerol Catabolic Process (GO:0046464),2/26,0.5065345888810102,0.7685083681045072,1.480666821023385,1.007094294862838,PNPLA3;PNPLA5
gs_ind_0,Acylglycerol Homeostasis (GO:0055090),1/26,0.8234411526643806,0.9185301096581084,0.852576108694962,0.16562415625449156,ANGPTL8
gs_ind_0,Acylglycerol Metabolic Process (GO:0006639),3/30,0.30470165241615643,0.6624839519426774,1.848379959683367,2.1966557225107946,PLAAT3;PNPLA3;APOBR
gs_ind_0,Adapt Imm Response Based on Som Recomb of Imm Recs Built Fm Immunoglobulin Superf Dom (GO:0002460),3/17,0.09241162564867773,0.43486641031363715,3.508942391973294,8.356555042138158,TRAF3IP2;IL18BP;MYO1G
gs_ind_0,Adaptive Thermogenesis (GO:1990845),1/13,0.5796404588195495,0.8010458757106599,1.7409390178089585,0.9494163340617632,CLSTN3
gs_ind_0,Adenine Nucleotide Transport (GO:0051503),1/20,0.7364825677009945,0.8775237004578357,1.1154053717464403,0.34116872034232576,PANX1
gs_ind_0,Adenosine to Inosine Editing (GO:0006382),1/3,0.18120623955754206,0.5716072093995457,8.71117107393416,14.879720755179145,ADAR
gs_ind_0,Adenylate Cyclase-Activating G Protein-Coupled Receptor Signaling Pathway (GO:0007189),6/56,0.15033560110196953,0.5505114261205458,1.8721681717819096,3.5475436545170567,CXCL10;S1PR3;ADM;CXCL9;CXCL11;FBN1
gs_ind_0,Adenylate Cyclase-Inhibiting G Protein-Coupled Acetylcholine Receptor Signaling Pathway (GO:0007197),1/1,0.06446453407510432,0.3649780494105417,43.56233135456017,119.43223299736152,CHRM3
gs_ind_0,Adenylate Cyclase-Inhibiting G Protein-Coupled Receptor Signaling Pathway (GO:0007193),8/31,0.0006021137631066748,0.015846781694506644,5.2831325998172,39.17476716833077,SMO;RGS1;GPR35;PALM;CHRM3;MARCO;FLNA;FPR2
gs_ind_0,Adenylate Cyclase-Modulating G Protein-Coupled Receptor Signaling Pathway (GO:0007188),13/86,0.0033067847265117216,0.0655625185109724,2.6874170116378973,15.349931899231537,SMO;RGS1;CXCL10;GPR35;PALM;CXCL11;S1PR3;ADM;MARCO;CXCL9;GNA14;FPR2;FBN1
gs_ind_0,Adherens Junction Organization (GO:0034332),1/19,0.7182988056240869,0.867676948792053,1.1757850673123205,0.38903157333720684,CDH1
gs_ind_0,Adipose Tissue Development (GO:0060612),2/12,0.1787862658078333,0.5716072093995457,3.4584909058166757,5.9540142413558605,SH3PXD2B;LRP5
gs_ind_0,Adrenomedullin Receptor Signaling Pathway (GO:1990410),1/3,0.18120623955754206,0.5716072093995457,8.71117107393416,14.879720755179145,ADM
gs_ind_0,Aerobic Respiration (GO:0009060),2/102,0.9911920801364084,0.999999953222645,0.3589158475585336,0.0031753065650773427,HK1;PKM
gs_ind_0,Aggresome Assembly (GO:0070842),1/5,0.2833939579712883,0.6336944594034671,4.838819931642382,6.101351626665179,UBD
gs_ind_0,Alanine Transport (GO:0032328),2/9,0.11054513189129135,0.47715707147271474,4.842967765171979,10.665820017194985,SLC1A4;SLC7A5
gs_ind_0,Alcohol Metabolic Process (GO:0006066),1/4,0.2340004119113125,0.6083192526435693,6.221802482460874,9.036747532590647,ALDH3B1
gs_ind_0,Aldehyde Catabolic Process (GO:0046185),1/8,0.4132896381284026,0.7125352949529677,2.902644360496492,2.5647957981136242,ALDH3B1
gs_ind_0,Alpha-amino Acid Metabolic Process (GO:1901605),2/33,0.637194249624878,0.8322422917805828,1.1510294735578366,0.5187467981343921,MTHFR;DGLUCY
gs_ind_0,Alpha-beta T Cell Activation (GO:0046631),4/9,0.001663578223152429,0.037767035386681864,11.914800413446867,76.24023949574571,LCK;LGALS9;RSAD2;CD44
gs_ind_0,Alpha-beta T Cell Activation Involved in Immune Response (GO:0002287),3/20,0.13467922048281478,0.5128501942585034,2.906760411032991,5.827646144716359,PSMB10;PSMB9;PSMB8
gs_ind_0,Alpha-beta T Cell Differentiation (GO:0046632),3/16,0.07977151437871083,0.4058080457075101,3.7691444825030547,9.530616527527405,PSMB10;PSMB9;RSAD2
gs_ind_0,Alpha-ketoglutarate Transport (GO:0015742),1/4,0.2340004119113125,0.6083192526435693,6.221802482460874,9.036747532590647,SLC13A5
gs_ind_0,Ameboidal-type Cell Migration (GO:0001667),4/17,0.020784328452198294,0.21896048614125635,4.85129038079769,18.791745040151362,PDLIM1;IQGAP1;AMOT;ITGB7
gs_ind_0,Amino Acid Import Across Plasma Membrane (GO:0089718),3/21,0.1500182523598359,0.5505114261205458,2.7494335871837223,5.215670868041435,SLC1A4;SLC7A5;SLC1A5
gs_ind_0,Amino Acid Metabolic Process (GO:0006520),1/24,0.7982232489079947,0.9126935571904561,0.925273564432605,0.2085260904971238,ACCS
gs_ind_0,Amino Acid Transport (GO:0006865),4/28,0.10275779217607489,0.47601506842935626,2.6709722329646532,6.0774783812401845,SLC1A4;SLC7A5;SLC1A5;SLCO3A1
gs_ind_0,Amino Sugar Biosynthetic Process (GO:0046349),1/10,0.48653733475260663,0.7454724541752974,2.291220495924106,1.6506906488764395,PGM3
gs_ind_0,Amino Sugar Metabolic Process (GO:0006040),1/11,0.5196605004230545,0.7685083681045072,2.072854830005397,1.356848411751394,PGM3
gs_ind_0,Amino-acid Betaine Metabolic Process (GO:0006577),1/5,0.2833939579712883,0.6336944594034671,4.838819931642382,6.101351626665179,BHMT
gs_ind_0,Aminoglycan Biosynthetic Process (GO:0006023),1/17,0.6780850803054885,0.8523351770196631,1.318500711377128,0.5122144680846036,B3GNT3
gs_ind_0,Amyloid Fibril Formation (GO:1990000),2/20,0.3728073261628401,0.6882851264020743,1.9617591659731044,1.9356551052029078,MDM2;B2M
gs_ind_0,Androgen Metabolic Process (GO:0008209),1/15,0.6321377878742459,0.8285490441331016,1.5005861882873996,0.6882406887353841,DHRS9
gs_ind_0,Androgen Receptor Signaling Pathway (GO:0030521),2/14,0.22704403432135226,0.6083192526435693,2.9047001620745543,4.306541273291301,DAXX;AR
gs_ind_0,Angiogenesis Involved in Wound Healing (GO:0060055),1/10,0.48653733475260663,0.7454724541752974,2.291220495924106,1.6506906488764395,HPSE
gs_ind_0,Angiotensin Maturation (GO:0002003),1/5,0.2833939579712883,0.6336944594034671,4.838819931642382,6.101351626665179,ACE
gs_ind_0,Angiotensin-activated Signaling Pathway (GO:0038166),2/8,0.08969570360216707,0.43164243125055807,5.588455304824834,13.475623389845104,ACE;MAS1
gs_ind_0,Anterior/posterior Axis Specification (GO:0009948),1/7,0.37284039631262333,0.6882851264020743,3.349454107684005,3.3045876434894486,DDIT3
gs_ind_0,Anterior/posterior Pattern Specification (GO:0009952),2/21,0.396258807615788,0.7125352949529677,1.8610176065605564,1.7227211574096237,BASP1;DDIT3
gs_ind_0,Anterograde Axonal Protein Transport (GO:0099641),1/6,0.3296057006468095,0.6624839519426774,3.9587401265760684,4.393640133528681,HSPB1
gs_ind_0,Anterograde Axonal Transport (GO:0008089),3/30,0.30470165241615643,0.6624839519426774,1.848379959683367,2.1966557225107946,AP3M2;HSPB1;HAP1
gs_ind_0,Anterograde Synaptic Vesicle Transport (GO:0048490),1/15,0.6321377878742459,0.8285490441331016,1.5005861882873996,0.6882406887353841,AP3M2
gs_ind_0,Anterograde Trans-Synaptic Signaling (GO:0098916),5/47,0.18384265579120454,0.5755242719189919,1.8814155906264944,3.186506585780285,CNP;CHRM3;EXOC4;HAP1;CHRNA4
gs_ind_0,Antibacterial Humoral Response (GO:0019731),4/15,0.013207703699533353,0.15838593065488785,5.695840493397048,24.645645536424187,SLPI;ADM;RNASE6;B2M
gs_ind_0,Antibacterial Innate Immune Response (GO:0140367),3/10,0.022761654228634364,0.21896048614125635,6.787488732648279,25.674884242921568,TLR2;MPEG1;NOD2
gs_ind_0,Antifungal Humoral Response (GO:0019732),1/5,0.2833939579712883,0.6336944594034671,4.838819931642382,6.101351626665179,ADM
gs_ind_0,Antifungal Innate Immune Response (GO:0061760),1/6,0.3296057006468095,0.6624839519426774,3.9587401265760684,4.393640133528681,PLCG2
gs_ind_0,Antigen Processing and Presentation of Endogenous Peptide Antigen (GO:0002483),3/8,0.011702995801205507,0.14833017339586424,9.257043119130733,41.17449853472315,TAP2;TAP1;B2M
gs_ind_0,Antigen Processing and Presentation of Endogenous Peptide Antigen via MHC Class I (GO:0019885),3/5,0.0024199647334627577,0.050682923361396064,20.370037858301785,122.70915515126904,TAP2;TAP1;B2M
gs_ind_0,Antigen Processing and Presentation of Exogenous Peptide Antigen (GO:0002478),2/13,0.20275236784673498,0.60784832860503,3.1575176755220444,5.0386716886898935,MPEG1;B2M
gs_ind_0,Antigen Processing and Presentation of Exogenous Peptide Antigen via MHC Class I (GO:0042590),2/6,0.05233524459368294,0.32629982687969195,8.073413770334353,23.817258816991405,PSMB10;MPEG1
gs_ind_0,Antigen Processing and Presentation of Exogenous Peptide Antigen via MHC Class II (GO:0019886),1/11,0.5196605004230545,0.7685083681045072,2.072854830005397,1.356848411751394,B2M
gs_ind_0,Antigen Processing and Presentation of Exogenous Peptide Antigen via MHC Class Ib (GO:0002477),1/1,0.06446453407510432,0.3649780494105417,43.56233135456017,119.43223299736152,B2M
gs_ind_0,Antigen Processing and Presentation of Peptide Antigen via MHC Class I (GO:0002474),6/16,0.000322768358127338,0.009896011310007249,9.031108699584012,72.59725048066751,B2M;ACE;TAP2;MPEG1;TAPBP;TAP1
gs_ind_0,Antigen Processing and Presentation of Peptide Antigen via MHC Class II (GO:0002495),1/13,0.5796404588195495,0.8010458757106599,1.7409390178089585,0.9494163340617632,B2M
gs_ind_0,Antigen Processing and Presentation of Peptide Antigen via MHC Class Ib (GO:0002428),1/4,0.2340004119113125,0.6083192526435693,6.221802482460874,9.036747532590647,B2M
gs_ind_0,Antigen Receptor-Mediated Signaling Pathway (GO:0050851),8/72,0.09114668796752194,0.43486641031363715,1.9189861358760028,4.596518926357469,LCK;ZC3H12A;BLNK;PRKD2;THEMIS2;PLCG2;VTCN1;FYB2
gs_ind_0,Antimicrobial Humoral Immune Response Mediated by Antimicrobial Peptide (GO:0061844),11/32,2.767422678651491e-06,0.00025719734519717295,7.839416891866175,100.32567545540104,CCL2;RNASE6;CCL5;B2M;CXCL10;S100A9;LGALS3;CCL7;ADM;CXCL9;CXCL11
gs_ind_0,Antimicrobial Humoral Response (GO:0019730),12/40,4.973785055891694e-06,0.0004482435380673302,6.431870227179089,78.54168617611118,CCL2;RNASE6;CCL5;B2M;CXCL10;S100A9;LGALS3;CCL7;SLPI;ADM;CXCL9;CXCL11
gs_ind_0,Antiviral Innate Immune Response (GO:0140374),18/58,1.2078318484599654e-08,2.394727944879958e-06,6.736838175907262,122.82504905056821,TRIM21;DHX58;CXCL10;RNF135;IFIT1;IFIT2;IFIT3;IFIH1;OAS2;MBL2;MX1;STING1;ZBP1;OAS3;USP18;TRAF3;RIGI;EIF2AK2
gs_ind_0,Aorta Development (GO:0035904),1/11,0.5196605004230545,0.7685083681045072,2.072854830005397,1.356848411751394,ADAMTS9
gs_ind_0,Aorta Morphogenesis (GO:0035909),1/14,0.6067632607040262,0.815046945498543,1.6118606463992324,0.8053123024832447,ADAMTS9
gs_ind_0,Aortic Valve Development (GO:0003176),2/31,0.6028543237314423,0.815046945498543,1.2292485051598312,0.622097711389388,NOTCH1;EMILIN1
gs_ind_0,Aortic Valve Morphogenesis (GO:0003180),2/27,0.5269787492588416,0.7754749135555641,1.4224955244118176,0.9112435990404166,NOTCH1;EMILIN1
gs_ind_0,Apical Junction Assembly (GO:0043297),2/32,0.6203238052489224,0.8285490441331016,1.1888567101522438,0.5676953316560229,RHOC;CLDN1
gs_ind_0,Apical Protein Localization (GO:0045176),3/8,0.011702995801205507,0.14833017339586424,9.257043119130733,41.17449853472315,SHROOM3;INSC;CELSR1
gs_ind_0,Apoptotic Cell Clearance (GO:0043277),1/14,0.6067632607040262,0.815046945498543,1.6118606463992324,0.8053123024832447,THBS1
gs_ind_0,Apoptotic Mitochondrial Changes (GO:0008637),2/29,0.5661113256065228,0.8010458757106599,1.3188448504493886,0.7503759428116621,BAX;IFIT2
gs_ind_0,Apoptotic Process (GO:0006915),26/203,0.0006191929985934064,0.016153333138743776,2.1986970073351926,16.241980465753837,PMAIP1;TNFRSF10B;TNFSF10;CASP1;GZMB;PML;CASP4;PRF1;IFI27;TRAF3;DDIT4;NGFR;PLSCR1;IFIT2;MX1;PAK6;LGALS1;ADAM15;BAX;PYCARD;CASP12;GZMA;CYFIP2;MDM2;ITGB2;EMP1
gs_ind_0,Arachidonate Secretion (GO:0050482),1/2,0.12477758622840975,0.49743772311433054,14.519697787371829,30.218720809256304,ACE
gs_ind_0,Arachidonate Transport (GO:1903963),1/2,0.12477758622840975,0.49743772311433054,14.519697787371829,30.218720809256304,ACE
gs_ind_0,Aromatic Amino Acid Family Catabolic Process (GO:0009074),1/20,0.7364825677009945,0.8775237004578357,1.1154053717464403,0.34116872034232576,ACMSD
gs_ind_0,Aromatic Amino Acid Transport (GO:0015801),2/9,0.11054513189129135,0.47715707147271474,4.842967765171979,10.665820017194985,SLC7A5;SLCO3A1
gs_ind_0,Artery Morphogenesis (GO:0048844),2/22,0.41929659311135503,0.716248172264888,1.7701044919687448,1.5385336695252496,NOTCH1;ADAMTS9
gs_ind_0,Aspartate Family Amino Acid Biosynthetic Process (GO:0009067),2/8,0.08969570360216707,0.43164243125055807,5.588455304824834,13.475623389845104,MTHFR;GOT1L1
gs_ind_0,Aspartate Metabolic Process (GO:0006531),1/5,0.2833939579712883,0.6336944594034671,4.838819931642382,6.101351626665179,GOT1L1
gs_ind_0,Astral Microtubule Organization (GO:0030953),2/14,0.22704403432135226,0.6083192526435693,2.9047001620745543,4.306541273291301,MISP;CPAP
gs_ind_0,Astrocyte Activation (GO:0048143),1/9,0.45113270140804174,0.7303585487139446,2.5609663185295704,2.0385131696903356,FPR2
gs_ind_0,Astrocyte Development (GO:0014002),3/12,0.03790273924961201,0.27162107597191837,5.357746719421593,17.534468567500667,S100A9;DLL1;FPR2
gs_ind_0,Astrocyte Differentiation (GO:0048708),2/5,0.03642622767140897,0.27162107597191837,10.380875202593193,34.38629847772066,S100A9;DLL1
gs_ind_0,Atrioventricular Valve Development (GO:0003171),1/11,0.5196605004230545,0.7685083681045072,2.072854830005397,1.356848411751394,NOTCH1
gs_ind_0,Atrioventricular Valve Formation (GO:0003190),1/6,0.3296057006468095,0.6624839519426774,3.9587401265760684,4.393640133528681,NOTCH1
gs_ind_0,Atrioventricular Valve Morphogenesis (GO:0003181),1/16,0.6558766163212053,0.8389578739523719,1.4036697247706422,0.5920434556741193,NOTCH1
gs_ind_0,Auditory Receptor Cell Morphogenesis (GO:0002093),1/5,0.2833939579712883,0.6336944594034671,4.838819931642382,6.101351626665179,PLS1
gs_ind_0,Auditory Receptor Cell Stereocilium Organization (GO:0060088),1/5,0.2833939579712883,0.6336944594034671,4.838819931642382,6.101351626665179,PLS1
gs_ind_0,Autocrine Signaling (GO:0035425),1/5,0.2833939579712883,0.6336944594034671,4.838819931642382,6.101351626665179,S100A9
gs_ind_0,Autophagosome Assembly (GO:0000045),1/62,0.984085648782255,0.999999953222645,0.35255946191410104,0.0056558802645143395,STING1
gs_ind_0,Autophagosome Organization (GO:1905037),1/59,0.9805470985737235,0.999999953222645,0.370722459767252,0.007282694150680349,STING1
gs_ind_0,Axo-dendritic Protein Transport (GO:0099640),1/6,0.3296057006468095,0.6624839519426774,3.9587401265760684,4.393640133528681,HSPB1
gs_ind_0,Axon Development (GO:0061564),1/47,0.956591240376414,0.9905648847073312,0.46681057744198595,0.020716635545958234,CELSR1
gs_ind_0,Axon Guidance (GO:0007411),5/76,0.5474490435386106,0.7880800413240646,1.1159057744423597,0.6723174867790938,NOTCH1;SMO;EFNA3;CYFIP2;SEMA4D
gs_ind_0,Axonal Transport (GO:0098930),2/36,0.6842661317081903,0.8572061818450539,1.0507050634596262,0.398646280334594,AP3M2;HAP1
gs_ind_0,Axonemal Dynein Complex Assembly (GO:0070286),4/14,0.010197268441630053,0.14040127937688787,6.23876556578235,28.60870419579604,DNAH1;DNAI1;TTC12;DRC1
gs_ind_0,Axoneme Assembly (GO:0035082),3/15,0.06795103532390583,0.3649780494105417,4.070978907517577,10.946731611814585,DRC1;PIERCE1;TTC12
gs_ind_0,Axonogenesis (GO:0007409),5/105,0.8150604996693177,0.9169644960108402,0.7921827178470789,0.16199576964141887,NOTCH1;EFNA3;CELSR1;CYFIP2;SEMA4D
gs_ind_0,B Cell Activation (GO:0042113),6/64,0.22964351064314437,0.6083192526435693,1.6151805630915776,2.3762974581398826,BLNK;CD40;CD180;PLCG2;JAK3;CHRNA4
gs_ind_0,B Cell Activation Involved in Immune Response (GO:0002312),1/10,0.48653733475260663,0.7454724541752974,2.291220495924106,1.6506906488764395,CD180
gs_ind_0,B Cell Differentiation (GO:0030183),3/41,0.49785827634522534,0.7608584346612026,1.319189734008555,0.9200554613338084,BLNK;PLCG2;JAK3
gs_ind_0,B Cell Homeostasis (GO:0001782),1/7,0.37284039631262333,0.6882851264020743,3.349454107684005,3.3045876434894486,TNFAIP3
gs_ind_0,B Cell Mediated Immunity (GO:0019724),2/9,0.11054513189129135,0.47715707147271474,4.842967765171979,10.665820017194985,IL2RG;IL2RB
gs_ind_0,B Cell Proliferation (GO:0042100),2/11,0.15530567804812975,0.5505114261205458,3.8228269214364925,7.11947989835536,CD40;CD180
gs_ind_0,B Cell Receptor Signaling Pathway (GO:0050853),4/23,0.05704060004954411,0.34064004929185576,3.3570863354295946,9.614668351341475,LCK;BAX;PLCG2;BLNK
gs_ind_0,BMP Signaling Pathway (GO:0030509),1/33,0.8893661734121487,0.9541756853274641,0.6685956245589273,0.07839031949713929,HJV
gs_ind_0,Barbed-end Actin Filament Capping (GO:0051016),2/13,0.20275236784673498,0.60784832860503,3.1575176755220444,5.0386716886898935,TWF2;CAPG
gs_ind_0,Base Conversion or Substitution Editing (GO:0016553),1/5,0.2833939579712883,0.6336944594034671,4.838819931642382,6.101351626665179,ADAR
gs_ind_0,Base-excision Repair (GO:0006284),1/41,0.9351722862879989,0.9792966124720102,0.5362075513181828,0.03593904477041978,TREX1
gs_ind_0,Basement Membrane Organization (GO:0071711),1/14,0.6067632607040262,0.815046945498543,1.6118606463992324,0.8053123024832447,COL4A1
gs_ind_0,Basic Amino Acid Transport (GO:0015802),1/8,0.4132896381284026,0.7125352949529677,2.902644360496492,2.5647957981136242,SLC7A5
gs_ind_0,Behavioral Response to Nicotine (GO:0035095),1/2,0.12477758622840975,0.49743772311433054,14.519697787371829,30.218720809256304,CHRNA4
gs_ind_0,Bicellular Tight Junction Assembly (GO:0070830),1/24,0.7982232489079947,0.9126935571904561,0.925273564432605,0.2085260904971238,CLDN1
gs_ind_0,Bile Acid Biosynthetic Process (GO:0006699),1/24,0.7982232489079947,0.9126935571904561,0.925273564432605,0.2085260904971238,OSBPL7
gs_ind_0,Bile Acid Metabolic Process (GO:0008206),1/28,0.8455103142082172,0.9292489558223348,0.79045282833734,0.13264977164787137,OSBPL7
gs_ind_0,Biomineral Tissue Development (GO:0031214),1/5,0.2833939579712883,0.6336944594034671,4.838819931642382,6.101351626665179,COL1A1
gs_ind_0,Bleb Assembly (GO:0032060),1/7,0.37284039631262333,0.6882851264020743,3.349454107684005,3.3045876434894486,EMP1
gs_ind_0,Blood Circulation (GO:0008015),2/26,0.5065345888810102,0.7685083681045072,1.480666821023385,1.007094294862838,CXCL10;ACE
gs_ind_0,"Blood Coagulation, Fibrin Clot Formation (GO:0072378)",2/19,0.3489945155948375,0.6882690247871663,2.074014046461372,2.183312661052468,THBS1;FLNA
gs_ind_0,"Blood Coagulation, Intrinsic Pathway (GO:0007597)",1/9,0.45113270140804174,0.7303585487139446,2.5609663185295704,2.0385131696903356,FLNA
gs_ind_0,Blood Vessel Diameter Maintenance (GO:0097746),1/26,0.8234411526643806,0.9185301096581084,0.852576108694962,0.16562415625449156,ACE
gs_ind_0,Blood Vessel Endothelial Cell Migration (GO:0043534),3/23,0.18220700555170452,0.5716072093995457,2.4808268147581423,4.223885120462901,NR4A1;EHD4;ID1
gs_ind_0,Blood Vessel Morphogenesis (GO:0048514),4/37,0.21357172099762511,0.6083192526435693,1.9520885017252665,3.01360020990534,COL4A1;ADM;ID1;LRP5
gs_ind_0,Bone Development (GO:0060348),3/29,0.2866915267122173,0.6386671164360557,1.9182730083573987,2.3965914309103784,SH3PXD2B;MMP13;LRP5
gs_ind_0,Bone Marrow Development (GO:0048539),1/3,0.18120623955754206,0.5716072093995457,8.71117107393416,14.879720755179145,LRP5
gs_ind_0,Bone Morphogenesis (GO:0060349),2/8,0.08969570360216707,0.43164243125055807,5.588455304824834,13.475623389845104,MMP13;LRP5
gs_ind_0,Bone Resorption (GO:0045453),1/6,0.3296057006468095,0.6624839519426774,3.9587401265760684,4.393640133528681,IL7
gs_ind_0,Bradykinin Catabolic Process (GO:0010815),1/6,0.3296057006468095,0.6624839519426774,3.9587401265760684,4.393640133528681,ACE
gs_ind_0,Brain Development (GO:0007420),5/100,0.7805072467837644,0.9042573244779569,0.8339704025312504,0.2066672514779368,BBS4;DDIT4;COL4A1;NRG1;HAP1
gs_ind_0,Brain Morphogenesis (GO:0048854),1/6,0.3296057006468095,0.6624839519426774,3.9587401265760684,4.393640133528681,BBS4
gs_ind_0,Branched-chain Amino Acid Transport (GO:0015803),1/8,0.4132896381284026,0.7125352949529677,2.902644360496492,2.5647957981136242,SLC7A5
gs_ind_0,Branching Involved in Blood Vessel Morphogenesis (GO:0001569),1/9,0.45113270140804174,0.7303585487139446,2.5609663185295704,2.0385131696903356,COL4A1
gs_ind_0,Branching Morphogenesis of an Epithelial Tube (GO:0048754),1/23,0.7842956950537663,0.9044185331872435,0.9664687893506027,0.23482211733826094,COL4A1
gs_ind_0,C21-steroid Hormone Biosynthetic Process (GO:0006700),1/4,0.2340004119113125,0.6083192526435693,6.221802482460874,9.036747532590647,AKR1B1
gs_ind_0,C21-steroid Hormone Metabolic Process (GO:0008207),2/9,0.11054513189129135,0.47715707147271474,4.842967765171979,10.665820017194985,AKR1B1;DHRS9
gs_ind_0,C4-dicarboxylate Transport (GO:0015740),1/11,0.5196605004230545,0.7685083681045072,2.072854830005397,1.356848411751394,SLC13A5
gs_ind_0,CD27 Signaling Pathway (GO:0160162),1/3,0.18120623955754206,0.5716072093995457,8.71117107393416,14.879720755179145,LCK
gs_ind_0,"CD4-positive, Alpha-Beta T Cell Activation (GO:0035710)",1/4,0.2340004119113125,0.6083192526435693,6.221802482460874,9.036747532590647,RSAD2
gs_ind_0,"CD4-positive, Alpha-Beta T Cell Differentiation (GO:0043367)",1/6,0.3296057006468095,0.6624839519426774,3.9587401265760684,4.393640133528681,RSAD2
gs_ind_0,CD40 Signaling Pathway (GO:0023035),1/8,0.4132896381284026,0.7125352949529677,2.902644360496492,2.5647957981136242,CD40
gs_ind_0,"CD8-positive, Alpha-Beta T Cell Activation (GO:0036037)",2/13,0.20275236784673498,0.60784832860503,3.1575176755220444,5.0386716886898935,PSMB10;PSMB9
gs_ind_0,"CD8-positive, Alpha-Beta T Cell Differentiation (GO:0043374)",2/14,0.22704403432135226,0.6083192526435693,2.9047001620745543,4.306541273291301,PSMB10;PSMB9
gs_ind_0,"CD8-positive, Alpha-Beta T Cell Homeostasis (GO:0160165)",3/14,0.05700236899903131,0.34064004929185576,4.425306276012886,12.677008721408043,PSMB10;PSMB9;PSMB8
gs_ind_0,CDP-choline Pathway (GO:0006657),1/4,0.2340004119113125,0.6083192526435693,6.221802482460874,9.036747532590647,CHKA
gs_ind_0,CGAS/STING Signaling Pathway (GO:0140896),1/6,0.3296057006468095,0.6624839519426774,3.9587401265760684,4.393640133528681,STING1
gs_ind_0,Calcitonin Family Receptor Signaling Pathway (GO:0097646),1/4,0.2340004119113125,0.6083192526435693,6.221802482460874,9.036747532590647,ADM
gs_ind_0,Calcium Ion Homeostasis (GO:0055074),5/50,0.21848071865170113,0.6083192526435693,1.7569731081926203,2.672457145471961,CIB3;CCL5;CD40;CCL7;CCR2
gs_ind_0,Calcium Ion Transport (GO:0006816),3/57,0.7203126761009563,0.8695549147465698,0.9307932381004361,0.3053652341925138,PANX1;CHRNA4;CCL5
gs_ind_0,Calcium Ion-Regulated Exocytosis of Neurotransmitter (GO:0048791),1/4,0.2340004119113125,0.6083192526435693,6.221802482460874,9.036747532590647,STXBP1
gs_ind_0,Calcium-dependent Cell-Cell Adhesion (GO:0016339),2/11,0.15530567804812975,0.5505114261205458,3.8228269214364925,7.11947989835536,SELL;CDH1
gs_ind_0,Calcium-independent Cell-Cell Adhesion (GO:0016338),1/5,0.2833939579712883,0.6336944594034671,4.838819931642382,6.101351626665179,CLDN1
gs_ind_0,Calcium-mediated Signaling (GO:0019722),6/52,0.11621637141333946,0.49516832175253805,2.0338216675709893,4.377397536746771,CCRL2;RCAN1;CHRM3;PLCG2;CCR2;FPR2
gs_ind_0,Camera-type Eye Development (GO:0043010),2/22,0.41929659311135503,0.716248172264888,1.7701044919687448,1.5385336695252496,SGCB;FBN1
gs_ind_0,Canonical Glycolysis (GO:0061621),2/21,0.396258807615788,0.7125352949529677,1.8610176065605564,1.7227211574096237,HK1;PKM
gs_ind_0,Canonical Inflammasome Complex Assembly (GO:0140632),1/6,0.3296057006468095,0.6624839519426774,3.9587401265760684,4.393640133528681,PYCARD
gs_ind_0,Canonical NF-kappaB Signal Transduction (GO:0007249),5/37,0.08699042165970229,0.43164243125055807,2.462147175317907,6.012458175505832,CARD11;TLR7;TLR9;RELB;NOD2
gs_ind_0,Canonical Wnt Signaling Pathway (GO:0060070),2/42,0.7633397376408113,0.8941206694540264,0.8946448699735211,0.2416007090844008,FRZB;LRP5
gs_ind_0,Carbohydrate Biosynthetic Process (GO:0016051),1/14,0.6067632607040262,0.815046945498543,1.6118606463992324,0.8053123024832447,B3GALNT1
gs_ind_0,Carbohydrate Catabolic Process (GO:0016052),4/32,0.14821054669427502,0.5505114261205458,2.2954150400364743,4.382225982559692,NEU3;NEU2;HK1;PKM
gs_ind_0,Carbohydrate Derivative Biosynthetic Process (GO:1901137),1/53,0.9709384599525455,0.9981233943653197,0.4132757690232056,0.012188407795449267,TNIP1
gs_ind_0,Carbohydrate Derivative Catabolic Process (GO:1901136),2/22,0.41929659311135503,0.716248172264888,1.7701044919687448,1.5385336695252496,FBXO6;NEU2
gs_ind_0,Carbohydrate Derivative Transport (GO:1901264),3/21,0.1500182523598359,0.5505114261205458,2.7494335871837223,5.215670868041435,SLC15A3;LYVE1;CD44
gs_ind_0,Carbohydrate Metabolic Process (GO:0005975),6/58,0.16889742197318783,0.5716072093995457,1.8005787665038886,3.2022640092725174,GLA;AKR1B1;ST6GALNAC4;ALDH1B1;HK1;NEU3
gs_ind_0,Carbohydrate Phosphorylation (GO:0046835),1/6,0.3296057006468095,0.6624839519426774,3.9587401265760684,4.393640133528681,HK1
gs_ind_0,Carboxylic Acid Biosynthetic Process (GO:0046394),2/10,0.13249100130695554,0.509738988210719,4.2728890583786185,8.636536632696506,CASP1;PYCARD
gs_ind_0,Carboxylic Acid Metabolic Process (GO:0019752),1/36,0.9094567846817803,0.9656281605296732,0.6119577692816369,0.05807956411954154,CLSTN3
gs_ind_0,Carboxylic Acid Transport (GO:0046942),5/29,0.035957488766111045,0.27162107597191837,3.2680603948896634,10.867666554753484,SLC7A5;SLC13A3;SLC1A4;SLC16A6;SLCO3A1
gs_ind_0,Cardiac Atrium Development (GO:0003230),1/7,0.37284039631262333,0.6882851264020743,3.349454107684005,3.3045876434894486,NOTCH1
gs_ind_0,Cardiac Atrium Morphogenesis (GO:0003209),1/11,0.5196605004230545,0.7685083681045072,2.072854830005397,1.356848411751394,NOTCH1
gs_ind_0,Cardiac Cell Development (GO:0055006),2/6,0.05233524459368294,0.32629982687969195,8.073413770334353,23.817258816991405,NOTCH1;ASB2
gs_ind_0,Cardiac Conduction (GO:0061337),1/19,0.7182988056240869,0.867676948792053,1.1757850673123205,0.38903157333720684,ACE
gs_ind_0,Cardiac Endothelial Cell Differentiation (GO:0003348),2/5,0.03642622767140897,0.27162107597191837,10.380875202593193,34.38629847772066,NOTCH1;NRG1
gs_ind_0,Cardiac Epithelial to Mesenchymal Transition (GO:0060317),1/15,0.6321377878742459,0.8285490441331016,1.5005861882873996,0.6882406887353841,NOTCH1
gs_ind_0,Cardiac Left Ventricle Morphogenesis (GO:0003214),1/6,0.3296057006468095,0.6624839519426774,3.9587401265760684,4.393640133528681,NOTCH1
gs_ind_0,Cardiac Muscle Cell Action Potential Involved in Contraction (GO:0086002),1/9,0.45113270140804174,0.7303585487139446,2.5609663185295704,2.0385131696903356,NEDD4L
gs_ind_0,Cardiac Muscle Cell Development (GO:0055013),1/10,0.48653733475260663,0.7454724541752974,2.291220495924106,1.6506906488764395,ASB2
gs_ind_0,Cardiac Muscle Cell Differentiation (GO:0055007),2/13,0.20275236784673498,0.60784832860503,3.1575176755220444,5.0386716886898935,NRG1;ASB2
gs_ind_0,Cardiac Muscle Cell Myoblast Differentiation (GO:0060379),2/5,0.03642622767140897,0.27162107597191837,10.380875202593193,34.38629847772066,NOTCH1;NRG1
gs_ind_0,Cardiac Muscle Tissue Development (GO:0048738),4/29,0.11344584072166912,0.48405728881814053,2.5660371349406033,5.5847995092895735,NOTCH1;ADAMTS9;ASB2;NRG1
gs_ind_0,Cardiac Muscle Tissue Morphogenesis (GO:0055008),1/16,0.6558766163212053,0.8389578739523719,1.4036697247706422,0.5920434556741193,NOTCH1
gs_ind_0,Cardiac Vascular Smooth Muscle Cell Differentiation (GO:0060947),1/3,0.18120623955754206,0.5716072093995457,8.71117107393416,14.879720755179145,NOTCH1
gs_ind_0,Cardiac Ventricle Development (GO:0003231),1/14,0.6067632607040262,0.815046945498543,1.6118606463992324,0.8053123024832447,NOTCH1
gs_ind_0,Cardiac Ventricle Morphogenesis (GO:0003208),1/25,0.8112524386727127,0.9159699136722276,0.8874412150181173,0.185631407941355,NOTCH1
gs_ind_0,Cardioblast Differentiation (GO:0010002),2/5,0.03642622767140897,0.27162107597191837,10.380875202593193,34.38629847772066,NOTCH1;NRG1
gs_ind_0,Cardiocyte Differentiation (GO:0035051),2/9,0.11054513189129135,0.47715707147271474,4.842967765171979,10.665820017194985,NRG1;ASB2
gs_ind_0,Cartilage Development (GO:0051216),2/36,0.6842661317081903,0.8572061818450539,1.0507050634596262,0.398646280334594,HYAL3;CD44
gs_ind_0,Cell Chemotaxis (GO:0060326),5/41,0.121771561552122,0.49743772311433054,2.1916694509410846,4.614797684303205,CCRL2;NR4A1;ARHGEF16;CCR2;GNA14
gs_ind_0,Cell Cycle G1/S Phase Transition (GO:0044843),2/52,0.8571696867927222,0.9379038441948329,0.7169525704596391,0.11049628497396238,CCNG1;CDKN1A
gs_ind_0,Cell Fate Commitment Involved in Formation of Primary Germ Layer (GO:0060795),1/5,0.2833939579712883,0.6336944594034671,4.838819931642382,6.101351626665179,LEO1
gs_ind_0,Cell Junction Assembly (GO:0034329),5/49,0.20671145585289374,0.6083192526435693,1.7965896288176364,2.8322002880139086,AMOT;NLGN2;CDH1;GJA4;VSIG10
gs_ind_0,Cell Junction Maintenance (GO:0034331),2/13,0.20275236784673498,0.60784832860503,3.1575176755220444,5.0386716886898935,NLGN2;CLDN1
gs_ind_0,Cell Junction Organization (GO:0034330),5/41,0.121771561552122,0.49743772311433054,2.1916694509410846,4.614797684303205,TJP3;NLGN2;RAB8B;HMCN2;CLDN1
gs_ind_0,Cell Migration Involved in Heart Development (GO:0060973),1/4,0.2340004119113125,0.6083192526435693,6.221802482460874,9.036747532590647,NOTCH1
gs_ind_0,Cell Migration Involved in Sprouting Angiogenesis (GO:0002042),2/19,0.3489945155948375,0.6882690247871663,2.074014046461372,2.183312661052468,NR4A1;EHD4
gs_ind_0,Cell Morphogenesis Involved in Neuron Differentiation (GO:0048667),1/48,0.959398741958153,0.992090354166741,0.4569489022069475,0.018939847119105672,CELSR1
gs_ind_0,Cell Projection Assembly (GO:0030031),2/10,0.13249100130695554,0.509738988210719,4.2728890583786185,8.636536632696506,CYFIP2;CAPG
gs_ind_0,Cell Projection Organization (GO:0030030),3/14,0.05700236899903131,0.34064004929185576,4.425306276012886,12.677008721408043,PLEK;CYFIP2;CAPG
gs_ind_0,Cell Surface Pattern Recognition Receptor Signaling Pathway (GO:0002752),1/9,0.45113270140804174,0.7303585487139446,2.5609663185295704,2.0385131696903356,MBL2
gs_ind_0,Cell Surface Receptor Protein Serine/Threonine Kinase Signaling Pathway (GO:0007178),2/29,0.5661113256065228,0.8010458757106599,1.3188448504493886,0.7503759428116621,GDF10;GDF15
gs_ind_0,Cell Surface Receptor Protein Tyrosine Kinase Signaling Pathway (GO:0007169),15/191,0.2503928036126088,0.6336944594034671,1.2778221894524429,1.7694315387017179,LCK;DDIT4;HCK;BLNK;CSF2RA;PRKD2;EFNA3;NRG1;PDK4;MPZL1;HSPB1;UBASH3B;A1BG;MVP;HAP1
gs_ind_0,Cell Surface Receptor Signaling Pathway via JAK-STAT (GO:0007259),10/42,0.00026134667435366517,0.008181526416082108,4.7260783902745755,38.988552981034815,IL2RG;CCL2;IL7;CSF2RA;CD40;IL2RB;STAT1;NMI;JAK3;CCR2
gs_ind_0,Cell Surface Receptor Signaling Pathway via STAT (GO:0097696),11/44,8.053238408232365e-05,0.003725182884777828,5.026772846080563,47.38663947382933,IL2RG;CCL2;IL7;CSF2RA;CCL5;CD40;IL2RB;STAT1;NMI;JAK3;CCR2
gs_ind_0,Cell Surface Toll-Like Receptor Signaling Pathway (GO:0140895),4/26,0.08287033984129875,0.4170158894890398,2.908825121819166,7.244365155671764,TLR2;LGALS9;TRAF3;NMI
gs_ind_0,Cell-cell Adhesion Mediated by Cadherin (GO:0044331),2/13,0.20275236784673498,0.60784832860503,3.1575176755220444,5.0386716886898935,CDH1;CELSR1
gs_ind_0,Cell-cell Adhesion Mediated by Integrin (GO:0033631),3/12,0.03790273924961201,0.27162107597191837,5.357746719421593,17.534468567500667,ITGAX;ITGB2;ITGAM
gs_ind_0,Cell-cell Junction Assembly (GO:0007043),4/45,0.32968266606427793,0.6624839519426774,1.574842956014638,1.7474846507407995,AMOT;RHOC;CDH1;GJA4
gs_ind_0,Cell-cell Junction Maintenance (GO:0045217),1/12,0.5506490672062563,0.7880800413240646,1.8924658016377671,1.1291540547630419,NLGN2
gs_ind_0,Cell-cell Junction Organization (GO:0045216),6/41,0.046048879485642846,0.32299379148656093,2.6662055894782695,8.206719044870841,AMOT;TJP3;NLGN2;CDH1;CLDN1;GJA4
gs_ind_0,Cell-matrix Adhesion (GO:0007160),12/86,0.008890522518254227,0.127731468450667,2.4520836158771933,11.58062560272728,HPSE;ITGAM;ITGB7;CD63;EMILIN1;LYVE1;ITGAX;ADAMTS9;ITGB2;CD44;ADAM15;COL3A1
gs_ind_0,Cellular Component Assembly (GO:0022607),14/268,0.8279310048875042,0.9217041014735565,0.8232450806124676,0.15544962733424922,PLS1;CD40;NLGN2;IL2RB;PIERCE1;PML;EPPK1;CYFIP2;FANCA;MDM2;EZH1;TAPBP;CAPG;LPXN
gs_ind_0,Cellular Component Disassembly (GO:0022411),5/25,0.01987030247361146,0.21896048614125635,3.9068940445502016,15.309277613132439,MMP13;SH3PXD2B;PLAAT3;KIF9;ADAM15
gs_ind_0,Cellular Component Maintenance (GO:0043954),1/11,0.5196605004230545,0.7685083681045072,2.072854830005397,1.356848411751394,CLDN1
gs_ind_0,Cellular Defense Response (GO:0006968),7/25,0.0007780515068988284,0.019777138303565093,5.917245327891716,42.35988964354175,NCR1;SPN;TCIRG1;LGALS3BP;PRF1;CXCL9;CCR2
gs_ind_0,Cellular Heat Acclimation (GO:0070370),1/5,0.2833939579712883,0.6336944594034671,4.838819931642382,6.101351626665179,HSPA1A
gs_ind_0,Cellular Hyperosmotic Response (GO:0071474),2/10,0.13249100130695554,0.509738988210719,4.2728890583786185,8.636536632696506,AKR1B1;STK39
gs_ind_0,Cellular Hypotonic Response (GO:0071476),1/5,0.2833939579712883,0.6336944594034671,4.838819931642382,6.101351626665179,STK39
gs_ind_0,Cellular Response to Acetylcholine (GO:1905145),3/8,0.011702995801205507,0.14833017339586424,9.257043119130733,41.17449853472315,LY6E;CHRM3;CHRNA4
gs_ind_0,Cellular Response to Acid Chemical (GO:0071229),1/32,0.8817245999640496,0.9500902030047403,0.6898722791869041,0.08683802958080115,CPEB1
gs_ind_0,Cellular Response to Alcohol (GO:0097306),5/37,0.08699042165970229,0.43164243125055807,2.462147175317907,6.012458175505832,SMO;SPIDR;CDH1;OSBPL7;ADAM15
gs_ind_0,Cellular Response to Alkaloid (GO:0071312),1/9,0.45113270140804174,0.7303585487139446,2.5609663185295704,2.0385131696903356,SPIDR
gs_ind_0,Cellular Response to Amino Acid Starvation (GO:0034198),2/46,0.805989702002456,0.9159699136722276,0.8139845452503657,0.17556369762136284,EIF2AK2;CDKN1A
gs_ind_0,Cellular Response to Amino Acid Stimulus (GO:0071230),1/41,0.9351722862879989,0.9792966124720102,0.5362075513181828,0.03593904477041978,CPEB1
gs_ind_0,Cellular Response to Amyloid-Beta (GO:1904646),3/27,0.2509825841581097,0.6336944594034671,2.0751757706868577,2.868664316198132,NGFR;FPR2;CASP4
gs_ind_0,Cellular Response to Angiotensin (GO:1904385),2/11,0.15530567804812975,0.5505114261205458,3.8228269214364925,7.11947989835536,SLC30A10;ACE
gs_ind_0,Cellular Response to Arsenic-Containing Substance (GO:0071243),2/13,0.20275236784673498,0.60784832860503,3.1575176755220444,5.0386716886898935,DAXX;ZC3H12A
gs_ind_0,Cellular Response to BMP Stimulus (GO:0071773),1/36,0.9094567846817803,0.9656281605296732,0.6119577692816369,0.05807956411954154,HJV
gs_ind_0,Cellular Response to Bacterial Lipopeptide (GO:0071221),2/6,0.05233524459368294,0.32629982687969195,8.073413770334353,23.817258816991405,TLR2;TLR1
gs_ind_0,Cellular Response to Cadmium Ion (GO:0071276),1/6,0.3296057006468095,0.6624839519426774,3.9587401265760684,4.393640133528681,DAXX
gs_ind_0,Cellular Response to Calcium Ion (GO:0071277),2/38,0.7127814528545392,0.867676948792053,0.9929841699784641,0.33620500059115366,IQGAP1;PLCG2
gs_ind_0,Cellular Response to Chemical Stress (GO:0062197),5/92,0.7152173895029394,0.867676948792053,0.9107642276422764,0.3052596997420542,TRIM21;ZC3H12A;HSPA1A;ALDH3B1;PNPT1
gs_ind_0,Cellular Response to Chemokine (GO:1990869),11/30,1.320343683307731e-06,0.00014324441104807156,8.644746597283422,117.0292813690821,CCL2;STK39;ZC3H12A;CCL5;MAS1;CXCL10;GPR35;CCL7;CXCL9;CCR2;CXCL11
gs_ind_0,Cellular Response to Cholesterol (GO:0071397),2/8,0.08969570360216707,0.43164243125055807,5.588455304824834,13.475623389845104,OSBPL7;SMO
gs_ind_0,Cellular Response to Copper Ion (GO:0071280),1/5,0.2833939579712883,0.6336944594034671,4.838819931642382,6.101351626665179,DAXX
gs_ind_0,Cellular Response to Cytokine Stimulus (GO:0071345),33/233,1.6171657123641994e-05,0.0010930570064934385,2.475601103445969,27.311451284188056,GBP6;STK39;CCL5;CSF2RA;GBP4;IL7;CASP1;PNPT1;CCL2;HCK;PSME2;LGALS9;GBP7;JAK3;IL3RA;IL2RG;ZC3H12A;IFIT2;IFIT1;GBP5;HYAL3;EDA2R;TLR2;PYCARD;GBP3;IL2RB;LILRA6;STAT1;IFIT3;PSME1;CCR2;SELPLG;GBP2
gs_ind_0,Cellular Response to Decreased Oxygen Levels (GO:0036294),5/64,0.3964984737743462,0.7125352949529677,1.34216483341304,1.241613987570881,NOTCH1;PMAIP1;MDM2;CPEB1;FMN2
gs_ind_0,Cellular Response to Epidermal Growth Factor Stimulus (GO:0071364),1/26,0.8234411526643806,0.9185301096581084,0.852576108694962,0.16562415625449156,IQGAP1
gs_ind_0,Cellular Response to Estrogen Stimulus (GO:0071391),2/13,0.20275236784673498,0.60784832860503,3.1575176755220444,5.0386716886898935,AR;SERPINB9
gs_ind_0,Cellular Response to Ether (GO:0071362),1/4,0.2340004119113125,0.6083192526435693,6.221802482460874,9.036747532590647,ZC3H12A
gs_ind_0,Cellular Response to Exogenous dsRNA (GO:0071360),5/10,0.00021121240694114542,0.007377165760801925,14.578319783197832,123.37116343221899,IFIT1;IFIH1;STING1;OAS3;RIGI
gs_ind_0,Cellular Response to Fatty Acid (GO:0071398),2/9,0.11054513189129135,0.47715707147271474,4.842967765171979,10.665820017194985,PDK4;ZC3H12A
gs_ind_0,Cellular Response to Fibroblast Growth Factor Stimulus (GO:0044344),4/29,0.11344584072166912,0.48405728881814053,2.5660371349406033,5.5847995092895735,NR4A1;CCL2;CD44;CCL5
gs_ind_0,Cellular Response to Gamma Radiation (GO:0071480),1/15,0.6321377878742459,0.8285490441331016,1.5005861882873996,0.6882406887353841,MDM2
gs_ind_0,Cellular Response to Glucose Starvation (GO:0042149),4/44,0.31477565464810847,0.6624839519426774,1.6138482825001503,1.8654393240850924,PMAIP1;CHKA;TULP3;ZC3H12A
gs_ind_0,Cellular Response to Gonadotropin Stimulus (GO:0071371),1/2,0.12477758622840975,0.49743772311433054,14.519697787371829,30.218720809256304,NOTCH1
gs_ind_0,Cellular Response to Growth Factor Stimulus (GO:0071363),10/117,0.2219993988110692,0.6083192526435693,1.4208301121601927,2.1384638450563385,IQGAP1;CCL2;NOTCH1;CCL5;NR4A1;PRKD2;HJV;HSPB1;CD44;TWF2
gs_ind_0,Cellular Response to Growth Hormone Stimulus (GO:0071378),2/10,0.13249100130695554,0.509738988210719,4.2728890583786185,8.636536632696506,A1BG;CSF2RA
gs_ind_0,Cellular Response to Heat (GO:0034605),4/37,0.21357172099762511,0.6083192526435693,1.9520885017252665,3.01360020990534,THBS1;IER5;HSPA1A;DAXX
gs_ind_0,Cellular Response to Hormone Stimulus (GO:0032870),3/49,0.6200256314149092,0.8285490441331016,1.0915810347935822,0.5217696881519148,AR;HSPA1A;SERPINB9
gs_ind_0,Cellular Response to Hydrogen Peroxide (GO:0070301),1/29,0.8554888495154207,0.936753990596046,0.7626608344931406,0.1190377958612017,TNFAIP3
gs_ind_0,Cellular Response to Hydroxyurea (GO:0072711),1/8,0.4132896381284026,0.7125352949529677,2.902644360496492,2.5647957981136242,SPIDR
gs_ind_0,Cellular Response to Hypoxia (GO:0071456),5/62,0.3704147500883038,0.6882851264020743,1.3890562036055143,1.3795161030226328,NOTCH1;PMAIP1;MDM2;CPEB1;FMN2
gs_ind_0,Cellular Response to Indole-3-Methanol (GO:0071681),1/5,0.2833939579712883,0.6336944594034671,4.838819931642382,6.101351626665179,CDH1
gs_ind_0,Cellular Response to Insulin Stimulus (GO:0032869),5/97,0.7574972837188445,0.8897302218719761,0.8612114553577969,0.2391888455615815,INSIG2;PKM;LPIN3;CPEB1;PDK4
gs_ind_0,Cellular Response to Interferon-Beta (GO:0035458),2/16,0.2760553611698522,0.6336944594034671,2.503679278675087,3.22262042128606,PNPT1;STAT1
gs_ind_0,Cellular Response to Interleukin-1 (GO:0071347),7/46,0.02677142798774871,0.24649605831444169,2.767036352010121,10.01783397100554,CCL2;ZC3H12A;CCL5;HYAL3;PYCARD;GBP3;GBP2
gs_ind_0,Cellular Response to Interleukin-13 (GO:0035963),1/3,0.18120623955754206,0.5716072093995457,8.71117107393416,14.879720755179145,CD300LF
gs_ind_0,Cellular Response to Interleukin-15 (GO:0071350),3/10,0.022761654228634364,0.21896048614125635,6.787488732648279,25.674884242921568,IL2RG;IL2RB;JAK3
gs_ind_0,Cellular Response to Interleukin-17 (GO:0097398),1/4,0.2340004119113125,0.6083192526435693,6.221802482460874,9.036747532590647,TRAF3IP2
gs_ind_0,Cellular Response to Interleukin-2 (GO:0071352),3/7,0.007679539448073663,0.11250714442645848,11.315005107866114,55.0949742316291,IL2RG;IL2RB;JAK3
gs_ind_0,Cellular Response to Interleukin-4 (GO:0071353),2/10,0.13249100130695554,0.509738988210719,4.2728890583786185,8.636536632696506,IL2RG;JAK3
gs_ind_0,Cellular Response to Interleukin-6 (GO:0071354),1/19,0.7182988056240869,0.867676948792053,1.1757850673123205,0.38903157333720684,SELPLG
gs_ind_0,Cellular Response to Interleukin-7 (GO:0098761),4/6,0.0002317356400644796,0.0074722800763809836,26.21840822956145,219.4458042300153,IL2RG;STAT1;IL7;JAK3
gs_ind_0,Cellular Response to Interleukin-9 (GO:0071355),3/6,0.0046081938268610345,0.0795902558079326,14.548945375878853,78.27215192561924,IL2RG;STAT1;JAK3
gs_ind_0,Cellular Response to Ionizing Radiation (GO:0071479),3/45,0.5615157332183423,0.7986359591541606,1.1946743867909522,0.6894650884091265,SPIDR;MDM2;CDKN1A
gs_ind_0,Cellular Response to Iron Ion (GO:0071281),1/5,0.2833939579712883,0.6336944594034671,4.838819931642382,6.101351626665179,B2M
gs_ind_0,Cellular Response to Ketone (GO:1901655),2/30,0.5847834451201209,0.8055331013373042,1.2724748120977756,0.6827001435928547,AR;ADAM15
gs_ind_0,Cellular Response to Lectin (GO:1990858),2/15,0.25151988032095945,0.6336944594034671,2.6893370950637294,3.7119124671369925,PLCG2;KLRD1
gs_ind_0,Cellular Response to Light Stimulus (GO:0071482),1/43,0.9432836894244017,0.9826009430291316,0.5108980667280404,0.02983042077303943,POLK
gs_ind_0,Cellular Response to Lipid (GO:0071396),21/141,0.000269440961553387,0.0083470564547893,2.6243863475635854,21.57025459445955,B2M;HSPA1A;CD180;PLCG2;CXCL9;CASP1;CD274;CCL2;CXCL10;NOD2;TNIP1;ZC3H12A;VIM;AR;TWF2;ADAM15;PYCARD;GBP3;TNFAIP3;PDK4;GBP2
gs_ind_0,Cellular Response to Lipopolysaccharide (GO:0071222),17/83,1.7726000655977544e-05,0.001138220497226499,3.8693314835688892,42.33233609699377,TNIP1;CCL2;HCK;ZC3H12A;B2M;CXCL10;VIM;CXCL9;TNFAIP3;CD180;PLCG2;CASP1;NOD2;PYCARD;CD274;GBP3;GBP2
gs_ind_0,Cellular Response to Lipoteichoic Acid (GO:0071223),1/6,0.3296057006468095,0.6624839519426774,3.9587401265760684,4.393640133528681,TLR2
gs_ind_0,Cellular Response to Lithium Ion (GO:0071285),2/5,0.03642622767140897,0.27162107597191837,10.380875202593193,34.38629847772066,CDH1;SLC13A5
gs_ind_0,Cellular Response to Low-Density Lipoprotein Particle Stimulus (GO:0071404),1/25,0.8112524386727127,0.9159699136722276,0.8874412150181173,0.185631407941355,ITGB2
gs_ind_0,Cellular Response to Mechanical Stimulus (GO:0071260),5/44,0.15146424888223825,0.5505114261205458,2.0247607286199445,3.8215448651255817,TLR7;TLR3;CD40;TNFRSF10B;CASP1
gs_ind_0,Cellular Response to Metal Ion (GO:0071248),6/66,0.2512820945272019,0.6336944594034671,1.561552983592149,2.1567843262959694,IQGAP1;DAXX;SLC13A5;B2M;CDH1;PLCG2
gs_ind_0,Cellular Response to Molecule of Bacterial Origin (GO:0071219),16/80,4.233789191876142e-05,0.002248444474399937,3.757784893288599,37.840247847750234,TNIP1;CCL2;ZC3H12A;B2M;CXCL10;VIM;CXCL9;TNFAIP3;CD180;GBP2;CASP1;NOD2;PYCARD;CD274;GBP3;TLR2
gs_ind_0,Cellular Response to Muramyl Dipeptide (GO:0071225),2/8,0.08969570360216707,0.43164243125055807,5.588455304824834,13.475623389845104,VIM;NOD2
gs_ind_0,Cellular Response to Nicotine (GO:0071316),1/4,0.2340004119113125,0.6083192526435693,6.221802482460874,9.036747532590647,B2M
gs_ind_0,Cellular Response to Nitrogen Compound (GO:1901699),8/121,0.5230966861540122,0.7732055390765568,1.0865342924832257,0.7040622301454742,DAXX;NGFR;VIM;SPIDR;CDH1;CASP4;NOD2;FPR2
gs_ind_0,Cellular Response to Osmotic Stress (GO:0071470),3/24,0.1989371255042466,0.60784832860503,2.365263435923881,3.81934805692905,CASP1;PYCARD;STK39
gs_ind_0,Cellular Response to Oxidative Stress (GO:0034599),5/108,0.8336123414394386,0.9226401806069896,0.7690480866161319,0.13995660271567023,ZC3H12A;HSPA1A;ALDH3B1;BMAL1;PNPT1
gs_ind_0,Cellular Response to Oxygen-Containing Compound (GO:1901701),21/251,0.13268908045701722,0.5098415055286424,1.360649108092554,2.7481664485972095,B2M;CD180;CXCL9;CASP1;CD274;FPR2;CCL2;CXCL10;CASP4;NOD2;TNIP1;NGFR;ZC3H12A;VIM;TWF2;TLR2;PYCARD;GBP3;TNFAIP3;PDK4;GBP2
gs_ind_0,Cellular Response to Peptide Hormone Stimulus (GO:0071375),6/78,0.3890782839455206,0.7125352949529677,1.3019215297397422,1.228981000476856,SLC30A10;INSIG2;LPIN3;PKM;NR4A1;CPEB1
gs_ind_0,Cellular Response to Radiation (GO:0071478),2/31,0.6028543237314423,0.815046945498543,1.2292485051598312,0.622097711389388,SPIDR;CDKN1A
gs_ind_0,Cellular Response to Reactive Oxygen Species (GO:0034614),1/57,0.9777615665615994,0.9997059263401236,0.3839026882978571,0.00863375480142371,TNFAIP3
gs_ind_0,Cellular Response to Retinoic Acid (GO:0071300),1/21,0.753493755705255,0.8864281762133814,1.0609163781869875,0.3002759875694897,TWF2
gs_ind_0,Cellular Response to Salt (GO:1902075),2/4,0.02282372249623049,0.21896048614125635,14.534305780659103,54.93901924276344,DAXX;ZC3H12A
gs_ind_0,Cellular Response to Salt Stress (GO:0071472),1/5,0.2833939579712883,0.6336944594034671,4.838819931642382,6.101351626665179,AKR1B1
gs_ind_0,Cellular Response to Sodium Arsenite (GO:1903936),2/4,0.02282372249623049,0.21896048614125635,14.534305780659103,54.93901924276344,DAXX;ZC3H12A
gs_ind_0,Cellular Response to Starvation (GO:0009267),8/135,0.648252888287394,0.8389578739523719,0.9662135218415806,0.41882882574257735,ZC3H12A;CDKN1A;PMAIP1;CHKA;TULP3;PAK6;PDK4;EIF2AK2
gs_ind_0,Cellular Response to Steroid Hormone Stimulus (GO:0071383),2/15,0.25151988032095945,0.6336944594034671,2.6893370950637294,3.7119124671369925,AR;HSPA1A
gs_ind_0,Cellular Response to Sterol (GO:0036315),3/12,0.03790273924961201,0.27162107597191837,5.357746719421593,17.534468567500667,INSIG2;OSBPL7;SMO
gs_ind_0,Cellular Response to Sterol Depletion (GO:0071501),1/8,0.4132896381284026,0.7125352949529677,2.902644360496492,2.5647957981136242,INSIG2
gs_ind_0,Cellular Response to Topologically Incorrect Protein (GO:0035967),3/26,0.23337996263985208,0.6083192526435693,2.1636422217875104,3.148288562481339,DAXX;BAX;HSPA1A
gs_ind_0,Cellular Response to Transforming Growth Factor Beta Stimulus (GO:0071560),4/78,0.7490246083861565,0.8864281762133814,0.8751031057074232,0.2528903067315028,GDF10;ID1;GDF15;COL3A1
gs_ind_0,Cellular Response to Tumor Necrosis Factor (GO:0071356),9/67,0.027370134147332692,0.25045778139743824,2.3683588533887936,8.522072423072526,CCL2;ZC3H12A;CCL5;STAT1;HYAL3;PYCARD;TRAF3;GBP3;GBP2
gs_ind_0,Cellular Response to Type I Interferon (GO:0071357),10/61,0.005284533724973784,0.08879210902865556,2.9782545435305945,15.614901873754407,PSME2;IFIT1;STAT1;OAS2;SP100;OAS3;PSME1;IFI27;TRAF3;IFITM3
gs_ind_0,Cellular Response to Type II Interferon (GO:0071346),14/40,9.281847023867096e-08,1.4528533183674077e-05,8.04282719377059,130.23444595599767,GBP6;CCL2;HCK;CCL5;LGALS9;STAT1;GBP7;GBP4;SP100;GBP2;GBP5;CASP1;GBP3;TLR2
gs_ind_0,Cellular Response to UV (GO:0034644),3/60,0.7521799248763333,0.8864281762133814,0.8820325910597973,0.2511849959421768,POLK;HYAL3;CDKN1A
gs_ind_0,Cellular Response to UV-B (GO:0071493),2/10,0.13249100130695554,0.509738988210719,4.2728890583786185,8.636536632696506,HYAL3;CDKN1A
gs_ind_0,Cellular Response to Unfolded Protein (GO:0034620),4/57,0.5054845956073634,0.7685083681045072,1.2205141957911034,0.8326808155268506,DAXX;BAX;DDIT3;HSPA1A
gs_ind_0,Cellular Response to Vascular Endothelial Growth Factor Stimulus (GO:0035924),4/31,0.13619715924466635,0.5146764315039869,2.379061869370478,4.743020841906065,PRKD2;NR4A1;NOTCH1;HSPB1
gs_ind_0,Cellular Response to Virus (GO:0098586),6/28,0.007814922260666575,0.1139293078589333,4.210755410863929,20.429407347781822,ZC3H12A;CCL5;CXCL10;LGALS9;IFIH1;BAX
gs_ind_0,Cellular Response to dsRNA (GO:0071359),5/12,0.0005953364659021866,0.015846781694506644,10.689177958446251,79.38193827536507,IFIT1;IFIH1;STING1;OAS3;RIGI
gs_ind_0,Central Nervous System Development (GO:0007417),11/165,0.4991132844697238,0.7623846471561163,1.080120480864129,0.7505996857173727,NPAS2;DDIT4;SMO;SERPINI1;CELSR1;HAPLN1;COL4A1;NRG1;CAPG;HAP1;ITGAM
gs_ind_0,Ceramide Biosynthetic Process (GO:0046513),1/34,0.896514535944172,0.9576990768311665,0.6485892179684416,0.07085238685870321,ST6GALNAC4
gs_ind_0,Ceramide Catabolic Process (GO:0046514),3/12,0.03790273924961201,0.27162107597191837,5.357746719421593,17.534468567500667,NEU2;GLA;NEU3
gs_ind_0,Chaperone-mediated Protein Complex Assembly (GO:0051131),1/19,0.7182988056240869,0.867676948792053,1.1757850673123205,0.38903157333720684,HSPA1A
gs_ind_0,Chemical Synaptic Transmission (GO:0007268),7/78,0.2366372070979159,0.6146367283049798,1.5249959166308977,2.197865415618993,CNP;CHRM3;GRIA3;EXOC4;SLC1A4;HAP1;CHRNA4
gs_ind_0,"Chemical Synaptic Transmission, Postsynaptic (GO:0099565)",1/9,0.45113270140804174,0.7303585487139446,2.5609663185295704,2.0385131696903356,CHRNA4
gs_ind_0,Chemokine (C-X-C Motif) Ligand 12 Signaling Pathway (GO:0038146),1/5,0.2833939579712883,0.6336944594034671,4.838819931642382,6.101351626665179,STK39
gs_ind_0,Chemokine-mediated Signaling Pathway (GO:0070098),10/28,5.323623821263282e-06,0.00045235592126962855,8.311230576625672,100.92623432546651,CCL2;STK39;CCL5;MAS1;CXCL10;GPR35;CCL7;CXCL9;CCR2;CXCL11
gs_ind_0,Chloride Transport (GO:0006821),2/34,0.65347020985538,0.8389578739523719,1.1155300669077006,0.47461156210687,FXYD3;CLIC5
gs_ind_0,Cholesterol Biosynthetic Process (GO:0006695),1/25,0.8112524386727127,0.9159699136722276,0.8874412150181173,0.185631407941355,INSIG2
gs_ind_0,Cholesterol Homeostasis (GO:0042632),1/72,0.9918529397937792,0.999999953222645,0.30302401322368944,0.0024788663837876147,LRP5
gs_ind_0,Cholesterol Metabolic Process (GO:0008203),1/62,0.984085648782255,0.999999953222645,0.35255946191410104,0.0056558802645143395,INSIG2
gs_ind_0,Chordate Embryonic Development (GO:0043009),1/34,0.896514535944172,0.9576990768311665,0.6485892179684416,0.07085238685870321,COL1A1
gs_ind_0,Chromatin Organization (GO:0006325),5/280,0.9999505967761223,0.999999953222645,0.28519420221425446,1.4089861065758292e-05,DAXX;PARP10;MTHFR;PML;EZH1
gs_ind_0,Chromatin Remodeling (GO:0006338),4/255,0.9999600171229939,0.999999953222645,0.25579603053040717,1.0227665694465432e-05,DAXX;DTX3L;PML;EZH1
gs_ind_0,Chromosome Organization (GO:0051276),2/29,0.5661113256065228,0.8010458757106599,1.3188448504493886,0.7503759428116621,GEM;CENPT
gs_ind_0,Chronic Inflammatory Response (GO:0002544),2/4,0.02282372249623049,0.21896048614125635,14.534305780659103,54.93901924276344,THBS1;S100A9
gs_ind_0,Cilium Assembly (GO:0060271),12/188,0.5570374131590325,0.7960736505213661,1.0271249166464245,0.6009942814019289,BBS4;NOTCH1;FLNA;FAM161A;CPLANE1;CC2D2A;PIERCE1;PTPDC1;ALPK1;RAB8B;CPAP;EHD4
gs_ind_0,Cilium Movement (GO:0003341),3/22,0.16588095266011832,0.5716072093995457,2.6082428478318147,4.685668893103795,DRC1;PIERCE1;DNAI1
gs_ind_0,Cilium Organization (GO:0044782),12/186,0.5418134085955546,0.7880800413240646,1.039053611864436,0.6367669670055152,BBS4;NOTCH1;FLNA;FAM161A;CPLANE1;CC2D2A;CPAP;PTPDC1;ALPK1;RAB8B;CFAP126;EHD4
gs_ind_0,Cilium-dependent Cell Motility (GO:0060285),2/10,0.13249100130695554,0.509738988210719,4.2728890583786185,8.636536632696506,DNAH1;DRC1
gs_ind_0,Circulatory System Development (GO:0072359),6/91,0.5377890471043956,0.7880800413240646,1.102896053662824,0.6841141815597138,NOTCH1;CDKN1A;SH3PXD2B;PDLIM1;COL3A1;FBN1
gs_ind_0,Clathrin-coated Vesicle Cargo Loading (GO:0035652),1/6,0.3296057006468095,0.6624839519426774,3.9587401265760684,4.393640133528681,AP3M2
gs_ind_0,"Clathrin-coated Vesicle Cargo Loading, AP-3-mediated (GO:0035654)",1/6,0.3296057006468095,0.6624839519426774,3.9587401265760684,4.393640133528681,AP3M2
gs_ind_0,Clathrin-dependent Endocytosis (GO:0072583),1/27,0.8348435527953628,0.9226401806069896,0.8203423311509128,0.14808076007375526,DLL1
gs_ind_0,Cognition (GO:0050890),3/27,0.2509825841581097,0.6336944594034671,2.0751757706868577,2.868664316198132,BBS4;SLC1A4;CHRNA4
gs_ind_0,Collagen Biosynthetic Process (GO:0032964),2/11,0.15530567804812975,0.5505114261205458,3.8228269214364925,7.11947989835536,PLOD2;COL1A1
gs_ind_0,Collagen Catabolic Process (GO:0030574),1/15,0.6321377878742459,0.8285490441331016,1.5005861882873996,0.6882406887353841,MMP13
gs_ind_0,Collagen Fibril Organization (GO:0030199),7/35,0.006197965397457093,0.09963648157858052,3.838160038880471,19.511417832273057,ADAMTS14;COL1A1;SERPINH1;COL4A1;PLOD2;COL3A1;FBN1
gs_ind_0,Collagen-activated Signaling Pathway (GO:0038065),1/5,0.2833939579712883,0.6336944594034671,4.838819931642382,6.101351626665179,UBASH3B
gs_ind_0,Collagen-activated Tyrosine Kinase Receptor Signaling Pathway (GO:0038063),1/4,0.2340004119113125,0.6083192526435693,6.221802482460874,9.036747532590647,UBASH3B
gs_ind_0,Commissural Neuron Axon Guidance (GO:0071679),1/6,0.3296057006468095,0.6624839519426774,3.9587401265760684,4.393640133528681,SMO
gs_ind_0,"Complement Activation, Alternative Pathway (GO:0006957)",1/4,0.2340004119113125,0.6083192526435693,6.221802482460874,9.036747532590647,CFB
gs_ind_0,"Complement Activation, Classical Pathway (GO:0006958)",1/6,0.3296057006468095,0.6624839519426774,3.9587401265760684,4.393640133528681,C2
gs_ind_0,"Complement Activation, GZMK Pathway (GO:0160257)",1/9,0.45113270140804174,0.7303585487139446,2.5609663185295704,2.0385131696903356,C2
gs_ind_0,"Complement Activation, Lectin Pathway (GO:0001867)",2/8,0.08969570360216707,0.43164243125055807,5.588455304824834,13.475623389845104,C2;MBL2
gs_ind_0,Complement Receptor Mediated Signaling Pathway (GO:0002430),2/9,0.11054513189129135,0.47715707147271474,4.842967765171979,10.665820017194985,FPR2;ITGAM
gs_ind_0,Connective Tissue Development (GO:0061448),4/32,0.14821054669427502,0.5505114261205458,2.2954150400364743,4.382225982559692,SH3PXD2B;CD44;HYAL3;LRP5
gs_ind_0,Constitutive Heterochromatin Formation (GO:0140719),2/32,0.6203238052489224,0.8285490441331016,1.1888567101522438,0.5676953316560229,EZH1;DAXX
gs_ind_0,Contact Inhibition (GO:0060242),1/6,0.3296057006468095,0.6624839519426774,3.9587401265760684,4.393640133528681,SMO
gs_ind_0,Contractile Actin Filament Bundle Assembly (GO:0030038),1/16,0.6558766163212053,0.8389578739523719,1.4036697247706422,0.5920434556741193,PDLIM1
gs_ind_0,Copper Ion Homeostasis (GO:0055070),1/15,0.6321377878742459,0.8285490441331016,1.5005861882873996,0.6882406887353841,SLC30A10
gs_ind_0,Coronary Artery Morphogenesis (GO:0060982),1/3,0.18120623955754206,0.5716072093995457,8.71117107393416,14.879720755179145,NOTCH1
gs_ind_0,Coronary Vasculature Morphogenesis (GO:0060977),1/6,0.3296057006468095,0.6624839519426774,3.9587401265760684,4.393640133528681,NOTCH1
gs_ind_0,Cortical Actin Cytoskeleton Organization (GO:0030866),3/20,0.13467922048281478,0.5128501942585034,2.906760411032991,5.827646144716359,PLEK;MISP;FMNL1
gs_ind_0,Cortical Cytoskeleton Organization (GO:0030865),3/32,0.340812100969237,0.6811661211576013,1.7228093976588352,1.8544733436450738,PLEK;MISP;FMNL1
gs_ind_0,Cytochrome Complex Assembly (GO:0017004),1/9,0.45113270140804174,0.7303585487139446,2.5609663185295704,2.0385131696903356,CYBA
gs_ind_0,Cytokine-mediated Signaling Pathway (GO:0019221),26/165,1.9603491712389852e-05,0.0011898119255642331,2.805632587662538,30.41250414505653,CCL5;MAS1;CSF2RA;IL7;CXCL9;CCL2;HCK;CXCL10;CCL7;JAK3;TRAF3;IL3RA;TRAF3IP2;IL2RG;MX1;OAS3;EDA2R;PYCARD;CXCL11;GPR35;IL2RB;LILRA6;OAS2;STAT1;CD300LF;CCR2
gs_ind_0,Cytoplasmic Microtubule Organization (GO:0031122),2/47,0.8155249132308918,0.9169644960108402,0.7960354070564768,0.1623301732917585,CCDC88B;MISP
gs_ind_0,Cytoplasmic Pattern Recognition Receptor Signaling Pathway (GO:0002753),9/31,0.00010243870790045817,0.004615950262060039,6.1742817395512,56.71847037680057,IRF7;DHX58;RNF135;ALPK1;IFIH1;TNFAIP3;STING1;OAS3;RIGI
gs_ind_0,Cytoskeleton Organization (GO:0007010),5/90,0.6969135796670041,0.8627707795776292,0.9322081174028115,0.3366146320124111,SH3BGRL3;CCL2;AJUBA;CCL7;PAK6
gs_ind_0,Cytoskeleton-dependent Cytokinesis (GO:0061640),5/63,0.38346292977972113,0.7052682456183615,1.3652097375674612,1.3085703606815573,BBS4;RHOC;MYH14;SEPTIN11;EXOC4
gs_ind_0,Cytoskeleton-dependent Intracellular Transport (GO:0030705),2/13,0.20275236784673498,0.60784832860503,3.1575176755220444,5.0386716886898935,CCDC88B;TUBA1C
gs_ind_0,Cytosolic Transport (GO:0016482),1/13,0.5796404588195495,0.8010458757106599,1.7409390178089585,0.9494163340617632,LAPTM5
gs_ind_0,DNA Biosynthetic Process (GO:0071897),1/20,0.7364825677009945,0.8775237004578357,1.1154053717464403,0.34116872034232576,POLK
gs_ind_0,DNA Catabolic Process (GO:0006308),2/18,0.3248819041260126,0.6624839519426774,2.1998755791300364,2.473305890557785,ISG20;TREX1
gs_ind_0,DNA Damage Checkpoint Signaling (GO:0000077),3/33,0.3588319174216142,0.6882851264020743,1.666199718057612,1.70769008502724,FBXO6;DTX3L;PARP9
gs_ind_0,DNA Damage Response (GO:0006974),21/399,0.8612489948056962,0.9420207835793087,0.8193379533254982,0.12238584052028365,NPAS2;SAMHD1;IRF7;CDKN1A;FMN2;CHRNA4;MAD2L2;SPIDR;PML;BTG2;FAAP20;DTX3L;UBA7;ZC3H12A;DDIT3;FBXO6;FANCA;BAX;TREX1;SHLD2;POLK
gs_ind_0,"DNA Damage Response, Signal Transduction by P53 Class Mediator (GO:0030330)",4/31,0.13619715924466635,0.5146764315039869,2.379061869370478,4.743020841906065,SP100;MDM2;PML;CDKN1A
gs_ind_0,DNA Damage Tolerance (GO:0006301),4/24,0.06509616588391035,0.3649780494105417,3.19308833045017,8.723164888991953,MAD2L2;PARP10;FAAP20;POLK
gs_ind_0,DNA Integrity Checkpoint Signaling (GO:0031570),3/47,0.5914474493626536,0.8128302746786191,1.1408110062530004,0.5991339107122666,FBXO6;DTX3L;PARP9
gs_ind_0,DNA Metabolic Process (GO:0006259),12/290,0.9659181800410597,0.9950262097132357,0.6459420689168294,0.022398782850496603,MAD2L2;SAMHD1;DNTT;POLK;BTG2;FBXO6;MCM5;FANCA;ISG20;SP100;TREX1;CHRNA4
gs_ind_0,DNA Recombination (GO:0006310),2/42,0.7633397376408113,0.8941206694540264,0.8946448699735211,0.2416007090844008,ZGRF1;TREX1
gs_ind_0,DNA Repair (GO:0006281),12/285,0.960070778968336,0.9924402143384885,0.6580004932320377,0.026812381196433387,MAD2L2;ZGRF1;TREX1;POLK;BTG2;FAAP20;FBXO6;DTX3L;FANCA;PARP9;REC8;CHRNA4
gs_ind_0,DNA Repair-Dependent Chromatin Remodeling (GO:0140861),1/24,0.7982232489079947,0.9126935571904561,0.925273564432605,0.2085260904971238,DTX3L
gs_ind_0,DNA Replication (GO:0006260),2/98,0.9888784084603784,0.999999953222645,0.3739051569939789,0.004181717451732227,MCM5;TREX1
gs_ind_0,DNA Replication Initiation (GO:0006270),1/21,0.753493755705255,0.8864281762133814,1.0609163781869875,0.3002759875694897,MCM5
gs_ind_0,DNA Strand Resection Involved in Replication Fork Processing (GO:0110025),1/5,0.2833939579712883,0.6336944594034671,4.838819931642382,6.101351626665179,SAMHD1
gs_ind_0,DNA Synthesis Involved in DNA Replication (GO:0090592),4/16,0.016728959419750552,0.1888351537512045,5.239783432593395,21.433931279686306,MAD2L2;PARP10;FAAP20;POLK
gs_ind_0,DNA-templated DNA Replication (GO:0006261),1/58,0.9792008619464627,0.9997059263401236,0.3771979633496797,0.007928130477277816,MCM5
gs_ind_0,DNA-templated Transcription (GO:0006351),2/176,0.9999005226739988,0.999999953222645,0.20556533369246702,2.0450106892119273e-05,TAF1C;IRF9
gs_ind_0,DNA-templated Transcription Elongation (GO:0006354),1/52,0.9689281586598069,0.9967458816514235,0.42133197805709977,0.01329926362776547,LEO1
gs_ind_0,DNA-templated Transcription Initiation (GO:0006352),1/92,0.9978679675840255,0.999999953222645,0.23643537727920164,0.0005046260195129805,TAF1C
gs_ind_0,Daunorubicin Metabolic Process (GO:0044597),1/4,0.2340004119113125,0.6083192526435693,6.221802482460874,9.036747532590647,AKR1B1
gs_ind_0,Deadenylation-dependent Decapping of Nuclear-Transcribed mRNA (GO:0000290),1/17,0.6780850803054885,0.8523351770196631,1.318500711377128,0.5122144680846036,DCP1B
gs_ind_0,Deadenylation-independent Decapping of Nuclear-Transcribed mRNA (GO:0031087),1/5,0.2833939579712883,0.6336944594034671,4.838819931642382,6.101351626665179,DCP1B
gs_ind_0,Defense Response to Bacterium (GO:0042742),29/99,2.18473124278679e-12,1.6243476790119783e-09,6.232819079869127,167.3482522485402,GBP6;B2M;TLR3;MBL2;GBP4;GBP2;RNF213;CASP1;FPR2;ISG15;RNASE6;GBP7;SLPI;CASP4;ADM;TNFRSF14;MPEG1;NOD2;TLR9;SPN;OAS3;TLR2;S100A9;LCN2;PYCARD;GBP3;GSDMD;OAS2;ZNFX1
gs_ind_0,Defense Response to Fungus (GO:0050832),4/16,0.016728959419750552,0.1888351537512045,5.239783432593395,21.433931279686306,S100A9;ADM;ZBP1;PLCG2
gs_ind_0,Defense Response to Gram-negative Bacterium (GO:0050829),8/26,0.00015903550766156632,0.006063738458788439,6.71350469556016,58.718883756238725,RNASE6;B2M;TLR9;GSDMD;ADM;TNFRSF14;MPEG1;PYCARD
gs_ind_0,Defense Response to Gram-positive Bacterium (GO:0050830),13/37,2.5467147333239297e-07,3.44269528041153e-05,8.091775365148793,122.85978381638579,GBP6;TLR2;RNASE6;B2M;GSDMD;MBL2;GBP7;GBP4;CASP4;ADM;TNFRSF14;MPEG1;GBP2
gs_ind_0,Defense Response to Protozoan (GO:0042832),5/9,0.00011152965498077851,0.004738417055897647,17.81927130382415,162.17710906135255,BATF2;GBP6;GBP7;GBP4;GBP2
gs_ind_0,Defense Response to Tumor Cell (GO:0002357),3/11,0.02982495597167174,0.2647743852529903,5.98851525466866,21.034119591423366,PRF1;LAPTM5;TNFRSF10B
gs_ind_0,Defense Response to Virus (GO:0051607),51/148,2.1328835908760527e-24,6.343195799265381e-21,8.049026577149794,438.70871133043164,SAMHD1;IRF7;TLR3;PMAIP1;STING1;GBP2;CASP1;MOV10;ISG15;TRIM21;TLR7;RNASE6;CXCL10;RSAD2;PML;IFIH1;GBP7;PRF1;MX2;IFI27;TRAF3;DDIT4;ZNFX1;PLSCR1;USP27X;TLR9;RTP4;IFIT2;IFIT1;ISG20;MX1;OAS3;GBP5;USP18;TLR2;PYCARD;RIGI;EIF2AK2;MLKL;IFI44L;DHX58;DDX60;RNF135;BST2;STAT1;OAS2;IFIT3;NLRC5;IFITM3;ZBP1;MBL2
gs_ind_0,Dendritic Cell Chemotaxis (GO:0002407),2/7,0.07019752665192665,0.3649780494105417,6.6050292225332745,17.545878368545242,CCR2;CCL5
gs_ind_0,Dendritic Cell Differentiation (GO:0097028),3/9,0.016722704590232056,0.1888351537512045,7.832300203852395,32.04184557160756,BATF2;LGALS9;UBD
gs_ind_0,Dendritic Cell Migration (GO:0036336),3/10,0.022761654228634364,0.21896048614125635,6.787488732648279,25.674884242921568,CCR2;ASB2;CCL5
gs_ind_0,Dephosphorylation (GO:0016311),2/71,0.948446175652589,0.9865963366179783,0.5202126791273626,0.027534980929966067,DUSP5;DUSP8
gs_ind_0,Desensitization of G Protein-Coupled Receptor Signaling Pathway (GO:0002029),1/7,0.37284039631262333,0.6882851264020743,3.349454107684005,3.3045876434894486,ADM
gs_ind_0,Desmosome Assembly (GO:0002159),1/6,0.3296057006468095,0.6624839519426774,3.9587401265760684,4.393640133528681,CDH1
gs_ind_0,Desmosome Organization (GO:0002934),1/8,0.4132896381284026,0.7125352949529677,2.902644360496492,2.5647957981136242,CDH1
gs_ind_0,Detection of Bacterium (GO:0016045),2/5,0.03642622767140897,0.27162107597191837,10.380875202593193,34.38629847772066,NOD2;SSC5D
gs_ind_0,Detection of Chemical Stimulus Involved in Sensory Perception (GO:0050907),2/2,0.004151481921798915,0.07716567022143733,72.68233387358185,398.6109909443362,OR10J5;OR2V1
gs_ind_0,Detection of Chemical Stimulus Involved in Sensory Perception of Bitter Taste (GO:0001580),1/5,0.2833939579712883,0.6336944594034671,4.838819931642382,6.101351626665179,RTP4
gs_ind_0,Detection of Chemical Stimulus Involved in Sensory Perception of Smell (GO:0050911),2/2,0.004151481921798915,0.07716567022143733,72.68233387358185,398.6109909443362,OR10J5;OR2V1
gs_ind_0,Detection of Chemical Stimulus Involved in Sensory Perception of Taste (GO:0050912),1/7,0.37284039631262333,0.6882851264020743,3.349454107684005,3.3045876434894486,RTP4
gs_ind_0,Detection of Molecule of Bacterial Origin (GO:0032490),3/8,0.011702995801205507,0.14833017339586424,9.257043119130733,41.17449853472315,NR4A1;SSC5D;TLR9
gs_ind_0,Determination of Bilateral Symmetry (GO:0009855),4/19,0.030566398839181975,0.26736608866978584,4.224688684353005,14.735097117366543,PIERCE1;DNAI1;DLL1;NOTCH1
gs_ind_0,Determination of Dorsal/Ventral Asymmetry (GO:0048262),1/1,0.06446453407510432,0.3649780494105417,43.56233135456017,119.43223299736152,AIDA
gs_ind_0,Determination of Heart Left/Right Asymmetry (GO:0061371),4/26,0.08287033984129875,0.4170158894890398,2.908825121819166,7.244365155671764,BBS4;NOTCH1;DLL1;SMO
gs_ind_0,Determination of Left/Right Asymmetry in Lateral Mesoderm (GO:0003140),1/5,0.2833939579712883,0.6336944594034671,4.838819931642382,6.101351626665179,SMO
gs_ind_0,Determination of Left/Right Symmetry (GO:0007368),5/26,0.023332135245310862,0.22028498482398254,3.7249007373794667,13.997892662617328,NOTCH1;DNAI1;DLL1;SMO;PIERCE1
gs_ind_0,Development of Primary Male Sexual Characteristics (GO:0046546),1/17,0.6780850803054885,0.8523351770196631,1.318500711377128,0.5122144680846036,AR
gs_ind_0,Diaphragm Development (GO:0060539),1/3,0.18120623955754206,0.5716072093995457,8.71117107393416,14.879720755179145,BASP1
gs_ind_0,Dicarboxylic Acid Biosynthetic Process (GO:0043650),1/9,0.45113270140804174,0.7303585487139446,2.5609663185295704,2.0385131696903356,GOT1L1
gs_ind_0,Dicarboxylic Acid Metabolic Process (GO:0043648),1/49,0.9620248490056544,0.9927027099054085,0.4474938939919106,0.017324725247972964,DGLUCY
gs_ind_0,Dicarboxylic Acid Transport (GO:0006835),2/18,0.3248819041260126,0.6624839519426774,2.1998755791300364,2.473305890557785,SLC13A3;SLC13A5
gs_ind_0,Digestive Tract Development (GO:0048565),1/19,0.7182988056240869,0.867676948792053,1.1757850673123205,0.38903157333720684,SMO
gs_ind_0,Diterpenoid Metabolic Process (GO:0016101),1/22,0.7694079063049644,0.8941848821222994,1.0114961282144606,0.2651475390012929,AKR1B1
gs_ind_0,Dorsal/ventral Axis Specification (GO:0009950),1/4,0.2340004119113125,0.6083192526435693,6.221802482460874,9.036747532590647,CAPRIN2
gs_ind_0,Dorsal/ventral Pattern Formation (GO:0009953),2/12,0.1787862658078333,0.5716072093995457,3.4584909058166757,5.9540142413558605,CAPRIN2;AIDA
gs_ind_0,Double-strand Break Repair (GO:0006302),10/163,0.6107168680868792,0.8199873434268076,0.991614374850225,0.48898668350833235,MAD2L2;ZGRF1;SAMHD1;DNTT;ZMYND8;SPIDR;DTX3L;CYREN;PARP9;REC8
gs_ind_0,Double-strand Break Repair via Break-Induced Replication (GO:0000727),1/11,0.5196605004230545,0.7685083681045072,2.072854830005397,1.356848411751394,MCM5
gs_ind_0,Double-strand Break Repair via Homologous Recombination (GO:0000724),4/102,0.9017550017722802,0.9626342244294556,0.6606927408694027,0.06832383023765674,SAMHD1;SPIDR;ZMYND8;MCM5
gs_ind_0,Double-strand Break Repair via Nonhomologous End Joining (GO:0006303),2/48,0.8246386660346838,0.9185301096581084,0.7788582748064109,0.15017163993996543,CYREN;DNTT
gs_ind_0,Doxorubicin Metabolic Process (GO:0044598),1/4,0.2340004119113125,0.6083192526435693,6.221802482460874,9.036747532590647,AKR1B1
gs_ind_0,ER Overload Response (GO:0006983),1/7,0.37284039631262333,0.6882851264020743,3.349454107684005,3.3045876434894486,DDIT3
gs_ind_0,ER-nucleus Signaling Pathway (GO:0006984),2/27,0.5269787492588416,0.7754749135555641,1.4224955244118176,0.9112435990404166,INSIG2;DDIT3
gs_ind_0,ERBB Signaling Pathway (GO:0038127),6/50,0.10078809066362714,0.4705553871799483,2.125546403945692,4.877565894120548,SLC30A10;IQGAP1;BTC;SACK1A;NRG1;MVP
gs_ind_0,ERBB2 Signaling Pathway (GO:0038128),1/10,0.48653733475260663,0.7454724541752974,2.291220495924106,1.6506906488764395,NRG1
gs_ind_0,ERBB4 Signaling Pathway (GO:0038130),2/3,0.011920279570145109,0.14833017339586424,24.225643796146226,107.30783232096144,BTC;NRG1
gs_ind_0,ERK1 and ERK2 Cascade (GO:0070371),2/19,0.3489945155948375,0.6882690247871663,2.074014046461372,2.183312661052468,LGALS9;DUSP5
gs_ind_0,Ear Morphogenesis (GO:0042471),1/6,0.3296057006468095,0.6624839519426774,3.9587401265760684,4.393640133528681,TMIE
gs_ind_0,Eating Behavior (GO:0042755),1/2,0.12477758622840975,0.49743772311433054,14.519697787371829,30.218720809256304,GDF15
gs_ind_0,Ectoderm Development (GO:0007398),2/6,0.05233524459368294,0.32629982687969195,8.073413770334353,23.817258816991405,EDA2R;ITGAM
gs_ind_0,Elastic Fiber Assembly (GO:0048251),1/6,0.3296057006468095,0.6624839519426774,3.9587401265760684,4.393640133528681,EMILIN1
gs_ind_0,Electron Transport Chain (GO:0022900),1/16,0.6558766163212053,0.8389578739523719,1.4036697247706422,0.5920434556741193,CYB561
gs_ind_0,Embryonic Eye Morphogenesis (GO:0048048),1/5,0.2833939579712883,0.6336944594034671,4.838819931642382,6.101351626665179,FBN1
gs_ind_0,Embryonic Heart Tube Morphogenesis (GO:0003143),4/27,0.09255899049379028,0.43486641031363715,2.7848379776290475,6.627661252399173,BBS4;NOTCH1;DLL1;SMO
gs_ind_0,Embryonic Organ Morphogenesis (GO:0048562),1/21,0.753493755705255,0.8864281762133814,1.0609163781869875,0.3002759875694897,FBN1
gs_ind_0,Embryonic Skeletal System Development (GO:0048706),1/15,0.6321377878742459,0.8285490441331016,1.5005861882873996,0.6882406887353841,COL1A1
gs_ind_0,Endocardial Cell Differentiation (GO:0060956),2/5,0.03642622767140897,0.27162107597191837,10.380875202593193,34.38629847772066,NOTCH1;NRG1
gs_ind_0,Endocardial Cushion Development (GO:0003197),1/19,0.7182988056240869,0.867676948792053,1.1757850673123205,0.38903157333720684,NOTCH1
gs_ind_0,Endocardial Cushion Morphogenesis (GO:0003203),1/17,0.6780850803054885,0.8523351770196631,1.318500711377128,0.5122144680846036,NOTCH1
gs_ind_0,Endocytic Recycling (GO:0032456),3/79,0.8916437586742385,0.9552408279168535,0.6620254014712068,0.07592676636425343,EHD4;RAB8B;EHBP1L1
gs_ind_0,Endocytosis Involved in Viral Entry Into Host Cell (GO:0075509),1/9,0.45113270140804174,0.7303585487139446,2.5609663185295704,2.0385131696903356,JPT2
gs_ind_0,Endoderm Development (GO:0007492),1/9,0.45113270140804174,0.7303585487139446,2.5609663185295704,2.0385131696903356,DUSP5
gs_ind_0,Endoderm Formation (GO:0001706),3/26,0.23337996263985208,0.6083192526435693,2.1636422217875104,3.148288562481339,DUSP5;ITGB2;LAMA3
gs_ind_0,Endodermal Cell Differentiation (GO:0035987),3/25,0.21601346770155735,0.6083192526435693,2.259972357430443,3.4632144615885743,ITGB2;LAMA3;LEO1
gs_ind_0,Endodermal Cell Fate Commitment (GO:0001711),1/6,0.3296057006468095,0.6624839519426774,3.9587401265760684,4.393640133528681,LEO1
gs_ind_0,Endolysosomal Toll-Like Receptor Signaling Pathway (GO:0140894),3/20,0.13467922048281478,0.5128501942585034,2.906760411032991,5.827646144716359,TLR9;TLR7;TLR3
gs_ind_0,Endomembrane System Organization (GO:0010256),2/164,0.99979076150716,0.999999953222645,0.2209450193242738,4.623504008767965e-05,SRGN;A4GALT
gs_ind_0,Endoplasmic Reticulum Calcium Ion Homeostasis (GO:0032469),2/18,0.3248819041260126,0.6624839519426774,2.1998755791300364,2.473305890557785,BAX;PML
gs_ind_0,Endoplasmic Reticulum Unfolded Protein Response (GO:0030968),2/50,0.8416602349789881,0.9274166501769213,0.7466290163578339,0.1287030643414658,DDIT3;HSPA1A
gs_ind_0,Endosome to Melanosome Transport (GO:0035646),1/8,0.4132896381284026,0.7125352949529677,2.902644360496492,2.5647957981136242,CD63
gs_ind_0,Endothelial Cell Chemotaxis (GO:0035767),1/8,0.4132896381284026,0.7125352949529677,2.902644360496492,2.5647957981136242,NR4A1
gs_ind_0,Endothelial Cell Development (GO:0001885),1/23,0.7842956950537663,0.9044185331872435,0.9664687893506027,0.23482211733826094,GSTM3
gs_ind_0,Endothelial Cell Migration (GO:0043542),6/35,0.022980623347007043,0.21975682904822813,3.2099193466805227,12.11135914561424,TGFB1I1;NR4A1;STAT1;ID1;S100A9;LPXN
gs_ind_0,Endothelial Cell-Cell Adhesion (GO:0071603),1/3,0.18120623955754206,0.5716072093995457,8.71117107393416,14.879720755179145,THBS1
gs_ind_0,Endothelial Tube Morphogenesis (GO:0061154),1/10,0.48653733475260663,0.7454724541752974,2.291220495924106,1.6506906488764395,PRKD2
gs_ind_0,Engulfment of Apoptotic Cell (GO:0043652),1/2,0.12477758622840975,0.49743772311433054,14.519697787371829,30.218720809256304,THBS1
gs_ind_0,Entrainment of Circadian Clock by Photoperiod (GO:0043153),1/18,0.6988617377278106,0.8627707795776292,1.2430652995143012,0.44539322599570885,PML
gs_ind_0,Enzyme-directed rRNA Pseudouridine Synthesis (GO:0000455),1/6,0.3296057006468095,0.6624839519426774,3.9587401265760684,4.393640133528681,RPUSD1
gs_ind_0,Enzyme-linked Receptor Protein Signaling Pathway (GO:0007167),8/82,0.1575871511608698,0.5579335566100319,1.660163278116572,3.0676109123498794,LCK;HCK;BLNK;GDF15;GDF10;MPZL1;JAK3;NRG1
gs_ind_0,Eosinophil Chemotaxis (GO:0048245),4/6,0.0002317356400644796,0.0074722800763809836,26.21840822956145,219.4458042300153,CCL7;CCL2;LGALS3;CCL5
gs_ind_0,Eosinophil Migration (GO:0072677),4/6,0.0002317356400644796,0.0074722800763809836,26.21840822956145,219.4458042300153,CCL7;CCL2;LGALS3;CCL5
gs_ind_0,Ephrin Receptor Signaling Pathway (GO:0048013),1/25,0.8112524386727127,0.9159699136722276,0.8874412150181173,0.185631407941355,EFNA3
gs_ind_0,Epiboly Involved in Wound Healing (GO:0090505),3/12,0.03790273924961201,0.27162107597191837,5.357746719421593,17.534468567500667,FLNA;RHOC;CD44
gs_ind_0,Epidermal Growth Factor Receptor Signaling Pathway (GO:0007173),4/44,0.31477565464810847,0.6624839519426774,1.6138482825001503,1.8654393240850924,SLC30A10;IQGAP1;BTC;SACK1A
gs_ind_0,Epidermis Development (GO:0008544),4/23,0.05704060004954411,0.34064004929185576,3.3570863354295946,9.614668351341475,EDA2R;EMP1;DLL1;LAMA3
gs_ind_0,Epithelial Cell Development (GO:0002064),1/17,0.6780850803054885,0.8523351770196631,1.318500711377128,0.5122144680846036,DLL1
gs_ind_0,Epithelial Cell Differentiation (GO:0030855),6/66,0.2512820945272019,0.6336944594034671,1.561552983592149,2.1567843262959694,TAGLN2;PLAAT3;LGALS3;TDRD7;BASP1;DHRS9
gs_ind_0,Epithelial Cell-Cell Adhesion (GO:0090136),1/13,0.5796404588195495,0.8010458757106599,1.7409390178089585,0.9494163340617632,THBS1
gs_ind_0,Epithelial Structure Maintenance (GO:0010669),2/12,0.1787862658078333,0.5716072093995457,3.4584909058166757,5.9540142413558605,NOD2;TLR9
gs_ind_0,Epithelial Tube Branching Involved in Lung Morphogenesis (GO:0060441),1/4,0.2340004119113125,0.6083192526435693,6.221802482460874,9.036747532590647,CELSR1
gs_ind_0,Epithelial Tube Morphogenesis (GO:0060562),2/26,0.5065345888810102,0.7685083681045072,1.480666821023385,1.007094294862838,PRKD2;COL4A1
gs_ind_0,Epithelial to Mesenchymal Transition (GO:0001837),2/38,0.7127814528545392,0.867676948792053,0.9929841699784641,0.33620500059115366,NOTCH1;DLG5
gs_ind_0,Epithelial to Mesenchymal Transition Involved in Endocardial Cushion Formation (GO:0003198),1/7,0.37284039631262333,0.6882851264020743,3.349454107684005,3.3045876434894486,NOTCH1
gs_ind_0,Epithelium Development (GO:0060429),7/82,0.2766091277693811,0.6336944594034671,1.443769762330435,1.8554605085183167,DLL1;SMO;TAGLN2;STAT1;LGALS3;KRT8;DHRS9
gs_ind_0,Error-prone Translesion Synthesis (GO:0042276),2/9,0.11054513189129135,0.47715707147271474,4.842967765171979,10.665820017194985,MAD2L2;POLK
gs_ind_0,Erythrocyte Differentiation (GO:0030218),2/43,0.7747079787500355,0.8985179174185584,0.873022072080868,0.22285557804427228,SELENOW;SLC1A5
gs_ind_0,Establishment of Centrosome Localization (GO:0051660),1/5,0.2833939579712883,0.6336944594034671,4.838819931642382,6.101351626665179,MISP
gs_ind_0,Establishment of Endothelial Barrier (GO:0061028),2/28,0.5468409946482946,0.7880800413240646,1.3687145143369723,0.8261522553215535,RAP2B;TJP3
gs_ind_0,Establishment of Endothelial Intestinal Barrier (GO:0090557),2/11,0.15530567804812975,0.5505114261205458,3.8228269214364925,7.11947989835536,RAP2B;TJP3
gs_ind_0,Establishment of Left/Right Asymmetry (GO:0061966),1/1,0.06446453407510432,0.3649780494105417,43.56233135456017,119.43223299736152,PIERCE1
gs_ind_0,Establishment of Meiotic Sister Chromatid Cohesion (GO:0034089),1/4,0.2340004119113125,0.6083192526435693,6.221802482460874,9.036747532590647,REC8
gs_ind_0,Establishment of Melanosome Localization (GO:0032401),1/16,0.6558766163212053,0.8389578739523719,1.4036697247706422,0.5920434556741193,BBS4
gs_ind_0,Establishment of Mitotic Spindle Localization (GO:0040001),2/28,0.5468409946482946,0.7880800413240646,1.3687145143369723,0.8261522553215535,MISP;INSC
gs_ind_0,Establishment of Mitotic Spindle Orientation (GO:0000132),2/24,0.46396195640651067,0.7448352156149185,1.6125217600096045,1.2383404726591272,MISP;INSC
gs_ind_0,Establishment of Planar Polarity (GO:0001736),1/5,0.2833939579712883,0.6336944594034671,4.838819931642382,6.101351626665179,CELSR1
gs_ind_0,Establishment of Protein Localization to Extracellular Region (GO:0035592),4/31,0.13619715924466635,0.5146764315039869,2.379061869370478,4.743020841906065,LTBP1;PRF1;CLSTN3;GSDMD
gs_ind_0,Establishment of Protein Localization to Membrane (GO:0090150),2/64,0.9244021418565969,0.9745380963777097,0.5787790383576445,0.04549671101058233,RTP4;RAB8B
gs_ind_0,Establishment of Protein Localization to Organelle (GO:0072594),2/75,0.9587071017850866,0.9920650385208237,0.4917547786267397,0.02073713732696336,TSPAN17;ADAR
gs_ind_0,Establishment of Protein Localization to Peroxisome (GO:0072663),1/17,0.6780850803054885,0.8523351770196631,1.318500711377128,0.5122144680846036,RAB8B
gs_ind_0,Establishment of Protein Localization to Plasma Membrane (GO:0061951),1/39,0.9259022422551448,0.9754280086669502,0.5641465927488594,0.043431739263050904,KRT18
gs_ind_0,Establishment of Skin Barrier (GO:0061436),1/7,0.37284039631262333,0.6882851264020743,3.349454107684005,3.3045876434894486,CLDN1
gs_ind_0,Establishment of Spindle Orientation (GO:0051294),2/29,0.5661113256065228,0.8010458757106599,1.3188448504493886,0.7503759428116621,MISP;INSC
gs_ind_0,Establishment or Maintenance of Apical/Basal Cell Polarity (GO:0035088),1/18,0.6988617377278106,0.8627707795776292,1.2430652995143012,0.44539322599570885,DLG5
gs_ind_0,Establishment or Maintenance of Epithelial Cell Apical/Basal Polarity (GO:0045197),1/26,0.8234411526643806,0.9185301096581084,0.852576108694962,0.16562415625449156,DLG5
gs_ind_0,Establishment or Maintenance of Transmembrane Electrochemical Gradient (GO:0010248),3/7,0.007679539448073663,0.11250714442645848,11.315005107866114,55.0949742316291,FXYD3;FXYD5;BAX
gs_ind_0,Estrogen Receptor Signaling Pathway (GO:0030520),1/14,0.6067632607040262,0.815046945498543,1.6118606463992324,0.8053123024832447,AR
gs_ind_0,Ether Lipid Metabolic Process (GO:0046485),1/15,0.6321377878742459,0.8285490441331016,1.5005861882873996,0.6882406887353841,PLAAT3
gs_ind_0,Excitatory Synapse Assembly (GO:1904861),1/8,0.4132896381284026,0.7125352949529677,2.902644360496492,2.5647957981136242,CLSTN3
gs_ind_0,External Encapsulating Structure Organization (GO:0045229),9/50,0.0042311222095307716,0.07767504599471924,3.3427668212315784,18.26918347292123,ADAMTS14;MMP13;SMOC2;CCDC80;ADAMTS9;MARCO;COL4A1;ADAMTS6;COL15A1
gs_ind_0,Extracellular Matrix Assembly (GO:0085029),1/13,0.5796404588195495,0.8010458757106599,1.7409390178089585,0.9494163340617632,EMILIN1
gs_ind_0,Extracellular Matrix Disassembly (GO:0022617),4/23,0.05704060004954411,0.34064004929185576,3.3570863354295946,9.614668351341475,ADAM15;KIF9;MMP13;SH3PXD2B
gs_ind_0,Extracellular Matrix Organization (GO:0030198),17/101,0.00023278105711887313,0.0074722800763809836,3.0410009455757776,25.439226456499565,ADAMTS14;SMOC2;MMP13;SH3PXD2B;CCDC80;ADAMTS9;COL1A1;KIF9;MARCO;COL4A1;ADAMTS6;PLOD2;ADAM15;SERPINH1;COL15A1;COL3A1;FBN1
gs_ind_0,Extracellular Structure Organization (GO:0043062),9/50,0.0042311222095307716,0.07767504599471924,3.3427668212315784,18.26918347292123,ADAMTS14;MMP13;SMOC2;CCDC80;ADAMTS9;MARCO;COL4A1;ADAMTS6;COL15A1
gs_ind_0,Extrinsic Apoptotic Signaling Pathway (GO:0097191),6/61,0.19840256401132034,0.60784832860503,1.7028689025433463,2.7543175002725073,DAXX;IFI27;NGFR;TLR3;TNFRSF10B;BAX
gs_ind_0,Extrinsic Apoptotic Signaling Pathway in Absence of Ligand (GO:0097192),1/12,0.5506490672062563,0.7880800413240646,1.8924658016377671,1.1291540547630419,BAX
gs_ind_0,Extrinsic Apoptotic Signaling Pathway via Death Domain Receptors (GO:0008625),4/32,0.14821054669427502,0.5505114261205458,2.2954150400364743,4.382225982559692,DAXX;BAX;TNFSF10;TNFRSF10B
gs_ind_0,Eye Development (GO:0001654),3/36,0.4123222810906309,0.7125352949529677,1.516648773439455,1.3436749804686272,SGCB;SH3PXD2B;FBN1
gs_ind_0,Eye Morphogenesis (GO:0048592),1/18,0.6988617377278106,0.8627707795776292,1.2430652995143012,0.44539322599570885,FBN1
gs_ind_0,Eye Photoreceptor Cell Development (GO:0042462),1/12,0.5506490672062563,0.7880800413240646,1.8924658016377671,1.1291540547630419,BBS4
gs_ind_0,Fat Cell Differentiation (GO:0045444),4/50,0.4043141017672618,0.7125352949529677,1.404981050351922,1.2722991688846779,BBS4;PSMB8;NR4A1;SACK1A
gs_ind_0,Fatty Acid Catabolic Process (GO:0009062),1/58,0.9792008619464627,0.9997059263401236,0.3771979633496797,0.007928130477277816,LPIN3
gs_ind_0,Fatty Acid Derivative Biosynthetic Process (GO:1901570),1/18,0.6988617377278106,0.8627707795776292,1.2430652995143012,0.44539322599570885,GGT6
gs_ind_0,Fatty Acid Metabolic Process (GO:0006631),2/95,0.986763997880564,0.999999953222645,0.38598878478752635,0.005143060741232476,PNPLA3;LPIN3
gs_ind_0,Fatty Acid Transport (GO:0015908),1/24,0.7982232489079947,0.9126935571904561,0.925273564432605,0.2085260904971238,SLCO3A1
gs_ind_0,Fc Receptor Mediated Stimulatory Signaling Pathway (GO:0002431),2/19,0.3489945155948375,0.6882690247871663,2.074014046461372,2.183312661052468,HCK;MYO1G
gs_ind_0,Fc Receptor Signaling Pathway (GO:0038093),2/26,0.5065345888810102,0.7685083681045072,1.480666821023385,1.007094294862838,LCK;PLCG2
gs_ind_0,Fc-epsilon Receptor Signaling Pathway (GO:0038095),1/20,0.7364825677009945,0.8775237004578357,1.1154053717464403,0.34116872034232576,PLCG2
gs_ind_0,Fc-gamma Receptor Signaling Pathway (GO:0038094),3/24,0.1989371255042466,0.60784832860503,2.365263435923881,3.81934805692905,LCK;HCK;MYO1G
gs_ind_0,Fc-gamma Receptor Signaling Pathway Involved in Phagocytosis (GO:0038096),2/19,0.3489945155948375,0.6882690247871663,2.074014046461372,2.183312661052468,HCK;MYO1G
gs_ind_0,Female Gamete Generation (GO:0007292),1/15,0.6321377878742459,0.8285490441331016,1.5005861882873996,0.6882406887353841,FMN2
gs_ind_0,Female Meiotic Nuclear Division (GO:0007143),1/7,0.37284039631262333,0.6882851264020743,3.349454107684005,3.3045876434894486,FMN2
gs_ind_0,Fibrinolysis (GO:0042730),1/9,0.45113270140804174,0.7303585487139446,2.5609663185295704,2.0385131696903356,PLAU
gs_ind_0,Fibroblast Migration (GO:0010761),2/4,0.02282372249623049,0.21896048614125635,14.534305780659103,54.93901924276344,PDLIM1;IQGAP1
gs_ind_0,Foam Cell Differentiation (GO:0090077),1/7,0.37284039631262333,0.6882851264020743,3.349454107684005,3.3045876434894486,APOBR
gs_ind_0,Formin-nucleated Actin Cable Assembly (GO:0070649),1/3,0.18120623955754206,0.5716072093995457,8.71117107393416,14.879720755179145,FMN2
gs_ind_0,Formin-nucleated Actin Cable Organization (GO:0110009),1/3,0.18120623955754206,0.5716072093995457,8.71117107393416,14.879720755179145,FMN2
gs_ind_0,Free Ubiquitin Chain Polymerization (GO:0010994),1/6,0.3296057006468095,0.6624839519426774,3.9587401265760684,4.393640133528681,RNF135
gs_ind_0,Fructose 6-Phosphate Metabolic Process (GO:0006002),1/9,0.45113270140804174,0.7303585487139446,2.5609663185295704,2.0385131696903356,HK1
gs_ind_0,Fructose Metabolic Process (GO:0006000),1/8,0.4132896381284026,0.7125352949529677,2.902644360496492,2.5647957981136242,AKR1B1
gs_ind_0,G Protein-Coupled Acetylcholine Receptor Signaling Pathway (GO:0007213),1/8,0.4132896381284026,0.7125352949529677,2.902644360496492,2.5647957981136242,CHRM3
gs_ind_0,G Protein-Coupled Dopamine Receptor Signaling Pathway (GO:0007212),2/9,0.11054513189129135,0.47715707147271474,4.842967765171979,10.665820017194985,FLNA;GNA14
gs_ind_0,"G Protein-Coupled Rec Signaling Pathway, Coupled to Cyclic Nucleotide Second Messenger (GO:0007187)",3/10,0.022761654228634364,0.21896048614125635,6.787488732648279,25.674884242921568,OR10J5;CCL2;CHRM3
gs_ind_0,G Protein-Coupled Receptor Internalization (GO:0002031),1/4,0.2340004119113125,0.6083192526435693,6.221802482460874,9.036747532590647,ADM
gs_ind_0,G1/S Transition of Mitotic Cell Cycle (GO:0000082),2/50,0.8416602349789881,0.9274166501769213,0.7466290163578339,0.1287030643414658,CCNG1;CDKN1A
gs_ind_0,GDP-mannose Biosynthetic Process (GO:0009298),1/6,0.3296057006468095,0.6624839519426774,3.9587401265760684,4.393640133528681,HK1
gs_ind_0,GDP-mannose Metabolic Process (GO:0019673),1/7,0.37284039631262333,0.6882851264020743,3.349454107684005,3.3045876434894486,HK1
gs_ind_0,Ganglioside Biosynthetic Process (GO:0001574),1/10,0.48653733475260663,0.7454724541752974,2.291220495924106,1.6506906488764395,ST6GALNAC4
gs_ind_0,Ganglioside Catabolic Process (GO:0006689),2/7,0.07019752665192665,0.3649780494105417,6.6050292225332745,17.545878368545242,NEU2;NEU3
gs_ind_0,Ganglioside Metabolic Process (GO:0001573),3/19,0.1199247066410002,0.49743772311433054,3.0831571529245947,6.539040805360025,NEU2;ST6GALNAC4;NEU3
gs_ind_0,Gene Expression (GO:0010467),10/225,0.9211071443824297,0.9714087402104064,0.7030314141752594,0.05777435858800596,CFB;GZMB;GZMA;CASP4;ISG20;AEN;CASP1;C2;ADAR;FBN1
gs_ind_0,Generation of Neurons (GO:0048699),5/97,0.7574972837188445,0.8897302218719761,0.8612114553577969,0.2391888455615815,DDIT4;TUBA1C;CELSR1;ID1;TUBB2A
gs_ind_0,Gephyrin Clustering Involved in Postsynaptic Density Assembly (GO:0097116),1/4,0.2340004119113125,0.6083192526435693,6.221802482460874,9.036747532590647,NLGN2
gs_ind_0,Gland Development (GO:0048732),1/43,0.9432836894244017,0.9826009430291316,0.5108980667280404,0.02983042077303943,NRG1
gs_ind_0,Glial Cell Development (GO:0021782),3/19,0.1199247066410002,0.49743772311433054,3.0831571529245947,6.539040805360025,TLR2;DLL1;S100A9
gs_ind_0,Glial Cell Migration (GO:0008347),1/2,0.12477758622840975,0.49743772311433054,14.519697787371829,30.218720809256304,CCL2
gs_ind_0,Glial Cell-Derived Neurotrophic Factor Receptor Signaling Pathway (GO:0035860),1/5,0.2833939579712883,0.6336944594034671,4.838819931642382,6.101351626665179,GDF15
gs_ind_0,Glomerular Epithelial Cell Development (GO:0072310),1/4,0.2340004119113125,0.6083192526435693,6.221802482460874,9.036747532590647,IQGAP1
gs_ind_0,Glomerular Epithelial Cell Differentiation (GO:0072311),1/2,0.12477758622840975,0.49743772311433054,14.519697787371829,30.218720809256304,BASP1
gs_ind_0,Glucose 6-Phosphate Metabolic Process (GO:0051156),2/15,0.25151988032095945,0.6336944594034671,2.6893370950637294,3.7119124671369925,HK1;PGD
gs_ind_0,Glucose Catabolic Process to Pyruvate (GO:0061718),2/21,0.396258807615788,0.7125352949529677,1.8610176065605564,1.7227211574096237,HK1;PKM
gs_ind_0,Glucose Homeostasis (GO:0042593),4/76,0.7305075660722153,0.8769398195190871,0.8993783021862106,0.2824188985427192,HK1;PDK4;NGFR;FBN1
gs_ind_0,Glucose Metabolic Process (GO:0006006),3/49,0.6200256314149092,0.8285490441331016,1.0915810347935822,0.5217696881519148,HK1;FBN1;LRP5
gs_ind_0,Glutamate Metabolic Process (GO:0006536),1/14,0.6067632607040262,0.815046945498543,1.6118606463992324,0.8053123024832447,DGLUCY
gs_ind_0,Glutamate Receptor Signaling Pathway (GO:0007215),1/15,0.6321377878742459,0.8285490441331016,1.5005861882873996,0.6882406887353841,GRIA3
gs_ind_0,Glutathione Metabolic Process (GO:0006749),1/33,0.8893661734121487,0.9541756853274641,0.6685956245589273,0.07839031949713929,GSTM3
gs_ind_0,Glutathione Transport (GO:0034635),1/5,0.2833939579712883,0.6336944594034671,4.838819931642382,6.101351626665179,SLC13A3
gs_ind_0,Glycerolipid Catabolic Process (GO:0046503),1/13,0.5796404588195495,0.8010458757106599,1.7409390178089585,0.9494163340617632,ENPP6
gs_ind_0,Glycerolipid Metabolic Process (GO:0046486),1/8,0.4132896381284026,0.7125352949529677,2.902644360496492,2.5647957981136242,PNPLA3
gs_ind_0,Glycerophospholipid Biosynthetic Process (GO:0046474),3/107,0.972143062432746,0.9986755945821032,0.48362621978516773,0.013663553909778466,CHKA;PNPLA3;PLSCR1
gs_ind_0,Glycerophospholipid Catabolic Process (GO:0046475),1/20,0.7364825677009945,0.8775237004578357,1.1154053717464403,0.34116872034232576,ENPP6
gs_ind_0,Glycerophospholipid Metabolic Process (GO:0006650),3/40,0.4812236573458114,0.7454724541752974,1.3544690823868757,0.9906900196028411,PNPLA3;PLA1A;ENPP6
gs_ind_0,Glycolipid Biosynthetic Process (GO:0009247),2/47,0.8155249132308918,0.9169644960108402,0.7960354070564768,0.1623301732917585,B3GALNT1;A4GALT
gs_ind_0,Glycolipid Catabolic Process (GO:0019377),3/14,0.05700236899903131,0.34064004929185576,4.425306276012886,12.677008721408043,NEU2;GLA;NEU3
gs_ind_0,Glycolipid Metabolic Process (GO:0006664),1/16,0.6558766163212053,0.8389578739523719,1.4036697247706422,0.5920434556741193,ST6GALNAC4
gs_ind_0,Glycolytic Process (GO:0006096),2/24,0.46396195640651067,0.7448352156149185,1.6125217600096045,1.2383404726591272,HK1;PKM
gs_ind_0,Glycolytic Process Through Glucose-6-Phosphate (GO:0061620),2/22,0.41929659311135503,0.716248172264888,1.7701044919687448,1.5385336695252496,HK1;PKM
gs_ind_0,Glycoprotein Biosynthetic Process (GO:0009101),5/118,0.8847326711355169,0.9522964038932419,0.7007652543485787,0.08582254278910541,TNIP1;GALNT6;MGAT5;PGM3;PLOD2
gs_ind_0,Glycoprotein Catabolic Process (GO:0006516),2/15,0.25151988032095945,0.6336944594034671,2.6893370950637294,3.7119124671369925,FBXO6;NEU2
gs_ind_0,Glycoprotein Metabolic Process (GO:0009100),4/55,0.4772538834999863,0.7454724541752974,1.268102038992646,0.9380235481053433,TNIP1;FBXO6;NEU2;HPSE
gs_ind_0,Glycosaminoglycan Catabolic Process (GO:0006027),2/11,0.15530567804812975,0.5505114261205458,3.8228269214364925,7.11947989835536,HYAL3;CD44
gs_ind_0,Glycoside Catabolic Process (GO:0016139),1/5,0.2833939579712883,0.6336944594034671,4.838819931642382,6.101351626665179,GLA
gs_ind_0,Glycoside Metabolic Process (GO:0016137),2/9,0.11054513189129135,0.47715707147271474,4.842967765171979,10.665820017194985,AKR1B1;GLA
gs_ind_0,Glycosphingolipid Biosynthetic Process (GO:0006688),3/25,0.21601346770155735,0.6083192526435693,2.259972357430443,3.4632144615885743,B3GALNT1;ST6GALNAC4;A4GALT
gs_ind_0,Glycosphingolipid Catabolic Process (GO:0046479),3/14,0.05700236899903131,0.34064004929185576,4.425306276012886,12.677008721408043,NEU2;GLA;NEU3
gs_ind_0,Glycosphingolipid Metabolic Process (GO:0006687),5/32,0.0521034470974057,0.32629982687969195,2.9108943089430896,8.600307590089473,GLA;B3GALNT1;A4GALT;NEU2;NEU3
gs_ind_0,Glycosyl Compound Catabolic Process (GO:1901658),1/5,0.2833939579712883,0.6336944594034671,4.838819931642382,6.101351626665179,GLA
gs_ind_0,Glycosylceramide Catabolic Process (GO:0046477),1/4,0.2340004119113125,0.6083192526435693,6.221802482460874,9.036747532590647,GLA
gs_ind_0,Glycosylceramide Metabolic Process (GO:0006677),1/5,0.2833939579712883,0.6336944594034671,4.838819931642382,6.101351626665179,GLA
gs_ind_0,Golgi to Lysosome Transport (GO:0090160),1/13,0.5796404588195495,0.8010458757106599,1.7409390178089585,0.9494163340617632,LAPTM5
gs_ind_0,Golgi to Plasma Membrane Protein Transport (GO:0043001),1/29,0.8554888495154207,0.936753990596046,0.7626608344931406,0.1190377958612017,KRT18
gs_ind_0,Golgi to Plasma Membrane Transport (GO:0006893),2/54,0.8712788993975453,0.9488038985017575,0.6895371871060688,0.09501349927261198,EXOC4;KRT18
gs_ind_0,Gonad Development (GO:0008406),2/22,0.41929659311135503,0.716248172264888,1.7701044919687448,1.5385336695252496,BASP1;AR
gs_ind_0,Granulocyte Activation (GO:0036230),1/6,0.3296057006468095,0.6624839519426774,3.9587401265760684,4.393640133528681,CCL5
gs_ind_0,Granulocyte Chemotaxis (GO:0071621),10/28,5.323623821263282e-06,0.00045235592126962855,8.311230576625672,100.92623432546651,CCL2;CKLF;CCL5;CXCL10;S100A9;GPR35;LGALS3;CCL7;ITGB2;CXCL9
gs_ind_0,Granulocyte Migration (GO:0097530),1/5,0.2833939579712883,0.6336944594034671,4.838819931642382,6.101351626665179,ITGB2
gs_ind_0,Granzyme-mediated Apoptotic Signaling Pathway (GO:0008626),1/7,0.37284039631262333,0.6882851264020743,3.349454107684005,3.3045876434894486,TREX1
gs_ind_0,Growth Hormone Receptor Signaling Pathway (GO:0060396),3/18,0.10581550014597628,0.47715707147271474,3.2823147647376962,7.372270209193725,JAK3;A1BG;CSF2RA
gs_ind_0,Growth Hormone Receptor Signaling Pathway via JAK-STAT (GO:0060397),1/10,0.48653733475260663,0.7454724541752974,2.291220495924106,1.6506906488764395,JAK3
gs_ind_0,HRI-mediated Signaling (GO:0140468),1/9,0.45113270140804174,0.7303585487139446,2.5609663185295704,2.0385131696903356,DDIT3
gs_ind_0,Heart Contraction (GO:0060047),1/14,0.6067632607040262,0.815046945498543,1.6118606463992324,0.8053123024832447,ACE
gs_ind_0,Heart Development (GO:0007507),6/106,0.6865770892441403,0.8593772152407716,0.9372319088226799,0.35243365686047357,NOTCH1;CDKN1A;SH3PXD2B;PDLIM1;COL3A1;FBN1
gs_ind_0,Heart Looping (GO:0001947),4/24,0.06509616588391035,0.3649780494105417,3.19308833045017,8.723164888991953,BBS4;NOTCH1;DLL1;SMO
gs_ind_0,Heart Morphogenesis (GO:0003007),1/34,0.896514535944172,0.9576990768311665,0.6485892179684416,0.07085238685870321,NOTCH1
gs_ind_0,Heart Process (GO:0003015),1/8,0.4132896381284026,0.7125352949529677,2.902644360496492,2.5647957981136242,ACE
gs_ind_0,Heart Trabecula Morphogenesis (GO:0061384),2/16,0.2760553611698522,0.6336944594034671,2.503679278675087,3.22262042128606,NOTCH1;NRG1
gs_ind_0,Heat Acclimation (GO:0010286),1/5,0.2833939579712883,0.6336944594034671,4.838819931642382,6.101351626665179,HSPA1A
gs_ind_0,Hematopoietic Progenitor Cell Differentiation (GO:0002244),2/17,0.3005411925726754,0.6624839519426774,2.341977309562399,2.815455926179959,PLEK;ACE
gs_ind_0,Hematopoietic Stem Cell Differentiation (GO:0060218),1/6,0.3296057006468095,0.6624839519426774,3.9587401265760684,4.393640133528681,ACE
gs_ind_0,Heme Metabolic Process (GO:0042168),1/36,0.9094567846817803,0.9656281605296732,0.6119577692816369,0.05807956411954154,HPX
gs_ind_0,Heme Transport (GO:0015886),1/6,0.3296057006468095,0.6624839519426774,3.9587401265760684,4.393640133528681,HPX
gs_ind_0,Hemopoiesis (GO:0030097),5/69,0.4610211032179358,0.7448352156149185,1.2376588727127582,0.9583334486970849,LCK;DLL1;PLEK;PGM3;RRAS
gs_ind_0,Hemostasis (GO:0007599),1/6,0.3296057006468095,0.6624839519426774,3.9587401265760684,4.393640133528681,NFE2
gs_ind_0,Heparan Sulfate Proteoglycan Catabolic Process (GO:0030200),1/9,0.45113270140804174,0.7303585487139446,2.5609663185295704,2.0385131696903356,HPSE
gs_ind_0,Heparan Sulfate Proteoglycan Metabolic Process (GO:0030201),1/27,0.8348435527953628,0.9226401806069896,0.8203423311509128,0.14808076007375526,HPSE
gs_ind_0,Heterochromatin Formation (GO:0031507),2/98,0.9888784084603784,0.999999953222645,0.3739051569939789,0.004181717451732227,EZH1;ZNFX1
gs_ind_0,Heterochromatin Organization (GO:0070828),2/89,0.981298205131871,0.999999953222645,0.4126418152350081,0.007790217311283065,MTHFR;EZH1
gs_ind_0,Heterophilic Cell-Cell Adhesion (GO:0007157),1/25,0.8112524386727127,0.9159699136722276,0.8874412150181173,0.185631407941355,SELL
gs_ind_0,Heterotypic Cell-Cell Adhesion (GO:0034113),3/23,0.18220700555170452,0.5716072093995457,2.4808268147581423,4.223885120462901,ITGAX;ITGB2;ITGB7
gs_ind_0,Hexose Biosynthetic Process (GO:0019319),1/32,0.8817245999640496,0.9500902030047403,0.6898722791869041,0.08683802958080115,AKR1B1
gs_ind_0,Hexose Catabolic Process (GO:0019320),1/7,0.37284039631262333,0.6882851264020743,3.349454107684005,3.3045876434894486,LRP5
gs_ind_0,Hexose Metabolic Process (GO:0019318),2/39,0.7262111326204261,0.8726270337022817,0.9664325589771294,0.30917577937399343,HK1;FBN1
gs_ind_0,Hexose Transmembrane Transport (GO:0008645),2/12,0.1787862658078333,0.5716072093995457,3.4584909058166757,5.9540142413558605,SLC50A1;SLC45A3
gs_ind_0,Hippo Signaling (GO:0035329),1/19,0.7182988056240869,0.867676948792053,1.1757850673123205,0.38903157333720684,AMOT
gs_ind_0,Homeostasis of Number of Cells Within a Tissue (GO:0048873),1/5,0.2833939579712883,0.6336944594034671,4.838819931642382,6.101351626665179,NOTCH1
gs_ind_0,Homocysteine Metabolic Process (GO:0050667),1/11,0.5196605004230545,0.7685083681045072,2.072854830005397,1.356848411751394,MTHFR
gs_ind_0,Homologous Chromosome Segregation (GO:0045143),1/12,0.5506490672062563,0.7880800413240646,1.8924658016377671,1.1291540547630419,FMN2
gs_ind_0,Homophilic Cell-Cell Adhesion (GO:0007156),3/38,0.4472037049791933,0.7303585487139446,1.4309904859116842,1.1515768181385773,HMCN2;CLSTN3;CDH1
gs_ind_0,Homotypic Cell-Cell Adhesion (GO:0034109),7/36,0.007275471704291211,0.11250714442645848,3.7077767241458677,18.254299258045645,CSRP1;PLEK;RAP2B;HSPB1;UBASH3B;STXBP1;FLNA
gs_ind_0,Hormone Biosynthetic Process (GO:0042446),1/14,0.6067632607040262,0.815046945498543,1.6118606463992324,0.8053123024832447,AKR1B1
gs_ind_0,Hormone Catabolic Process (GO:0042447),1/8,0.4132896381284026,0.7125352949529677,2.902644360496492,2.5647957981136242,ACE
gs_ind_0,Hormone Transport (GO:0009914),1/7,0.37284039631262333,0.6882851264020743,3.349454107684005,3.3045876434894486,SLC7A5
gs_ind_0,Host-mediated Modulation of Intestinal Microbiota Composition (GO:0048874),1/3,0.18120623955754206,0.5716072093995457,8.71117107393416,14.879720755179145,NOD2
gs_ind_0,Host-mediated Perturbation of Viral Genome Replication (GO:0044827),1/10,0.48653733475260663,0.7454724541752974,2.291220495924106,1.6506906488764395,IFI27
gs_ind_0,Host-mediated Perturbation of Viral Process (GO:0044788),2/33,0.637194249624878,0.8322422917805828,1.1510294735578366,0.5187467981343921,IFI27;ZC3H12A
gs_ind_0,Host-mediated Perturbation of Viral Transcription (GO:0043921),1/22,0.7694079063049644,0.8941848821222994,1.0114961282144606,0.2651475390012929,CCL5
gs_ind_0,Host-mediated Suppression of Symbiont Invasion (GO:0046597),2/11,0.15530567804812975,0.5505114261205458,3.8228269214364925,7.11947989835536,LY6E;IFITM3
gs_ind_0,Host-mediated Suppression of Viral Genome Replication (GO:0044828),1/8,0.4132896381284026,0.7125352949529677,2.902644360496492,2.5647957981136242,ZC3H12A
gs_ind_0,Host-mediated Suppression of Viral Proces (GO:0044793),1/9,0.45113270140804174,0.7303585487139446,2.5609663185295704,2.0385131696903356,CCL5
gs_ind_0,Host-mediated Suppression of Viral Transcription (GO:0043922),1/8,0.4132896381284026,0.7125352949529677,2.902644360496492,2.5647957981136242,CCL5
gs_ind_0,Humoral Immune Response Mediated by Circulating Immunoglobulin (GO:0002455),1/7,0.37284039631262333,0.6882851264020743,3.349454107684005,3.3045876434894486,C2
gs_ind_0,Hyaluronan Catabolic Process (GO:0030214),2/8,0.08969570360216707,0.43164243125055807,5.588455304824834,13.475623389845104,HYAL3;CD44
gs_ind_0,Hyaluronan Metabolic Process (GO:0030212),2/11,0.15530567804812975,0.5505114261205458,3.8228269214364925,7.11947989835536,HYAL3;CD44
gs_ind_0,Hydrogen Peroxide Biosynthetic Process (GO:0050665),1/4,0.2340004119113125,0.6083192526435693,6.221802482460874,9.036747532590647,CYBA
gs_ind_0,Hydrogen Peroxide Metabolic Process (GO:0042743),1/16,0.6558766163212053,0.8389578739523719,1.4036697247706422,0.5920434556741193,CYBA
gs_ind_0,Hyperosmotic Response (GO:0006972),2/10,0.13249100130695554,0.509738988210719,4.2728890583786185,8.636536632696506,STK39;TLR3
gs_ind_0,Hypotonic Response (GO:0006971),1/6,0.3296057006468095,0.6624839519426774,3.9587401265760684,4.393640133528681,STK39
gs_ind_0,IMP Catabolic Process (GO:0006204),1/4,0.2340004119113125,0.6083192526435693,6.221802482460874,9.036747532590647,XDH
gs_ind_0,IMP Metabolic Process (GO:0046040),1/9,0.45113270140804174,0.7303585487139446,2.5609663185295704,2.0385131696903356,XDH
gs_ind_0,ISG15-protein Conjugation (GO:0032020),3/5,0.0024199647334627577,0.050682923361396064,20.370037858301785,122.70915515126904,UBE2L6;ISG15;UBA7
gs_ind_0,Icosanoid Biosynthetic Process (GO:0046456),2/14,0.22704403432135226,0.6083192526435693,2.9047001620745543,4.306541273291301,CASP1;PYCARD
gs_ind_0,Icosanoid Metabolic Process (GO:0006690),2/25,0.4855226945547672,0.7454724541752974,1.5437888662827455,1.1154326080660328,CASP1;PYCARD
gs_ind_0,Icosanoid Secretion (GO:0032309),1/3,0.18120623955754206,0.5716072093995457,8.71117107393416,14.879720755179145,ACE
gs_ind_0,Icosanoid Transport (GO:0071715),1/10,0.48653733475260663,0.7454724541752974,2.291220495924106,1.6506906488764395,SLCO3A1
gs_ind_0,Immature B Cell Differentiation (GO:0002327),1/6,0.3296057006468095,0.6624839519426774,3.9587401265760684,4.393640133528681,CFB
gs_ind_0,Immune Response-Activating Cell Surface Receptor Signaling Pathway (GO:0002429),2/14,0.22704403432135226,0.6083192526435693,2.9047001620745543,4.306541273291301,FPR2;ITGAM
gs_ind_0,Immune Response-Inhibiting Cell Surface Receptor Signaling Pathway (GO:0002767),2/5,0.03642622767140897,0.27162107597191837,10.380875202593193,34.38629847772066,NCR1;LILRA6
gs_ind_0,Immune Response-Inhibiting Signal Transduction (GO:0002765),2/5,0.03642622767140897,0.27162107597191837,10.380875202593193,34.38629847772066,NCR1;LILRA6
gs_ind_0,Immune Response-Regulating Cell Surface Receptor Signaling Pathway (GO:0002768),5/15,0.0019185714823959845,0.04226541917515302,7.633423667570009,47.75602965285625,NCR1;CD40;LILRA6;TNFRSF14;FPR2
gs_ind_0,Immunoglobulin Mediated Immune Response (GO:0016064),2/8,0.08969570360216707,0.43164243125055807,5.588455304824834,13.475623389845104,IL2RG;IL2RB
gs_ind_0,Immunoglobulin V(D)J Recombination (GO:0033152),1/6,0.3296057006468095,0.6624839519426774,3.9587401265760684,4.393640133528681,CYREN
gs_ind_0,Immunological Synapse Formation (GO:0001771),2/4,0.02282372249623049,0.21896048614125635,14.534305780659103,54.93901924276344,PRF1;CORO1A
gs_ind_0,Inclusion Body Assembly (GO:0070841),1/7,0.37284039631262333,0.6882851264020743,3.349454107684005,3.3045876434894486,UBD
gs_ind_0,Indole-containing Compound Catabolic Process (GO:0042436),1/9,0.45113270140804174,0.7303585487139446,2.5609663185295704,2.0385131696903356,ACMSD
gs_ind_0,Inflammatory Response (GO:0006954),41/162,1.583199666988504e-14,2.3542179048119056e-11,5.1369421059839055,163.23529114684467,CYBB;CCRL2;TLR1;CCL5;TLR3;CYBA;S1PR3;CASP1;CXCL9;FPR2;AFAP1L2;CCL2;TRIM21;TRIM14;CXCL10;LGALS9;GZMB;THBS1;CCL7;CASP4;ADM;CD44;PTAFR;IFI27;ELF3;TRAF3IP2;CD40;IL1RN;HYAL3;RELB;TLR2;S100A9;PYCARD;CXCL11;HPSE;GSDMD;BLNK;GZMA;ITGB2;CCR2;ZBP1
gs_ind_0,Inflammatory Response to Wounding (GO:0090594),2/4,0.02282372249623049,0.21896048614125635,14.534305780659103,54.93901924276344,CCR2;TLR3
gs_ind_0,Inhibitory Postsynaptic Potential (GO:0060080),1/1,0.06446453407510432,0.3649780494105417,43.56233135456017,119.43223299736152,CHRNA4
gs_ind_0,Inhibitory Synapse Assembly (GO:1904862),1/7,0.37284039631262333,0.6882851264020743,3.349454107684005,3.3045876434894486,CLSTN3
gs_ind_0,Innate Immune Response Activating Cell Surface Receptor Signaling Pathway (GO:0002220),3/22,0.16588095266011832,0.5716072093995457,2.6082428478318147,4.685668893103795,KLRD1;PLCG2;MBL2
gs_ind_0,Innate Immune Response-Activating Signaling Pathway (GO:0002758),6/11,2.4638482325555418e-05,0.001356941600670404,17.24761998717506,183.017962716425,HCK;LACC1;STING1;CASP1;PYCARD;NOD2
gs_ind_0,Inner Dynein Arm Assembly (GO:0036159),1/3,0.18120623955754206,0.5716072093995457,8.71117107393416,14.879720755179145,DNAH1
gs_ind_0,Inner Ear Morphogenesis (GO:0042472),1/11,0.5196605004230545,0.7685083681045072,2.072854830005397,1.356848411751394,TMIE
gs_ind_0,Inner Ear Receptor Cell Stereocilium Organization (GO:0060122),1/8,0.4132896381284026,0.7125352949529677,2.902644360496492,2.5647957981136242,PLS1
gs_ind_0,Inorganic Anion Transport (GO:0015698),2/31,0.6028543237314423,0.815046945498543,1.2292485051598312,0.622097711389388,FXYD3;CLIC5
gs_ind_0,Inorganic Cation Import Across Plasma Membrane (GO:0098659),2/39,0.7262111326204261,0.8726270337022817,0.9664325589771294,0.30917577937399343,FXYD3;FXYD5
gs_ind_0,Inosine Metabolic Process (GO:0046102),1/4,0.2340004119113125,0.6083192526435693,6.221802482460874,9.036747532590647,XDH
gs_ind_0,Inositol Phosphate Metabolic Process (GO:0043647),1/19,0.7182988056240869,0.867676948792053,1.1757850673123205,0.38903157333720684,PLEK
gs_ind_0,Insulin Receptor Signaling Pathway (GO:0008286),1/49,0.9620248490056544,0.9927027099054085,0.4474938939919106,0.017324725247972964,PDK4
gs_ind_0,Integrated Stress Response Signaling (GO:0140467),3/33,0.3588319174216142,0.6882851264020743,1.666199718057612,1.70769008502724,BATF2;DDIT3;NFE2
gs_ind_0,Integrin-mediated Signaling Pathway (GO:0007229),10/66,0.009258950469769961,0.13238518604373012,2.7136794386438714,12.70589374080277,HCK;ISG15;ITGAM;ITGB7;PLEK;ITGAX;ITGB2;ADAM15;FYB2;COL3A1
gs_ind_0,Interferon-mediated Signaling Pathway (GO:0140888),8/31,0.0006021137631066748,0.015846781694506644,5.2831325998172,39.17476716833077,HCK;STAT1;OAS2;SP100;OAS3;IFI27;TRAF3;IFITM3
gs_ind_0,Interleukin-13-mediated Signaling Pathway (GO:0035772),1/2,0.12477758622840975,0.49743772311433054,14.519697787371829,30.218720809256304,CD300LF
gs_ind_0,Interleukin-15-mediated Signaling Pathway (GO:0035723),3/10,0.022761654228634364,0.21896048614125635,6.787488732648279,25.674884242921568,IL2RG;IL2RB;JAK3
gs_ind_0,Interleukin-17-mediated Signaling Pathway (GO:0097400),1/4,0.2340004119113125,0.6083192526435693,6.221802482460874,9.036747532590647,TRAF3IP2
gs_ind_0,Interleukin-17A-mediated Signaling Pathway (GO:0038173),1/5,0.2833939579712883,0.6336944594034671,4.838819931642382,6.101351626665179,TRAF3IP2
gs_ind_0,Interleukin-2-mediated Signaling Pathway (GO:0038110),3/7,0.007679539448073663,0.11250714442645848,11.315005107866114,55.0949742316291,IL2RG;IL2RB;JAK3
gs_ind_0,Interleukin-27-mediated Signaling Pathway (GO:0070106),4/6,0.0002317356400644796,0.0074722800763809836,26.21840822956145,219.4458042300153,OAS3;MX1;STAT1;OAS2
gs_ind_0,Interleukin-3-mediated Signaling Pathway (GO:0038156),1/6,0.3296057006468095,0.6624839519426774,3.9587401265760684,4.393640133528681,IL3RA
gs_ind_0,Interleukin-4-mediated Signaling Pathway (GO:0035771),2/6,0.05233524459368294,0.32629982687969195,8.073413770334353,23.817258816991405,IL2RG;JAK3
gs_ind_0,Interleukin-7-mediated Signaling Pathway (GO:0038111),4/6,0.0002317356400644796,0.0074722800763809836,26.21840822956145,219.4458042300153,IL2RG;STAT1;IL7;JAK3
gs_ind_0,Interleukin-9-mediated Signaling Pathway (GO:0038113),3/6,0.0046081938268610345,0.0795902558079326,14.548945375878853,78.27215192561924,IL2RG;STAT1;JAK3
gs_ind_0,Intermediate Filament Bundle Assembly (GO:0045110),1/3,0.18120623955754206,0.5716072093995457,8.71117107393416,14.879720755179145,EPPK1
gs_ind_0,Intermediate Filament Organization (GO:0045109),4/15,0.013207703699533353,0.15838593065488785,5.695840493397048,24.645645536424187,VIM;KRT8;EPPK1;KRT18
gs_ind_0,Interstrand Cross-Link Repair (GO:0036297),2/34,0.65347020985538,0.8389578739523719,1.1155300669077006,0.47461156210687,FAAP20;FANCA
gs_ind_0,Intestinal Epithelial Structure Maintenance (GO:0060729),1/5,0.2833939579712883,0.6336944594034671,4.838819931642382,6.101351626665179,HSPB1
gs_ind_0,Intestinal Stem Cell Homeostasis (GO:0036335),1/4,0.2340004119113125,0.6083192526435693,6.221802482460874,9.036747532590647,NOD2
gs_ind_0,Intracellular Amino Acid Homeostasis (GO:0080144),2/10,0.13249100130695554,0.509738988210719,4.2728890583786185,8.636536632696506,SLC1A4;SLC1A5
gs_ind_0,Intracellular Calcium Ion Homeostasis (GO:0006874),6/71,0.3075221206747506,0.6624839519426774,1.4418120140991497,1.7001966323115545,CCL5;CD40;PML;CCL7;BAX;CCR2
gs_ind_0,Intracellular Copper Ion Homeostasis (GO:0006878),1/12,0.5506490672062563,0.7880800413240646,1.8924658016377671,1.1291540547630419,SLC30A10
gs_ind_0,Intracellular Glucose Homeostasis (GO:0001678),2/44,0.7855959684329861,0.9052159667259592,0.8524168176184574,0.205698964391998,HK1;NGFR
gs_ind_0,Intracellular Glutamate Homeostasis (GO:0090461),2/7,0.07019752665192665,0.3649780494105417,6.6050292225332745,17.545878368545242,SLC1A4;SLC1A5
gs_ind_0,Intracellular Iron Ion Homeostasis (GO:0006879),4/62,0.5728241074249412,0.8010458757106599,1.115780267377452,0.6216866303253399,HJV;CYB561;HPX;B2M
gs_ind_0,Intracellular Manganese Ion Homeostasis (GO:0030026),1/5,0.2833939579712883,0.6336944594034671,4.838819931642382,6.101351626665179,SLC30A10
gs_ind_0,Intracellular Monoatomic Cation Homeostasis (GO:0030003),11/141,0.3003451356497527,0.6624839519426774,1.281070957519967,1.5409016295329416,SLC30A10;CCL5;B2M;CD40;FXYD5;HJV;CCL7;CYB561;FXYD3;CCR2;HPX
gs_ind_0,Intracellular Potassium Ion Homeostasis (GO:0030007),2/9,0.11054513189129135,0.47715707147271474,4.842967765171979,10.665820017194985,FXYD3;FXYD5
gs_ind_0,Intracellular Protein Transport (GO:0006886),6/260,0.9994462130643965,0.999999953222645,0.36583707054889364,0.0002026519083996422,CCHCR1;NGFR;RAB8B;LAPTM5;STXBP1;ADAR
gs_ind_0,Intracellular Receptor Signaling Pathway (GO:0030522),7/35,0.006197965397457093,0.09963648157858052,3.838160038880471,19.511417832273057,IRF7;DHX58;ALPK1;IFIH1;AR;STING1;RIGI
gs_ind_0,Intracellular Signaling Cassette (GO:0141124),15/269,0.7563423954112555,0.8894275539553476,0.8809850095540545,0.24602484404047784,BATF2;CARD11;CCRL2;TLR7;TLR9;RCAN1;DUSP5;DDIT3;NFE2;CHRM3;PLCG2;RELB;CCR2;NOD2;FPR2
gs_ind_0,Intracellular Sodium Ion Homeostasis (GO:0006883),2/12,0.1787862658078333,0.5716072093995457,3.4584909058166757,5.9540142413558605,FXYD3;FXYD5
gs_ind_0,Intracellular Zinc Ion Homeostasis (GO:0006882),1/17,0.6780850803054885,0.8523351770196631,1.318500711377128,0.5122144680846036,SLC30A10
gs_ind_0,Intracellular pH Reduction (GO:0051452),2/28,0.5468409946482946,0.7880800413240646,1.3687145143369723,0.8261522553215535,ATP6V0E2;TCIRG1
gs_ind_0,Intraciliary Anterograde Transport (GO:0035720),1/22,0.7694079063049644,0.8941848821222994,1.0114961282144606,0.2651475390012929,TULP3
gs_ind_0,Intraciliary Transport (GO:0042073),1/42,0.9393633240598815,0.9809222351664634,0.5232478754738328,0.03273069716096504,TULP3
gs_ind_0,Intrinsic Apoptotic Signaling Pathway (GO:0097193),10/97,0.094599847783123,0.44235840771542106,1.7482070844686648,4.12244609791094,IFI27;CDKN1A;PMAIP1;DDIT3;TNFRSF10B;PML;CASP4;LAPTM5;BAX;PYCARD
gs_ind_0,Intrinsic Apoptotic Signaling Pathway by P53 Class Mediator (GO:0072332),6/31,0.012960015678224763,0.15838593065488785,3.7145425723192154,16.14297996672875,DDIT4;PHLDA3;PMAIP1;PML;AEN;PYCARD
gs_ind_0,Intrinsic Apoptotic Signaling Pathway in Response to DNA Damage (GO:0008630),6/53,0.12434928160039374,0.49743772311433054,1.990855870005997,4.150259361840917,DDIT4;PHLDA3;PML;AEN;BAX;PYCARD
gs_ind_0,Intrinsic Apoptotic Signaling Pathway in Response to DNA Damage by P53 Class Mediator (GO:0042771),5/19,0.005989206873448964,0.09786758923976493,5.526006915241566,28.280977656517507,DDIT4;PHLDA3;PML;AEN;PYCARD
gs_ind_0,Intrinsic Apoptotic Signaling Pathway in Response to Endoplasmic Reticulum Stress (GO:0070059),4/25,0.07371061605730059,0.37926534974811754,3.044345953840924,7.9384622216702905,BAX;DDIT3;TNFRSF10B;CASP4
gs_ind_0,Intrinsic Apoptotic Signaling Pathway in Response to Oxidative Stress (GO:0008631),1/13,0.5796404588195495,0.8010458757106599,1.7409390178089585,0.9494163340617632,DAXX
gs_ind_0,Iron Coordination Entity Transport (GO:1901678),2/6,0.05233524459368294,0.32629982687969195,8.073413770334353,23.817258816991405,LCN2;HPX
gs_ind_0,Iron Ion Transport (GO:0006826),1/19,0.7182988056240869,0.867676948792053,1.1757850673123205,0.38903157333720684,B2M
gs_ind_0,JNK Cascade (GO:0007254),2/27,0.5269787492588416,0.7754749135555641,1.4224955244118176,0.9112435990404166,DAXX;MAP3K13
gs_ind_0,Keratan Sulfate Proteoglycan Biosynthetic Process (GO:0018146),1/9,0.45113270140804174,0.7303585487139446,2.5609663185295704,2.0385131696903356,B3GNT3
gs_ind_0,Keratan Sulfate Proteoglycan Metabolic Process (GO:0042339),1/10,0.48653733475260663,0.7454724541752974,2.291220495924106,1.6506906488764395,B3GNT3
gs_ind_0,Kidney Development (GO:0001822),1/40,0.9306919097420342,0.9777031930670469,0.549823413281234,0.03949215557732492,ACE
gs_ind_0,Kidney Mesenchyme Development (GO:0072074),1/2,0.12477758622840975,0.49743772311433054,14.519697787371829,30.218720809256304,BASP1
gs_ind_0,Kinetochore Assembly (GO:0051382),1/8,0.4132896381284026,0.7125352949529677,2.902644360496492,2.5647957981136242,CENPT
gs_ind_0,Kinetochore Organization (GO:0051383),1/5,0.2833939579712883,0.6336944594034671,4.838819931642382,6.101351626665179,CENPT
gs_ind_0,L-alanine Transmembrane Transport (GO:1904557),1/4,0.2340004119113125,0.6083192526435693,6.221802482460874,9.036747532590647,SLC1A4
gs_ind_0,L-alanine Transport (GO:0015808),1/5,0.2833939579712883,0.6336944594034671,4.838819931642382,6.101351626665179,SLC1A4
gs_ind_0,L-alpha-amino Acid Transmembrane Transport (GO:1902475),3/27,0.2509825841581097,0.6336944594034671,2.0751757706868577,2.868664316198132,SLC1A4;SLC7A5;SLC1A5
gs_ind_0,L-amino Acid Catabolic Process (GO:0170035),1/74,0.9928744547686172,0.999999953222645,0.29473440752447766,0.0021076614201277657,ACMSD
gs_ind_0,L-amino Acid Transport (GO:0015807),4/25,0.07371061605730059,0.37926534974811754,3.044345953840924,7.9384622216702905,SLC1A4;SLC7A5;SLC1A5;SLCO3A1
gs_ind_0,L-ascorbic Acid Metabolic Process (GO:0019852),1/6,0.3296057006468095,0.6624839519426774,3.9587401265760684,4.393640133528681,CLSTN3
gs_ind_0,L-aspartate Import Across Plasma Membrane (GO:0140009),2/3,0.011920279570145109,0.14833017339586424,24.225643796146226,107.30783232096144,SLC1A4;SLC1A5
gs_ind_0,L-aspartate Transmembrane Transport (GO:0070778),2/3,0.011920279570145109,0.14833017339586424,24.225643796146226,107.30783232096144,SLC1A4;SLC1A5
gs_ind_0,L-cystine Transport (GO:0015811),1/3,0.18120623955754206,0.5716072093995457,8.71117107393416,14.879720755179145,SLC1A4
gs_ind_0,L-glutamate Import (GO:0051938),1/9,0.45113270140804174,0.7303585487139446,2.5609663185295704,2.0385131696903356,SLC1A4
gs_ind_0,L-glutamate Import Across Plasma Membrane (GO:0098712),1/2,0.12477758622840975,0.49743772311433054,14.519697787371829,30.218720809256304,SLC1A4
gs_ind_0,L-glutamate Transmembrane Transport (GO:0015813),1/9,0.45113270140804174,0.7303585487139446,2.5609663185295704,2.0385131696903356,SLC1A4
gs_ind_0,L-glutamine Import Across Plasma Membrane (GO:1903803),1/4,0.2340004119113125,0.6083192526435693,6.221802482460874,9.036747532590647,SLC1A5
gs_ind_0,L-glutamine Transport (GO:0006868),1/7,0.37284039631262333,0.6882851264020743,3.349454107684005,3.3045876434894486,SLC1A5
gs_ind_0,L-leucine Transport (GO:0015820),1/7,0.37284039631262333,0.6882851264020743,3.349454107684005,3.3045876434894486,SLC7A5
gs_ind_0,L-methionine Biosynthetic Process (GO:0071265),2/7,0.07019752665192665,0.3649780494105417,6.6050292225332745,17.545878368545242,MTHFR;BHMT
gs_ind_0,L-methionine Metabolic Process (GO:0006555),1/8,0.4132896381284026,0.7125352949529677,2.902644360496492,2.5647957981136242,MTHFR
gs_ind_0,L-tryptophan Catabolic Process (GO:0006569),1/7,0.37284039631262333,0.6882851264020743,3.349454107684005,3.3045876434894486,ACMSD
gs_ind_0,L-tryptophan Metabolic Process (GO:0006568),1/11,0.5196605004230545,0.7685083681045072,2.072854830005397,1.356848411751394,ACMSD
gs_ind_0,Late Endosome to Golgi Transport (GO:0034499),1/5,0.2833939579712883,0.6336944594034671,4.838819931642382,6.101351626665179,RAB7B
gs_ind_0,Lateral Mesoderm Development (GO:0048368),1/5,0.2833939579712883,0.6336944594034671,4.838819931642382,6.101351626665179,SMO
gs_ind_0,Learning (GO:0007612),1/25,0.8112524386727127,0.9159699136722276,0.8874412150181173,0.185631407941355,TLR2
gs_ind_0,Left/right Pattern Formation (GO:0060972),4/22,0.04955448379138043,0.32629982687969195,3.5388138544608494,10.633012172711737,PIERCE1;DNAI1;DLL1;NOTCH1
gs_ind_0,Lens Fiber Cell Differentiation (GO:0070306),2/5,0.03642622767140897,0.27162107597191837,10.380875202593193,34.38629847772066,PLAAT3;TDRD7
gs_ind_0,Leptin-mediated Signaling Pathway (GO:0033210),1/7,0.37284039631262333,0.6882851264020743,3.349454107684005,3.3045876434894486,BBS4
gs_ind_0,Leukocyte Adhesion to Vascular Endothelial Cell (GO:0061756),7/18,7.668600040278611e-05,0.003620066114252157,9.524006329263397,90.24749717632287,ITGAM;ITGB7;GPR35;SPN;SELL;ITGB2;SELPLG
gs_ind_0,Leukocyte Aggregation (GO:0070486),3/6,0.0046081938268610345,0.0795902558079326,14.548945375878853,78.27215192561924,S100A9;CD44;SEMA4D
gs_ind_0,Leukocyte Cell-Cell Adhesion (GO:0007159),8/27,0.00021332759093105767,0.007377165760801925,6.368748344278524,53.83300186925417,TNIP1;CCL5;GPR35;SELL;ITGAX;ITGB2;SEMA4D;ITGAM
gs_ind_0,Leukocyte Differentiation (GO:0002521),1/4,0.2340004119113125,0.6083192526435693,6.221802482460874,9.036747532590647,RRAS
gs_ind_0,Leukocyte Tethering or Rolling (GO:0050901),4/12,0.005591606137850961,0.09187534062966166,7.707856938119049,39.97671298535652,SELL;SPN;SELPLG;ITGB7
gs_ind_0,Leukotriene Biosynthetic Process (GO:0019370),1/7,0.37284039631262333,0.6882851264020743,3.349454107684005,3.3045876434894486,GGT6
gs_ind_0,Leukotriene D4 Biosynthetic Process (GO:1901750),1/3,0.18120623955754206,0.5716072093995457,8.71117107393416,14.879720755179145,GGT6
gs_ind_0,Lipid Biosynthetic Process (GO:0008610),2/101,0.9906620982746582,0.999999953222645,0.3625501901729067,0.0034013636778573953,PRKD2;SPNS2
gs_ind_0,Lipid Catabolic Process (GO:0016042),4/47,0.35958267114117526,0.6882851264020743,1.5022123480760974,1.536479564529691,ALDH3B1;PLA1A;PLAAT3;LPIN3
gs_ind_0,Lipid Droplet Disassembly (GO:1905691),1/7,0.37284039631262333,0.6882851264020743,3.349454107684005,3.3045876434894486,CHKA
gs_ind_0,Lipid Droplet Formation (GO:0140042),1/13,0.5796404588195495,0.8010458757106599,1.7409390178089585,0.9494163340617632,RNF213
gs_ind_0,Lipid Droplet Organization (GO:0034389),3/32,0.340812100969237,0.6811661211576013,1.7228093976588352,1.8544733436450738,CHKA;PNPLA3;RNF213
gs_ind_0,Lipid Metabolic Process (GO:0006629),7/164,0.9106802769876108,0.9665821355321751,0.6878508057215281,0.06435766119287605,ANGPTL8;PLA1A;PLAAT3;TMEM43;CHKA;ALDH3B1;ENPP6
gs_ind_0,Lipid Translocation (GO:0034204),2/20,0.3728073261628401,0.6882851264020743,1.9617591659731044,1.9356551052029078,ATP10A;ATP11A
gs_ind_0,Lipid Transport (GO:0006869),3/95,0.9493252065558692,0.9868203999640527,0.5468580532939646,0.028438727272737302,CHKA;PRELID2;SPNS2
gs_ind_0,Lipopolysaccharide-mediated Signaling Pathway (GO:0031663),2/15,0.25151988032095945,0.6336944594034671,2.6893370950637294,3.7119124671369925,HCK;PLCG2
gs_ind_0,Long-chain Fatty Acid Metabolic Process (GO:0001676),1/54,0.972818829019621,0.9986755945821032,0.4055207266821673,0.011175101929759021,PNPLA3
gs_ind_0,Long-term Synaptic Potentiation (GO:0060291),1/13,0.5796404588195495,0.8010458757106599,1.7409390178089585,0.9494163340617632,GRIA3
gs_ind_0,Lymphocyte Apoptotic Process (GO:0070227),1/6,0.3296057006468095,0.6624839519426774,3.9587401265760684,4.393640133528681,BAX
gs_ind_0,Lymphocyte Chemotaxis (GO:0048247),3/14,0.05700236899903131,0.34064004929185576,4.425306276012886,12.677008721408043,CXCL10;CKLF;CXCL11
gs_ind_0,Lymphocyte Differentiation (GO:0030098),6/57,0.15949890613580636,0.5640306145634817,1.8356784263732095,3.369788323925218,LCK;IL2RG;JAK3;BLNK;PLCG2;RELB
gs_ind_0,Lymphocyte Mediated Immunity (GO:0002449),2/9,0.11054513189129135,0.47715707147271474,4.842967765171979,10.665820017194985,MYO1G;KLRD1
gs_ind_0,Lymphocyte Migration (GO:0072676),2/8,0.08969570360216707,0.43164243125055807,5.588455304824834,13.475623389845104,CKLF;MYO1G
gs_ind_0,Lymphocyte Proliferation (GO:0046651),3/19,0.1199247066410002,0.49743772311433054,3.0831571529245947,6.539040805360025,TNFRSF14;CD180;CD40
gs_ind_0,Lysosomal Lumen Acidification (GO:0007042),1/22,0.7694079063049644,0.8941848821222994,1.0114961282144606,0.2651475390012929,TCIRG1
gs_ind_0,Lysosomal Transport (GO:0007041),2/47,0.8155249132308918,0.9169644960108402,0.7960354070564768,0.1623301732917585,LAPTM5;HSPA1A
gs_ind_0,Lysosome Localization (GO:0032418),1/37,0.9153082599048693,0.9685452432100544,0.5951474469390622,0.05266720097623858,SYTL4
gs_ind_0,Lysosome Organization (GO:0007040),2/48,0.8246386660346838,0.9185301096581084,0.7788582748064109,0.15017163993996543,HPS1;CORO1A
gs_ind_0,Lytic Vacuole Organization (GO:0080171),1/43,0.9432836894244017,0.9826009430291316,0.5108980667280404,0.02983042077303943,HPS1
gs_ind_0,MAPK Cascade (GO:0000165),4/97,0.8791907211087325,0.9500902030047403,0.6962844792393504,0.08964901477498086,LGALS9;DAXX;DUSP5;MAP3K13
gs_ind_0,MHC Class I Protein Complex Assembly (GO:0002397),2/5,0.03642622767140897,0.27162107597191837,10.380875202593193,34.38629847772066,TAPBP;B2M
gs_ind_0,MHC Class II Protein Complex Assembly (GO:0002399),1/1,0.06446453407510432,0.3649780494105417,43.56233135456017,119.43223299736152,B2M
gs_ind_0,MRNA 3'-End Processing (GO:0031124),1/36,0.9094567846817803,0.9656281605296732,0.6119577692816369,0.05807956411954154,LEO1
gs_ind_0,MRNA Catabolic Process (GO:0006402),2/55,0.8778422091022808,0.9500902030047403,0.6765981510373277,0.08815290257311358,PNPT1;HSPA1A
gs_ind_0,MRNA Destabilization (GO:0061157),6/59,0.17852118541764658,0.5716072093995457,1.7667912434521122,3.0442661166665745,ZC3H12A;NT5C3B;DCP1B;PLEKHN1;ZC3H12D;MOV10
gs_ind_0,MRNA Metabolic Process (GO:0016071),3/118,0.9841790383978508,0.999999953222645,0.4372060245505351,0.006972320730653545,PNPT1;HSPA1A;ADAR
gs_ind_0,MRNA Methylguanosine-Cap Decapping (GO:0110156),1/19,0.7182988056240869,0.867676948792053,1.1757850673123205,0.38903157333720684,DCP1B
gs_ind_0,MRNA Modification (GO:0016556),1/23,0.7842956950537663,0.9044185331872435,0.9664687893506027,0.23482211733826094,ADAR
gs_ind_0,MRNA Processing (GO:0006397),1/251,0.999999953222645,0.999999953222645,0.08533499649379062,3.991745517377733e-09,LEO1
gs_ind_0,MRNA Stabilization (GO:0048255),1/46,0.9535898291605519,0.9887575697868493,0.47710573290713604,0.022672850916136286,TENT5A
gs_ind_0,Macroautophagy (GO:0016236),3/160,0.9983713974481073,0.999999953222645,0.3196081966227991,0.0005209390411880547,TCIRG1;STING1;RNF213
gs_ind_0,Macromolecule Biosynthetic Process (GO:0009059),2/201,0.9999791705287212,0.999999953222645,0.17946676523832542,3.738236764912544e-06,TNIP1;FBN1
gs_ind_0,Macromolecule Catabolic Process (GO:0009057),5/62,0.3704147500883038,0.6882851264020743,1.3890562036055143,1.3795161030226328,GZMB;NEDD4L;GZMA;MDM2;CLPX
gs_ind_0,Macromolecule Methylation (GO:0043414),1/25,0.8112524386727127,0.9159699136722276,0.8874412150181173,0.185631407941355,CAMKMT
gs_ind_0,Macromolecule Modification (GO:0043412),2/58,0.89572172962439,0.9576990768311665,0.6405291566864121,0.07053858330625558,UBE2L6;CHRM3
gs_ind_0,Macrophage Activation (GO:0042116),9/25,1.4748128519144601e-05,0.001020021725952001,8.423236172283532,93.70340099558099,TMEM106A;TLR1;CD93;IFI35;NMI;ITGB2;PLCG2;FPR2;ITGAM
gs_ind_0,Macrophage Activation Involved in Immune Response (GO:0002281),3/13,0.04697270459387391,0.32337227653282646,4.847124571840634,14.823421104972665,IFI35;NMI;PLCG2
gs_ind_0,Macrophage Chemotaxis (GO:0048246),4/8,0.0009737788595205844,0.024133486068451816,14.563616675690309,100.98887048271082,LGALS3;CCL2;CKLF;CCL5
gs_ind_0,Macrophage Migration (GO:1905517),5/9,0.00011152965498077851,0.004738417055897647,17.81927130382415,162.17710906135255,CCL2;CKLF;CCL5;LGALS3;CCR2
gs_ind_0,Macropinocytosis (GO:0044351),1/7,0.37284039631262333,0.6882851264020743,3.349454107684005,3.3045876434894486,PYCARD
gs_ind_0,Maintenance of Blood-Brain Barrier (GO:0035633),2/25,0.4855226945547672,0.7454724541752974,1.5437888662827455,1.1154326080660328,CLDN1;TJP3
gs_ind_0,Maintenance of Gastrointestinal Epithelium (GO:0030277),3/10,0.022761654228634364,0.21896048614125635,6.787488732648279,25.674884242921568,NOD2;HSPB1;TLR9
gs_ind_0,Maintenance of Lens Transparency (GO:0036438),1/6,0.3296057006468095,0.6624839519426774,3.9587401265760684,4.393640133528681,STK39
gs_ind_0,Maintenance of Protein Localization in Endoplasmic Reticulum (GO:0035437),1/9,0.45113270140804174,0.7303585487139446,2.5609663185295704,2.0385131696903356,INSIG2
gs_ind_0,Maintenance of Protein Localization in Organelle (GO:0072595),3/19,0.1199247066410002,0.49743772311433054,3.0831571529245947,6.539040805360025,BBS4;PML;HK1
gs_ind_0,Maintenance of Protein Location in Nucleus (GO:0051457),3/18,0.10581550014597628,0.47715707147271474,3.2823147647376962,7.372270209193725,BBS4;SP100;PML
gs_ind_0,Male Gonad Development (GO:0008584),1/17,0.6780850803054885,0.8523351770196631,1.318500711377128,0.5122144680846036,AR
gs_ind_0,Male Meiosis I (GO:0007141),1/7,0.37284039631262333,0.6882851264020743,3.349454107684005,3.3045876434894486,MYBL1
gs_ind_0,Male Meiotic Nuclear Division (GO:0007140),1/14,0.6067632607040262,0.815046945498543,1.6118606463992324,0.8053123024832447,MYBL1
gs_ind_0,Mammary Gland Development (GO:0030879),1/13,0.5796404588195495,0.8010458757106599,1.7409390178089585,0.9494163340617632,NRG1
gs_ind_0,Manganese Ion Homeostasis (GO:0055071),1/6,0.3296057006468095,0.6624839519426774,3.9587401265760684,4.393640133528681,SLC30A10
gs_ind_0,Manganese Ion Transport (GO:0006828),1/8,0.4132896381284026,0.7125352949529677,2.902644360496492,2.5647957981136242,SLC30A10
gs_ind_0,Marginal Zone B Cell Differentiation (GO:0002315),1/7,0.37284039631262333,0.6882851264020743,3.349454107684005,3.3045876434894486,DLL1
gs_ind_0,Mast Cell Mediated Immunity (GO:0002448),1/7,0.37284039631262333,0.6882851264020743,3.349454107684005,3.3045876434894486,SERPINB9
gs_ind_0,Mature B Cell Differentiation Involved in Immune Response (GO:0002313),1/10,0.48653733475260663,0.7454724541752974,2.291220495924106,1.6506906488764395,DLL1
gs_ind_0,Mature Conventional Dendritic Cell Differentiation (GO:0097029),1/1,0.06446453407510432,0.3649780494105417,43.56233135456017,119.43223299736152,LGALS9
gs_ind_0,Megakaryocyte Development (GO:0035855),1/5,0.2833939579712883,0.6336944594034671,4.838819931642382,6.101351626665179,FLNA
gs_ind_0,Megakaryocyte Differentiation (GO:0030219),1/12,0.5506490672062563,0.7880800413240646,1.8924658016377671,1.1291540547630419,FLNA
gs_ind_0,Meiosis I (GO:0007127),1/10,0.48653733475260663,0.7454724541752974,2.291220495924106,1.6506906488764395,MYBL1
gs_ind_0,Meiotic Sister Chromatid Cohesion (GO:0051177),1/9,0.45113270140804174,0.7303585487139446,2.5609663185295704,2.0385131696903356,REC8
gs_ind_0,Melanosome Assembly (GO:1903232),2/18,0.3248819041260126,0.6624839519426774,2.1998755791300364,2.473305890557785,AP1S3;HPS1
gs_ind_0,Melanosome Localization (GO:0032400),1/19,0.7182988056240869,0.867676948792053,1.1757850673123205,0.38903157333720684,BBS4
gs_ind_0,Melanosome Organization (GO:0032438),2/34,0.65347020985538,0.8389578739523719,1.1155300669077006,0.47461156210687,AP1S3;HPS1
gs_ind_0,Melanosome Transport (GO:0032402),1/15,0.6321377878742459,0.8285490441331016,1.5005861882873996,0.6882406887353841,BBS4
gs_ind_0,Membrane Assembly (GO:0071709),2/32,0.6203238052489224,0.8285490441331016,1.1888567101522438,0.5676953316560229,NLGN2;S100A10
gs_ind_0,Membrane Depolarization (GO:0051899),1/10,0.48653733475260663,0.7454724541752974,2.291220495924106,1.6506906488764395,CHRNA4
gs_ind_0,Membrane Fission (GO:0090148),1/41,0.9351722862879989,0.9792966124720102,0.5362075513181828,0.03593904477041978,EXOC4
gs_ind_0,Membrane Organization (GO:0061024),5/163,0.982326991019493,0.999999953222645,0.5001171210450275,0.008917609045135267,RTP4;PLAAT3;TMEM43;EXOC4;A4GALT
gs_ind_0,Membrane Raft Assembly (GO:0001765),1/5,0.2833939579712883,0.6336944594034671,4.838819931642382,6.101351626665179,S100A10
gs_ind_0,Membrane Raft Organization (GO:0031579),1/12,0.5506490672062563,0.7880800413240646,1.8924658016377671,1.1291540547630419,S100A10
gs_ind_0,Membraneless Organelle Assembly (GO:0140694),6/121,0.8000729722005174,0.9144569636142732,0.8145974119929628,0.18169785908497257,CENPT;SH3PXD2B;AR;G3BP2;RNF213;ASB2
gs_ind_0,Mesenchymal Cell Development (GO:0014031),1/3,0.18120623955754206,0.5716072093995457,8.71117107393416,14.879720755179145,NOTCH1
gs_ind_0,Mesenchymal Cell Differentiation (GO:0048762),2/46,0.805989702002456,0.9159699136722276,0.8139845452503657,0.17556369762136284,NOTCH1;DLG5
gs_ind_0,Mesenchymal Cell Differentiation Involved in Kidney Development (GO:0072161),1/3,0.18120623955754206,0.5716072093995457,8.71117107393416,14.879720755179145,STAT1
gs_ind_0,Mesenchymal Cell Migration (GO:0090497),1/17,0.6780850803054885,0.8523351770196631,1.318500711377128,0.5122144680846036,SEMA4D
gs_ind_0,Mesenchymal to Epithelial Transition (GO:0060231),1/5,0.2833939579712883,0.6336944594034671,4.838819931642382,6.101351626665179,BASP1
gs_ind_0,Mesenchymal to Epithelial Transition Involved in Metanephros Morphogenesis (GO:0003337),1/2,0.12477758622840975,0.49743772311433054,14.519697787371829,30.218720809256304,SMO
gs_ind_0,Mesenchyme Morphogenesis (GO:0072132),1/14,0.6067632607040262,0.815046945498543,1.6118606463992324,0.8053123024832447,NOTCH1
gs_ind_0,Mesoderm Development (GO:0007498),1/10,0.48653733475260663,0.7454724541752974,2.291220495924106,1.6506906488764395,HCK
gs_ind_0,Metal Ion Transport (GO:0030001),5/66,0.42247685059392803,0.7212664487177624,1.2983233084363364,1.118662140700265,SLC30A10;CCL5;PANX1;TMEM43;CHRNA4
gs_ind_0,Metanephric Mesenchymal Cell Differentiation (GO:0072162),1/3,0.18120623955754206,0.5716072093995457,8.71117107393416,14.879720755179145,STAT1
gs_ind_0,Metanephric Mesenchyme Development (GO:0072075),2/5,0.03642622767140897,0.27162107597191837,10.380875202593193,34.38629847772066,BASP1;STAT1
gs_ind_0,Metanephros Development (GO:0001656),1/9,0.45113270140804174,0.7303585487139446,2.5609663185295704,2.0385131696903356,BASP1
gs_ind_0,Metaphase Chromosome Alignment (GO:0051310),2/40,0.7391052102664581,0.8802959132288533,0.9412602524433967,0.2845570929744291,GEM;PSRC1
gs_ind_0,MiRNA Catabolic Process (GO:0010587),1/9,0.45113270140804174,0.7303585487139446,2.5609663185295704,2.0385131696903356,ZC3H12A
gs_ind_0,MiRNA Metabolic Process (GO:0010586),1/13,0.5796404588195495,0.8010458757106599,1.7409390178089585,0.9494163340617632,ZC3H12A
gs_ind_0,MiRNA Processing (GO:0035196),1/34,0.896514535944172,0.9576990768311665,0.6485892179684416,0.07085238685870321,ADAR
gs_ind_0,MiRNA-mediated Gene Silencing by Inhibition of Translation (GO:0035278),1/17,0.6780850803054885,0.8523351770196631,1.318500711377128,0.5122144680846036,AJUBA
gs_ind_0,MiRNA-mediated Gene Silencing by mRNA Destabilization (GO:0035279),1/8,0.4132896381284026,0.7125352949529677,2.902644360496492,2.5647957981136242,MOV10
gs_ind_0,MiRNA-mediated Post-Transcriptional Gene Silencing (GO:0035195),2/27,0.5269787492588416,0.7754749135555641,1.4224955244118176,0.9112435990404166,AJUBA;MOV10
gs_ind_0,Microglial Cell Activation (GO:0001774),3/17,0.09241162564867773,0.43486641031363715,3.508942391973294,8.356555042138158,ITGB2;FPR2;ITGAM
gs_ind_0,Microtubule Anchoring at Centrosome (GO:0034454),2/11,0.15530567804812975,0.5505114261205458,3.8228269214364925,7.11947989835536,BBS4;CCDC120
gs_ind_0,Microtubule Anchoring at Microtubule Organizing Center (GO:0072393),2/12,0.1787862658078333,0.5716072093995457,3.4584909058166757,5.9540142413558605,BBS4;CCDC120
gs_ind_0,Microtubule Bundle Formation (GO:0001578),3/25,0.21601346770155735,0.6083192526435693,2.259972357430443,3.4632144615885743,PIERCE1;PSRC1;AAAS
gs_ind_0,Microtubule Cytoskeleton Organization Involved in Mitosis (GO:1902850),1/46,0.9535898291605519,0.9887575697868493,0.47710573290713604,0.022672850916136286,FAM110A
gs_ind_0,Microtubule Nucleation (GO:0007020),1/26,0.8234411526643806,0.9185301096581084,0.852576108694962,0.16562415625449156,CPAP
gs_ind_0,Microtubule Nucleation by Microtubule Organizing Center (GO:0051418),1/5,0.2833939579712883,0.6336944594034671,4.838819931642382,6.101351626665179,CPAP
gs_ind_0,Microtubule Polymerization (GO:0046785),1/31,0.8735558251292019,0.9488513600928584,0.7125441242822892,0.09632402460541177,CPAP
gs_ind_0,Microtubule Polymerization or Depolymerization (GO:0031109),1/12,0.5506490672062563,0.7880800413240646,1.8924658016377671,1.1291540547630419,CPAP
gs_ind_0,Microvillus Organization (GO:0032528),1/3,0.18120623955754206,0.5716072093995457,8.71117107393416,14.879720755179145,FXYD5
gs_ind_0,Mismatch Repair (GO:0006298),1/23,0.7842956950537663,0.9044185331872435,0.9664687893506027,0.23482211733826094,TREX1
gs_ind_0,Mitochondrial Fragmentation Involved in Apoptotic Process (GO:0043653),1/9,0.45113270140804174,0.7303585487139446,2.5609663185295704,2.0385131696903356,BAX
gs_ind_0,Mitochondrial Fusion (GO:0008053),1/22,0.7694079063049644,0.8941848821222994,1.0114961282144606,0.2651475390012929,BAX
gs_ind_0,Mitochondrial RNA 3'-End Processing (GO:0000965),1/7,0.37284039631262333,0.6882851264020743,3.349454107684005,3.3045876434894486,PNPT1
gs_ind_0,Mitochondrial RNA Catabolic Process (GO:0000957),1/7,0.37284039631262333,0.6882851264020743,3.349454107684005,3.3045876434894486,PNPT1
gs_ind_0,Mitochondrial RNA Metabolic Process (GO:0000959),1/24,0.7982232489079947,0.9126935571904561,0.925273564432605,0.2085260904971238,PNPT1
gs_ind_0,Mitochondrial RNA Processing (GO:0000963),1/13,0.5796404588195495,0.8010458757106599,1.7409390178089585,0.9494163340617632,PNPT1
gs_ind_0,Mitochondrion Distribution (GO:0048311),1/11,0.5196605004230545,0.7685083681045072,2.072854830005397,1.356848411751394,HAP1
gs_ind_0,Mitochondrion Organization (GO:0007005),4/115,0.9439191907726008,0.9829186531364548,0.5830931749704404,0.033653059033397464,BAX;IFIT2;PNPT1;MYH14
gs_ind_0,Mitotic Cell Cycle Phase Transition (GO:0044772),2/88,0.9801956976177372,0.999999953222645,0.41744346908248314,0.008350136659259783,CCNG1;CDKN1A
gs_ind_0,Mitotic Cytokinesis (GO:0000281),4/50,0.4043141017672618,0.7125352949529677,1.404981050351922,1.2722991688846779,BBS4;RHOC;MYH14;EXOC4
gs_ind_0,Mitotic DNA Damage Checkpoint Signaling (GO:0044773),1/49,0.9620248490056544,0.9927027099054085,0.4474938939919106,0.017324725247972964,CDKN1A
gs_ind_0,Mitotic G1 DNA Damage Checkpoint Signaling (GO:0031571),1/12,0.5506490672062563,0.7880800413240646,1.8924658016377671,1.1291540547630419,CDKN1A
gs_ind_0,Mitotic G1/S Transition Checkpoint Signaling (GO:0044819),1/13,0.5796404588195495,0.8010458757106599,1.7409390178089585,0.9494163340617632,CDKN1A
gs_ind_0,Mitotic G2 DNA Damage Checkpoint Signaling (GO:0007095),1/25,0.8112524386727127,0.9159699136722276,0.8874412150181173,0.185631407941355,CDKN1A
gs_ind_0,Mitotic G2/M Transition Checkpoint (GO:0044818),1/39,0.9259022422551448,0.9754280086669502,0.5641465927488594,0.043431739263050904,CDKN1A
gs_ind_0,Mitotic Metaphase Chromosome Alignment (GO:0007080),1/40,0.9306919097420342,0.9777031930670469,0.549823413281234,0.03949215557732492,PSRC1
gs_ind_0,Mitotic Sister Chromatid Cohesion (GO:0007064),1/18,0.6988617377278106,0.8627707795776292,1.2430652995143012,0.44539322599570885,ESCO2
gs_ind_0,Mitotic Sister Chromatid Segregation (GO:0000070),4/87,0.8204131148997924,0.9185301096581084,0.7802554068906042,0.15444942530095337,MISP;FLNA;PSRC1;AAAS
gs_ind_0,Mitotic Spindle Assembly (GO:0090307),3/35,0.3946193623501065,0.7125352949529677,1.563431376627699,1.4537310538937211,MISP;FLNA;AAAS
gs_ind_0,Mitotic Spindle Assembly Checkpoint Signaling (GO:0007094),2/16,0.2760553611698522,0.6336944594034671,2.503679278675087,3.22262042128606,MAD2L2;ZWILCH
gs_ind_0,Mitotic Spindle Checkpoint Signaling (GO:0071174),2/16,0.2760553611698522,0.6336944594034671,2.503679278675087,3.22262042128606,MAD2L2;ZWILCH
gs_ind_0,Mitotic Spindle Organization (GO:0007052),4/72,0.6904505314521625,0.8627707795776292,0.9521812843079526,0.35269837440936536,MISP;FAM110A;FLNA;AAAS
gs_ind_0,Mitral Valve Morphogenesis (GO:0003183),1/10,0.48653733475260663,0.7454724541752974,2.291220495924106,1.6506906488764395,NOTCH1
gs_ind_0,Modification-dependent Macromolecule Catabolic Process (GO:0043632),2/13,0.20275236784673498,0.60784832860503,3.1575176755220444,5.0386716886898935,ISG15;UBC
gs_ind_0,Modification-dependent Protein Catabolic Process (GO:0019941),12/203,0.6640148751790667,0.847545166859461,0.9456017841839055,0.38717733834452667,ISG15;UBC;ENC1;UBE2L6;HERC6;NEDD4L;DTX3L;PSMF1;MDM2;RNF213;UBD;ASB2
gs_ind_0,Modified Amino Acid Biosynthetic Process (GO:0042398),1/13,0.5796404588195495,0.8010458757106599,1.7409390178089585,0.9494163340617632,PLSCR1
gs_ind_0,Modified Amino Acid Transport (GO:0072337),1/13,0.5796404588195495,0.8010458757106599,1.7409390178089585,0.9494163340617632,SLC1A4
gs_ind_0,Modulation of Chemical Synaptic Transmission (GO:0050804),4/67,0.6346896816642349,0.8304298782531608,1.0275398709974464,0.46713924091690173,NLGN2;GRIA3;CLSTN3;CHRNA4
gs_ind_0,Modulation of Excitatory Postsynaptic Potential (GO:0098815),1/13,0.5796404588195495,0.8010458757106599,1.7409390178089585,0.9494163340617632,NLGN2
gs_ind_0,Monoatomic Anion Transmembrane Transport (GO:0098656),1/26,0.8234411526643806,0.9185301096581084,0.852576108694962,0.16562415625449156,PANX1
gs_ind_0,Monoatomic Anion Transport (GO:0006820),3/31,0.3227557052559593,0.6624839519426774,1.7833916863548813,2.0167655598504632,PANX1;FXYD3;CLIC5
gs_ind_0,Monoatomic Cation Homeostasis (GO:0055080),2/50,0.8416602349789881,0.9274166501769213,0.7466290163578339,0.1287030643414658,HJV;CIB3
gs_ind_0,Monoatomic Cation Transmembrane Transport (GO:0098655),5/134,0.9385514206296357,0.9809222351664634,0.6134475939353988,0.03890339513012064,SLC30A10;ATP6V0E2;FXYD5;TCIRG1;FXYD3
gs_ind_0,Monoatomic Cation Transport (GO:0006812),3/18,0.10581550014597628,0.47715707147271474,3.2823147647376962,7.372270209193725,SLC30A10;PANX1;TMEM43
gs_ind_0,Monoatomic Ion Transport (GO:0006811),2/23,0.4418765538313216,0.7303585487139446,1.6876484112924504,1.3783441861073567,PANX1;CHRNA4
gs_ind_0,Monocarboxylic Acid Biosynthetic Process (GO:0072330),3/52,0.6602769914112796,0.8431360122186112,1.025195164189215,0.42555425609368797,ACMSD;OSBPL7;PKM
gs_ind_0,Monocarboxylic Acid Catabolic Process (GO:0072329),1/24,0.7982232489079947,0.9126935571904561,0.925273564432605,0.2085260904971238,LPIN3
gs_ind_0,Monocarboxylic Acid Metabolic Process (GO:0032787),2/95,0.986763997880564,0.999999953222645,0.38598878478752635,0.005143060741232476,PARP10;PARP9
gs_ind_0,Monocarboxylic Acid Transport (GO:0015718),1/53,0.9709384599525455,0.9981233943653197,0.4132757690232056,0.012188407795449267,SLC16A6
gs_ind_0,Monocyte Chemotaxis (GO:0002548),5/12,0.0005953364659021866,0.015846781694506644,10.689177958446251,79.38193827536507,CCL2;CCL5;GPR35;LGALS3;CCL7
gs_ind_0,Monocyte Extravasation (GO:0035696),1/4,0.2340004119113125,0.6083192526435693,6.221802482460874,9.036747532590647,CCR2
gs_ind_0,Mononuclear Cell Differentiation (GO:1903131),2/32,0.6203238052489224,0.8285490441331016,1.1888567101522438,0.5676953316560229,IL2RG;RELB
gs_ind_0,Monosaccharide Metabolic Process (GO:0005996),1/7,0.37284039631262333,0.6882851264020743,3.349454107684005,3.3045876434894486,CLSTN3
gs_ind_0,Monosaccharide Transmembrane Transport (GO:0015749),2/10,0.13249100130695554,0.509738988210719,4.2728890583786185,8.636536632696506,SLC50A1;SLC45A3
gs_ind_0,Morphogenesis of a Polarized Epithelium (GO:0001738),1/11,0.5196605004230545,0.7685083681045072,2.072854830005397,1.356848411751394,CELSR1
gs_ind_0,Morphogenesis of an Endothelium (GO:0003159),1/7,0.37284039631262333,0.6882851264020743,3.349454107684005,3.3045876434894486,PRKD2
gs_ind_0,Morphogenesis of an Epithelial Sheet (GO:0002011),1/8,0.4132896381284026,0.7125352949529677,2.902644360496492,2.5647957981136242,NOTCH1
gs_ind_0,Multicellular Organismal-Level Iron Ion Homeostasis (GO:0060586),1/14,0.6067632607040262,0.815046945498543,1.6118606463992324,0.8053123024832447,HJV
gs_ind_0,Muscle Organ Development (GO:0007517),3/36,0.4123222810906309,0.7125352949529677,1.516648773439455,1.3436749804686272,CXCL10;SGCB;TRIM72
gs_ind_0,Muscle Tissue Development (GO:0060537),2/11,0.15530567804812975,0.5505114261205458,3.8228269214364925,7.11947989835536,CSRP1;SMO
gs_ind_0,Muscle Tissue Morphogenesis (GO:0060415),1/9,0.45113270140804174,0.7303585487139446,2.5609663185295704,2.0385131696903356,NOTCH1
gs_ind_0,MyD88-dependent Toll-Like Receptor Signaling Pathway (GO:0002755),1/14,0.6067632607040262,0.815046945498543,1.6118606463992324,0.8053123024832447,TNIP1
gs_ind_0,MyD88-independent Toll-Like Receptor Signaling Pathway (GO:0002756),3/10,0.022761654228634364,0.21896048614125635,6.787488732648279,25.674884242921568,CD300LF;TRAF3;CD274
gs_ind_0,Myelination (GO:0042552),1/37,0.9153082599048693,0.9685452432100544,0.5951474469390622,0.05266720097623858,LGI4
gs_ind_0,Myelination in Peripheral Nervous System (GO:0022011),1/10,0.48653733475260663,0.7454724541752974,2.291220495924106,1.6506906488764395,LGI4
gs_ind_0,Myeloid Cell Activation Involved in Immune Response (GO:0002275),4/14,0.010197268441630053,0.14040127937688787,6.23876556578235,28.60870419579604,IFI35;NMI;PYCARD;PLCG2
gs_ind_0,Myeloid Cell Development (GO:0061515),2/15,0.25151988032095945,0.6336944594034671,2.6893370950637294,3.7119124671369925,TLR2;FLNA
gs_ind_0,Myeloid Cell Differentiation (GO:0030099),2/50,0.8416602349789881,0.9274166501769213,0.7466290163578339,0.1287030643414658,SELENOW;SLC1A5
gs_ind_0,Myeloid Dendritic Cell Activation (GO:0001773),3/6,0.0046081938268610345,0.0795902558079326,14.548945375878853,78.27215192561924,BATF2;PYCARD;UBD
gs_ind_0,Myeloid Dendritic Cell Differentiation (GO:0043011),2/3,0.011920279570145109,0.14833017339586424,24.225643796146226,107.30783232096144,BATF2;UBD
gs_ind_0,Myeloid Leukocyte Differentiation (GO:0002573),3/48,0.605908598743671,0.815046945498543,1.115655031825935,0.5589723246218259,BATF2;LGALS9;UBD
gs_ind_0,Myeloid Leukocyte Mediated Immunity (GO:0002444),2/5,0.03642622767140897,0.27162107597191837,10.380875202593193,34.38629847772066,ACE;SERPINB9
gs_ind_0,Myoblast Differentiation (GO:0045445),2/18,0.3248819041260126,0.6624839519426774,2.1998755791300364,2.473305890557785,NOTCH1;NRG1
gs_ind_0,Myofibril Assembly (GO:0030239),3/21,0.1500182523598359,0.5505114261205458,2.7494335871837223,5.215670868041435,MYOM3;CSRP1;KRT8
gs_ind_0,N-acylphosphatidylethanolamine Metabolic Process (GO:0070292),1/4,0.2340004119113125,0.6083192526435693,6.221802482460874,9.036747532590647,PLAAT3
gs_ind_0,NADPH Regeneration (GO:0006740),1/10,0.48653733475260663,0.7454724541752974,2.291220495924106,1.6506906488764395,PGD
gs_ind_0,NK T Cell Activation (GO:0051132),3/6,0.0046081938268610345,0.0795902558079326,14.548945375878853,78.27215192561924,LCK;LGALS9;CD44
gs_ind_0,NLRP3 Inflammasome Complex Assembly (GO:0044546),1/5,0.2833939579712883,0.6336944594034671,4.838819931642382,6.101351626665179,PYCARD
gs_ind_0,Natural Killer Cell Activation (GO:0030101),4/22,0.04955448379138043,0.32629982687969195,3.5388138544608494,10.633012172711737,SLAMF7;IL2RG;NCR1;KLRK1
gs_ind_0,Natural Killer Cell Activation Involved in Immune Response (GO:0002323),1/2,0.12477758622840975,0.49743772311433054,14.519697787371829,30.218720809256304,CORO1A
gs_ind_0,Natural Killer Cell Degranulation (GO:0043320),1/2,0.12477758622840975,0.49743772311433054,14.519697787371829,30.218720809256304,CORO1A
gs_ind_0,Natural Killer Cell Mediated Cytotoxicity (GO:0042267),5/18,0.004656591967242862,0.0795902558079326,5.935782394860985,31.872014018946967,CORO1A;GZMB;KLRK1;TUBB4B;SLAMF7
gs_ind_0,Natural Killer Cell Mediated Immunity (GO:0002228),5/18,0.004656591967242862,0.0795902558079326,5.935782394860985,31.872014018946967,GZMB;KLRK1;TUBB4B;SLAMF7;KLRD1
gs_ind_0,Necroptotic Process (GO:0070266),2/7,0.07019752665192665,0.3649780494105417,6.6050292225332745,17.545878368545242,ITPK1;MLKL
gs_ind_0,Neg Reg Adaptive Imm Response Based on Som Recomb of Imm Recs Built Fm Immunoglobulin Superf Dom (GO:0002823),3/10,0.022761654228634364,0.21896048614125635,6.787488732648279,25.674884242921568,LGALS9;HAVCR2;IL18BP
gs_ind_0,Neg Reg Blood Vessel Endothelial Cell Proliferation Involved in Sprouting Angiogenesis (GO:1903588),2/5,0.03642622767140897,0.27162107597191837,10.380875202593193,34.38629847772066,THBS1;NGFR
gs_ind_0,Neg Reg Endoplasmic Reticulum Stress-Induced Intrinsic Apoptotic Signaling Pathway (GO:1902236),1/15,0.6321377878742459,0.8285490441331016,1.5005861882873996,0.6882406887353841,HSPA1A
gs_ind_0,Neg Reg Intrinsic Apoptotic Signaling Pathway in Response to DNA Damage by P53 Class Mediator (GO:1902166),1/11,0.5196605004230545,0.7685083681045072,2.072854830005397,1.356848411751394,CD44
gs_ind_0,Neg Reg Mitochondrial Outer Membrane Permeabilization Involved in Apoptotic Signaling Pathway (GO:1901029),1/8,0.4132896381284026,0.7125352949529677,2.902644360496492,2.5647957981136242,HSPA1A
gs_ind_0,Neg Reg Phosphatidylinositol 3-Kinase/Protein Kinase B Signal Transduction (GO:0051898),2/35,0.6691581400072149,0.8511874715061835,1.0821500278187668,0.43473739437935044,DDIT3;PHLDA3
gs_ind_0,Neg Reg Transmembrane Rec Protein Serine/Threonine Kinase Signaling Pathway (GO:0090101),5/79,0.5824120915202583,0.8037557123810897,1.0707298885069387,0.5788119731851925,NOTCH1;EMILIN1;HSPA1A;GDF15;FBN1
gs_ind_0,Negative Chemotaxis (GO:0050919),1/15,0.6321377878742459,0.8285490441331016,1.5005861882873996,0.6882406887353841,SEMA4D
gs_ind_0,Negative Regulation of ATP Metabolic Process (GO:1903579),1/13,0.5796404588195495,0.8010458757106599,1.7409390178089585,0.9494163340617632,STING1
gs_ind_0,Negative Regulation of ATP-dependent Activity (GO:0032780),1/7,0.37284039631262333,0.6882851264020743,3.349454107684005,3.3045876434894486,TLR9
gs_ind_0,Negative Regulation of Actin Filament Polymerization (GO:0030837),1/14,0.6067632607040262,0.815046945498543,1.6118606463992324,0.8053123024832447,TWF2
gs_ind_0,Negative Regulation of Actin Nucleation (GO:0051126),2/6,0.05233524459368294,0.32629982687969195,8.073413770334353,23.817258816991405,ARPIN;CORO1A
gs_ind_0,Negative Regulation of Activated T Cell Proliferation (GO:0046007),2/7,0.07019752665192665,0.3649780494105417,6.6050292225332745,17.545878368545242,LGALS9;CD274
gs_ind_0,Negative Regulation of Adenylate Cyclase Activity (GO:0007194),1/6,0.3296057006468095,0.6624839519426774,3.9587401265760684,4.393640133528681,CCR2
gs_ind_0,Negative Regulation of Alcohol Biosynthetic Process (GO:1902931),1/12,0.5506490672062563,0.7880800413240646,1.8924658016377671,1.1291540547630419,PLEK
gs_ind_0,Negative Regulation of Alpha-Beta T Cell Activation (GO:0046636),3/8,0.011702995801205507,0.14833017339586424,9.257043119130733,41.17449853472315,TNFRSF14;CD274;LGALS3
gs_ind_0,Negative Regulation of Alpha-Beta T Cell Proliferation (GO:0046642),3/7,0.007679539448073663,0.11250714442645848,11.315005107866114,55.0949742316291,TNFRSF14;LGALS9;CD274
gs_ind_0,Negative Regulation of Amyloid Precursor Protein Catabolic Process (GO:1902992),1/18,0.6988617377278106,0.8627707795776292,1.2430652995143012,0.44539322599570885,HAP1
gs_ind_0,Negative Regulation of Amyloid-Beta Formation (GO:1902430),1/17,0.6780850803054885,0.8523351770196631,1.318500711377128,0.5122144680846036,HAP1
gs_ind_0,Negative Regulation of Angiogenesis (GO:0016525),10/64,0.007461573933269027,0.11250714442645848,2.8136839737019725,13.781392882578299,AMOT;ECSCR;CXCL10;THBS1;EFNA3;EMILIN1;PML;STAT1;ADAMTS9;CCR2
gs_ind_0,Negative Regulation of Anoikis (GO:2000811),1/14,0.6067632607040262,0.815046945498543,1.6118606463992324,0.8053123024832447,NOTCH1
gs_ind_0,Negative Regulation of Antigen Receptor-Mediated Signaling Pathway (GO:0050858),5/31,0.04632223926842299,0.32337227653282646,3.0209643605870022,9.280804616471213,CD274;LGALS3;LAPTM5;LAG3;LPXN
gs_ind_0,Negative Regulation of Apoptotic Process (GO:0043066),23/348,0.48192029978302336,0.7454724541752974,1.0479086051225355,0.7649486891595129,DLL1;HSPA1A;IL7;FMN2;CCL2;HCK;THBS1;HSPB1;SEMA4D;CD44;KRT18;IL2RG;NIBAN2;ZC3H12A;VTCN1;BAX;SERPINB9;NOTCH1;IL2RB;IFIT3;TNFAIP3;MDM2;FLNA
gs_ind_0,Negative Regulation of Apoptotic Signaling Pathway (GO:2001234),4/62,0.5728241074249412,0.8010458757106599,1.115780267377452,0.6216866303253399,THBS1;AR;HSPA1A;LGALS3
gs_ind_0,Negative Regulation of Appetite (GO:0032099),2/7,0.07019752665192665,0.3649780494105417,6.6050292225332745,17.545878368545242,BBS4;GDF15
gs_ind_0,Negative Regulation of B Cell Activation (GO:0050869),3/14,0.05700236899903131,0.34064004929185576,4.425306276012886,12.677008721408043,LAPTM5;TNFAIP3;SAMSN1
gs_ind_0,Negative Regulation of B Cell Receptor Signaling Pathway (GO:0050859),1/8,0.4132896381284026,0.7125352949529677,2.902644360496492,2.5647957981136242,LPXN
gs_ind_0,Negative Regulation of BMP Signaling Pathway (GO:0030514),2/25,0.4855226945547672,0.7454724541752974,1.5437888662827455,1.1154326080660328,NOTCH1;FBN1
gs_ind_0,Negative Regulation of Binding (GO:0051100),2/26,0.5065345888810102,0.7685083681045072,1.480666821023385,1.007094294862838,BAX;SLPI
gs_ind_0,Negative Regulation of Biomineral Tissue Development (GO:0070168),2/14,0.22704403432135226,0.6083192526435693,2.9047001620745543,4.306541273291301,NOTCH1;SRGN
gs_ind_0,Negative Regulation of Biosynthetic Process (GO:0009890),4/36,0.19988725620433598,0.60784832860503,2.012302694598309,3.239810941052954,GLA;EMILIN1;ACMSD;ZC3H12A
gs_ind_0,Negative Regulation of Blood Coagulation (GO:0030195),1/26,0.8234411526643806,0.9185301096581084,0.852576108694962,0.16562415625449156,PLAU
gs_ind_0,Negative Regulation of Blood Vessel Endothelial Cell Migration (GO:0043537),2/26,0.5065345888810102,0.7685083681045072,1.480666821023385,1.007094294862838,THBS1;NOTCH1
gs_ind_0,Negative Regulation of Blood Vessel Morphogenesis (GO:2000181),9/55,0.008059196583509289,0.11691732019198355,2.982217383414988,14.37709526807417,AMOT;EFNA3;CXCL10;THBS1;ECSCR;EMILIN1;PML;STAT1;CCR2
gs_ind_0,Negative Regulation of Bone Mineralization (GO:0030502),1/6,0.3296057006468095,0.6624839519426774,3.9587401265760684,4.393640133528681,SRGN
gs_ind_0,Negative Regulation of Bone Remodeling (GO:0046851),2/7,0.07019752665192665,0.3649780494105417,6.6050292225332745,17.545878368545242,UBASH3B;TNFAIP3
gs_ind_0,Negative Regulation of Bone Resorption (GO:0045779),2/6,0.05233524459368294,0.32629982687969195,8.073413770334353,23.817258816991405,UBASH3B;TNFAIP3
gs_ind_0,"Negative Regulation of CD4-positive, Alpha-Beta T Cell Activation (GO:2000515)",2/6,0.05233524459368294,0.32629982687969195,8.073413770334353,23.817258816991405,LGALS9;CD274
gs_ind_0,"Negative Regulation of CD4-positive, Alpha-Beta T Cell Proliferation (GO:2000562)",2/4,0.02282372249623049,0.21896048614125635,14.534305780659103,54.93901924276344,LGALS9;CD274
gs_ind_0,"Negative Regulation of CD8-positive, Alpha-Beta T Cell Activation (GO:2001186)",1/5,0.2833939579712883,0.6336944594034671,4.838819931642382,6.101351626665179,CD274
gs_ind_0,Negative Regulation of Calcineurin-Mediated Signaling (GO:0106057),1/8,0.4132896381284026,0.7125352949529677,2.902644360496492,2.5647957981136242,RCAN1
gs_ind_0,Negative Regulation of Calcium Ion Transmembrane Transporter Activity (GO:1901020),2/7,0.07019752665192665,0.3649780494105417,6.6050292225332745,17.545878368545242,GPR35;TLR9
gs_ind_0,Negative Regulation of Calcium-Mediated Signaling (GO:0050849),1/5,0.2833939579712883,0.6336944594034671,4.838819931642382,6.101351626665179,PLEK
gs_ind_0,Negative Regulation of Canonical NF-kappaB Signal Transduction (GO:0043124),7/64,0.11670863090678585,0.49655431804975836,1.8982830692204142,4.077653994558958,TNIP1;PARP10;ZC3H12A;TNFAIP3;STAT1;NLRC5;PYCARD
gs_ind_0,Negative Regulation of Canonical Wnt Signaling Pathway (GO:0090090),3/88,0.9289178397175288,0.9775660492993385,0.5919400086659772,0.04364668681061509,MAD2L2;DDIT3;FRZB
gs_ind_0,Negative Regulation of Carbohydrate Metabolic Process (GO:0045912),2/25,0.4855226945547672,0.7454724541752974,1.5437888662827455,1.1154326080660328,PLEK;STING1
gs_ind_0,Negative Regulation of Cardiac Muscle Cell Apoptotic Process (GO:0010667),2/7,0.07019752665192665,0.3649780494105417,6.6050292225332745,17.545878368545242,GPR35;NRG1
gs_ind_0,Negative Regulation of Cardiac Muscle Hypertrophy (GO:0010614),2/11,0.15530567804812975,0.5505114261205458,3.8228269214364925,7.11947989835536,NOTCH1;RGS2
gs_ind_0,Negative Regulation of Catabolic Process (GO:0009895),3/84,0.9140976388132515,0.9685452432100544,0.621178086646073,0.055792903440726196,MAD2L2;FLNA;FMN2
gs_ind_0,Negative Regulation of Catalytic Activity (GO:0043086),4/32,0.14821054669427502,0.5505114261205458,2.2954150400364743,4.382225982559692,DTX3L;CCR2;PARP9;NOTCH1
gs_ind_0,Negative Regulation of Cation Transmembrane Transport (GO:1904063),2/10,0.13249100130695554,0.509738988210719,4.2728890583786185,8.636536632696506,STK39;NEDD4L
gs_ind_0,Negative Regulation of Cell Activation (GO:0050866),1/12,0.5506490672062563,0.7880800413240646,1.8924658016377671,1.1291540547630419,EMILIN1
gs_ind_0,Negative Regulation of Cell Adhesion (GO:0007162),5/52,0.2426028542334193,0.628485094503649,1.6827442590215376,2.383320364217424,NOTCH1;SPN;CDH1;SEMA4D;LPXN
gs_ind_0,Negative Regulation of Cell Communication (GO:0010648),1/13,0.5796404588195495,0.8010458757106599,1.7409390178089585,0.9494163340617632,UBASH3B
gs_ind_0,Negative Regulation of Cell Cycle (GO:0045786),2/50,0.8416602349789881,0.9274166501769213,0.7466290163578339,0.1287030643414658,NR4A1;PML
gs_ind_0,Negative Regulation of Cell Cycle G1/S Phase Transition (GO:1902807),4/26,0.08287033984129875,0.4170158894890398,2.908825121819166,7.244365155671764,CCL2;ZC3H12D;RBL1;CDKN1A
gs_ind_0,Negative Regulation of Cell Development (GO:0010721),2/11,0.15530567804812975,0.5505114261205458,3.8228269214364925,7.11947989835536,NOTCH1;B2M
gs_ind_0,Negative Regulation of Cell Differentiation (GO:0045596),7/157,0.8867394524011294,0.9537660511540538,0.7202228313732425,0.08657372289021922,MAD2L2;NOTCH1;DLL1;LEO1;LRP5;SEMA4D;BMAL1
gs_ind_0,Negative Regulation of Cell Fate Commitment (GO:0010454),2/4,0.02282372249623049,0.21896048614125635,14.534305780659103,54.93901924276344,JAK3;LGALS1
gs_ind_0,Negative Regulation of Cell Growth (GO:0030308),10/91,0.06771959780999802,0.3649780494105417,1.877751960014042,5.055621185072349,CAPRIN2;FRZB;CDKN1A;BST2;HSPA1A;PML;PSRC1;PRDM11;ADAM15;ZC3H12D
gs_ind_0,Negative Regulation of Cell Junction Assembly (GO:1901889),3/23,0.18220700555170452,0.5716072093995457,2.4808268147581423,4.223885120462901,THBS1;ACE;TLR2
gs_ind_0,Negative Regulation of Cell Migration (GO:0030336),13/134,0.09135026659530458,0.43486641031363715,1.6198894356357452,3.8764830194818143,ARPIN;NGFR;ZMYND8;THBS1;BST2;CDH1;EPPK1;SP100;ADAMTS9;RAP2B;DLG5;ADAM15;COL3A1
gs_ind_0,Negative Regulation of Cell Migration Involved in Sprouting Angiogenesis (GO:0090051),2/11,0.15530567804812975,0.5505114261205458,3.8228269214364925,7.11947989835536,THBS1;NOTCH1
gs_ind_0,Negative Regulation of Cell Motility (GO:2000146),9/97,0.17266115375003888,0.5716072093995457,1.5620192588628599,2.7435685114647335,ARPIN;NGFR;ZMYND8;BST2;CDH1;EPPK1;RAP2B;DLG5;ADAM15
gs_ind_0,Negative Regulation of Cell Population Proliferation (GO:0008285),21/259,0.1648105011376285,0.5716072093995457,1.3142133276904167,2.3694726722237816,DLL1;CDKN1A;B2M;HSPA1A;TGFB1I1;THBS1;PML;BTG2;NIBAN2;PARP10;EPPK1;AR;IFI35;FRZB;EIF2AK2;S100A11;NOTCH1;TNFAIP3;IFIT3;NMI;DLG5
gs_ind_0,Negative Regulation of Cell-Cell Adhesion (GO:0022408),5/30,0.04094123546355229,0.2919885713875408,3.1396673574578884,10.033176020068437,MAD2L2;NOTCH1;FXYD5;IL1RN;CDH1
gs_ind_0,Negative Regulation of Cell-Cell Adhesion Mediated by Cadherin (GO:2000048),2/9,0.11054513189129135,0.47715707147271474,4.842967765171979,10.665820017194985,MAD2L2;NOTCH1
gs_ind_0,Negative Regulation of Cell-Matrix Adhesion (GO:0001953),2/26,0.5065345888810102,0.7685083681045072,1.480666821023385,1.007094294862838,THBS1;ADAM15
gs_ind_0,Negative Regulation of Cell-Substrate Adhesion (GO:0010812),3/25,0.21601346770155735,0.6083192526435693,2.259972357430443,3.4632144615885743,THBS1;ADAM15;NOTCH1
gs_ind_0,Negative Regulation of Cell-Substrate Junction Organization (GO:0150118),1/16,0.6558766163212053,0.8389578739523719,1.4036697247706422,0.5920434556741193,THBS1
gs_ind_0,Negative Regulation of Cellular Component Organization (GO:0051129),3/63,0.7810630480804002,0.9044185331872435,0.8381077106678169,0.20709591665293092,AIDA;HSPA1A;LGALS3
gs_ind_0,Negative Regulation of Cellular Process (GO:0048523),31/383,0.11246159305836238,0.48405728881814053,1.3059367991361204,2.853659321968294,CAPRIN2;STK39;DLL1;CDKN1A;HSPA1A;PSRC1;CLSTN3;TGFB1I1;THBS1;PML;BTG2;SEMA4D;PRDM11;ZC3H12D;NIBAN2;RBL1;NR4A1;EMILIN1;SPN;AR;IFI35;ADAM15;FRZB;EIF2AK2;LPXN;S100A11;NOTCH1;BST2;IFIT3;NMI;DLG5
gs_ind_0,Negative Regulation of Cellular Response to Growth Factor Stimulus (GO:0090288),4/47,0.35958267114117526,0.6882851264020743,1.5022123480760974,1.536479564529691,THBS1;NOTCH1;EMILIN1;FBN1
gs_ind_0,Negative Regulation of Cellular Response to Vascular Endothelial Growth Factor Stimulus (GO:1902548),1/11,0.5196605004230545,0.7685083681045072,2.072854830005397,1.356848411751394,EMILIN1
gs_ind_0,Negative Regulation of Cellular Senescence (GO:2000773),1/14,0.6067632607040262,0.815046945498543,1.6118606463992324,0.8053123024832447,RBL1
gs_ind_0,Negative Regulation of Chemokine (C-C Motif) Ligand 5 Production (GO:0071650),1/3,0.18120623955754206,0.5716072093995457,8.71117107393416,14.879720755179145,OAS3
gs_ind_0,Negative Regulation of Chemokine Production (GO:0032682),2/7,0.07019752665192665,0.3649780494105417,6.6050292225332745,17.545878368545242,LGALS9;OAS3
gs_ind_0,Negative Regulation of Chemotaxis (GO:0050922),2/10,0.13249100130695554,0.509738988210719,4.2728890583786185,8.636536632696506,THBS1;NOTCH1
gs_ind_0,Negative Regulation of Cold-Induced Thermogenesis (GO:0120163),4/36,0.19988725620433598,0.60784832860503,2.012302694598309,3.239810941052954,BMAL1;DDIT3;ID1;NOTCH1
gs_ind_0,Negative Regulation of Collagen Metabolic Process (GO:0010713),1/2,0.12477758622840975,0.49743772311433054,14.519697787371829,30.218720809256304,EMILIN1
gs_ind_0,Negative Regulation of Cytokine Production (GO:0001818),16/133,0.011597041209615204,0.14833017339586424,2.054618876997234,9.157447186332252,DLL1;SRGN;ZC3H12A;DHX58;THBS1;LGALS9;DDIT3;TNFAIP3;HAVCR2;GBP7;LAPTM5;SSC5D;XAF1;JAK3;PYCARD;CD274
gs_ind_0,Negative Regulation of Cytokine Production Involved in Immune Response (GO:0002719),2/10,0.13249100130695554,0.509738988210719,4.2728890583786185,8.636536632696506,TNFRSF14;JAK3
gs_ind_0,Negative Regulation of Cytokine Production Involved in Inflammatory Response (GO:1900016),2/23,0.4418765538313216,0.7303585487139446,1.6876484112924504,1.3783441861073567,PYCARD;ZC3H12A
gs_ind_0,Negative Regulation of Cytokine-Mediated Signaling Pathway (GO:0001960),7/52,0.04813213871741758,0.32629982687969195,2.4010780094430286,7.284402855546563,PARP14;SAMHD1;ISG15;NLRC5;IL1RN;OAS3;USP18
gs_ind_0,Negative Regulation of Cytoplasmic Pattern Recognition Receptor Signaling Pathway (GO:0039532),4/35,0.1864804708620597,0.5825555885963923,2.0763400108283703,3.4870651281822003,RAB7B;TREX1;TNFAIP3;DHX58
gs_ind_0,Negative Regulation of Cytoplasmic Translation (GO:2000766),2/9,0.11054513189129135,0.47715707147271474,4.842967765171979,10.665820017194985,CPEB1;EIF2AK2
gs_ind_0,Negative Regulation of Cytoskeleton Organization (GO:0051494),3/24,0.1989371255042466,0.60784832860503,2.365263435923881,3.81934805692905,TWF2;ARPIN;CORO1A
gs_ind_0,Negative Regulation of DNA Biosynthetic Process (GO:2000279),3/21,0.1500182523598359,0.5505114261205458,2.7494335871837223,5.215670868041435,NIBAN2;PML;CDKN1A
gs_ind_0,"Negative Regulation of DNA Damage Response, Signal Transduction by P53 Class Mediator (GO:0043518)",2/13,0.20275236784673498,0.60784832860503,3.1575176755220444,5.0386716886898935,MDM2;CD44
gs_ind_0,Negative Regulation of DNA Metabolic Process (GO:0051053),3/25,0.21601346770155735,0.6083192526435693,2.259972357430443,3.4632144615885743,NIBAN2;S100A11;CDKN1A
gs_ind_0,Negative Regulation of DNA Recombination (GO:0045910),2/24,0.46396195640651067,0.7448352156149185,1.6125217600096045,1.2383404726591272,MAD2L2;SHLD2
gs_ind_0,Negative Regulation of DNA Replication (GO:0008156),1/15,0.6321377878742459,0.8285490441331016,1.5005861882873996,0.6882406887353841,S100A11
gs_ind_0,Negative Regulation of DNA-templated Transcription (GO:0045892),29/720,0.9984568135211528,0.999999953222645,0.6059649508238806,0.0009358391918229665,IRF7;HSPA1A;SP100;PARP9;MAD2L2;HJV;PML;ID1;SEMA4D;PRDM11;EZH1;IFI27;ELF3;NIBAN2;RBL1;ZC3H12A;ZMYND8;DDIT3;ATF3;AR;BASP1;BMAL1;DAXX;AMOT;NOTCH1;STAT1;MDM2;FLNA;NRG1
gs_ind_0,Negative Regulation of Defense Response (GO:0031348),9/98,0.18004763912805993,0.5716072093995457,1.5444509660212333,2.6480133856724257,DTX4;TRIM21;DHX58;TRAFD1;TNFAIP3;IL1RN;NMI;TREX1;FPR2
gs_ind_0,Negative Regulation of Developmental Growth (GO:0048640),2/21,0.396258807615788,0.7125352949529677,1.8610176065605564,1.7227211574096237,GDF15;CDKN1A
gs_ind_0,Negative Regulation of Developmental Process (GO:0051093),4/86,0.8134043145616306,0.9169644960108402,0.789772112024413,0.16310925010784671,ARPIN;NOTCH1;DLL1;HYAL3
gs_ind_0,Negative Regulation of Double-Strand Break Repair (GO:2000780),3/25,0.21601346770155735,0.6083192526435693,2.259972357430443,3.4632144615885743,MAD2L2;CYREN;SHLD2
gs_ind_0,Negative Regulation of Double-Strand Break Repair via Homologous Recombination (GO:2000042),2/17,0.3005411925726754,0.6624839519426774,2.341977309562399,2.815455926179959,MAD2L2;SHLD2
gs_ind_0,Negative Regulation of Double-Strand Break Repair via Nonhomologous End Joining (GO:2001033),1/5,0.2833939579712883,0.6336944594034671,4.838819931642382,6.101351626665179,CYREN
gs_ind_0,Negative Regulation of ERBB Signaling Pathway (GO:1901185),1/20,0.7364825677009945,0.8775237004578357,1.1154053717464403,0.34116872034232576,MVP
gs_ind_0,Negative Regulation of ERK1 and ERK2 Cascade (GO:0070373),2/34,0.65347020985538,0.8389578739523719,1.1155300669077006,0.47461156210687,TNIP1;EMILIN1
gs_ind_0,Negative Regulation of Endocytosis (GO:0045806),4/29,0.11344584072166912,0.48405728881814053,2.5660371349406033,5.5847995092895735,LGALS3;TLR2;PLSCR1;B2M
gs_ind_0,Negative Regulation of Endothelial Cell Apoptotic Process (GO:2000352),1/19,0.7182988056240869,0.867676948792053,1.1757850673123205,0.38903157333720684,TNFAIP3
gs_ind_0,Negative Regulation of Endothelial Cell Migration (GO:0010596),4/30,0.12460039537676403,0.49743772311433054,2.4690216669561043,5.142091924725771,THBS1;SP100;ADAMTS9;NOTCH1
gs_ind_0,Negative Regulation of Endothelial Cell Proliferation (GO:0001937),4/28,0.10275779217607489,0.47601506842935626,2.6709722329646532,6.0774783812401845,THBS1;CCL2;STAT1;NGFR
gs_ind_0,Negative Regulation of Epidermal Cell Differentiation (GO:0045605),1/4,0.2340004119113125,0.6083192526435693,6.221802482460874,9.036747532590647,DLL1
gs_ind_0,Negative Regulation of Epidermal Growth Factor Receptor Signaling Pathway (GO:0042059),1/24,0.7982232489079947,0.9126935571904561,0.925273564432605,0.2085260904971238,MVP
gs_ind_0,Negative Regulation of Epithelial Cell Apoptotic Process (GO:1904036),1/9,0.45113270140804174,0.7303585487139446,2.5609663185295704,2.0385131696903356,KRT8
gs_ind_0,Negative Regulation of Epithelial Cell Differentiation (GO:0030857),1/9,0.45113270140804174,0.7303585487139446,2.5609663185295704,2.0385131696903356,DLL1
gs_ind_0,Negative Regulation of Epithelial Cell Migration (GO:0010633),1/12,0.5506490672062563,0.7880800413240646,1.8924658016377671,1.1291540547630419,EPPK1
gs_ind_0,Negative Regulation of Epithelial Cell Proliferation (GO:0050680),4/52,0.43382003424944404,0.7303585487139446,1.346842748619941,1.1247827218532973,THBS1;STAT1;EPPK1;B2M
gs_ind_0,Negative Regulation of Epithelial to Mesenchymal Transition (GO:0010719),1/27,0.8348435527953628,0.9226401806069896,0.8203423311509128,0.14808076007375526,MAD2L2
gs_ind_0,Negative Regulation of Extracellular Matrix Organization (GO:1903054),2/13,0.20275236784673498,0.60784832860503,3.1575176755220444,5.0386716886898935,NOTCH1;EMILIN1
gs_ind_0,Negative Regulation of Extrinsic Apoptotic Signaling Pathway (GO:2001237),6/59,0.17852118541764658,0.5716072093995457,1.7667912434521122,3.0442661166665745,THBS1;HSPA1A;LGALS3;TNFAIP3;AR;NRG1
gs_ind_0,Negative Regulation of Extrinsic Apoptotic Signaling Pathway in Absence of Ligand (GO:2001240),2/15,0.25151988032095945,0.6336944594034671,2.6893370950637294,3.7119124671369925,NRG1;HSPA1A
gs_ind_0,Negative Regulation of Extrinsic Apoptotic Signaling Pathway via Death Domain Receptors (GO:1902042),1/22,0.7694079063049644,0.8941848821222994,1.0114961282144606,0.2651475390012929,TNFAIP3
gs_ind_0,Negative Regulation of Fas Signaling Pathway (GO:1902045),2/4,0.02282372249623049,0.21896048614125635,14.534305780659103,54.93901924276344,IL2RG;IL7
gs_ind_0,Negative Regulation of Fat Cell Differentiation (GO:0045599),1/32,0.8817245999640496,0.9500902030047403,0.6898722791869041,0.08683802958080115,BMAL1
gs_ind_0,Negative Regulation of Fibrinolysis (GO:0051918),2/11,0.15530567804812975,0.5505114261205458,3.8228269214364925,7.11947989835536,THBS1;PLAU
gs_ind_0,Negative Regulation of Fibroblast Growth Factor Receptor Signaling Pathway (GO:0040037),1/9,0.45113270140804174,0.7303585487139446,2.5609663185295704,2.0385131696903356,THBS1
gs_ind_0,Negative Regulation of Fibroblast Proliferation (GO:0048147),1/16,0.6558766163212053,0.8389578739523719,1.4036697247706422,0.5920434556741193,PARP10
gs_ind_0,Negative Regulation of Focal Adhesion Assembly (GO:0051895),1/16,0.6558766163212053,0.8389578739523719,1.4036697247706422,0.5920434556741193,THBS1
gs_ind_0,Negative Regulation of G Protein-Coupled Receptor Signaling Pathway (GO:0045744),5/32,0.0521034470974057,0.32629982687969195,2.9108943089430896,8.600307590089473,CCL5;RGS1;PALM;RGS2;PLEK
gs_ind_0,Negative Regulation of G1/S Transition of Mitotic Cell Cycle (GO:2000134),4/25,0.07371061605730059,0.37926534974811754,3.044345953840924,7.9384622216702905,CCL2;ZC3H12D;RBL1;CDKN1A
gs_ind_0,Negative Regulation of GTPase Activity (GO:0034260),1/13,0.5796404588195495,0.8010458757106599,1.7409390178089585,0.9494163340617632,KLRK1
gs_ind_0,Negative Regulation of Gene Expression (GO:0010629),20/285,0.3798015692973636,0.6998326314066662,1.1221169060922527,1.086328500780373,HSPA1A;PARP9;PNPT1;MOV10;SLC7A5;SRGN;ENC1;LGALS9;GZMB;BTG2;GBP7;PARP14;PARP10;RBL1;EMILIN1;HAVCR2;EIF2AK2;DAXX;NOTCH1;TTBK1
gs_ind_0,"Negative Regulation of Gene Expression, Epigenetic (GO:0045814)",1/110,0.9993630779638366,0.999999953222645,0.19730315149812597,0.00012570676194800226,EZH1
gs_ind_0,Negative Regulation of Glial Cell Apoptotic Process (GO:0034351),2/7,0.07019752665192665,0.3649780494105417,6.6050292225332745,17.545878368545242,CCL2;DLL1
gs_ind_0,Negative Regulation of Glial Cell Differentiation (GO:0045686),1/6,0.3296057006468095,0.6624839519426774,3.9587401265760684,4.393640133528681,NOTCH1
gs_ind_0,Negative Regulation of Glial Cell Proliferation (GO:0060253),1/6,0.3296057006468095,0.6624839519426774,3.9587401265760684,4.393640133528681,NOTCH1
gs_ind_0,Negative Regulation of Gliogenesis (GO:0014014),1/4,0.2340004119113125,0.6083192526435693,6.221802482460874,9.036747532590647,NOTCH1
gs_ind_0,Negative Regulation of Glycolytic Process (GO:0045820),1/10,0.48653733475260663,0.7454724541752974,2.291220495924106,1.6506906488764395,STING1
gs_ind_0,Negative Regulation of Glycoprotein Biosynthetic Process (GO:0010561),1/11,0.5196605004230545,0.7685083681045072,2.072854830005397,1.356848411751394,JAK3
gs_ind_0,Negative Regulation of Glycoprotein Metabolic Process (GO:1903019),1/5,0.2833939579712883,0.6336944594034671,4.838819931642382,6.101351626665179,JAK3
gs_ind_0,Negative Regulation of Growth (GO:0045926),10/81,0.034878846220128365,0.27162107597191837,2.1419751910215123,7.188200478038614,CAPRIN2;FRZB;CDKN1A;BST2;HSPA1A;PML;PSRC1;PRDM11;ADAM15;ZC3H12D
gs_ind_0,Negative Regulation of Heart Contraction (GO:0045822),1/7,0.37284039631262333,0.6882851264020743,3.349454107684005,3.3045876434894486,ZC3H12A
gs_ind_0,Negative Regulation of Heterotypic Cell-Cell Adhesion (GO:0034115),1/6,0.3296057006468095,0.6624839519426774,3.9587401265760684,4.393640133528681,IL1RN
gs_ind_0,Negative Regulation of Hippo Signaling (GO:0035331),2/22,0.41929659311135503,0.716248172264888,1.7701044919687448,1.5385336695252496,AJUBA;DLG5
gs_ind_0,Negative Regulation of Hydrolase Activity (GO:0051346),1/22,0.7694079063049644,0.8941848821222994,1.0114961282144606,0.2651475390012929,KLRK1
gs_ind_0,Negative Regulation of Immune Effector Process (GO:0002698),4/18,0.02539225316218555,0.23525408381414276,4.516382577525531,16.59007845752567,HAVCR2;LGALS3;ZC3H12A;JAK3
gs_ind_0,Negative Regulation of Immune Response (GO:0050777),13/54,2.8427024001126174e-05,0.001537126715988168,4.771025051545712,49.94390282099544,DTX4;HCK;TRIM21;DHX58;TRAFD1;TREX1;CCR2;HAVCR2;LGALS3;TNFAIP3;NMI;SAMSN1;COL3A1
gs_ind_0,Negative Regulation of Immune Response to Tumor Cell (GO:0002838),2/7,0.07019752665192665,0.3649780494105417,6.6050292225332745,17.545878368545242,LAG3;CD274
gs_ind_0,Negative Regulation of Immune System Process (GO:0002683),3/40,0.4812236573458114,0.7454724541752974,1.3544690823868757,0.9906900196028411,RAB7B;TNFAIP3;COL3A1
gs_ind_0,Negative Regulation of Inclusion Body Assembly (GO:0090084),1/9,0.45113270140804174,0.7303585487139446,2.5609663185295704,2.0385131696903356,HSPA1A
gs_ind_0,Negative Regulation of Inflammasome-Mediated Signaling Pathway (GO:0141086),1/12,0.5506490672062563,0.7880800413240646,1.8924658016377671,1.1291540547630419,ZNFX1
gs_ind_0,Negative Regulation of Inflammatory Response (GO:0050728),4/97,0.8791907211087325,0.9500902030047403,0.6962844792393504,0.08964901477498086,HCK;TNFAIP3;FPR2;IL1RN
gs_ind_0,Negative Regulation of Inflammatory Response to Antigenic Stimulus (GO:0002862),1/18,0.6988617377278106,0.8627707795776292,1.2430652995143012,0.44539322599570885,HCK
gs_ind_0,Negative Regulation of Innate Immune Response (GO:0045824),12/42,8.732182155036157e-06,0.0006544909992879837,6.009212917782095,69.99828818227967,DTX4;SAMHD1;ISG15;TRIM21;DHX58;TRAFD1;TNFAIP3;NLRC5;NMI;OAS3;USP18;TREX1
gs_ind_0,Negative Regulation of Interferon-Alpha Production (GO:0032687),1/2,0.12477758622840975,0.49743772311433054,14.519697787371829,30.218720809256304,HAVCR2
gs_ind_0,Negative Regulation of Interferon-Beta Production (GO:0032688),2/9,0.11054513189129135,0.47715707147271474,4.842967765171979,10.665820017194985,PYCARD;RELB
gs_ind_0,Negative Regulation of Interleukin-1 Beta Production (GO:0032691),2/12,0.1787862658078333,0.5716072093995457,3.4584909058166757,5.9540142413558605,TNFAIP3;ZC3H12A
gs_ind_0,Negative Regulation of Interleukin-1 Production (GO:0032692),2/15,0.25151988032095945,0.6336944594034671,2.6893370950637294,3.7119124671369925,TNFAIP3;ZC3H12A
gs_ind_0,Negative Regulation of Interleukin-1-Mediated Signaling Pathway (GO:2000660),1/7,0.37284039631262333,0.6882851264020743,3.349454107684005,3.3045876434894486,IL1RN
gs_ind_0,Negative Regulation of Interleukin-10 Production (GO:0032693),4/10,0.002631822100626618,0.053856625113933417,10.081004539586024,59.88196194056549,THBS1;CD274;DLL1;JAK3
gs_ind_0,Negative Regulation of Interleukin-12 Production (GO:0032695),2/7,0.07019752665192665,0.3649780494105417,6.6050292225332745,17.545878368545242,THBS1;JAK3
gs_ind_0,Negative Regulation of Interleukin-17 Production (GO:0032700),1/6,0.3296057006468095,0.6624839519426774,3.9587401265760684,4.393640133528681,DDIT3
gs_ind_0,Negative Regulation of Interleukin-2 Production (GO:0032703),3/15,0.06795103532390583,0.3649780494105417,4.070978907517577,10.946731611814585,TNFAIP3;LAPTM5;HAVCR2
gs_ind_0,Negative Regulation of Interleukin-6 Production (GO:0032715),2/17,0.3005411925726754,0.6624839519426774,2.341977309562399,2.815455926179959,TNFAIP3;ZC3H12A
gs_ind_0,Negative Regulation of Interleukin-8 Production (GO:0032717),1/11,0.5196605004230545,0.7685083681045072,2.072854830005397,1.356848411751394,SSC5D
gs_ind_0,Negative Regulation of Intracellular Protein Transport (GO:0090317),1/15,0.6321377878742459,0.8285490441331016,1.5005861882873996,0.6882406887353841,SP100
gs_ind_0,Negative Regulation of Intracellular Signal Transduction (GO:1902532),24/269,0.06631234066915724,0.3649780494105417,1.45894839822956,3.9586803329541036,DUSP5;PLEK;THBS1;GDF15;HSPB1;ARHGAP25;DUSP8;TNIP1;DDIT4;PARP10;AJUBA;ZC3H12A;EMILIN1;DDIT3;IFI35;BMAL1;PYCARD;PHLDA3;TNFAIP3;STAT1;NLRC5;NMI;MDM2;DLG5
gs_ind_0,Negative Regulation of Intracellular Steroid Hormone Receptor Signaling Pathway (GO:0033144),1/29,0.8554888495154207,0.936753990596046,0.7626608344931406,0.1190377958612017,BMAL1
gs_ind_0,Negative Regulation of Intrinsic Apoptotic Signaling Pathway (GO:2001243),4/53,0.4484240423746209,0.7303585487139446,1.3195353644731014,1.0582884367124217,HSPB1;HSPA1A;DDIAS;MDM2
gs_ind_0,Negative Regulation of Intrinsic Apoptotic Signaling Pathway by P53 Class Mediator (GO:1902254),2/15,0.25151988032095945,0.6336944594034671,2.6893370950637294,3.7119124671369925,MDM2;CD44
gs_ind_0,Negative Regulation of Intrinsic Apoptotic Signaling Pathway in Response to DNA Damage (GO:1902230),2/22,0.41929659311135503,0.716248172264888,1.7701044919687448,1.5385336695252496,DDIAS;CD44
gs_ind_0,Negative Regulation of JNK Cascade (GO:0046329),2/28,0.5468409946482946,0.7880800413240646,1.3687145143369723,0.8261522553215535,AIDA;RGS2
gs_ind_0,Negative Regulation of JUN Kinase Activity (GO:0043508),1/5,0.2833939579712883,0.6336944594034671,4.838819931642382,6.101351626665179,AIDA
gs_ind_0,Negative Regulation of Keratinocyte Proliferation (GO:0010839),1/7,0.37284039631262333,0.6882851264020743,3.349454107684005,3.3045876434894486,EPPK1
gs_ind_0,Negative Regulation of Lamellipodium Organization (GO:1902744),1/4,0.2340004119113125,0.6083192526435693,6.221802482460874,9.036747532590647,ARPIN
gs_ind_0,Negative Regulation of Leukocyte Activation (GO:0002695),3/17,0.09241162564867773,0.43486641031363715,3.508942391973294,8.356555042138158,CD300LF;HAVCR2;ZC3H12A
gs_ind_0,Negative Regulation of Leukocyte Apoptotic Process (GO:2000107),2/8,0.08969570360216707,0.43164243125055807,5.588455304824834,13.475623389845104,NOD2;IRF7
gs_ind_0,Negative Regulation of Leukocyte Cell-Cell Adhesion (GO:1903038),6/22,0.002154370667961097,0.04711101740085517,5.744504184547592,35.272729913877825,LAG3;LAPTM5;JAK3;TNFRSF14;VTCN1;CD274
gs_ind_0,Negative Regulation of Leukocyte Degranulation (GO:0043301),2/8,0.08969570360216707,0.43164243125055807,5.588455304824834,13.475623389845104,LGALS9;CCR2
gs_ind_0,Negative Regulation of Leukocyte Mediated Cytotoxicity (GO:0001911),2/11,0.15530567804812975,0.5505114261205458,3.8228269214364925,7.11947989835536,LGALS9;KLRD1
gs_ind_0,Negative Regulation of Leukocyte Proliferation (GO:0070664),1/7,0.37284039631262333,0.6882851264020743,3.349454107684005,3.3045876434894486,TNFAIP3
gs_ind_0,Negative Regulation of Lipid Localization (GO:1905953),1/9,0.45113270140804174,0.7303585487139446,2.5609663185295704,2.0385131696903356,CLSTN3
gs_ind_0,Negative Regulation of Lipid Storage (GO:0010888),1/14,0.6067632607040262,0.815046945498543,1.6118606463992324,0.8053123024832447,CLSTN3
gs_ind_0,Negative Regulation of Lymphocyte Activation (GO:0051250),10/24,1.0086043742088651e-06,0.00011998357635588661,10.607140843747064,146.4521889207778,LAG3;LST1;TNFAIP3;LGALS3;LAPTM5;JAK3;TNFRSF14;VTCN1;SAMSN1;CD274
gs_ind_0,Negative Regulation of Lymphocyte Apoptotic Process (GO:0070229),1/7,0.37284039631262333,0.6882851264020743,3.349454107684005,3.3045876434894486,CCL5
gs_ind_0,Negative Regulation of Lymphocyte Proliferation (GO:0050672),6/24,0.003479542177185742,0.06807998970362104,5.122714141162324,28.99893966526081,LST1;SPN;DLG5;TNFRSF14;VTCN1;CD274
gs_ind_0,Negative Regulation of MAP Kinase Activity (GO:0043407),1/14,0.6067632607040262,0.815046945498543,1.6118606463992324,0.8053123024832447,AIDA
gs_ind_0,Negative Regulation of MAPK Cascade (GO:0043409),6/93,0.5594018442493591,0.797290429219143,1.0775257731958763,0.6259209308119202,TNIP1;AIDA;EMILIN1;DUSP5;RGS2;DUSP8
gs_ind_0,Negative Regulation of Macromolecule Biosynthetic Process (GO:0010558),14/138,0.061308392763010144,0.3640121315673675,1.69943265123988,4.744541559077897,PARP14;NIBAN2;SLC7A5;DAXX;PARP10;NOTCH1;RBL1;CDKN1A;LGALS9;TTBK1;EMILIN1;HAVCR2;PARP9;JAK3
gs_ind_0,Negative Regulation of Macrophage Activation (GO:0043031),1/10,0.48653733475260663,0.7454724541752974,2.291220495924106,1.6506906488764395,ZC3H12A
gs_ind_0,Negative Regulation of Macrophage Migration (GO:1905522),1/6,0.3296057006468095,0.6624839519426774,3.9587401265760684,4.393640133528681,EMILIN1
gs_ind_0,Negative Regulation of Mast Cell Activation (GO:0033004),1/6,0.3296057006468095,0.6624839519426774,3.9587401265760684,4.393640133528681,CD300LF
gs_ind_0,Negative Regulation of Membrane Potential (GO:0045837),2/6,0.05233524459368294,0.32629982687969195,8.073413770334353,23.817258816991405,PMAIP1;BAX
gs_ind_0,Negative Regulation of Mitochondrial Membrane Permeability (GO:0035795),1/8,0.4132896381284026,0.7125352949529677,2.902644360496492,2.5647957981136242,HSPA1A
gs_ind_0,Negative Regulation of Mitochondrial Membrane Potential (GO:0010917),2/5,0.03642622767140897,0.27162107597191837,10.380875202593193,34.38629847772066,PMAIP1;BAX
gs_ind_0,Negative Regulation of Mitotic Cell Cycle (GO:0045930),1/21,0.753493755705255,0.8864281762133814,1.0609163781869875,0.3002759875694897,PML
gs_ind_0,Negative Regulation of Mitotic Cell Cycle Phase Transition (GO:1901991),4/33,0.16061393644546432,0.5652850260222614,2.2174391821827424,4.0551456826345795,CCL2;ZC3H12D;RBL1;CDKN1A
gs_ind_0,Negative Regulation of Mitotic Metaphase/Anaphase Transition (GO:0045841),2/17,0.3005411925726754,0.6624839519426774,2.341977309562399,2.815455926179959,MAD2L2;ZWILCH
gs_ind_0,Negative Regulation of Monoatomic Ion Transport (GO:0043271),1/8,0.4132896381284026,0.7125352949529677,2.902644360496492,2.5647957981136242,B2M
gs_ind_0,Negative Regulation of Mononuclear Cell Migration (GO:0071676),1/10,0.48653733475260663,0.7454724541752974,2.291220495924106,1.6506906488764395,EMILIN1
gs_ind_0,Negative Regulation of Multicellular Organismal Process (GO:0051241),11/176,0.5868127107533587,0.80758028772813,1.0074960072388883,0.5370453152630372,MAD2L2;NOTCH1;SRGN;EMILIN1;DDIT3;GDF15;GBP7;GDF10;ADM;ID1;BMAL1
gs_ind_0,Negative Regulation of Muscle Cell Apoptotic Process (GO:0010656),1/15,0.6321377878742459,0.8285490441331016,1.5005861882873996,0.6882406887353841,ZC3H12A
gs_ind_0,Negative Regulation of Muscle Hypertrophy (GO:0014741),2/6,0.05233524459368294,0.32629982687969195,8.073413770334353,23.817258816991405,NOTCH1;RGS2
gs_ind_0,Negative Regulation of MyD88-dependent Toll-Like Receptor Signaling Pathway (GO:0034125),1/6,0.3296057006468095,0.6624839519426774,3.9587401265760684,4.393640133528681,CD300LF
gs_ind_0,Negative Regulation of Myeloid Cell Apoptotic Process (GO:0033033),2/5,0.03642622767140897,0.27162107597191837,10.380875202593193,34.38629847772066,NOD2;IRF7
gs_ind_0,Negative Regulation of Myeloid Cell Differentiation (GO:0045638),1/17,0.6780850803054885,0.8523351770196631,1.318500711377128,0.5122144680846036,LEO1
gs_ind_0,Negative Regulation of Myeloid Leukocyte Differentiation (GO:0002762),2/17,0.3005411925726754,0.6624839519426774,2.341977309562399,2.815455926179959,FBN1;TLR3
gs_ind_0,Negative Regulation of Myeloid Leukocyte Mediated Immunity (GO:0002887),2/6,0.05233524459368294,0.32629982687969195,8.073413770334353,23.817258816991405,LGALS9;CCR2
gs_ind_0,Negative Regulation of Myoblast Differentiation (GO:0045662),2/12,0.1787862658078333,0.5716072093995457,3.4584909058166757,5.9540142413558605,NOTCH1;DLL1
gs_ind_0,Negative Regulation of NLRP3 Inflammasome Complex Assembly (GO:1900226),1/10,0.48653733475260663,0.7454724541752974,2.291220495924106,1.6506906488764395,ZNFX1
gs_ind_0,Negative Regulation of Natural Killer Cell Mediated Cytotoxicity (GO:0045953),3/10,0.022761654228634364,0.21896048614125635,6.787488732648279,25.674884242921568,LGALS9;KLRD1;SERPINB9
gs_ind_0,Negative Regulation of Natural Killer Cell Mediated Immunity (GO:0002716),2/7,0.07019752665192665,0.3649780494105417,6.6050292225332745,17.545878368545242,LGALS9;KLRD1
gs_ind_0,Negative Regulation of Nervous System Development (GO:0051961),3/10,0.022761654228634364,0.21896048614125635,6.787488732648279,25.674884242921568,TLR2;NOTCH1;B2M
gs_ind_0,Negative Regulation of Neurogenesis (GO:0050768),2/17,0.3005411925726754,0.6624839519426774,2.341977309562399,2.815455926179959,NOTCH1;B2M
gs_ind_0,Negative Regulation of Neuron Apoptotic Process (GO:0043524),1/49,0.9620248490056544,0.9927027099054085,0.4474938939919106,0.017324725247972964,CCL2
gs_ind_0,Negative Regulation of Neuron Differentiation (GO:0045665),2/10,0.13249100130695554,0.509738988210719,4.2728890583786185,8.636536632696506,DLL1;B2M
gs_ind_0,Negative Regulation of Neuron Migration (GO:2001223),1/3,0.18120623955754206,0.5716072093995457,8.71117107393416,14.879720755179145,COL3A1
gs_ind_0,Negative Regulation of Neurotransmitter Secretion (GO:0046929),1/5,0.2833939579712883,0.6336944594034671,4.838819931642382,6.101351626665179,PNKD
gs_ind_0,Negative Regulation of Nitric Oxide Biosynthetic Process (GO:0045019),2/8,0.08969570360216707,0.43164243125055807,5.588455304824834,13.475623389845104,GLA;ZC3H12A
gs_ind_0,Negative Regulation of Non-Canonical NF-kappaB Signal Transduction (GO:1901223),3/16,0.07977151437871083,0.4058080457075101,3.7691444825030547,9.530616527527405,IFI35;NMI;ZC3H12A
gs_ind_0,Negative Regulation of Notch Signaling Pathway (GO:0045746),1/21,0.753493755705255,0.8864281762133814,1.0609163781869875,0.3002759875694897,DLL1
gs_ind_0,Negative Regulation of Nuclear Receptor-Mediated Glucocorticoid Signaling Pathway (GO:2000323),1/6,0.3296057006468095,0.6624839519426774,3.9587401265760684,4.393640133528681,BMAL1
gs_ind_0,Negative Regulation of Nucleocytoplasmic Transport (GO:0046823),1/17,0.6780850803054885,0.8523351770196631,1.318500711377128,0.5122144680846036,SP100
gs_ind_0,Negative Regulation of Oligodendrocyte Differentiation (GO:0048715),1/5,0.2833939579712883,0.6336944594034671,4.838819931642382,6.101351626665179,NOTCH1
gs_ind_0,Negative Regulation of Organelle Assembly (GO:1902116),1/42,0.9393633240598815,0.9809222351664634,0.5232478754738328,0.03273069716096504,G3BP2
gs_ind_0,Negative Regulation of Organelle Organization (GO:0010639),2/38,0.7127814528545392,0.867676948792053,0.9929841699784641,0.33620500059115366,HSPA1A;CLSTN3
gs_ind_0,Negative Regulation of Ossification (GO:0030279),3/21,0.1500182523598359,0.5505114261205458,2.7494335871837223,5.215670868041435,GDF10;NOTCH1;SRGN
gs_ind_0,Negative Regulation of Osteoblast Differentiation (GO:0045668),3/26,0.23337996263985208,0.6083192526435693,2.1636422217875104,3.148288562481339,NOTCH1;SEMA4D;LRP5
gs_ind_0,Negative Regulation of Osteoblast Proliferation (GO:0033689),1/5,0.2833939579712883,0.6336944594034671,4.838819931642382,6.101351626665179,EIF2AK2
gs_ind_0,Negative Regulation of Osteoclast Differentiation (GO:0045671),2/8,0.08969570360216707,0.43164243125055807,5.588455304824834,13.475623389845104,FBN1;TLR3
gs_ind_0,Negative Regulation of Oxidative Stress-Induced Intrinsic Apoptotic Signaling Pathway (GO:1902176),1/21,0.753493755705255,0.8864281762133814,1.0609163781869875,0.3002759875694897,HSPB1
gs_ind_0,Negative Regulation of Oxidoreductase Activity (GO:0051354),1/4,0.2340004119113125,0.6083192526435693,6.221802482460874,9.036747532590647,GLA
gs_ind_0,Negative Regulation of Peptidyl-Tyrosine Phosphorylation (GO:0050732),4/9,0.001663578223152429,0.037767035386681864,11.914800413446867,76.24023949574571,PARP14;IL2RG;SAMSN1;IL7
gs_ind_0,Negative Regulation of Phagocytosis (GO:0050765),3/14,0.05700236899903131,0.34064004929185576,4.425306276012886,12.677008721408043,CD300LF;PLSCR1;TLR2
gs_ind_0,Negative Regulation of Phosphate Metabolic Process (GO:0045936),1/8,0.4132896381284026,0.7125352949529677,2.902644360496492,2.5647957981136242,PLEK
gs_ind_0,Negative Regulation of Phosphorylation (GO:0042326),2/32,0.6203238052489224,0.8285490441331016,1.1888567101522438,0.5676953316560229,ZC3H12A;CDKN1A
gs_ind_0,Negative Regulation of Plasminogen Activation (GO:0010757),2/6,0.05233524459368294,0.32629982687969195,8.073413770334353,23.817258816991405,THBS1;PLAU
gs_ind_0,Negative Regulation of Potassium Ion Export Across Plasma Membrane (GO:1903765),1/3,0.18120623955754206,0.5716072093995457,8.71117107393416,14.879720755179145,NEDD4L
gs_ind_0,Negative Regulation of Potassium Ion Transmembrane Transport (GO:1901380),1/5,0.2833939579712883,0.6336944594034671,4.838819931642382,6.101351626665179,NEDD4L
gs_ind_0,Negative Regulation of Potassium Ion Transport (GO:0043267),1/4,0.2340004119113125,0.6083192526435693,6.221802482460874,9.036747532590647,NEDD4L
gs_ind_0,Negative Regulation of Programmed Cell Death (GO:0043069),19/299,0.5603841682420231,0.7977896200822292,1.0080405204559435,0.5837892441831571,HSPA1A;IL7;FMN2;HCK;THBS1;HSPB1;SEMA4D;CD44;KRT18;NIBAN2;IL2RG;BAX;VTCN1;SERPINB9;IL2RB;IFIT3;LAPTM5;MDM2;FLNA
gs_ind_0,Negative Regulation of Proteasomal Protein Catabolic Process (GO:1901799),1/43,0.9432836894244017,0.9826009430291316,0.5108980667280404,0.02983042077303943,PSMF1
gs_ind_0,Negative Regulation of Protein Binding (GO:0032091),2/18,0.3248819041260126,0.6624839519426774,2.1998755791300364,2.473305890557785,BAX;SLPI
gs_ind_0,Negative Regulation of Protein Catabolic Process (GO:0042177),5/59,0.3313400851362351,0.6644675746427263,1.4658461997464012,1.6191883465543147,MAD2L2;PML;PSMF1;FLNA;FMN2
gs_ind_0,Negative Regulation of Protein Export From Nucleus (GO:0046826),1/4,0.2340004119113125,0.6083192526435693,6.221802482460874,9.036747532590647,SP100
gs_ind_0,Negative Regulation of Protein Kinase Activity (GO:0006469),2/24,0.46396195640651067,0.7448352156149185,1.6125217600096045,1.2383404726591272,PYCARD;ADAR
gs_ind_0,Negative Regulation of Protein Localization (GO:1903828),1/52,0.9689281586598069,0.9967458816514235,0.42133197805709977,0.01329926362776547,NEDD4L
gs_ind_0,Negative Regulation of Protein Localization to Cell Surface (GO:2000009),1/7,0.37284039631262333,0.6882851264020743,3.349454107684005,3.3045876434894486,NEDD4L
gs_ind_0,Negative Regulation of Protein Metabolic Process (GO:0051248),7/123,0.6869293914698509,0.8594564620241213,0.9327945019617534,0.3502865081108995,MAD2L2;ENC1;GZMB;BTG2;FLNA;FMN2;EIF2AK2
gs_ind_0,Negative Regulation of Protein Modification Process (GO:0031400),2/30,0.5847834451201209,0.8055331013373042,1.2724748120977756,0.6827001435928547,ZC3H12A;CDKN1A
gs_ind_0,Negative Regulation of Protein Modification by Small Protein Conjugation or Removal (GO:1903321),4/44,0.31477565464810847,0.6624839519426774,1.6138482825001503,1.8654393240850924,TNFAIP3;ISG15;HSPA1A;TRIM21
gs_ind_0,Negative Regulation of Protein Phosphorylation (GO:0001933),3/48,0.605908598743671,0.815046945498543,1.115655031825935,0.5589723246218259,SAMSN1;ZC3H12A;CDKN1A
gs_ind_0,Negative Regulation of Protein Polymerization (GO:0032272),1/19,0.7182988056240869,0.867676948792053,1.1757850673123205,0.38903157333720684,TWF2
gs_ind_0,Negative Regulation of Protein Polyubiquitination (GO:1902915),1/7,0.37284039631262333,0.6882851264020743,3.349454107684005,3.3045876434894486,PARP10
gs_ind_0,Negative Regulation of Protein Processing (GO:0010955),2/12,0.1787862658078333,0.5716072093995457,3.4584909058166757,5.9540142413558605,THBS1;PLAU
gs_ind_0,Negative Regulation of Protein Secretion (GO:0050709),1/25,0.8112524386727127,0.9159699136722276,0.8874412150181173,0.185631407941355,RSAD2
gs_ind_0,Negative Regulation of Protein Serine/Threonine Kinase Activity (GO:0071901),1/19,0.7182988056240869,0.867676948792053,1.1757850673123205,0.38903157333720684,PYCARD
gs_ind_0,Negative Regulation of Protein Transport (GO:0051224),1/17,0.6780850803054885,0.8523351770196631,1.318500711377128,0.5122144680846036,RSAD2
gs_ind_0,Negative Regulation of Protein Ubiquitination (GO:0031397),4/43,0.2999291632148474,0.6624839519426774,1.6548285622254357,1.9927593733311317,TNFAIP3;DTX3L;ISG15;HSPA1A
gs_ind_0,Negative Regulation of Protein-Containing Complex Assembly (GO:0031333),2/48,0.8246386660346838,0.9185301096581084,0.7788582748064109,0.15017163993996543,AIDA;ZNFX1
gs_ind_0,Negative Regulation of Purine Nucleotide Catabolic Process (GO:0033122),1/10,0.48653733475260663,0.7454724541752974,2.291220495924106,1.6506906488764395,STING1
gs_ind_0,Negative Regulation of RIG-I Signaling Pathway (GO:0039536),1/8,0.4132896381284026,0.7125352949529677,2.902644360496492,2.5647957981136242,DHX58
gs_ind_0,Negative Regulation of RNA Biosynthetic Process (GO:1902679),14/352,0.9837360740354837,0.999999953222645,0.6150148882792901,0.010084789872965932,DAXX;NOTCH1;NIBAN2;RBL1;NRG1;DDIT3;PML;SP100;MDM2;ID1;PRDM11;BASP1;BMAL1;ELF3
gs_ind_0,Negative Regulation of Receptor Signaling Pathway via JAK-STAT (GO:0046426),4/22,0.04955448379138043,0.32629982687969195,3.5388138544608494,10.633012172711737,PARP14;GBP7;IL2RG;IL7
gs_ind_0,Negative Regulation of Receptor Signaling Pathway via STAT (GO:1904893),1/19,0.7182988056240869,0.867676948792053,1.1757850673123205,0.38903157333720684,GBP7
gs_ind_0,Negative Regulation of Receptor-Mediated Endocytosis (GO:0048261),2/22,0.41929659311135503,0.716248172264888,1.7701044919687448,1.5385336695252496,NEU3;B2M
gs_ind_0,Negative Regulation of Regulatory T Cell Differentiation (GO:0045590),4/16,0.016728959419750552,0.1888351537512045,5.239783432593395,21.433931279686306,PSMB10;PSMB9;LAG3;PSMB8
gs_ind_0,Negative Regulation of Response to Biotic Stimulus (GO:0002832),7/35,0.006197965397457093,0.09963648157858052,3.838160038880471,19.511417832273057,DTX4;TRIM21;DHX58;TRAFD1;TNFAIP3;NMI;TREX1
gs_ind_0,Negative Regulation of Response to Endoplasmic Reticulum Stress (GO:1903573),1/29,0.8554888495154207,0.936753990596046,0.7626608344931406,0.1190377958612017,HSPA1A
gs_ind_0,Negative Regulation of Response to External Stimulus (GO:0032102),10/113,0.19234561816841958,0.5989904381496124,1.4761837065118666,2.4334319045997415,DTX4;TRIM21;DHX58;TRAFD1;TNFAIP3;IL1RN;EPPK1;NMI;TREX1;FPR2
gs_ind_0,Negative Regulation of Response to Food (GO:0032096),1/4,0.2340004119113125,0.6083192526435693,6.221802482460874,9.036747532590647,GDF15
gs_ind_0,Negative Regulation of Response to Stimulus (GO:0048585),2/45,0.7960183049545974,0.9126935571904561,0.832758931177307,0.1899798742137952,UBASH3B;COL3A1
gs_ind_0,Negative Regulation of Response to Type II Interferon (GO:0060331),1/7,0.37284039631262333,0.6882851264020743,3.349454107684005,3.3045876434894486,PARP14
gs_ind_0,Negative Regulation of Response to Wounding (GO:1903035),1/16,0.6558766163212053,0.8389578739523719,1.4036697247706422,0.5920434556741193,EPPK1
gs_ind_0,Negative Regulation of SMAD Protein Signal Transduction (GO:0060392),2/14,0.22704403432135226,0.6083192526435693,2.9047001620745543,4.306541273291301,EMILIN1;GDF15
gs_ind_0,Negative Regulation of Secretion (GO:0051048),1/8,0.4132896381284026,0.7125352949529677,2.902644360496492,2.5647957981136242,NRG1
gs_ind_0,Negative Regulation of Secretion by Cell (GO:1903531),3/24,0.1989371255042466,0.60784832860503,2.365263435923881,3.81934805692905,NOTCH1;RSAD2;PNKD
gs_ind_0,Negative Regulation of Signal Transduction (GO:0009968),15/210,0.37856365895173544,0.6979840804231006,1.1519840241039834,1.1190039112532069,IL2RG;DLL1;RGS1;CCL5;RAB7B;THBS1;EMILIN1;TNFAIP3;GDF15;RGS2;PLEK;UBASH3B;TULP3;IL7;FRZB
gs_ind_0,Negative Regulation of Signal Transduction by P53 Class Mediator (GO:1901797),2/25,0.4855226945547672,0.7454724541752974,1.5437888662827455,1.1154326080660328,MDM2;CD44
gs_ind_0,Negative Regulation of Signal Transduction in Absence of Ligand (GO:1901099),2/15,0.25151988032095945,0.6336944594034671,2.6893370950637294,3.7119124671369925,NRG1;HSPA1A
gs_ind_0,Negative Regulation of Signaling (GO:0023057),1/19,0.7182988056240869,0.867676948792053,1.1757850673123205,0.38903157333720684,UBASH3B
gs_ind_0,Negative Regulation of Small GTPase Mediated Signal Transduction (GO:0051058),1/40,0.9306919097420342,0.9777031930670469,0.549823413281234,0.03949215557732492,ARHGAP25
gs_ind_0,Negative Regulation of Small Molecule Metabolic Process (GO:0062014),1/21,0.753493755705255,0.8864281762133814,1.0609163781869875,0.3002759875694897,ACMSD
gs_ind_0,Negative Regulation of Smooth Muscle Cell Proliferation (GO:0048662),2/23,0.4418765538313216,0.7303585487139446,1.6876484112924504,1.3783441861073567,TNFAIP3;CDKN1A
gs_ind_0,Negative Regulation of Smoothened Signaling Pathway (GO:0045879),1/25,0.8112524386727127,0.9159699136722276,0.8874412150181173,0.185631407941355,TULP3
gs_ind_0,Negative Regulation of Sodium Ion Transmembrane Transport (GO:1902306),2/7,0.07019752665192665,0.3649780494105417,6.6050292225332745,17.545878368545242,STK39;NEDD4L
gs_ind_0,Negative Regulation of Sodium Ion Transport (GO:0010766),2/9,0.11054513189129135,0.47715707147271474,4.842967765171979,10.665820017194985,STK39;NEDD4L
gs_ind_0,Negative Regulation of Sprouting Angiogenesis (GO:1903671),2/10,0.13249100130695554,0.509738988210719,4.2728890583786185,8.636536632696506,THBS1;ADAMTS9
gs_ind_0,Negative Regulation of Stem Cell Differentiation (GO:2000737),1/11,0.5196605004230545,0.7685083681045072,2.072854830005397,1.356848411751394,NOTCH1
gs_ind_0,Negative Regulation of Striated Muscle Cell Apoptotic Process (GO:0010664),2/9,0.11054513189129135,0.47715707147271474,4.842967765171979,10.665820017194985,GPR35;NRG1
gs_ind_0,Negative Regulation of Striated Muscle Contraction (GO:0045988),1/4,0.2340004119113125,0.6083192526435693,6.221802482460874,9.036747532590647,ZC3H12A
gs_ind_0,Negative Regulation of Supramolecular Fiber Organization (GO:1902904),3/53,0.6729881683534791,0.8523351770196631,1.0048193029146073,0.39793610657674205,TWF2;ARPIN;CORO1A
gs_ind_0,Negative Regulation of Synapse Assembly (GO:0051964),2/4,0.02282372249623049,0.21896048614125635,14.534305780659103,54.93901924276344,TLR2;CLSTN3
gs_ind_0,Negative Regulation of Synapse Organization (GO:1905809),1/4,0.2340004119113125,0.6083192526435693,6.221802482460874,9.036747532590647,TLR2
gs_ind_0,Negative Regulation of Synaptic Transmission (GO:0050805),1/11,0.5196605004230545,0.7685083681045072,2.072854830005397,1.356848411751394,STXBP1
gs_ind_0,"Negative Regulation of Synaptic Transmission, GABAergic (GO:0032229)",1/1,0.06446453407510432,0.3649780494105417,43.56233135456017,119.43223299736152,STXBP1
gs_ind_0,Negative Regulation of T Cell Activation (GO:0050868),10/32,2.06549859074908e-05,0.0012092879487919214,6.831643960036331,73.69672689384726,LAG3;HAVCR2;LGALS3;SPN;LAPTM5;DLG5;JAK3;TNFRSF14;VTCN1;CD274
gs_ind_0,Negative Regulation of T Cell Apoptotic Process (GO:0070233),2/7,0.07019752665192665,0.3649780494105417,6.6050292225332745,17.545878368545242,JAK3;CCL5
gs_ind_0,Negative Regulation of T Cell Cytokine Production (GO:0002725),1/4,0.2340004119113125,0.6083192526435693,6.221802482460874,9.036747532590647,TNFRSF14
gs_ind_0,Negative Regulation of T Cell Differentiation (GO:0045581),4/19,0.030566398839181975,0.26736608866978584,4.224688684353005,14.735097117366543,PSMB10;PSMB9;LAG3;PSMB8
gs_ind_0,Negative Regulation of T Cell Mediated Cytotoxicity (GO:0001915),1/5,0.2833939579712883,0.6336944594034671,4.838819931642382,6.101351626665179,KLRD1
gs_ind_0,Negative Regulation of T Cell Mediated Immune Response to Tumor Cell (GO:0002841),2/7,0.07019752665192665,0.3649780494105417,6.6050292225332745,17.545878368545242,LAG3;CD274
gs_ind_0,Negative Regulation of T Cell Mediated Immunity (GO:0002710),4/15,0.013207703699533353,0.15838593065488785,5.695840493397048,24.645645536424187,TNFRSF14;CD274;LAG3;KLRD1
gs_ind_0,Negative Regulation of T Cell Proliferation (GO:0042130),6/23,0.0027578711674604212,0.05504636813441136,5.41584373304395,31.91717136219073,LGALS9;SPN;DLG5;TNFRSF14;VTCN1;CD274
gs_ind_0,Negative Regulation of T Cell Receptor Signaling Pathway (GO:0050860),4/23,0.05704060004954411,0.34064004929185576,3.3570863354295946,9.614668351341475,LAG3;LAPTM5;CD274;LGALS3
gs_ind_0,Negative Regulation of T-helper 1 Type Immune Response (GO:0002826),4/8,0.0009737788595205844,0.024133486068451816,14.563616675690309,100.98887048271082,LGALS9;HAVCR2;IL18BP;JAK3
gs_ind_0,Negative Regulation of T-helper 17 Cell Differentiation (GO:2000320),3/9,0.016722704590232056,0.1888351537512045,7.832300203852395,32.04184557160756,LGALS1;ZC3H12A;JAK3
gs_ind_0,Negative Regulation of T-helper 17 Cell Lineage Commitment (GO:2000329),2/4,0.02282372249623049,0.21896048614125635,14.534305780659103,54.93901924276344,JAK3;LGALS1
gs_ind_0,Negative Regulation of T-helper 17 Type Immune Response (GO:2000317),1/5,0.2833939579712883,0.6336944594034671,4.838819931642382,6.101351626665179,ZC3H12A
gs_ind_0,Negative Regulation of T-helper Cell Differentiation (GO:0045623),2/8,0.08969570360216707,0.43164243125055807,5.588455304824834,13.475623389845104,ZC3H12A;JAK3
gs_ind_0,Negative Regulation of TOR Signaling (GO:0032007),3/70,0.8377336789061376,0.9254903272908073,0.7508002323578311,0.13293296112698155,DDIT4;BMAL1;TULP3
gs_ind_0,Negative Regulation of TORC1 Signaling (GO:1904262),1/51,0.9667789572777475,0.9952234748854348,0.42970724487451445,0.014517829312234888,TULP3
gs_ind_0,Negative Regulation of Telomere Maintenance via Telomerase (GO:0032211),1/19,0.7182988056240869,0.867676948792053,1.1757850673123205,0.38903157333720684,PML
gs_ind_0,Negative Regulation of Telomere Maintenance via Telomere Lengthening (GO:1904357),1/25,0.8112524386727127,0.9159699136722276,0.8874412150181173,0.185631407941355,PML
gs_ind_0,Negative Regulation of Toll-Like Receptor 2 Signaling Pathway (GO:0034136),1/4,0.2340004119113125,0.6083192526435693,6.221802482460874,9.036747532590647,TNFAIP3
gs_ind_0,Negative Regulation of Toll-Like Receptor 4 Signaling Pathway (GO:0034144),2/9,0.11054513189129135,0.47715707147271474,4.842967765171979,10.665820017194985,RAB7B;TNFAIP3
gs_ind_0,Negative Regulation of Toll-Like Receptor 9 Signaling Pathway (GO:0034164),1/5,0.2833939579712883,0.6336944594034671,4.838819931642382,6.101351626665179,RAB7B
gs_ind_0,Negative Regulation of Toll-Like Receptor Signaling Pathway (GO:0034122),1/16,0.6558766163212053,0.8389578739523719,1.4036697247706422,0.5920434556741193,CD300LF
gs_ind_0,Negative Regulation of Transcription by RNA Polymerase I (GO:0016479),1/8,0.4132896381284026,0.7125352949529677,2.902644360496492,2.5647957981136242,FLNA
gs_ind_0,Negative Regulation of Transcription by RNA Polymerase II (GO:0000122),19/528,0.9987367129666423,0.999999953222645,0.54531917777959,0.0006893301489824485,IRF7;HSPA1A;SP100;PARP9;MAD2L2;HJV;ID1;SEMA4D;EZH1;IFI27;ZC3H12A;ZMYND8;DDIT3;ATF3;AR;AMOT;NOTCH1;STAT1;MDM2
gs_ind_0,Negative Regulation of Transforming Growth Factor Beta Receptor Signaling Pathway (GO:0030512),4/59,0.5330164800273369,0.7824239938802073,1.176356107054537,0.7401667162442778,EMILIN1;HSPA1A;GDF15;FBN1
gs_ind_0,Negative Regulation of Translation (GO:0017148),6/89,0.5157348453678866,0.7685083681045072,1.1294816769066316,0.7479004234680656,AJUBA;ENC1;GZMB;BTG2;CPEB1;EIF2AK2
gs_ind_0,Negative Regulation of Transmembrane Transport (GO:0034763),2/15,0.25151988032095945,0.6336944594034671,2.6893370950637294,3.7119124671369925,THBS1;STK39
gs_ind_0,Negative Regulation of Transport (GO:0051051),3/28,0.26876955919595374,0.6336944594034671,1.9936478647705702,2.619455771223916,STK39;LGALS3;NRG1
gs_ind_0,Negative Regulation of Tumor Necrosis Factor Production (GO:0032720),5/28,0.031366180400082544,0.2703855666952043,3.407380499336908,11.796436554425629,ZC3H12A;THBS1;LGALS9;HAVCR2;TNFAIP3
gs_ind_0,Negative Regulation of Tumor Necrosis Factor Superfamily Cytokine Production (GO:1903556),6/29,0.009327900243145778,0.13273289628284948,4.03127417139031,18.845180162193806,ZC3H12A;THBS1;LGALS9;HAVCR2;TNFAIP3;CD274
gs_ind_0,Negative Regulation of Type 2 Immune Response (GO:0002829),1/4,0.2340004119113125,0.6083192526435693,6.221802482460874,9.036747532590647,CCR2
gs_ind_0,Negative Regulation of Type I Interferon Production (GO:0032480),6/39,0.03720829399588319,0.27162107597191837,2.8258031600003237,9.300350008669838,DHX58;HAVCR2;GBP7;XAF1;RELB;PYCARD
gs_ind_0,Negative Regulation of Type I Interferon-Mediated Signaling Pathway (GO:0060339),5/17,0.0035490100642954006,0.06898533288375504,6.411121951219513,36.165693934516355,SAMHD1;ISG15;NLRC5;OAS3;USP18
gs_ind_0,Negative Regulation of Type II Interferon Production (GO:0032689),6/17,0.000471760077888933,0.013490523765785448,8.245181532944867,63.15017526017783,ZC3H12A;LGALS9;DDIT3;HAVCR2;LAPTM5;CD274
gs_ind_0,Negative Regulation of Type II Interferon-Mediated Signaling Pathway (GO:0060336),1/7,0.37284039631262333,0.6882851264020743,3.349454107684005,3.3045876434894486,PARP14
gs_ind_0,Negative Regulation of Tyrosine Phosphorylation of STAT Protein (GO:0042532),3/5,0.0024199647334627577,0.050682923361396064,20.370037858301785,122.70915515126904,PARP14;IL2RG;IL7
gs_ind_0,Negative Regulation of Ubiquitin-Dependent Protein Catabolic Process (GO:2000059),1/43,0.9432836894244017,0.9826009430291316,0.5108980667280404,0.02983042077303943,PML
gs_ind_0,Negative Regulation of Ubiquitin-Protein Transferase Activity (GO:0051444),2/5,0.03642622767140897,0.27162107597191837,10.380875202593193,34.38629847772066,MAD2L2;DTX3L
gs_ind_0,Negative Regulation of Vascular Associated Smooth Muscle Cell Proliferation (GO:1904706),1/10,0.48653733475260663,0.7454724541752974,2.291220495924106,1.6506906488764395,CDKN1A
gs_ind_0,Negative Regulation of Vascular Endothelial Cell Proliferation (GO:1905563),1/4,0.2340004119113125,0.6083192526435693,6.221802482460874,9.036747532590647,CCL2
gs_ind_0,Negative Regulation of Vascular Endothelial Growth Factor Receptor Signaling Pathway (GO:0030948),1/10,0.48653733475260663,0.7454724541752974,2.291220495924106,1.6506906488764395,EMILIN1
gs_ind_0,Negative Regulation of Vascular Endothelial Growth Factor Signaling Pathway (GO:1900747),1/10,0.48653733475260663,0.7454724541752974,2.291220495924106,1.6506906488764395,EMILIN1
gs_ind_0,Negative Regulation of Vascular Permeability (GO:0043116),1/10,0.48653733475260663,0.7454724541752974,2.291220495924106,1.6506906488764395,AMOT
gs_ind_0,Negative Regulation of Vasoconstriction (GO:0045906),1/7,0.37284039631262333,0.6882851264020743,3.349454107684005,3.3045876434894486,ADM
gs_ind_0,Negative Regulation of Viral Genome Replication (GO:0045071),16/31,9.411250820453914e-12,5.597811988005988e-09,15.694459681843115,398.4684455949355,TNIP1;ISG15;ZNFX1;PLSCR1;CCL5;IFIT1;RSAD2;BST2;IFIH1;OAS2;SLPI;ISG20;MX1;OAS3;IFITM3;EIF2AK2
gs_ind_0,Negative Regulation of Viral Life Cycle (GO:1903901),1/4,0.2340004119113125,0.6083192526435693,6.221802482460874,9.036747532590647,BST2
gs_ind_0,Negative Regulation of Viral Process (GO:0048525),21/50,8.904956879031435e-13,8.827780586079829e-10,10.793113764058074,299.4765074770347,CCL5;SP100;ISG15;TRIM14;TRIM21;RSAD2;IFIH1;SLPI;TNIP1;ZNFX1;PLSCR1;IFIT1;ISG20;MX1;OAS3;EIF2AK2;BST2;STAT1;OAS2;IFITM3;MBL2
gs_ind_0,Negative Regulation of Viral Transcription (GO:0032897),4/14,0.010197268441630053,0.14040127937688787,6.23876556578235,28.60870419579604,SP100;TRIM14;IFITM3;TRIM21
gs_ind_0,Negative Regulation of Voltage-Gated Calcium Channel Activity (GO:1901386),1/5,0.2833939579712883,0.6336944594034671,4.838819931642382,6.101351626665179,GPR35
gs_ind_0,Negative Regulation of Wnt Signaling Pathway (GO:0030178),4/103,0.9057937323476646,0.964148375090177,0.6540036402913322,0.06470951863067409,MAD2L2;DDIT3;FRZB;RNF213
gs_ind_0,Negative Regulation of Wound Healing (GO:0061045),1/23,0.7842956950537663,0.9044185331872435,0.9664687893506027,0.23482211733826094,EPPK1
gs_ind_0,Negative Regulation of cGAS/STING Signaling Pathway (GO:0160049),1/13,0.5796404588195495,0.8010458757106599,1.7409390178089585,0.9494163340617632,TREX1
gs_ind_0,Negative Regulation of calcineurin-NFAT Signaling Cascade (GO:0070885),1/8,0.4132896381284026,0.7125352949529677,2.902644360496492,2.5647957981136242,RCAN1
gs_ind_0,Negative Regulation of mRNA Catabolic Process (GO:1902373),1/44,0.9469508457265277,0.9853855196608443,0.49911606528090513,0.027205864602161296,TENT5A
gs_ind_0,Nervous System Development (GO:0007399),17/261,0.5187351657251983,0.7685083681045072,1.0384022352266054,0.6815675644309421,NPAS2;SMO;ZMYND8;ENC1;SERPINI1;LAMA3;NLGN2;CELSR1;LRP5;HAPLN1;CDH1;CHRM3;PGBD1;NRG1;CAPG;HAP1;VSIG10
gs_ind_0,Neural Crest Cell Development (GO:0014032),2/28,0.5468409946482946,0.7880800413240646,1.3687145143369723,0.8261522553215535,NRG1;SEMA4D
gs_ind_0,Neural Crest Cell Differentiation (GO:0014033),1/18,0.6988617377278106,0.8627707795776292,1.2430652995143012,0.44539322599570885,NRG1
gs_ind_0,Neural Crest Cell Migration (GO:0001755),1/17,0.6780850803054885,0.8523351770196631,1.318500711377128,0.5122144680846036,SEMA4D
gs_ind_0,Neural Tube Closure (GO:0001843),3/23,0.18220700555170452,0.5716072093995457,2.4808268147581423,4.223885120462901,BBS4;MTHFR;CELSR1
gs_ind_0,Neurogenesis (GO:0022008),2/39,0.7262111326204261,0.8726270337022817,0.9664325589771294,0.30917577937399343,PGBD1;HAP1
gs_ind_0,Neuromuscular Junction Development (GO:0007528),1/15,0.6321377878742459,0.8285490441331016,1.5005861882873996,0.6882406887353841,NEDD4L
gs_ind_0,Neuromuscular Synaptic Transmission (GO:0007274),1/7,0.37284039631262333,0.6882851264020743,3.349454107684005,3.3045876434894486,CHRNA4
gs_ind_0,Neuron Apoptotic Process (GO:0051402),2/18,0.3248819041260126,0.6624839519426774,2.1998755791300364,2.473305890557785,DAXX;NGFR
gs_ind_0,Neuron Cell-Cell Adhesion (GO:0007158),2/7,0.07019752665192665,0.3649780494105417,6.6050292225332745,17.545878368545242,NLGN2;ITGB2
gs_ind_0,Neuron Development (GO:0048666),4/103,0.9057937323476646,0.964148375090177,0.6540036402913322,0.06470951863067409,BICDL1;BTG2;LGI4;NEDD4L
gs_ind_0,Neuron Differentiation (GO:0030182),3/88,0.9289178397175288,0.9775660492993385,0.5919400086659772,0.04364668681061509,DDIT4;ID1;TUBA1C
gs_ind_0,Neuron Fate Commitment (GO:0048663),1/6,0.3296057006468095,0.6624839519426774,3.9587401265760684,4.393640133528681,DLL1
gs_ind_0,Neuron Fate Specification (GO:0048665),1/3,0.18120623955754206,0.5716072093995457,8.71117107393416,14.879720755179145,DLL1
gs_ind_0,Neuron Maturation (GO:0042551),1/14,0.6067632607040262,0.815046945498543,1.6118606463992324,0.8053123024832447,LGI4
gs_ind_0,Neuron Migration (GO:0001764),3/37,0.42985909521648424,0.7303585487139446,1.4725782052186454,1.2432945530398374,TUBB2A;DDIT4;CELSR1
gs_ind_0,Neuron Projection Development (GO:0031175),3/126,0.9896085616284314,0.999999953222645,0.40863975055999197,0.004268571695606067,BTG2;BICDL1;NEDD4L
gs_ind_0,Neuron Projection Extension (GO:1990138),1/22,0.7694079063049644,0.8941848821222994,1.0114961282144606,0.2651475390012929,CLSTN3
gs_ind_0,Neuron Projection Guidance (GO:0097485),4/68,0.6463424385417154,0.8389578739523719,1.0115334735145616,0.44145933072009613,EFNA3;CYFIP2;NOTCH1;SEMA4D
gs_ind_0,Neuron Projection Morphogenesis (GO:0048812),1/91,0.9977200560401243,0.999999953222645,0.23906581234551705,0.000545678950229606,CELSR1
gs_ind_0,Neuron Projection Organization (GO:0106027),1/14,0.6067632607040262,0.815046945498543,1.6118606463992324,0.8053123024832447,PLS1
gs_ind_0,Neuronal Action Potential (GO:0019228),1/4,0.2340004119113125,0.6083192526435693,6.221802482460874,9.036747532590647,MYH14
gs_ind_0,Neuronal Dense Core Vesicle Exocytosis (GO:0099011),1/5,0.2833939579712883,0.6336944594034671,4.838819931642382,6.101351626665179,STXBP1
gs_ind_0,Neuropeptide Catabolic Process (GO:0010813),1/5,0.2833939579712883,0.6336944594034671,4.838819931642382,6.101351626665179,ACE
gs_ind_0,Neurotrophin Signaling Pathway (GO:0038179),2/12,0.1787862658078333,0.5716072093995457,3.4584909058166757,5.9540142413558605,DDIT4;HAP1
gs_ind_0,Neurotrophin TRK Receptor Signaling Pathway (GO:0048011),2/5,0.03642622767140897,0.27162107597191837,10.380875202593193,34.38629847772066,DDIT4;HAP1
gs_ind_0,Neutral Amino Acid Transport (GO:0015804),3/23,0.18220700555170452,0.5716072093995457,2.4808268147581423,4.223885120462901,SLC1A4;SLC7A5;SLC1A5
gs_ind_0,Neutrophil Activation (GO:0042119),1/10,0.48653733475260663,0.7454724541752974,2.291220495924106,1.6506906488764395,CCL5
gs_ind_0,Neutrophil Chemotaxis (GO:0030593),7/21,0.00023617832117680312,0.0074722800763809836,7.551836520631591,63.06480861558671,CKLF;S100A9;CXCL10;GPR35;LGALS3;ITGB2;CXCL9
gs_ind_0,Neutrophil Mediated Immunity (GO:0002446),1/9,0.45113270140804174,0.7303585487139446,2.5609663185295704,2.0385131696903356,ACE
gs_ind_0,Neutrophil Migration (GO:1990266),7/24,0.0005928581382844443,0.015846781694506644,6.255839217816404,46.48435997382772,CKLF;S100A9;CXCL10;GPR35;LGALS3;ITGB2;CXCL9
gs_ind_0,Nicotinamide Nucleotide Metabolic Process (GO:0046496),2/36,0.6842661317081903,0.8572061818450539,1.0507050634596262,0.398646280334594,HK1;PKM
gs_ind_0,Nicotinate Metabolic Process (GO:1901847),2/10,0.13249100130695554,0.509738988210719,4.2728890583786185,8.636536632696506,PARP10;PARP9
gs_ind_0,Nitric Oxide Mediated Signal Transduction (GO:0007263),1/11,0.5196605004230545,0.7685083681045072,2.072854830005397,1.356848411751394,THBS1
gs_ind_0,Nitric oxide-cGMP-mediated Signaling (GO:0038060),1/7,0.37284039631262333,0.6882851264020743,3.349454107684005,3.3045876434894486,THBS1
gs_ind_0,Nitrogen Compound Transport (GO:0071705),5/91,0.7061650059787835,0.867676948792053,0.9213622194025408,0.32054776611718416,SLC7A5;SLC15A3;SLC1A4;HPX;SLCO3A1
gs_ind_0,Non-canonical NF-kappaB Signal Transduction (GO:0038061),3/26,0.23337996263985208,0.6083192526435693,2.1636422217875104,3.148288562481339,TNFRSF10B;RELB;TLR3
gs_ind_0,Non-canonical Wnt Signaling Pathway (GO:0035567),4/30,0.12460039537676403,0.49743772311433054,2.4690216669561043,5.142091924725771,VANGL1;FRZB;ARHGEF19;CELSR1
gs_ind_0,Non-motile Cilium Assembly (GO:1905515),2/27,0.5269787492588416,0.7754749135555641,1.4224955244118176,0.9112435990404166,BBS4;CC2D2A
gs_ind_0,Non-proteinogenic Amino Acid Metabolic Process (GO:0170041),1/16,0.6558766163212053,0.8389578739523719,1.4036697247706422,0.5920434556741193,MTHFR
gs_ind_0,Notch Signaling Pathway (GO:0007219),4/29,0.11344584072166912,0.48405728881814053,2.5660371349406033,5.5847995092895735,DTX4;DTX3L;DLL1;NOTCH1
gs_ind_0,Nuclear Body Organization (GO:0030575),1/11,0.5196605004230545,0.7685083681045072,2.072854830005397,1.356848411751394,PML
gs_ind_0,Nuclear Chromosome Segregation (GO:0098813),1/10,0.48653733475260663,0.7454724541752974,2.291220495924106,1.6506906488764395,GEM
gs_ind_0,Nuclear Envelope Organization (GO:0006998),1/19,0.7182988056240869,0.867676948792053,1.1757850673123205,0.38903157333720684,TMEM43
gs_ind_0,Nuclear Membrane Organization (GO:0071763),1/26,0.8234411526643806,0.9185301096581084,0.852576108694962,0.16562415625449156,TMEM43
gs_ind_0,Nuclear Receptor-Mediated Signaling Pathway (GO:0141193),1/25,0.8112524386727127,0.9159699136722276,0.8874412150181173,0.185631407941355,SP100
gs_ind_0,Nuclear Receptor-Mediated Steroid Hormone Signaling Pathway (GO:0030518),2/36,0.6842661317081903,0.8572061818450539,1.0507050634596262,0.398646280334594,DAXX;AR
gs_ind_0,Nuclear Transport (GO:0051169),1/37,0.9153082599048693,0.9685452432100544,0.5951474469390622,0.05266720097623858,AAAS
gs_ind_0,Nuclear-transcribed mRNA Catabolic Process (GO:0000956),3/101,0.9623274756749471,0.9927027099054085,0.5133162938946282,0.01971158947932408,NT5C3B;ZC3H12A;DCP1B
gs_ind_0,"Nuclear-transcribed mRNA Catabolic Process, Deadenylation-Dependent Decay (GO:0000288)",2/41,0.7514768479034447,0.8864281762133814,0.9173624930759289,0.26210411289193003,NT5C3B;DCP1B
gs_ind_0,"Nuclear-transcribed mRNA Catabolic Process, Deadenylation-Independent Decay (GO:0031086)",1/7,0.37284039631262333,0.6882851264020743,3.349454107684005,3.3045876434894486,DCP1B
gs_ind_0,"Nuclear-transcribed mRNA Catabolic Process, Nonsense-Mediated Decay (GO:0000184)",1/28,0.8455103142082172,0.9292489558223348,0.79045282833734,0.13264977164787137,ZC3H12A
gs_ind_0,Nucleic Acid Biosynthetic Process (GO:0141187),1/9,0.45113270140804174,0.7303585487139446,2.5609663185295704,2.0385131696903356,POLK
gs_ind_0,Nucleic Acid Catabolic Process (GO:0141188),4/46,0.34462607409011375,0.687403047849764,1.5376731743049141,1.638075994683504,ISG20;TREX1;PNPT1;RNASE6
gs_ind_0,Nucleic Acid Metabolic Process (GO:0090304),3/21,0.1500182523598359,0.5505114261205458,2.7494335871837223,5.215670868041435,DNTT;TREX1;DDX24
gs_ind_0,Nucleobase Biosynthetic Process (GO:0046112),1/6,0.3296057006468095,0.6624839519426774,3.9587401265760684,4.393640133528681,CTPS2
gs_ind_0,Nucleobase-containing Compound Metabolic Process (GO:0006139),2/33,0.637194249624878,0.8322422917805828,1.1510294735578366,0.5187467981343921,OAS2;OAS3
gs_ind_0,Nucleocytoplasmic Transport (GO:0006913),1/36,0.9094567846817803,0.9656281605296732,0.6119577692816369,0.05807956411954154,AAAS
gs_ind_0,Nucleosome Assembly (GO:0006334),1/32,0.8817245999640496,0.9500902030047403,0.6898722791869041,0.08683802958080115,DAXX
gs_ind_0,Nucleosome Disassembly (GO:0006337),1/9,0.45113270140804174,0.7303585487139446,2.5609663185295704,2.0385131696903356,NFE2
gs_ind_0,Nucleosome Organization (GO:0034728),2/42,0.7633397376408113,0.8941206694540264,0.8946448699735211,0.2416007090844008,DAXX;NFE2
gs_ind_0,Nucleotide Metabolic Process (GO:0009117),1/13,0.5796404588195495,0.8010458757106599,1.7409390178089585,0.9494163340617632,CTPS2
gs_ind_0,"Nucleotide-binding Domain, Leucine Rich Repeat Containing Receptor Signaling Pathway (GO:0035872)",3/14,0.05700236899903131,0.34064004929185576,4.425306276012886,12.677008721408043,NOD2;LACC1;TNFAIP3
gs_ind_0,Nucleotide-binding Oligomerization Domain Containing 2 Signaling Pathway (GO:0070431),2/7,0.07019752665192665,0.3649780494105417,6.6050292225332745,17.545878368545242,LACC1;NOD2
gs_ind_0,Nucleotide-excision Repair (GO:0006289),1/57,0.9777615665615994,0.9997059263401236,0.3839026882978571,0.00863375480142371,POLK
gs_ind_0,"Nucleotide-excision Repair, DNA Gap Filling (GO:0006297)",1/6,0.3296057006468095,0.6624839519426774,3.9587401265760684,4.393640133528681,POLK
gs_ind_0,Nucleotide-sugar Biosynthetic Process (GO:0009226),2/22,0.41929659311135503,0.716248172264888,1.7701044919687448,1.5385336695252496,HK1;PGM3
gs_ind_0,Odontogenesis (GO:0042476),1/17,0.6780850803054885,0.8523351770196631,1.318500711377128,0.5122144680846036,COL1A1
gs_ind_0,Oligosaccharide Biosynthetic Process (GO:0009312),1/11,0.5196605004230545,0.7685083681045072,2.072854830005397,1.356848411751394,B3GALNT1
gs_ind_0,Oligosaccharide Catabolic Process (GO:0009313),2/7,0.07019752665192665,0.3649780494105417,6.6050292225332745,17.545878368545242,NEU2;NEU3
gs_ind_0,Oligosaccharide Metabolic Process (GO:0009311),5/24,0.01676277087771284,0.1888351537512045,4.107553331943576,16.794121484360392,GLA;ST6GALNAC4;B3GALNT1;NEU2;NEU3
gs_ind_0,One-carbon Metabolic Process (GO:0006730),1/11,0.5196605004230545,0.7685083681045072,2.072854830005397,1.356848411751394,MTHFR
gs_ind_0,Oogenesis (GO:0048477),1/8,0.4132896381284026,0.7125352949529677,2.902644360496492,2.5647957981136242,FMN2
gs_ind_0,Organelle Assembly (GO:0070925),17/291,0.69868851686187,0.8627707795776292,0.9228150828874625,0.33087557734789286,BBS4;NOTCH1;FAM161A;EHD4;CPLANE1;CORO1A;CC2D2A;CPAP;PTPDC1;ALPK1;RAB8B;STING1;AR;HPS1;G3BP2;AP1S3;FLNA
gs_ind_0,Organelle Disassembly (GO:1903008),4/45,0.32968266606427793,0.6624839519426774,1.574842956014638,1.7474846507407995,CHKA;KIF9;TRIM21;PLAAT3
gs_ind_0,Organelle Fusion (GO:0048284),1/27,0.8348435527953628,0.9226401806069896,0.8203423311509128,0.14808076007375526,BAX
gs_ind_0,Organelle Organization (GO:0006996),15/362,0.9780369970629059,0.9997059263401236,0.6406646299398837,0.014227739383021703,GEM;CCL2;AJUBA;FAM161A;SH3BGRL3;PNPLA3;PLAAT3;CFAP126;CCL7;TDRD7;MYH14;KIF9;PAK6;CENPT;PNPT1
gs_ind_0,Organelle Transport Along Microtubule (GO:0072384),2/38,0.7127814528545392,0.867676948792053,0.9929841699784641,0.33620500059115366,HAP1;BICDL1
gs_ind_0,Organic Anion Transport (GO:0015711),4/67,0.6346896816642349,0.8304298782531608,1.0275398709974464,0.46713924091690173,SLC13A3;PANX1;SLC13A5;SLCO3A1
gs_ind_0,Organic Cation Transport (GO:0015695),4/47,0.35958267114117526,0.6882851264020743,1.5022123480760974,1.536479564529691,SLC1A4;SLC7A5;SLC1A5;SLCO3A1
gs_ind_0,Organophosphate Ester Transport (GO:0015748),1/24,0.7982232489079947,0.9126935571904561,0.925273564432605,0.2085260904971238,PRELID2
gs_ind_0,Organophosphate Metabolic Process (GO:0019637),3/61,0.7621323982728846,0.8941206694540264,0.8668903958249551,0.23547776172469723,PLEK;HK1;PLAAT3
gs_ind_0,Osmosensory Signaling Pathway (GO:0007231),2/3,0.011920279570145109,0.14833017339586424,24.225643796146226,107.30783232096144,CASP1;PYCARD
gs_ind_0,Outer Dynein Arm Assembly (GO:0036158),1/6,0.3296057006468095,0.6624839519426774,3.9587401265760684,4.393640133528681,DNAI1
gs_ind_0,P Granule Organization (GO:0030719),1/3,0.18120623955754206,0.5716072093995457,8.71117107393416,14.879720755179145,TDRD7
gs_ind_0,P38MAPK Cascade (GO:0038066),1/13,0.5796404588195495,0.8010458757106599,1.7409390178089585,0.9494163340617632,LGALS9
gs_ind_0,PERK-mediated Unfolded Protein Response (GO:0036499),1/7,0.37284039631262333,0.6882851264020743,3.349454107684005,3.3045876434894486,DDIT3
gs_ind_0,PML Body Organization (GO:0030578),1/5,0.2833939579712883,0.6336944594034671,4.838819931642382,6.101351626665179,PML
gs_ind_0,Parallel Actin Filament Bundle Assembly (GO:0030046),1/5,0.2833939579712883,0.6336944594034671,4.838819931642382,6.101351626665179,FMN2
gs_ind_0,Pattern Recognition Receptor Signaling Pathway (GO:0002221),18/60,2.1956895019695487e-08,3.841165046386728e-06,6.418853280729554,113.19124381935654,IRF7;TLR7;DHX58;TLR3;TLR1;TLR9;MBL2;LACC1;ALPK1;IFIH1;STING1;PLCG2;CASP1;PYCARD;TRAF3;NOD2;RIGI;TLR2
gs_ind_0,Pentose-phosphate Shunt (GO:0006098),1/10,0.48653733475260663,0.7454724541752974,2.291220495924106,1.6506906488764395,PGD
gs_ind_0,Peptide Antigen Assembly With MHC Class I Protein Complex (GO:0002502),2/5,0.03642622767140897,0.27162107597191837,10.380875202593193,34.38629847772066,TAPBP;B2M
gs_ind_0,Peptide Antigen Assembly With MHC Class II Protein Complex (GO:0002503),1/1,0.06446453407510432,0.3649780494105417,43.56233135456017,119.43223299736152,B2M
gs_ind_0,Peptide Antigen Assembly With MHC Protein Complex (GO:0002501),2/5,0.03642622767140897,0.27162107597191837,10.380875202593193,34.38629847772066,TAPBP;B2M
gs_ind_0,Peptide Catabolic Process (GO:0043171),1/13,0.5796404588195495,0.8010458757106599,1.7409390178089585,0.9494163340617632,ACE
gs_ind_0,Peptide Cross-Linking (GO:0018149),1/6,0.3296057006468095,0.6624839519426774,3.9587401265760684,4.393640133528681,COL3A1
gs_ind_0,Peptide Hormone Processing (GO:0016486),1/20,0.7364825677009945,0.8775237004578357,1.1154053717464403,0.34116872034232576,ACE
gs_ind_0,Peptide Transport (GO:0015833),2/5,0.03642622767140897,0.27162107597191837,10.380875202593193,34.38629847772066,TAP2;TAP1
gs_ind_0,Peptidyl-lysine Modification (GO:0018205),3/60,0.7521799248763333,0.8864281762133814,0.8820325910597973,0.2511849959421768,MDM2;PML;IFIH1
gs_ind_0,Peptidyl-serine Modification (GO:0018209),1/30,0.8648235186324998,0.9424643255452747,0.7367530436214292,0.1069985101181338,STK39
gs_ind_0,Peptidyl-serine Phosphorylation (GO:0018105),1/33,0.8893661734121487,0.9541756853274641,0.6685956245589273,0.07839031949713929,STK39
gs_ind_0,Peptidyl-threonine Dephosphorylation (GO:0035970),1/6,0.3296057006468095,0.6624839519426774,3.9587401265760684,4.393640133528681,DUSP5
gs_ind_0,Peptidyl-threonine Modification (GO:0018210),1/16,0.6558766163212053,0.8389578739523719,1.4036697247706422,0.5920434556741193,STK39
gs_ind_0,Peptidyl-threonine Phosphorylation (GO:0018107),1/16,0.6558766163212053,0.8389578739523719,1.4036697247706422,0.5920434556741193,STK39
gs_ind_0,Peptidyl-tyrosine Dephosphorylation (GO:0035335),1/16,0.6558766163212053,0.8389578739523719,1.4036697247706422,0.5920434556741193,DUSP5
gs_ind_0,Peptidyl-tyrosine Modification (GO:0018212),1/33,0.8893661734121487,0.9541756853274641,0.6685956245589273,0.07839031949713929,HCK
gs_ind_0,Peptidyl-tyrosine Phosphorylation (GO:0018108),2/41,0.7514768479034447,0.8864281762133814,0.9173624930759289,0.26210411289193003,HCK;JAK3
gs_ind_0,Pericardium Development (GO:0060039),1/5,0.2833939579712883,0.6336944594034671,4.838819931642382,6.101351626665179,NOTCH1
gs_ind_0,Pericardium Morphogenesis (GO:0003344),1/4,0.2340004119113125,0.6083192526435693,6.221802482460874,9.036747532590647,NOTCH1
gs_ind_0,Peripheral Nervous System Axon Ensheathment (GO:0032292),1/8,0.4132896381284026,0.7125352949529677,2.902644360496492,2.5647957981136242,LGI4
gs_ind_0,Peripheral Nervous System Development (GO:0007422),3/10,0.022761654228634364,0.21896048614125635,6.787488732648279,25.674884242921568,NRG1;GSTM3;SERPINI1
gs_ind_0,Peroxisomal Membrane Transport (GO:0015919),1/15,0.6321377878742459,0.8285490441331016,1.5005861882873996,0.6882406887353841,RAB8B
gs_ind_0,Peroxisome Organization (GO:0007031),1/27,0.8348435527953628,0.9226401806069896,0.8203423311509128,0.14808076007375526,PLAAT3
gs_ind_0,Phagocytosis (GO:0006909),10/75,0.021682213288196025,0.21896048614125635,2.3392349772240366,8.96222446024701,HCK;CORO1A;CD93;PLD4;ITGAX;ITGB2;MYO1G;MARCO;ARHGAP25;ITGAM
gs_ind_0,"Phagocytosis, Engulfment (GO:0006911)",5/18,0.004656591967242862,0.0795902558079326,5.935782394860985,31.872014018946967,THBS1;MARCO;ITGB2;ARHGAP25;ITGAM
gs_ind_0,Phagolysosome Assembly (GO:0001845),2/11,0.15530567804812975,0.5505114261205458,3.8228269214364925,7.11947989835536,RAB7B;CORO1A
gs_ind_0,Phagosome Maturation (GO:0090382),1/13,0.5796404588195495,0.8010458757106599,1.7409390178089585,0.9494163340617632,CORO1A
gs_ind_0,Phagosome-lysosome Fusion (GO:0090385),1/9,0.45113270140804174,0.7303585487139446,2.5609663185295704,2.0385131696903356,RAB7B
gs_ind_0,Phosphate-containing Compound Metabolic Process (GO:0006796),5/106,0.8214210645418512,0.9185301096581084,0.7843192225025698,0.15429083282518105,DUSP5;HK1;PLAAT3;PLEK;DUSP8
gs_ind_0,Phosphatidic Acid Biosynthetic Process (GO:0006654),1/24,0.7982232489079947,0.9126935571904561,0.925273564432605,0.2085260904971238,PNPLA3
gs_ind_0,Phosphatidic Acid Metabolic Process (GO:0046473),1/26,0.8234411526643806,0.9185301096581084,0.852576108694962,0.16562415625449156,PNPLA3
gs_ind_0,Phosphatidylcholine Biosynthetic Process (GO:0006656),1/19,0.7182988056240869,0.867676948792053,1.1757850673123205,0.38903157333720684,CHKA
gs_ind_0,Phosphatidylcholine Metabolic Process (GO:0046470),2/38,0.7127814528545392,0.867676948792053,0.9929841699784641,0.33620500059115366,CHKA;PLAAT3
gs_ind_0,Phosphatidylethanolamine Acyl-Chain Remodeling (GO:0036152),1/4,0.2340004119113125,0.6083192526435693,6.221802482460874,9.036747532590647,PLAAT3
gs_ind_0,Phosphatidylethanolamine Biosynthetic Process (GO:0006646),1/8,0.4132896381284026,0.7125352949529677,2.902644360496492,2.5647957981136242,CHKA
gs_ind_0,Phosphatidylethanolamine Metabolic Process (GO:0046337),2/16,0.2760553611698522,0.6336944594034671,2.503679278675087,3.22262042128606,CHKA;PLAAT3
gs_ind_0,Phosphatidylinositol Biosynthetic Process (GO:0006661),2/44,0.7855959684329861,0.9052159667259592,0.8524168176184574,0.205698964391998,PLEKHA4;PLCG2
gs_ind_0,Phosphatidylinositol Metabolic Process (GO:0046488),2/57,0.890051140014488,0.954222094593759,0.6521188936099795,0.07595643319962589,PLEKHA4;PLCG2
gs_ind_0,Phosphatidylinositol-mediated Signaling (GO:0048015),1/21,0.753493755705255,0.8864281762133814,1.0609163781869875,0.3002759875694897,PLCG2
gs_ind_0,Phosphatidylserine Acyl-Chain Remodeling (GO:0036150),1/4,0.2340004119113125,0.6083192526435693,6.221802482460874,9.036747532590647,PLA1A
gs_ind_0,Phosphatidylserine Metabolic Process (GO:0006658),2/12,0.1787862658078333,0.5716072093995457,3.4584909058166757,5.9540142413558605,PLA1A;PLSCR1
gs_ind_0,Phospholipase C-activating Dopamine Receptor Signaling Pathway (GO:0060158),1/2,0.12477758622840975,0.49743772311433054,14.519697787371829,30.218720809256304,GNA14
gs_ind_0,Phospholipase C-activating G Protein-Coupled Receptor Signaling Pathway (GO:0007200),6/47,0.07982438020810136,0.4058080457075101,2.2797102680935355,5.762939554024354,MAS1;PRKD2;PLEK;PTAFR;GNA14;FPR2
gs_ind_0,Phospholipid Catabolic Process (GO:0009395),2/20,0.3728073261628401,0.6882851264020743,1.9617591659731044,1.9356551052029078,SMPD3;ENPP6
gs_ind_0,Phospholipid Metabolic Process (GO:0006644),3/46,0.5766475699017082,0.8010458757106599,1.167123577205448,0.6425295361140162,PLAAT3;PNPLA3;SMPD3
gs_ind_0,Phospholipid Translocation (GO:0045332),5/29,0.035957488766111045,0.27162107597191837,3.2680603948896634,10.867666554753484,SERINC2;PLSCR1;ATP11A;PLSCR2;ATP10A
gs_ind_0,Phospholipid Transport (GO:0015914),3/58,0.7312746309372347,0.8769398195190871,0.9139539756089242,0.28603670059204406,ATP10A;PRELID2;ATP11A
gs_ind_0,Phosphorylation (GO:0016310),6/210,0.9940497217780022,0.999999953222645,0.4570084121907117,0.0027274498162800256,HCK;CCL2;STK39;STK10;PRKD2;HK1
gs_ind_0,Photoperiodism (GO:0009648),1/19,0.7182988056240869,0.867676948792053,1.1757850673123205,0.38903157333720684,PML
gs_ind_0,PiRNA Processing (GO:0034587),1/5,0.2833939579712883,0.6336944594034671,4.838819931642382,6.101351626665179,TDRD7
gs_ind_0,Pigment Granule Transport (GO:0051904),1/15,0.6321377878742459,0.8285490441331016,1.5005861882873996,0.6882406887353841,BBS4
gs_ind_0,Pinocytosis (GO:0006907),1/10,0.48653733475260663,0.7454724541752974,2.291220495924106,1.6506906488764395,PYCARD
gs_ind_0,Plasma Membrane Bounded Cell Projection Assembly (GO:0120031),13/221,0.6741678099365536,0.8523351770196631,0.9378045950336505,0.36975405354087215,BBS4;NOTCH1;FLNA;FAM161A;CPLANE1;CC2D2A;FXYD5;PTPDC1;ALPK1;RAB8B;CPAP;EHD4;EMP1
gs_ind_0,Plasma Membrane Bounded Cell Projection Organization (GO:0120036),6/99,0.6211754472438393,0.8285490441331016,1.0079270893480463,0.47991613111182163,FAM161A;BTG2;CFAP126;NEDD4L;PLEK;BICDL1
gs_ind_0,Plasma Membrane Invagination (GO:0099024),4/20,0.03631579487071738,0.27162107597191837,3.968351626716543,13.157079786653085,ARHGAP25;MARCO;ITGB2;ITGAM
gs_ind_0,Plasma Membrane Organization (GO:0007009),6/63,0.21905586566786084,0.6083192526435693,1.6433933331760597,2.49537525297103,SERINC2;PLSCR1;PLSCR2;SYTL4;TRIM72;A4GALT
gs_ind_0,Plasma Membrane Phospholipid Scrambling (GO:0017121),3/9,0.016722704590232056,0.1888351537512045,7.832300203852395,32.04184557160756,SERINC2;PLSCR2;PLSCR1
gs_ind_0,Plasma Membrane Repair (GO:0001778),2/21,0.396258807615788,0.7125352949529677,1.8610176065605564,1.7227211574096237,TRIM72;SYTL4
gs_ind_0,Plasminogen Activation (GO:0031639),1/8,0.4132896381284026,0.7125352949529677,2.902644360496492,2.5647957981136242,PLAU
gs_ind_0,Platelet Aggregation (GO:0070527),7/32,0.0036706433188938904,0.07051339903556941,4.290666837077036,24.0594351974511,CSRP1;PLEK;RAP2B;HSPB1;UBASH3B;STXBP1;FLNA
gs_ind_0,Platelet Degranulation (GO:0002576),2/4,0.02282372249623049,0.21896048614125635,14.534305780659103,54.93901924276344,PLEK;STXBP1
gs_ind_0,Platelet Dense Granule Organization (GO:0060155),2/22,0.41929659311135503,0.716248172264888,1.7701044919687448,1.5385336695252496,AP1S3;HPS1
gs_ind_0,Podocyte Development (GO:0072015),1/4,0.2340004119113125,0.6083192526435693,6.221802482460874,9.036747532590647,IQGAP1
gs_ind_0,Podocyte Differentiation (GO:0072112),2/6,0.05233524459368294,0.32629982687969195,8.073413770334353,23.817258816991405,BASP1;IQGAP1
gs_ind_0,Podosome Assembly (GO:0071800),2/5,0.03642622767140897,0.27162107597191837,10.380875202593193,34.38629847772066,SH3PXD2B;ASB2
gs_ind_0,Pole Plasm Assembly (GO:0007315),1/3,0.18120623955754206,0.5716072093995457,8.71117107393416,14.879720755179145,TDRD7
gs_ind_0,Poly-N-acetyllactosamine Biosynthetic Process (GO:0030311),1/3,0.18120623955754206,0.5716072093995457,8.71117107393416,14.879720755179145,B3GNT3
gs_ind_0,Poly-N-acetyllactosamine Metabolic Process (GO:0030309),1/3,0.18120623955754206,0.5716072093995457,8.71117107393416,14.879720755179145,B3GNT3
gs_ind_0,Polyketide Metabolic Process (GO:0030638),1/4,0.2340004119113125,0.6083192526435693,6.221802482460874,9.036747532590647,AKR1B1
gs_ind_0,Polyol Metabolic Process (GO:0019751),1/23,0.7842956950537663,0.9044185331872435,0.9664687893506027,0.23482211733826094,PLEK
gs_ind_0,Pore Complex Assembly (GO:0046931),1/19,0.7182988056240869,0.867676948792053,1.1757850673123205,0.38903157333720684,GSDMD
gs_ind_0,Porphyrin-containing Compound Metabolic Process (GO:0006778),1/8,0.4132896381284026,0.7125352949529677,2.902644360496492,2.5647957981136242,HPX
gs_ind_0,Pos Reg Adaptive Imm Response Based on Som Recomb of Imm Recs Built Fm Immunoglobulin Superf Dom (GO:0002824),1/8,0.4132896381284026,0.7125352949529677,2.902644360496492,2.5647957981136242,CCR2
gs_ind_0,Pos Reg Endoplasmic Reticulum Stress-Induced Intrinsic Apoptotic Signaling Pathway (GO:1902237),2/7,0.07019752665192665,0.3649780494105417,6.6050292225332745,17.545878368545242,PMAIP1;DDIT3
gs_ind_0,Pos Reg Myeloid Leukocyte Cytokine Production Involved in Imm Response (GO:0061081),3/11,0.02982495597167174,0.2647743852529903,5.98851525466866,21.034119591423366,LAPTM5;RIGI;PLCG2
gs_ind_0,"Pos Reg Nucleotide-Binding Domain, Leucine Rich Repeat Containing Rec Signaling Pathway (GO:0070426)",2/5,0.03642622767140897,0.27162107597191837,10.380875202593193,34.38629847772066,HSPA1A;SLC15A3
gs_ind_0,Pos Reg Nucleotide-Binding Oligomerization Domain Containing 2 Signaling Pathway (GO:0070434),2/5,0.03642622767140897,0.27162107597191837,10.380875202593193,34.38629847772066,HSPA1A;SLC15A3
gs_ind_0,Pos Reg Phosphatidylinositol 3-Kinase/Protein Kinase B Signal Transduction (GO:0051897),6/116,0.7663082873133575,0.8941848821222994,0.8517761960997096,0.2267178888059202,HPSE;CCL5;THBS1;GDF15;SEMA4D;FPR2
gs_ind_0,Pos Reg Phospholipase C-activating G Protein-Coupled Rec Signaling Pathway (GO:1900738),1/4,0.2340004119113125,0.6083192526435693,6.221802482460874,9.036747532590647,RGS2
gs_ind_0,Pos Reg Transmembrane Rec Protein Serine/Threonine Kinase Signaling Pathway (GO:0090100),3/62,0.7717582435702377,0.896215937671959,0.8522571819425444,0.22080614347575833,THBS1;NOTCH1;TGFB1I1
gs_ind_0,Positive Chemotaxis (GO:0050918),3/10,0.022761654228634364,0.21896048614125635,6.787488732648279,25.674884242921568,FPR2;LGALS3;CORO1A
gs_ind_0,Positive Regulation by Symbiont of Entry Into Host (GO:0075294),2/9,0.11054513189129135,0.47715707147271474,4.842967765171979,10.665820017194985,LGALS9;LGALS1
gs_ind_0,Positive Regulation of ATP-dependent Activity (GO:0032781),1/15,0.6321377878742459,0.8285490441331016,1.5005861882873996,0.6882406887353841,PLSCR1
gs_ind_0,Positive Regulation of Actin Filament Bundle Assembly (GO:0032233),4/41,0.27051848335323336,0.6336944594034671,1.743345966432052,2.279276409914569,PLEK;AMOT;RHOC;S100A10
gs_ind_0,Positive Regulation of Actin Filament Depolymerization (GO:0030836),1/3,0.18120623955754206,0.5716072093995457,8.71117107393416,14.879720755179145,PLEK
gs_ind_0,Positive Regulation of Actin Filament Polymerization (GO:0030838),2/28,0.5468409946482946,0.7880800413240646,1.3687145143369723,0.8261522553215535,HCK;PYCARD
gs_ind_0,Positive Regulation of Activated T Cell Proliferation (GO:0042104),1/9,0.45113270140804174,0.7303585487139446,2.5609663185295704,2.0385131696903356,PYCARD
gs_ind_0,Positive Regulation of Adaptive Immune Response (GO:0002821),2/8,0.08969570360216707,0.43164243125055807,5.588455304824834,13.475623389845104,SASH3;PYCARD
gs_ind_0,Positive Regulation of Adipose Tissue Development (GO:1904179),1/9,0.45113270140804174,0.7303585487139446,2.5609663185295704,2.0385131696903356,SACK1A
gs_ind_0,Positive Regulation of Alpha-Beta T Cell Activation (GO:0046635),1/6,0.3296057006468095,0.6624839519426774,3.9587401265760684,4.393640133528681,CCR2
gs_ind_0,Positive Regulation of Alpha-Beta T Cell Proliferation (GO:0046641),2/8,0.08969570360216707,0.43164243125055807,5.588455304824834,13.475623389845104,LGALS9;CCR2
gs_ind_0,Positive Regulation of Amyloid Precursor Protein Catabolic Process (GO:1902993),1/18,0.6988617377278106,0.8627707795776292,1.2430652995143012,0.44539322599570885,EFNA3
gs_ind_0,Positive Regulation of Angiogenesis (GO:0045766),11/93,0.03654463795243657,0.27162107597191837,2.0337218337218337,6.730034609828479,DLL1;HPSE;ZC3H12A;SMOC2;CD40;PRKD2;PKM;THBS1;ITGAX;HSPB1;RRAS
gs_ind_0,Positive Regulation of Antigen Processing and Presentation (GO:0002579),1/3,0.18120623955754206,0.5716072093995457,8.71117107393416,14.879720755179145,NOD2
gs_ind_0,Positive Regulation of Antigen Receptor-Mediated Signaling Pathway (GO:0050857),3/15,0.06795103532390583,0.3649780494105417,4.070978907517577,10.946731611814585,LCK;PRKD2;CARD11
gs_ind_0,Positive Regulation of Apoptotic Cell Clearance (GO:2000427),3/7,0.007679539448073663,0.11250714442645848,11.315005107866114,55.0949742316291,CD300LF;CCL2;C2
gs_ind_0,Positive Regulation of Apoptotic Process (GO:0043065),25/224,0.0051838042468023895,0.08759451039767219,1.877212421635807,9.878297393858809,ECSCR;PMAIP1;TNFRSF10B;TNFSF10;CASP1;UBD;CCL2;THBS1;CASP4;PRDM11;NGFR;ZC3H12A;USP27X;CD40;IFIT2;DDIT3;LGALS1;BAX;PYCARD;FRZB;PLEKHN1;PHLDA3;CASP12;GZMA;ZBP1
gs_ind_0,Positive Regulation of Apoptotic Signaling Pathway (GO:2001235),8/52,0.01739935016478985,0.19526666939654722,2.785606491070501,11.285390031435611,LCK;PMAIP1;DDIT3;PML;TNFSF10;S100A9;BAX;PYCARD
gs_ind_0,Positive Regulation of Appetite (GO:0032100),1/2,0.12477758622840975,0.49743772311433054,14.519697787371829,30.218720809256304,FBN1
gs_ind_0,Positive Regulation of Astrocyte Differentiation (GO:0048711),2/7,0.07019752665192665,0.3649780494105417,6.6050292225332745,17.545878368545242,TTBK1;NOTCH1
gs_ind_0,Positive Regulation of Autophagy (GO:0010508),4/86,0.8134043145616306,0.9169644960108402,0.789772112024413,0.16310925010784671,STING1;TRIM21;HPSE;ZC3H12A
gs_ind_0,Positive Regulation of Autophagy of Mitochondrion (GO:1903599),1/15,0.6321377878742459,0.8285490441331016,1.5005861882873996,0.6882406887353841,NOD2
gs_ind_0,Positive Regulation of Axon Extension (GO:0045773),3/17,0.09241162564867773,0.43486641031363715,3.508942391973294,8.356555042138158,VIM;TWF2;MAP3K13
gs_ind_0,Positive Regulation of Axonogenesis (GO:0050772),4/29,0.11344584072166912,0.48405728881814053,2.5660371349406033,5.5847995092895735,VIM;TWF2;MAP3K13;SEMA4D
gs_ind_0,Positive Regulation of B Cell Activation (GO:0050871),6/37,0.02953509349438252,0.2647743852529903,3.005667088683909,10.586488822438653,MAD2L2;SASH3;TLR9;SHLD2;IL7;NOD2
gs_ind_0,Positive Regulation of B Cell Proliferation (GO:0030890),3/18,0.10581550014597628,0.47715707147271474,3.2823147647376962,7.372270209193725,SASH3;IL7;TLR9
gs_ind_0,Positive Regulation of BMP Signaling Pathway (GO:0030513),1/15,0.6321377878742459,0.8285490441331016,1.5005861882873996,0.6882406887353841,NOTCH1
gs_ind_0,Positive Regulation of Behavior (GO:0048520),1/3,0.18120623955754206,0.5716072093995457,8.71117107393416,14.879720755179145,NPAS2
gs_ind_0,Positive Regulation of Binding (GO:0051099),3/23,0.18220700555170452,0.5716072093995457,2.4808268147581423,4.223885120462901,DTX3L;TRIM21;PARP9
gs_ind_0,Positive Regulation of Biomineral Tissue Development (GO:0070169),2/25,0.4855226945547672,0.7454724541752974,1.5437888662827455,1.1154326080660328,ISG15;TENT5A
gs_ind_0,Positive Regulation of Biosynthetic Process (GO:0009891),3/71,0.8447012432991745,0.9292489558223348,0.7397843774302938,0.12485509044069287,VIM;CYBA;PLCG2
gs_ind_0,Positive Regulation of Blood Coagulation (GO:0030194),4/20,0.03631579487071738,0.27162107597191837,3.968351626716543,13.157079786653085,THBS1;PLAU;EMILIN1;HPSE
gs_ind_0,Positive Regulation of Blood Pressure (GO:0045777),1/3,0.18120623955754206,0.5716072093995457,8.71117107393416,14.879720755179145,ACE
gs_ind_0,Positive Regulation of Blood Vessel Endothelial Cell Migration (GO:0043536),5/46,0.172776881793002,0.5716072093995457,1.9268945701505207,3.383153268185797,AMOT;THBS1;PRKD2;CD40;HSPB1
gs_ind_0,Positive Regulation of Blood-Brain Barrier Permeability (GO:1905605),1/5,0.2833939579712883,0.6336944594034671,4.838819931642382,6.101351626665179,TJP3
gs_ind_0,Positive Regulation of Bone Mineralization (GO:0030501),2/23,0.4418765538313216,0.7303585487139446,1.6876484112924504,1.3783441861073567,ISG15;TENT5A
gs_ind_0,Positive Regulation of Branching Involved in Ureteric Bud Morphogenesis (GO:0090190),1/4,0.2340004119113125,0.6083192526435693,6.221802482460874,9.036747532590647,SMO
gs_ind_0,"Positive Regulation of CD4-positive, Alpha-Beta T Cell Activation (GO:2000516)",1/7,0.37284039631262333,0.6882851264020743,3.349454107684005,3.3045876434894486,LGALS9
gs_ind_0,"Positive Regulation of CD4-positive, Alpha-Beta T Cell Proliferation (GO:2000563)",1/4,0.2340004119113125,0.6083192526435693,6.221802482460874,9.036747532590647,LGALS9
gs_ind_0,Positive Regulation of Calcium Ion Import (GO:0090280),2/10,0.13249100130695554,0.509738988210719,4.2728890583786185,8.636536632696506,CCL2;LGALS3
gs_ind_0,Positive Regulation of Calcium Ion Transmembrane Transport (GO:1904427),3/23,0.18220700555170452,0.5716072093995457,2.4808268147581423,4.223885120462901,CXCL9;CXCL11;CXCL10
gs_ind_0,Positive Regulation of Calcium Ion Transport (GO:0051928),3/17,0.09241162564867773,0.43486641031363715,3.508942391973294,8.356555042138158,CCL2;LGALS3;CCL5
gs_ind_0,Positive Regulation of Calcium Ion-Dependent Exocytosis (GO:0045956),1/7,0.37284039631262333,0.6882851264020743,3.349454107684005,3.3045876434894486,HYAL3
gs_ind_0,Positive Regulation of Calcium-Mediated Signaling (GO:0050850),2/14,0.22704403432135226,0.6083192526435693,2.9047001620745543,4.306541273291301,HAP1;PLCG2
gs_ind_0,Positive Regulation of Canonical NF-kappaB Signal Transduction (GO:0043123),27/172,1.4657633196694203e-05,0.001020021725952001,2.79328399075733,31.090785226340593,SHISA5;LITAF;TLR3;RHOC;TNFRSF10B;HSPA1A;MAP3K13;TNFSF10;PLCG2;CASP1;UBD;TLR7;LGALS9;NOD2;TRAF3IP2;TLR9;CD40;LGALS1;EDA2R;TLR2;PYCARD;EIF2AK2;SLCO3A1;CARD11;BST2;ALPK1;FLNA
gs_ind_0,Positive Regulation of Canonical Wnt Signaling Pathway (GO:0090263),5/75,0.5354874364569323,0.7856633626161404,1.1318187933652386,0.7069089493432266,CAPRIN2;PLEKHA4;COL1A1;JRK;BMAL1
gs_ind_0,Positive Regulation of Carbohydrate Metabolic Process (GO:0045913),2/32,0.6203238052489224,0.8285490441331016,1.1888567101522438,0.5676953316560229,PMAIP1;SLC45A3
gs_ind_0,Positive Regulation of Cardiac Epithelial to Mesenchymal Transition (GO:0062043),1/7,0.37284039631262333,0.6882851264020743,3.349454107684005,3.3045876434894486,NOTCH1
gs_ind_0,Positive Regulation of Cardiac Muscle Cell Proliferation (GO:0060045),2/14,0.22704403432135226,0.6083192526435693,2.9047001620745543,4.306541273291301,NOTCH1;NRG1
gs_ind_0,Positive Regulation of Cardiac Muscle Contraction (GO:0060452),1/3,0.18120623955754206,0.5716072093995457,8.71117107393416,14.879720755179145,RGS2
gs_ind_0,Positive Regulation of Cardiac Muscle Tissue Growth (GO:0055023),2/15,0.25151988032095945,0.6336944594034671,2.6893370950637294,3.7119124671369925,NOTCH1;NRG1
gs_ind_0,Positive Regulation of Catabolic Process (GO:0009896),9/140,0.5527877839350677,0.7903802256840823,1.0478627949769317,0.621153265807515,TRIM21;HPSE;ZC3H12A;TNFAIP3;DTX3L;LAPTM5;CLSTN3;PNPT1;MOV10
gs_ind_0,Positive Regulation of Catalytic Activity (GO:0043085),1/32,0.8817245999640496,0.9500902030047403,0.6898722791869041,0.08683802958080115,PLSCR1
gs_ind_0,Positive Regulation of Cation Transmembrane Transport (GO:1904064),1/9,0.45113270140804174,0.7303585487139446,2.5609663185295704,2.0385131696903356,FLNA
gs_ind_0,Positive Regulation of Cell Activation (GO:0050867),3/12,0.03790273924961201,0.27162107597191837,5.357746719421593,17.534468567500667,PLEK;TTBK1;FLNA
gs_ind_0,Positive Regulation of Cell Adhesion (GO:0045785),4/52,0.43382003424944404,0.7303585487139446,1.346842748619941,1.1247827218532973,PRKD2;CCDC80;NRG1;CCL5
gs_ind_0,Positive Regulation of Cell Adhesion Mediated by Integrin (GO:0033630),1/10,0.48653733475260663,0.7454724541752974,2.291220495924106,1.6506906488764395,CCL5
gs_ind_0,Positive Regulation of Cell Communication (GO:0010647),1/13,0.5796404588195495,0.8010458757106599,1.7409390178089585,0.9494163340617632,CLSTN3
gs_ind_0,Positive Regulation of Cell Cycle (GO:0045787),3/48,0.605908598743671,0.815046945498543,1.115655031825935,0.5589723246218259,MDM2;TRIM21;SMOC2
gs_ind_0,Positive Regulation of Cell Cycle G1/S Phase Transition (GO:1902808),2/34,0.65347020985538,0.8389578739523719,1.1155300669077006,0.47461156210687,CPAP;PLCG2
gs_ind_0,Positive Regulation of Cell Cycle Phase Transition (GO:1901989),1/12,0.5506490672062563,0.7880800413240646,1.8924658016377671,1.1291540547630419,PLCG2
gs_ind_0,Positive Regulation of Cell Cycle Process (GO:0090068),4/75,0.7208729069914994,0.8697265823094196,0.9120251702818026,0.29849893463914906,CPAP;BTC;PLSCR1;LRP5
gs_ind_0,Positive Regulation of Cell Development (GO:0010720),1/16,0.6558766163212053,0.8389578739523719,1.4036697247706422,0.5920434556741193,TLR9
gs_ind_0,Positive Regulation of Cell Differentiation (GO:0045597),12/198,0.6299477782678848,0.8285490441331016,0.9713190904924571,0.44886437995845807,TGFB1I1;ZC3H12A;CCN4;RRAS;LRP5;GDF10;AR;COL1A1;BMAL1;FRZB;TENT5A;GLIPR2
gs_ind_0,Positive Regulation of Cell Growth (GO:0030307),7/80,0.25639400388607797,0.6336944594034671,1.4832777217350819,2.018800221377041,S100A9;VIM;MAP3K13;NEDD4L;SEMA4D;TWF2;NRG1
gs_ind_0,Positive Regulation of Cell Junction Assembly (GO:1901890),5/42,0.13134638607422428,0.509738988210719,2.133065943992773,4.329947412560802,LRRC24;NLGN2;S100A10;CLSTN3;DLG5
gs_ind_0,Positive Regulation of Cell Maturation (GO:1903431),1/3,0.18120623955754206,0.5716072093995457,8.71117107393416,14.879720755179145,MAP3K13
gs_ind_0,Positive Regulation of Cell Migration (GO:0030335),23/245,0.044860139282321666,0.3161470479280205,1.545035124005441,4.7961067537733575,SMO;SMOC2;CCL5;MGAT5;RHOC;ITGAX;PLCG2;CCL2;THBS1;CCL7;CLDN1;SEMA4D;ZC3H12A;PLAU;RRAS;S100A11;NOTCH1;HPSE;PRKD2;CCN4;COL1A1;CCR2;GLIPR2
gs_ind_0,Positive Regulation of Cell Morphogenesis (GO:0010770),1/8,0.4132896381284026,0.7125352949529677,2.902644360496492,2.5647957981136242,CAPRIN2
gs_ind_0,Positive Regulation of Cell Motility (GO:2000147),14/167,0.1895857285708803,0.5913890903809248,1.3753683883977044,2.287119297672136,CCL2;NOTCH1;HPSE;SMO;CCL5;MGAT5;THBS1;RHOC;CCL7;ITGAX;COL1A1;CLDN1;SEMA4D;PLAU
gs_ind_0,Positive Regulation of Cell Population Proliferation (GO:0008284),25/305,0.12858990177027665,0.509738988210719,1.326970536388819,2.7217850882242227,BTC;DLL1;CDKN1A;CCL5;CSF2RA;LRP5;TCIRG1;S1PR3;ITGAX;IL7;HCK;CXCL10;THBS1;NOD2;IL3RA;IL2RG;AR;NOTCH1;HPSE;IL2RB;BST2;CCN4;STAT1;MDM2;NRG1
gs_ind_0,Positive Regulation of Cell Projection Organization (GO:0031346),5/76,0.5474490435386106,0.7880800413240646,1.1159057744423597,0.6723174867790938,CAPRIN2;SERPINI1;S100A9;MAP3K13;TWF2
gs_ind_0,Positive Regulation of Cell-Cell Adhesion (GO:0022409),3/30,0.30470165241615643,0.6624839519426774,1.848379959683367,2.1966557225107946,LCK;CD44;CCL5
gs_ind_0,Positive Regulation of Cell-Cell Adhesion Mediated by Integrin (GO:0033634),1/5,0.2833939579712883,0.6336944594034671,4.838819931642382,6.101351626665179,CCL5
gs_ind_0,Positive Regulation of Cell-Matrix Adhesion (GO:0001954),4/38,0.2275053146515484,0.6083192526435693,1.8953649866999365,2.806242675763243,PLEKHA2;RRAS;HPSE;S100A10
gs_ind_0,Positive Regulation of Cell-Substrate Adhesion (GO:0010811),5/52,0.2426028542334193,0.628485094503649,1.6827442590215376,2.383320364217424,HPSE;PLEKHA2;CCDC80;S100A10;FLNA
gs_ind_0,Positive Regulation of Cell-Substrate Junction Organization (GO:0150117),1/26,0.8234411526643806,0.9185301096581084,0.852576108694962,0.16562415625449156,S100A10
gs_ind_0,Positive Regulation of Cellular Component Biogenesis (GO:0044089),9/73,0.044304587201999965,0.31297349724168144,2.1470842669840025,6.691746807192036,AJUBA;SPIDR;RHOC;EMILIN1;LGALS3;PLEK;BAX;NRG1;SMPD3
gs_ind_0,Positive Regulation of Cellular Component Organization (GO:0051130),10/80,0.032365186690275355,0.27162107597191837,2.172520146095426,7.453203858073046,AJUBA;DLL1;SPIDR;RHOC;LGALS3;AR;S100A10;ATP10A;BAX;NRG1
gs_ind_0,Positive Regulation of Cellular Extravasation (GO:0002693),2/8,0.08969570360216707,0.43164243125055807,5.588455304824834,13.475623389845104,CCR2;LYVE1
gs_ind_0,Positive Regulation of Cellular Process (GO:0048522),28/423,0.47050355827453955,0.7454724541752974,1.046141661788506,0.7887403442210236,BTC;SHISA5;DLL1;CSF2RA;B2M;CCL5;TCIRG1;LRP5;IER5;S1PR3;ITGAX;IL7;HCK;TRIM21;CXCL10;THBS1;IL3RA;ZC3H12A;AR;S100A9;ITGAM;NOTCH1;HPSE;PRKD2;CCN4;MDM2;ITGB2;NRG1
gs_ind_0,Positive Regulation of Cellular Response to Transforming Growth Factor Beta Stimulus (GO:1903846),2/23,0.4418765538313216,0.7303585487139446,1.6876484112924504,1.3783441861073567,THBS1;TGFB1I1
gs_ind_0,Positive Regulation of Cellular Senescence (GO:2000774),1/8,0.4132896381284026,0.7125352949529677,2.902644360496492,2.5647957981136242,B2M
gs_ind_0,Positive Regulation of Centriole Elongation (GO:1903724),1/7,0.37284039631262333,0.6882851264020743,3.349454107684005,3.3045876434894486,CPAP
gs_ind_0,Positive Regulation of Centriole Replication (GO:0046601),1/10,0.48653733475260663,0.7454724541752974,2.291220495924106,1.6506906488764395,CPAP
gs_ind_0,Positive Regulation of Chemokine Production (GO:0032722),9/32,0.0001344410338977062,0.005403076146105112,5.911106220827205,52.69387582877988,TLR7;TLR9;TLR3;LGALS9;OAS3;IL7;TLR2;PYCARD;EIF2AK2
gs_ind_0,Positive Regulation of Chemotaxis (GO:0050921),5/28,0.031366180400082544,0.2703855666952043,3.407380499336908,11.796436554425629,SMOC2;THBS1;PRKD2;HSPB1;CCR2
gs_ind_0,Positive Regulation of Chromatin Binding (GO:0035563),2/4,0.02282372249623049,0.21896048614125635,14.534305780659103,54.93901924276344,DTX3L;PARP9
gs_ind_0,Positive Regulation of Chromosome Organization (GO:2001252),1/38,0.9207819573927161,0.9714087402104064,0.5792336751214248,0.04780532309195924,PML
gs_ind_0,Positive Regulation of Chromosome Separation (GO:1905820),1/5,0.2833939579712883,0.6336944594034671,4.838819931642382,6.101351626665179,PLSCR1
gs_ind_0,Positive Regulation of Cilium Assembly (GO:0045724),2/24,0.46396195640651067,0.7448352156149185,1.6125217600096045,1.2383404726591272,BBS4;HAP1
gs_ind_0,Positive Regulation of Circadian Rhythm (GO:0042753),1/8,0.4132896381284026,0.7125352949529677,2.902644360496492,2.5647957981136242,BMAL1
gs_ind_0,Positive Regulation of Coagulation (GO:0050820),2/12,0.1787862658078333,0.5716072093995457,3.4584909058166757,5.9540142413558605,EMILIN1;HPSE
gs_ind_0,Positive Regulation of Cold-Induced Thermogenesis (GO:0120162),3/69,0.8304979768297931,0.9226401806069896,0.7621473911929635,0.14155347188097853,LCN2;PLAC8;CCR2
gs_ind_0,Positive Regulation of Collagen Biosynthetic Process (GO:0032967),1/10,0.48653733475260663,0.7454724541752974,2.291220495924106,1.6506906488764395,VIM
gs_ind_0,Positive Regulation of Collagen Metabolic Process (GO:0010714),1/11,0.5196605004230545,0.7685083681045072,2.072854830005397,1.356848411751394,VIM
gs_ind_0,Positive Regulation of Cytokine Production (GO:0001819),43/224,8.063988349178257e-11,3.4260430500651623e-08,3.5963961522828884,83.58394279822,IRF7;TLR1;TLR3;RAB7B;HSPA1A;CYBA;STING1;PLCG2;IL7;CASP1;CD274;AFAP1L2;SLC7A5;ISG15;TLR7;PSMB8;LGALS9;IFIH1;PSMB10;PSMB9;TNFRSF14;TRAF3;ORM2;NOD2;TRAF3IP2;TLR9;CCDC88B;LACC1;HAVCR2;DDIT3;GBP5;TLR2;PYCARD;RIGI;EIF2AK2;CARD11;HPSE;GSDMD;DHX58;PRKD2;LAPTM5;CCR2;LY9
gs_ind_0,Positive Regulation of Cytokine Production Involved in Immune Response (GO:0002720),7/20,0.0001666729386444921,0.006196066494108994,8.111835355181363,70.56872604968797,SLC7A5;B2M;LACC1;LAPTM5;PLCG2;TNFRSF14;NOD2
gs_ind_0,Positive Regulation of Cytokine Production Involved in Inflammatory Response (GO:1900017),2/18,0.3248819041260126,0.6624839519426774,2.1998755791300364,2.473305890557785,NOD2;GBP5
gs_ind_0,Positive Regulation of Cytokine-Mediated Signaling Pathway (GO:0001961),13/42,1.3486360152474793e-06,0.00014324441104807156,6.717785953239243,90.80039515461829,PARP14;USP27X;CD40;HSPA1A;NLRC5;CD300LF;CASP4;STING1;LAPTM5;PARP9;IL7;CASP1;ZBP1
gs_ind_0,Positive Regulation of Cytoplasmic Translation (GO:2000767),1/13,0.5796404588195495,0.8010458757106599,1.7409390178089585,0.9494163340617632,PKM
gs_ind_0,Positive Regulation of Cytoskeleton Organization (GO:0051495),4/50,0.4043141017672618,0.7125352949529677,1.404981050351922,1.2722991688846779,PLEK;HCK;PYCARD;CPAP
gs_ind_0,Positive Regulation of DNA Binding (GO:0043388),1/10,0.48653733475260663,0.7454724541752974,2.291220495924106,1.6506906488764395,NIBAN2
gs_ind_0,Positive Regulation of DNA Biosynthetic Process (GO:2000573),2/37,0.6988036766505735,0.8627707795776292,1.0210316463883244,0.3659228751899248,PRKD2;SMOC2
gs_ind_0,"Positive Regulation of DNA Damage Response, Signal Transduction by P53 Class Mediator (GO:0043517)",1/11,0.5196605004230545,0.7685083681045072,2.072854830005397,1.356848411751394,PMAIP1
gs_ind_0,Positive Regulation of DNA Metabolic Process (GO:0051054),5/80,0.5937389310348011,0.815046945498543,1.0564690680019384,0.550753770437201,NPAS2;SMOC2;CDKN1A;PRKD2;PML
gs_ind_0,Positive Regulation of DNA Recombination (GO:0045911),2/53,0.8643924914373983,0.9424643255452747,0.702978710012431,0.10244392105005404,MAD2L2;SHLD2
gs_ind_0,Positive Regulation of DNA Repair (GO:0045739),3/67,0.815193912386502,0.9169644960108402,0.7858972585223104,0.16058180898983643,NPAS2;SPIDR;FMN2
gs_ind_0,Positive Regulation of DNA Replication (GO:0045740),1/19,0.7182988056240869,0.867676948792053,1.1757850673123205,0.38903157333720684,CDKN1A
gs_ind_0,Positive Regulation of DNA-templated Transcription (GO:0045893),51/913,0.8791748969825,0.9500902030047403,0.8577755731375613,0.11045698581075579,NPAS2;CAPRIN2;LITAF;IRF7;SMO;DLL1;TLR3;LPIN3;HELZ2;NFE2;PSRC1;LRP5;IER5;SP100;STING1;PARP9;PLAC8;MYBL1;AFAP1L2;MAD2L2;TGFB1I1;PKM;CXCL10;HJV;DTX3L;PRDM11;NOD2;ELF3;TNIP1;NIBAN2;NGFR;PLSCR1;ZC3H12A;CD40;NR4A1;DDIT3;CDH1;ATF3;AR;NCOA7;RELB;TLR2;BMAL1;RIGI;NOTCH1;PRKD2;STAT1;NLRC5;LEO1;IRF9;COL1A1
gs_ind_0,"Positive Regulation of DNA-templated Transcription, Elongation (GO:0032786)",2/55,0.8778422091022808,0.9500902030047403,0.6765981510373277,0.08815290257311358,LEO1;ZMYND8
gs_ind_0,Positive Regulation of Defense Response (GO:0031349),27/93,1.5859749005127652e-11,7.861148923541606e-09,6.147900289312955,152.88129185912175,NPAS2;CCL5;TLR3;CYBA;CASP1;FPR2;TLR7;CCL7;CASP4;GNA14;TNIP1;PLSCR1;TLR9;EMILIN1;IFI35;GBP5;LGALS1;TLR2;S100A9;PYCARD;CASP12;GSDMD;CCN4;PLSCR2;NMI;CCR2;ZBP1
gs_ind_0,Positive Regulation of Defense Response to Bacterium (GO:1900426),2/4,0.02282372249623049,0.21896048614125635,14.534305780659103,54.93901924276344,EMILIN1;CYBA
gs_ind_0,Positive Regulation of Defense Response to Virus by Host (GO:0002230),8/20,1.8146555733184628e-05,0.001138220497226499,9.94042414355628,108.519906421195,ZC3H12A;PML;STAT1;DTX3L;STING1;PARP9;RIGI;TRAF3IP2
gs_ind_0,Positive Regulation of Dendrite Extension (GO:1903861),1/8,0.4132896381284026,0.7125352949529677,2.902644360496492,2.5647957981136242,NEDD4L
gs_ind_0,Positive Regulation of Dendrite Morphogenesis (GO:0050775),1/12,0.5506490672062563,0.7880800413240646,1.8924658016377671,1.1291540547630419,CAPRIN2
gs_ind_0,Positive Regulation of Dendritic Cell Antigen Processing and Presentation (GO:0002606),1/3,0.18120623955754206,0.5716072093995457,8.71117107393416,14.879720755179145,NOD2
gs_ind_0,Positive Regulation of Dendritic Cell Chemotaxis (GO:2000510),1/4,0.2340004119113125,0.6083192526435693,6.221802482460874,9.036747532590647,LGALS9
gs_ind_0,Positive Regulation of Dendritic Cell Cytokine Production (GO:0002732),2/7,0.07019752665192665,0.3649780494105417,6.6050292225332745,17.545878368545242,RIGI;PLCG2
gs_ind_0,Positive Regulation of Dendritic Cell Differentiation (GO:2001200),3/4,0.0010168366440597284,0.024787476880603544,33.95258698395529,233.9692733228742,LGALS9;LGALS3;LGALS1
gs_ind_0,Positive Regulation of Dendritic Spine Development (GO:0060999),2/15,0.25151988032095945,0.6336944594034671,2.6893370950637294,3.7119124671369925,CAPRIN2;DLG5
gs_ind_0,Positive Regulation of Dendritic Spine Morphogenesis (GO:0061003),1/7,0.37284039631262333,0.6882851264020743,3.349454107684005,3.3045876434894486,CAPRIN2
gs_ind_0,Positive Regulation of Developmental Growth (GO:0048639),6/34,0.020103596269941335,0.21896048614125635,3.322795594520757,12.981685769377222,DLL1;VIM;MAP3K13;NEDD4L;SEMA4D;TWF2
gs_ind_0,Positive Regulation of Developmental Process (GO:0051094),8/177,0.8908559560009476,0.9547407614943488,0.7245071949773909,0.08373312961649157,MAD2L2;SACK1A;SHLD2;CCN4;MAP3K13;AR;DLG5;BASP1
gs_ind_0,Positive Regulation of Double-Strand Break Repair (GO:2000781),4/85,0.8061730671911536,0.9159699136722276,0.7995223559345116,0.1722625570914038,MAD2L2;SPIDR;SHLD2;FMN2
gs_ind_0,Positive Regulation of Double-Strand Break Repair via Nonhomologous End Joining (GO:2001034),2/13,0.20275236784673498,0.60784832860503,3.1575176755220444,5.0386716886898935,MAD2L2;SHLD2
gs_ind_0,Positive Regulation of ERBB Signaling Pathway (GO:1901186),5/23,0.013995431565103042,0.16685144358317205,4.329905515271369,18.4844719453896,SHKBP1;AFAP1L2;PLAU;HAP1;NEU3
gs_ind_0,Positive Regulation of ERK1 and ERK2 Cascade (GO:0070374),12/98,0.02346244869830257,0.2208143114833919,2.1100160056572266,7.9175271331142865,SLC30A10;NOTCH1;NRG1;LGALS9;PRKD2;DENND2B;MARCO;CD44;PYCARD;NOD2;FPR2;GLIPR2
gs_ind_0,Positive Regulation of Endocytosis (GO:0045807),9/60,0.014081947659507797,0.16685144358317205,2.691677545174435,11.474248873092742,IL2RG;DLL1;B2M;IL2RB;CYBA;NEDD4L;PYCARD;FPR2;MBL2
gs_ind_0,Positive Regulation of Endoplasmic Reticulum Unfolded Protein Response (GO:1900103),2/12,0.1787862658078333,0.5716072093995457,3.4584909058166757,5.9540142413558605,BAX;SHISA5
gs_ind_0,Positive Regulation of Endothelial Cell Apoptotic Process (GO:2000353),5/12,0.0005953364659021866,0.015846781694506644,10.689177958446251,79.38193827536507,CCL2;NGFR;ECSCR;THBS1;CD40
gs_ind_0,Positive Regulation of Endothelial Cell Chemotaxis (GO:2001028),3/11,0.02982495597167174,0.2647743852529903,5.98851525466866,21.034119591423366,PRKD2;HSPB1;SMOC2
gs_ind_0,Positive Regulation of Endothelial Cell Migration (GO:0010595),8/77,0.12197125008466231,0.49743772311433054,1.7802645322567394,3.7456230202835603,AMOT;SMOC2;ZC3H12A;CD40;PRKD2;THBS1;HSPB1;RRAS
gs_ind_0,Positive Regulation of Endothelial Cell Proliferation (GO:0001938),2/53,0.8643924914373983,0.9424643255452747,0.702978710012431,0.10244392105005404,PRKD2;NR4A1
gs_ind_0,Positive Regulation of Endothelial Cell-Matrix Adhesion (GO:1904906),1/4,0.2340004119113125,0.6083192526435693,6.221802482460874,9.036747532590647,RRAS
gs_ind_0,Positive Regulation of Epidermal Growth Factor Receptor Signaling Pathway (GO:0045742),5/21,0.00941654888334228,0.133356268471714,4.85546522131888,22.652136921667342,SHKBP1;AFAP1L2;PLAU;HAP1;NEU3
gs_ind_0,Positive Regulation of Epithelial Cell Migration (GO:0010634),2/29,0.5661113256065228,0.8010458757106599,1.3188448504493886,0.7503759428116621,PLCG2;GLIPR2
gs_ind_0,Positive Regulation of Epithelial Cell Proliferation (GO:0050679),4/78,0.7490246083861565,0.8864281762133814,0.8751031057074232,0.2528903067315028,PRKD2;NR4A1;NOD2;CLDN1
gs_ind_0,Positive Regulation of Epithelial Cell Proliferation Involved in Wound Healing (GO:0060054),1/5,0.2833939579712883,0.6336944594034671,4.838819931642382,6.101351626665179,CLDN1
gs_ind_0,Positive Regulation of Epithelial to Mesenchymal Transition (GO:0010718),4/35,0.1864804708620597,0.5825555885963923,2.0763400108283703,3.4870651281822003,NOTCH1;COL1A1;TGFB1I1;GLIPR2
gs_ind_0,Positive Regulation of Erythrocyte Differentiation (GO:0045648),2/25,0.4855226945547672,0.7454724541752974,1.5437888662827455,1.1154326080660328,STAT1;HSPA1A
gs_ind_0,Positive Regulation of Establishment of Protein Localization (GO:1904951),3/25,0.21601346770155735,0.6083192526435693,2.259972357430443,3.4632144615885743,CPAP;ITGB2;ITGAM
gs_ind_0,Positive Regulation of Excitatory Postsynaptic Potential (GO:2000463),1/10,0.48653733475260663,0.7454724541752974,2.291220495924106,1.6506906488764395,NLGN2
gs_ind_0,Positive Regulation of Execution Phase of Apoptosis (GO:1900119),1/10,0.48653733475260663,0.7454724541752974,2.291220495924106,1.6506906488764395,ZC3H12A
gs_ind_0,Positive Regulation of Exocytosis (GO:0045921),3/31,0.3227557052559593,0.6624839519426774,1.7833916863548813,2.0167655598504632,S100A10;SMPD3;SYTL4
gs_ind_0,Positive Regulation of Exosomal Secretion (GO:1903543),1/13,0.5796404588195495,0.8010458757106599,1.7409390178089585,0.9494163340617632,SMPD3
gs_ind_0,Positive Regulation of Extracellular Matrix Assembly (GO:1901203),1/6,0.3296057006468095,0.6624839519426774,3.9587401265760684,4.393640133528681,EMILIN1
gs_ind_0,Positive Regulation of Extracellular Matrix Disassembly (GO:0090091),2/7,0.07019752665192665,0.3649780494105417,6.6050292225332745,17.545878368545242,PLAU;HPSE
gs_ind_0,Positive Regulation of Extracellular Matrix Organization (GO:1903055),3/19,0.1199247066410002,0.49743772311433054,3.0831571529245947,6.539040805360025,PLAU;EMILIN1;HPSE
gs_ind_0,Positive Regulation of Extrinsic Apoptotic Signaling Pathway (GO:2001238),5/28,0.031366180400082544,0.2703855666952043,3.407380499336908,11.796436554425629,PMAIP1;THBS1;PML;TNFSF10;PYCARD
gs_ind_0,Positive Regulation of Fat Cell Differentiation (GO:0045600),3/36,0.4123222810906309,0.7125352949529677,1.516648773439455,1.3436749804686272,FRZB;ZC3H12A;LRP5
gs_ind_0,Positive Regulation of Fatty Acid Biosynthetic Process (GO:0045723),1/15,0.6321377878742459,0.8285490441331016,1.5005861882873996,0.6882406887353841,SLC45A3
gs_ind_0,Positive Regulation of Fatty Acid Metabolic Process (GO:0045923),1/19,0.7182988056240869,0.867676948792053,1.1757850673123205,0.38903157333720684,SLC45A3
gs_ind_0,Positive Regulation of Fibroblast Apoptotic Process (GO:2000271),1/5,0.2833939579712883,0.6336944594034671,4.838819931642382,6.101351626665179,PRDM11
gs_ind_0,Positive Regulation of Fibroblast Growth Factor Receptor Signaling Pathway (GO:0045743),2/6,0.05233524459368294,0.32629982687969195,8.073413770334353,23.817258816991405,PRKD2;SMOC2
gs_ind_0,Positive Regulation of Fibroblast Migration (GO:0010763),1/7,0.37284039631262333,0.6882851264020743,3.349454107684005,3.3045876434894486,THBS1
gs_ind_0,Positive Regulation of Fibroblast Proliferation (GO:0048146),1/22,0.7694079063049644,0.8941848821222994,1.0114961282144606,0.2651475390012929,CDKN1A
gs_ind_0,Positive Regulation of Filopodium Assembly (GO:0051491),1/16,0.6558766163212053,0.8389578739523719,1.4036697247706422,0.5920434556741193,PALM
gs_ind_0,Positive Regulation of Focal Adhesion Assembly (GO:0051894),1/19,0.7182988056240869,0.867676948792053,1.1757850673123205,0.38903157333720684,S100A10
gs_ind_0,Positive Regulation of G Protein-Coupled Receptor Signaling Pathway (GO:0045745),2/17,0.3005411925726754,0.6624839519426774,2.341977309562399,2.815455926179959,RGS2;CCL5
gs_ind_0,Positive Regulation of G1/S Transition of Mitotic Cell Cycle (GO:1900087),1/29,0.8554888495154207,0.936753990596046,0.7626608344931406,0.1190377958612017,CPAP
gs_ind_0,Positive Regulation of GTPase Activity (GO:0043547),4/67,0.6346896816642349,0.8304298782531608,1.0275398709974464,0.46713924091690173,ARHGEF16;S100A10;SEMA4D;RGS1
gs_ind_0,Positive Regulation of Gene Expression (GO:0010628),20/283,0.36771113824839274,0.6882851264020743,1.130805380003241,1.131322835934571,DLL1;SMO;TLR3;HSPA1A;ITGAX;PLCG2;CCL2;THBS1;LGALS9;PLSCR1;ZC3H12A;TLR9;CCDC88B;EMILIN1;AR;TLR2;RIGI;EIF2AK2;NOTCH1;TTBK1
gs_ind_0,Positive Regulation of Glial Cell Differentiation (GO:0045687),1/11,0.5196605004230545,0.7685083681045072,2.072854830005397,1.356848411751394,NOTCH1
gs_ind_0,Positive Regulation of Glial Cell Migration (GO:1903977),1/5,0.2833939579712883,0.6336944594034671,4.838819931642382,6.101351626665179,CCR2
gs_ind_0,Positive Regulation of Glucose Metabolic Process (GO:0010907),2/18,0.3248819041260126,0.6624839519426774,2.1998755791300364,2.473305890557785,PMAIP1;SLC45A3
gs_ind_0,Positive Regulation of Glutamate Receptor Signaling Pathway (GO:1900451),2/5,0.03642622767140897,0.27162107597191837,10.380875202593193,34.38629847772066,CCL2;CCR2
gs_ind_0,Positive Regulation of Granulocyte Macrophage Colony-Stimulating Factor Production (GO:0032725),2/5,0.03642622767140897,0.27162107597191837,10.380875202593193,34.38629847772066,RIGI;TLR9
gs_ind_0,Positive Regulation of Growth (GO:0045927),2/62,0.9157865581394328,0.9685452432100544,0.5980015269834041,0.052607364373658504,S100A9;NRG1
gs_ind_0,Positive Regulation of Heart Contraction (GO:0045823),2/7,0.07019752665192665,0.3649780494105417,6.6050292225332745,17.545878368545242,ADM;RGS2
gs_ind_0,Positive Regulation of Heart Rate (GO:0010460),1/5,0.2833939579712883,0.6336944594034671,4.838819931642382,6.101351626665179,ADM
gs_ind_0,Positive Regulation of Hemopoiesis (GO:1903708),2/4,0.02282372249623049,0.21896048614125635,14.534305780659103,54.93901924276344,IL2RG;IL2RB
gs_ind_0,Positive Regulation of Hemostasis (GO:1900048),2/9,0.11054513189129135,0.47715707147271474,4.842967765171979,10.665820017194985,EMILIN1;HPSE
gs_ind_0,Positive Regulation of Heterotypic Cell-Cell Adhesion (GO:0034116),2/7,0.07019752665192665,0.3649780494105417,6.6050292225332745,17.545878368545242,LCK;CD44
gs_ind_0,Positive Regulation of Hippo Signaling (GO:0035332),1/12,0.5506490672062563,0.7880800413240646,1.8924658016377671,1.1291540547630419,DLG5
gs_ind_0,Positive Regulation of Homotypic Cell-Cell Adhesion (GO:0034112),1/9,0.45113270140804174,0.7303585487139446,2.5609663185295704,2.0385131696903356,CCL5
gs_ind_0,Positive Regulation of Hydrolase Activity (GO:0051345),4/56,0.49145073608352413,0.7514521794922369,1.2438548998375745,0.8836265305589968,RHOC;S100A10;SEMA4D;RGS1
gs_ind_0,Positive Regulation of IRE1-mediated Unfolded Protein Response (GO:1903896),1/7,0.37284039631262333,0.6882851264020743,3.349454107684005,3.3045876434894486,BAX
gs_ind_0,Positive Regulation of Immune Effector Process (GO:0002699),7/39,0.011339308117064696,0.14833017339586424,3.3647683115363725,15.072412339836438,DHX58;DDX60;CFB;LGALS9;CCR2;C2;MBL2
gs_ind_0,Positive Regulation of Immune Response (GO:0050778),17/62,2.321361901991216e-07,3.2874906173913695e-05,5.664047649220631,86.52366117024107,SASH3;PLSCR1;CFB;CCL5;B2M;LGALS9;RSAD2;PLSCR2;IFI35;NMI;ITGB2;C2;GBP5;PYCARD;NOD2;FPR2;ITGAM
gs_ind_0,Positive Regulation of Immune System Process (GO:0002684),5/20,0.007568814713040328,0.11250714442645848,5.16910569105691,25.24445864606142,CFB;B2M;LGALS9;RSAD2;C2
gs_ind_0,Positive Regulation of Immunoglobulin Mediated Immune Response (GO:0002891),2/11,0.15530567804812975,0.5505114261205458,3.8228269214364925,7.11947989835536,MAD2L2;SHLD2
gs_ind_0,Positive Regulation of Immunoglobulin Production (GO:0002639),4/21,0.04264502922068799,0.3019674211960145,3.741310232809962,11.803252235265814,MAD2L2;SASH3;SHLD2;TLR9
gs_ind_0,Positive Regulation of Inflammasome-Mediated Signaling Pathway (GO:0141087),5/27,0.02716059858947253,0.24930746976880033,3.559084613068353,12.834016182048257,TLR9;GBP5;PLCG2;CASP1;GBP2
gs_ind_0,Positive Regulation of Inflammatory Response (GO:0050729),24/84,3.0793432808727113e-10,1.017551879701716e-07,6.003114609393223,131.47502093658665,CCL5;TLR3;PLCG2;CASP1;TLR7;CCL7;CASP4;GNA14;TNIP1;TLR9;IFI35;GBP5;LGALS1;TLR2;S100A9;PYCARD;GBP3;CASP12;GSDMD;CCN4;NMI;CCR2;ZBP1;GBP2
gs_ind_0,Positive Regulation of Innate Immune Response (GO:0045089),11/43,6.40927883349251e-05,0.003133261694539519,5.1818288639892565,50.03148371009044,PLSCR1;USP27X;CCL5;PLSCR2;NLRC5;ZBP1;STING1;IFI35;NMI;GBP5;FPR2
gs_ind_0,Positive Regulation of Insulin Secretion (GO:0032024),1/32,0.8817245999640496,0.9500902030047403,0.6898722791869041,0.08683802958080115,NLGN2
gs_ind_0,Positive Regulation of Integrin Activation (GO:0033625),1/8,0.4132896381284026,0.7125352949529677,2.902644360496492,2.5647957981136242,PLEK
gs_ind_0,Positive Regulation of Integrin-Mediated Signaling Pathway (GO:2001046),2/13,0.20275236784673498,0.60784832860503,3.1575176755220444,5.0386716886898935,CD63;FLNA
gs_ind_0,Positive Regulation of Interferon-Alpha Production (GO:0032727),7/21,0.00023617832117680312,0.0074722800763809836,7.551836520631591,63.06480861558671,IRF7;TLR7;TLR9;TLR3;STAT1;IFIH1;RIGI
gs_ind_0,Positive Regulation of Interferon-Beta Production (GO:0032728),12/38,2.7177249392258963e-06,0.00025719734519717295,6.918324866296384,88.66328285672196,ISG15;IRF7;TLR7;TLR3;TLR9;RNF135;IFIH1;OAS2;STING1;OAS3;TLR2;RIGI
gs_ind_0,Positive Regulation of Interleukin-1 Beta Production (GO:0032731),9/33,0.0001743807456478263,0.0064025720686004374,5.6694144179174115,49.0646400302741,GSDMD;LGALS9;PANX1;HSPB1;GBP5;CASP1;PYCARD;ORM2;NOD2
gs_ind_0,Positive Regulation of Interleukin-1 Production (GO:0032732),9/38,0.0005509377086687725,0.015457440996046505,4.706743677514002,35.31888119732672,GSDMD;LGALS9;PANX1;HSPB1;GBP5;CASP1;PYCARD;ORM2;NOD2
gs_ind_0,Positive Regulation of Interleukin-10 Production (GO:0032733),7/19,0.00011468870462553443,0.004752151299687566,8.7614340032591,79.4950229081392,ISG15;TLR9;LGALS9;CD274;PLCG2;PYCARD;NOD2
gs_ind_0,Positive Regulation of Interleukin-12 Production (GO:0032735),6/19,0.0009252702298657631,0.023319946301871012,7.022628162617311,49.0560403856246,TLR9;TLR3;LGALS9;LAPTM5;PLCG2;TLR2
gs_ind_0,Positive Regulation of Interleukin-13 Production (GO:0032736),2/8,0.08969570360216707,0.43164243125055807,5.588455304824834,13.475623389845104,LGALS9;TRAF3IP2
gs_ind_0,Positive Regulation of Interleukin-17 Production (GO:0032740),3/14,0.05700236899903131,0.34064004929185576,4.425306276012886,12.677008721408043,SLC7A5;NOD2;LY9
gs_ind_0,Positive Regulation of Interleukin-18 Production (GO:0032741),5/6,6.259056654323157e-06,0.0005170676247210298,53.46973803071364,640.6466544822869,GSDMD;TLR9;GBP5;CASP1;TLR2
gs_ind_0,Positive Regulation of Interleukin-2 Production (GO:0032743),7/36,0.007275471704291211,0.11250714442645848,3.7077767241458677,18.254299258045645,CARD11;PSMB8;PRKD2;PSMB10;PSMB9;PLCG2;CCR2
gs_ind_0,Positive Regulation of Interleukin-23 Production (GO:0032747),1/4,0.2340004119113125,0.6083192526435693,6.221802482460874,9.036747532590647,PLCG2
gs_ind_0,Positive Regulation of Interleukin-4 Production (GO:0032753),3/10,0.022761654228634364,0.21896048614125635,6.787488732648279,25.674884242921568,LGALS9;SLC7A5;HAVCR2
gs_ind_0,Positive Regulation of Interleukin-5 Production (GO:0032754),1/7,0.37284039631262333,0.6882851264020743,3.349454107684005,3.3045876434894486,TRAF3IP2
gs_ind_0,Positive Regulation of Interleukin-6 Production (GO:0032755),13/52,1.837074104467786e-05,0.001138220497226499,5.013343391629928,54.669262965544355,TLR7;TLR3;TLR1;RAB7B;LGALS9;TLR9;IFIH1;CYBA;PLCG2;TLR2;PYCARD;NOD2;RIGI
gs_ind_0,Positive Regulation of Interleukin-8 Production (GO:0032757),13/42,1.3486360152474793e-06,0.00014324441104807156,6.717785953239243,90.80039515461829,RIGI;TLR7;TLR1;TLR3;LGALS9;TLR9;DDIT3;HSPA1A;PRKD2;TLR2;PYCARD;NOD2;AFAP1L2
gs_ind_0,Positive Regulation of Intracellular Protein Transport (GO:0090316),3/69,0.8304979768297931,0.9226401806069896,0.7621473911929635,0.14155347188097853,FLNA;CDH1;ZC3H12A
gs_ind_0,Positive Regulation of Intracellular Signal Transduction (GO:1902533),50/495,0.0010412336845474145,0.02517584534832529,1.6804429224182311,11.540188079470466,SHISA5;LITAF;TLR3;CCL5;PMAIP1;RHOC;TNFRSF10B;HSPA1A;MAP3K13;TNFSF10;PLCG2;CASP1;UBD;FPR2;IQGAP1;TRIM21;TLR7;THBS1;LGALS9;RSAD2;GDF15;SEMA4D;NOD2;TRAF3IP2;LCK;IL2RG;TLR9;CD40;DDIT3;IFI35;LGALS1;S100A9;EDA2R;TLR2;PYCARD;BAX;SLCO3A1;CARD11;EIF2AK2;HPSE;DHX58;DDX60;IL2RB;BST2;ALPK1;NMI;LAPTM5;DLG5;FLNA;HAP1
gs_ind_0,Positive Regulation of Intrinsic Apoptotic Signaling Pathway (GO:2001244),5/32,0.0521034470974057,0.32629982687969195,2.9108943089430896,8.600307590089473,LCK;PMAIP1;DDIT3;S100A9;BAX
gs_ind_0,Positive Regulation of Isotype Switching (GO:0045830),2/11,0.15530567804812975,0.5505114261205458,3.8228269214364925,7.11947989835536,MAD2L2;SHLD2
gs_ind_0,Positive Regulation of JNK Cascade (GO:0046330),5/59,0.3313400851362351,0.6644675746427263,1.4658461997464012,1.6191883465543147,TLR9;TLR3;EDA2R;PYCARD;NOD2
gs_ind_0,Positive Regulation of Kinase Activity (GO:0033674),1/25,0.8112524386727127,0.9159699136722276,0.8874412150181173,0.185631407941355,CDKN1A
gs_ind_0,Positive Regulation of Lamellipodium Assembly (GO:0010592),1/18,0.6988617377278106,0.8627707795776292,1.2430652995143012,0.44539322599570885,TWF2
gs_ind_0,Positive Regulation of Lamellipodium Organization (GO:1902745),1/25,0.8112524386727127,0.9159699136722276,0.8874412150181173,0.185631407941355,TWF2
gs_ind_0,Positive Regulation of Leukocyte Activation (GO:0002696),1/16,0.6558766163212053,0.8389578739523719,1.4036697247706422,0.5920434556741193,THBS1
gs_ind_0,Positive Regulation of Leukocyte Adhesion to Vascular Endothelial Cell (GO:1904996),1/11,0.5196605004230545,0.7685083681045072,2.072854830005397,1.356848411751394,ITGB2
gs_ind_0,Positive Regulation of Leukocyte Apoptotic Process (GO:2000108),1/7,0.37284039631262333,0.6882851264020743,3.349454107684005,3.3045876434894486,LGALS9
gs_ind_0,Positive Regulation of Leukocyte Cell-Cell Adhesion (GO:1903039),8/25,0.0001166466189903135,0.004752151299687566,7.097661772702556,64.27899113161963,LCK;CCL2;B2M;CCDC88B;CCR2;ITGB2;CD44;PYCARD
gs_ind_0,Positive Regulation of Leukocyte Chemotaxis (GO:0002690),7/36,0.007275471704291211,0.11250714442645848,3.7077767241458677,18.254299258045645,CCL2;CCL5;CXCL10;LGALS9;THBS1;CCR2;FPR2
gs_ind_0,Positive Regulation of Leukocyte Degranulation (GO:0043302),2/7,0.07019752665192665,0.3649780494105417,6.6050292225332745,17.545878368545242,ITGB2;ITGAM
gs_ind_0,Positive Regulation of Leukocyte Differentiation (GO:1902107),5/11,0.0003666906774541371,0.01082243058389887,12.33458411507192,97.57879509850707,IL2RG;LGALS9;IL2RB;LGALS3;LGALS1
gs_ind_0,Positive Regulation of Leukocyte Mediated Cytotoxicity (GO:0001912),3/20,0.13467922048281478,0.5128501942585034,2.906760411032991,5.827646144716359,KLRK1;ITGAM;KLRD1
gs_ind_0,Positive Regulation of Leukocyte Mediated Immunity (GO:0002705),1/4,0.2340004119113125,0.6083192526435693,6.221802482460874,9.036747532590647,PLCG2
gs_ind_0,Positive Regulation of Leukocyte Migration (GO:0002687),2/12,0.1787862658078333,0.5716072093995457,3.4584909058166757,5.9540142413558605,LYVE1;LGALS3
gs_ind_0,Positive Regulation of Leukocyte Proliferation (GO:0070665),4/14,0.010197268441630053,0.14040127937688787,6.23876556578235,28.60870419579604,IL2RG;IL2RB;BST2;CSF2RA
gs_ind_0,Positive Regulation of Lipase Activity (GO:0060193),1/6,0.3296057006468095,0.6624839519426774,3.9587401265760684,4.393640133528681,RHOC
gs_ind_0,Positive Regulation of Lipid Biosynthetic Process (GO:0046889),1/38,0.9207819573927161,0.9714087402104064,0.5792336751214248,0.04780532309195924,SLC45A3
gs_ind_0,Positive Regulation of Lipid Catabolic Process (GO:0050996),1/20,0.7364825677009945,0.8775237004578357,1.1154053717464403,0.34116872034232576,CLSTN3
gs_ind_0,Positive Regulation of Lipid Localization (GO:1905954),1/11,0.5196605004230545,0.7685083681045072,2.072854830005397,1.356848411751394,ZC3H12A
gs_ind_0,Positive Regulation of Lipid Metabolic Process (GO:0045834),1/26,0.8234411526643806,0.9185301096581084,0.852576108694962,0.16562415625449156,CLSTN3
gs_ind_0,Positive Regulation of Lipid Storage (GO:0010884),1/14,0.6067632607040262,0.815046945498543,1.6118606463992324,0.8053123024832447,ZC3H12A
gs_ind_0,Positive Regulation of Lipopolysaccharide-Mediated Signaling Pathway (GO:0031666),1/8,0.4132896381284026,0.7125352949529677,2.902644360496492,2.5647957981136242,CD180
gs_ind_0,Positive Regulation of Locomotion (GO:0040017),1/18,0.6988617377278106,0.8627707795776292,1.2430652995143012,0.44539322599570885,THBS1
gs_ind_0,Positive Regulation of Lymphocyte Activation (GO:0051251),8/26,0.00015903550766156632,0.006063738458788439,6.71350469556016,58.718883756238725,LCK;CCL2;TLR9;B2M;CCDC88B;CCR2;PYCARD;NOD2
gs_ind_0,Positive Regulation of Lymphocyte Apoptotic Process (GO:0070230),1/4,0.2340004119113125,0.6083192526435693,6.221802482460874,9.036747532590647,CCL5
gs_ind_0,Positive Regulation of Lymphocyte Chemotaxis (GO:0140131),4/12,0.005591606137850961,0.09187534062966166,7.707856938119049,39.97671298535652,CCL7;STK39;CCR2;CCL5
gs_ind_0,Positive Regulation of Lymphocyte Differentiation (GO:0045621),2/34,0.65347020985538,0.8389578739523719,1.1155300669077006,0.47461156210687,IL2RG;IL7
gs_ind_0,Positive Regulation of Lymphocyte Migration (GO:2000403),6/17,0.000471760077888933,0.013490523765785448,8.245181532944867,63.15017526017783,CCL5;CXCL10;LGALS9;SPN;TNFRSF14;PYCARD
gs_ind_0,Positive Regulation of Lymphocyte Proliferation (GO:0050671),6/39,0.03720829399588319,0.27162107597191837,2.8258031600003237,9.300350008669838,SASH3;TLR9;CCDC88B;CCL5;IL7;CD274
gs_ind_0,Positive Regulation of MAPK Cascade (GO:0043410),27/233,0.002224038221124368,0.048279486639590294,1.9591281679669488,11.967198679718125,STK39;TLR3;DENND2B;PLCG2;FPR2;SLC30A10;IQGAP1;THBS1;LGALS9;GDF15;CD44;NOD2;IL2RG;ZC3H12A;TLR9;CD40;EDA2R;PYCARD;SLCO3A1;EIF2AK2;NOTCH1;PRKD2;IL2RB;LAPTM5;MARCO;NRG1;GLIPR2
gs_ind_0,Positive Regulation of MHC Class I Biosynthetic Process (GO:0045345),1/2,0.12477758622840975,0.49743772311433054,14.519697787371829,30.218720809256304,NLRC5
gs_ind_0,Positive Regulation of Macroautophagy (GO:0016239),2/72,0.951218700785858,0.9874081731717773,0.5127954603798598,0.025645554067341723,STING1;NOD2
gs_ind_0,Positive Regulation of Macromolecule Biosynthetic Process (GO:0010557),20/226,0.09316167521831349,0.43700760583480175,1.4491758883130224,3.4395013731346493,DLL1;SMO;SMOC2;TLR3;HSPA1A;ITGAX;PLCG2;CCL2;LGALS9;PLSCR1;ZC3H12A;TLR9;EMILIN1;AR;TLR2;RIGI;NOTCH1;TTBK1;PRKD2;NLRC5
gs_ind_0,Positive Regulation of Macromolecule Metabolic Process (GO:0010604),2/24,0.46396195640651067,0.7448352156149185,1.6125217600096045,1.2383404726591272,DTX3L;LAPTM5
gs_ind_0,Positive Regulation of Macrophage Activation (GO:0043032),2/13,0.20275236784673498,0.60784832860503,3.1575176755220444,5.0386716886898935,THBS1;TTBK1
gs_ind_0,Positive Regulation of Macrophage Chemotaxis (GO:0010759),3/12,0.03790273924961201,0.27162107597191837,5.357746719421593,17.534468567500667,THBS1;CCL2;CCL5
gs_ind_0,Positive Regulation of Macrophage Cytokine Production (GO:0060907),2/6,0.05233524459368294,0.32629982687969195,8.073413770334353,23.817258816991405,LAPTM5;PLCG2
gs_ind_0,Positive Regulation of Macrophage Migration (GO:1905523),3/15,0.06795103532390583,0.3649780494105417,4.070978907517577,10.946731611814585,THBS1;CCL2;CCL5
gs_ind_0,Positive Regulation of Megakaryocyte Differentiation (GO:0045654),1/6,0.3296057006468095,0.6624839519426774,3.9587401265760684,4.393640133528681,RAB7B
gs_ind_0,Positive Regulation of Membrane Invagination (GO:1905155),1/7,0.37284039631262333,0.6882851264020743,3.349454107684005,3.3045876434894486,PLCG2
gs_ind_0,Positive Regulation of Mesenchymal Cell Proliferation (GO:0002053),2/8,0.08969570360216707,0.43164243125055807,5.588455304824834,13.475623389845104,STAT1;LRP5
gs_ind_0,Positive Regulation of Metabolic Process (GO:0009893),3/32,0.340812100969237,0.6811661211576013,1.7228093976588352,1.8544733436450738,THBS1;ZC3H12A;CDKN1A
gs_ind_0,Positive Regulation of Microglial Cell Activation (GO:1903980),1/2,0.12477758622840975,0.49743772311433054,14.519697787371829,30.218720809256304,TTBK1
gs_ind_0,Positive Regulation of Microtubule Nucleation (GO:0090063),1/8,0.4132896381284026,0.7125352949529677,2.902644360496492,2.5647957981136242,HSPA1A
gs_ind_0,Positive Regulation of Microtubule Polymerization (GO:0031116),2/23,0.4418765538313216,0.7303585487139446,1.6876484112924504,1.3783441861073567,HSPA1A;PSRC1
gs_ind_0,Positive Regulation of Microtubule Polymerization or Depolymerization (GO:0031112),1/17,0.6780850803054885,0.8523351770196631,1.318500711377128,0.5122144680846036,PSRC1
gs_ind_0,Positive Regulation of Mitophagy (GO:1901526),1/18,0.6988617377278106,0.8627707795776292,1.2430652995143012,0.44539322599570885,NOD2
gs_ind_0,Positive Regulation of Mitotic Cell Cycle (GO:0045931),2/25,0.4855226945547672,0.7454724541752974,1.5437888662827455,1.1154326080660328,MDM2;SMOC2
gs_ind_0,Positive Regulation of Mitotic Cell Cycle Phase Transition (GO:1901992),1/47,0.956591240376414,0.9905648847073312,0.46681057744198595,0.020716635545958234,CPAP
gs_ind_0,Positive Regulation of Mitotic Nuclear Division (GO:0045840),2/22,0.41929659311135503,0.716248172264888,1.7701044919687448,1.5385336695252496,BTC;LRP5
gs_ind_0,Positive Regulation of Monoatomic Ion Transport (GO:0043270),1/22,0.7694079063049644,0.8941848821222994,1.0114961282144606,0.2651475390012929,CCL5
gs_ind_0,Positive Regulation of Monocyte Chemotactic Protein-1 Production (GO:0071639),2/5,0.03642622767140897,0.27162107597191837,10.380875202593193,34.38629847772066,LGALS9;OAS3
gs_ind_0,Positive Regulation of Monocyte Chemotaxis (GO:0090026),4/14,0.010197268441630053,0.14040127937688787,6.23876556578235,28.60870419579604,CXCL10;CCR2;FPR2;CCL5
gs_ind_0,Positive Regulation of Mononuclear Cell Migration (GO:0071677),6/24,0.003479542177185742,0.06807998970362104,5.122714141162324,28.99893966526081,CCL5;CXCL10;LGALS9;LGALS3;CCR2;FPR2
gs_ind_0,Positive Regulation of Morphogenesis of an Epithelium (GO:1905332),2/14,0.22704403432135226,0.6083192526435693,2.9047001620745543,4.306541273291301,ITGAX;SMO
gs_ind_0,Positive Regulation of Multicellular Organismal Process (GO:0051240),14/260,0.7940105347389943,0.9126935571904561,0.8504781222833961,0.19617005039886892,TGFB1I1;SMO;TLR9;CCDC88B;SACK1A;CCR2;MAP3K13;ITGAX;COL1A1;LCN2;PLAC8;HAP1;GLIPR2;EIF2AK2
gs_ind_0,Positive Regulation of Muscle Cell Differentiation (GO:0051149),2/16,0.2760553611698522,0.6336944594034671,2.503679278675087,3.22262042128606,NOTCH1;NRG1
gs_ind_0,Positive Regulation of Myelination (GO:0031643),1/11,0.5196605004230545,0.7685083681045072,2.072854830005397,1.356848411751394,ITGAX
gs_ind_0,Positive Regulation of Myeloid Cell Differentiation (GO:0045639),3/31,0.3227557052559593,0.6624839519426774,1.7833916863548813,2.0167655598504632,STAT1;RAB7B;HSPA1A
gs_ind_0,Positive Regulation of Myeloid Leukocyte Mediated Immunity (GO:0002888),3/8,0.011702995801205507,0.14833017339586424,9.257043119130733,41.17449853472315,ITGB2;RIGI;ITGAM
gs_ind_0,Positive Regulation of Myotube Differentiation (GO:0010831),1/6,0.3296057006468095,0.6624839519426774,3.9587401265760684,4.393640133528681,ATP11A
gs_ind_0,Positive Regulation of NLRP3 Inflammasome Complex Assembly (GO:1900227),4/26,0.08287033984129875,0.4170158894890398,2.908825121819166,7.244365155671764,CASP1;GBP5;PLCG2;TLR9
gs_ind_0,Positive Regulation of Natural Killer Cell Chemotaxis (GO:2000503),2/2,0.004151481921798915,0.07716567022143733,72.68233387358185,398.6109909443362,CCL5;CCL7
gs_ind_0,Positive Regulation of Natural Killer Cell Mediated Cytotoxicity (GO:0045954),2/10,0.13249100130695554,0.509738988210719,4.2728890583786185,8.636536632696506,KLRK1;KLRD1
gs_ind_0,Positive Regulation of Natural Killer Cell Mediated Immunity (GO:0002717),2/11,0.15530567804812975,0.5505114261205458,3.8228269214364925,7.11947989835536,KLRK1;KLRD1
gs_ind_0,Positive Regulation of Necroptotic Process (GO:0060545),1/6,0.3296057006468095,0.6624839519426774,3.9587401265760684,4.393640133528681,ZBP1
gs_ind_0,Positive Regulation of Nervous System Development (GO:0051962),4/25,0.07371061605730059,0.37926534974811754,3.044345953840924,7.9384622216702905,NLGN2;LRRC24;CLSTN3;DLG5
gs_ind_0,Positive Regulation of Nervous System Process (GO:0031646),2/14,0.22704403432135226,0.6083192526435693,2.9047001620745543,4.306541273291301,NLGN2;ITGAX
gs_ind_0,Positive Regulation of Neurogenesis (GO:0050769),1/41,0.9351722862879989,0.9792966124720102,0.5362075513181828,0.03593904477041978,CAPRIN2
gs_ind_0,Positive Regulation of Neuroinflammatory Response (GO:0150078),3/10,0.022761654228634364,0.21896048614125635,6.787488732648279,25.674884242921568,TTBK1;PLCG2;CCL5
gs_ind_0,Positive Regulation of Neuron Apoptotic Process (GO:0043525),5/31,0.04632223926842299,0.32337227653282646,3.0209643605870022,9.280804616471213,CASP12;DDIT3;CASP4;CASP1;BAX
gs_ind_0,Positive Regulation of Neuron Projection Arborization (GO:0150012),1/7,0.37284039631262333,0.6882851264020743,3.349454107684005,3.3045876434894486,MAP3K13
gs_ind_0,Positive Regulation of Neuron Projection Development (GO:0010976),4/61,0.559765439209674,0.797290429219143,1.135269885360514,0.6587260937535738,TWF2;CAPRIN2;SERPINI1;S100A9
gs_ind_0,Positive Regulation of Non-Canonical NF-kappaB Signal Transduction (GO:1901224),8/31,0.0006021137631066748,0.015846781694506644,5.2831325998172,39.17476716833077,TRIM21;LGALS9;IFI35;LAPTM5;NMI;PYCARD;NOD2;EIF2AK2
gs_ind_0,Positive Regulation of Non-Canonical Wnt Signaling Pathway (GO:2000052),1/9,0.45113270140804174,0.7303585487139446,2.5609663185295704,2.0385131696903356,PLEKHA4
gs_ind_0,Positive Regulation of Non-Motile Cilium Assembly (GO:1902857),1/5,0.2833939579712883,0.6336944594034671,4.838819931642382,6.101351626665179,HAP1
gs_ind_0,Positive Regulation of Notch Signaling Pathway (GO:0045747),2/26,0.5065345888810102,0.7685083681045072,1.480666821023385,1.007094294862838,NOD2;DLL1
gs_ind_0,Positive Regulation of Nuclear Division (GO:0051785),2/15,0.25151988032095945,0.6336944594034671,2.6893370950637294,3.7119124671369925,BTC;LRP5
gs_ind_0,Positive Regulation of Nuclear-Transcribed mRNA poly(A) Tail Shortening (GO:0060213),1/13,0.5796404588195495,0.8010458757106599,1.7409390178089585,0.9494163340617632,BTG2
gs_ind_0,Positive Regulation of Nucleocytoplasmic Transport (GO:0046824),3/45,0.5615157332183423,0.7986359591541606,1.1946743867909522,0.6894650884091265,FLNA;CDH1;ZC3H12A
gs_ind_0,Positive Regulation of Opsonization (GO:1903028),3/12,0.03790273924961201,0.27162107597191837,5.357746719421593,17.534468567500667,C2;CFB;MBL2
gs_ind_0,Positive Regulation of Organelle Assembly (GO:1902117),3/58,0.7312746309372347,0.8769398195190871,0.9139539756089242,0.28603670059204406,BBS4;CPAP;G3BP2
gs_ind_0,Positive Regulation of Organelle Organization (GO:0010638),5/63,0.38346292977972113,0.7052682456183615,1.3652097375674612,1.3085703606815573,PMAIP1;TNFSF10;CASP1;BAX;PYCARD
gs_ind_0,Positive Regulation of Ossification (GO:0045778),2/26,0.5065345888810102,0.7685083681045072,1.480666821023385,1.007094294862838,ISG15;TENT5A
gs_ind_0,Positive Regulation of Osteoblast Differentiation (GO:0045669),4/33,0.16061393644546432,0.5652850260222614,2.2174391821827424,4.0551456826345795,GDF10;CCN4;TENT5A;LRP5
gs_ind_0,Positive Regulation of Osteoblast Proliferation (GO:0033690),1/3,0.18120623955754206,0.5716072093995457,8.71117107393416,14.879720755179145,HPSE
gs_ind_0,Positive Regulation of Pattern Recognition Receptor Signaling Pathway (GO:0062208),6/45,0.06734793888117911,0.3649780494105417,2.3954957863142785,6.46276730982738,DHX58;DDX60;TLR1;RSAD2;CYBA;IFI35
gs_ind_0,Positive Regulation of Peptide Hormone Secretion (GO:0090277),1/30,0.8648235186324998,0.9424643255452747,0.7367530436214292,0.1069985101181338,NLGN2
gs_ind_0,Positive Regulation of Peptidyl-Serine Phosphorylation (GO:0033138),1/14,0.6067632607040262,0.815046945498543,1.6118606463992324,0.8053123024832447,MAD2L2
gs_ind_0,Positive Regulation of Peptidyl-Tyrosine Phosphorylation (GO:0050731),4/26,0.08287033984129875,0.4170158894890398,2.908825121819166,7.244365155671764,PARP14;IL2RG;NRG1;PARP9
gs_ind_0,Positive Regulation of Phagocytosis (GO:0050766),11/51,0.00033037309075599014,0.009924541130387016,4.15577916523543,33.309766724475,IL2RG;CCL2;CFB;IL2RB;CYBA;PLCG2;CD300LF;PYCARD;C2;FPR2;MBL2
gs_ind_0,"Positive Regulation of Phagocytosis, Engulfment (GO:0060100)",1/8,0.4132896381284026,0.7125352949529677,2.902644360496492,2.5647957981136242,PLCG2
gs_ind_0,Positive Regulation of Phosphate Metabolic Process (GO:0045937),1/13,0.5796404588195495,0.8010458757106599,1.7409390178089585,0.9494163340617632,THBS1
gs_ind_0,Positive Regulation of Phosphorylation (GO:0042327),3/52,0.6602769914112796,0.8431360122186112,1.025195164189215,0.42555425609368797,THBS1;SEMA4D;CDKN1A
gs_ind_0,Positive Regulation of Plasma Membrane Bounded Cell Projection Assembly (GO:0120034),3/71,0.8447012432991745,0.9292489558223348,0.7397843774302938,0.12485509044069287,BBS4;PALM;TWF2
gs_ind_0,Positive Regulation of Plasminogen Activation (GO:0010756),2/6,0.05233524459368294,0.32629982687969195,8.073413770334353,23.817258816991405,S100A10;PLGRKT
gs_ind_0,Positive Regulation of Platelet Activation (GO:0010572),2/7,0.07019752665192665,0.3649780494105417,6.6050292225332745,17.545878368545242,PLEK;FLNA
gs_ind_0,Positive Regulation of Potassium Ion Import Across Plasma Membrane (GO:1903288),1/3,0.18120623955754206,0.5716072093995457,8.71117107393416,14.879720755179145,STK39
gs_ind_0,Positive Regulation of Potassium Ion Transmembrane Transport (GO:1901381),2/9,0.11054513189129135,0.47715707147271474,4.842967765171979,10.665820017194985,FLNA;STK39
gs_ind_0,Positive Regulation of Potassium Ion Transport (GO:0043268),1/8,0.4132896381284026,0.7125352949529677,2.902644360496492,2.5647957981136242,FLNA
gs_ind_0,Positive Regulation of Production of Molecular Mediator of Immune Response (GO:0002702),7/22,0.00032725123504214317,0.009924541130387016,7.064095600217273,56.68782989746244,SASH3;SLC7A5;TLR9;LACC1;LAPTM5;TNFRSF14;NOD2
gs_ind_0,Positive Regulation of Programmed Cell Death (GO:0043068),17/190,0.10649486292967791,0.47715707147271474,1.4712045033368308,3.2949957158584438,PHLDA3;USP27X;PMAIP1;UBD;IFIT2;TNFRSF10B;GZMA;PLEKHN1;TNFSF10;LAPTM5;PRF1;LGALS1;CASP1;BAX;PYCARD;FRZB;ZBP1
gs_ind_0,Positive Regulation of Programmed Necrotic Cell Death (GO:0062100),1/6,0.3296057006468095,0.6624839519426774,3.9587401265760684,4.393640133528681,ZBP1
gs_ind_0,Positive Regulation of Proteasomal Protein Catabolic Process (GO:1901800),4/87,0.8204131148997924,0.9185301096581084,0.7802554068906042,0.15444942530095337,OSBPL7;MDM2;HSPA1A;ECSCR
gs_ind_0,Positive Regulation of Proteasomal Ubiquitin-Dependent Protein Catabolic Process (GO:0032436),2/63,0.9202037224036634,0.9714087402104064,0.588234002275193,0.04891765495683764,MDM2;HSPA1A
gs_ind_0,Positive Regulation of Protein Acetylation (GO:1901985),1/5,0.2833939579712883,0.6336944594034671,4.838819931642382,6.101351626665179,BMAL1
gs_ind_0,Positive Regulation of Protein Autophosphorylation (GO:0031954),1/4,0.2340004119113125,0.6083192526435693,6.221802482460874,9.036747532590647,NRG1
gs_ind_0,Positive Regulation of Protein Binding (GO:0032092),2/9,0.11054513189129135,0.47715707147271474,4.842967765171979,10.665820017194985,DTX3L;TRIM21
gs_ind_0,Positive Regulation of Protein Catabolic Process (GO:0045732),5/100,0.7805072467837644,0.9042573244779569,0.8339704025312504,0.2066672514779368,TGFB1I1;ECSCR;TNFAIP3;LAPTM5;OSBPL7
gs_ind_0,Positive Regulation of Protein Depolymerization (GO:1901881),1/4,0.2340004119113125,0.6083192526435693,6.221802482460874,9.036747532590647,PLEK
gs_ind_0,Positive Regulation of Protein Deubiquitination (GO:1903003),2/5,0.03642622767140897,0.27162107597191837,10.380875202593193,34.38629847772066,TNIP1;ZC3H12A
gs_ind_0,Positive Regulation of Protein Import Into Nucleus (GO:0042307),3/28,0.26876955919595374,0.6336944594034671,1.9936478647705702,2.619455771223916,FLNA;CDH1;ZC3H12A
gs_ind_0,Positive Regulation of Protein K63-linked Ubiquitination (GO:1902523),1/6,0.3296057006468095,0.6624839519426774,3.9587401265760684,4.393640133528681,NOD2
gs_ind_0,Positive Regulation of Protein Kinase Activity (GO:0045860),1/45,0.9503811307440715,0.9872279017928287,0.48786359198869733,0.024828443976241885,CDKN1A
gs_ind_0,Positive Regulation of Protein Localization (GO:1903829),8/124,0.551371648350271,0.7887346234697961,1.0583168217472176,0.6300648974690499,NGFR;NLGN2;VIM;GZMB;PML;CDH1;DTX3L;PARP9
gs_ind_0,Positive Regulation of Protein Localization to Cell Periphery (GO:1904377),3/40,0.4812236573458114,0.7454724541752974,1.3544690823868757,0.9906900196028411,ARHGEF16;LGALS3;PLS1
gs_ind_0,Positive Regulation of Protein Localization to Early Endosome (GO:1902966),1/9,0.45113270140804174,0.7303585487139446,2.5609663185295704,2.0385131696903356,DTX3L
gs_ind_0,Positive Regulation of Protein Localization to Endosome (GO:1905668),1/12,0.5506490672062563,0.7880800413240646,1.8924658016377671,1.1291540547630419,DTX3L
gs_ind_0,Positive Regulation of Protein Localization to Membrane (GO:1905477),3/40,0.4812236573458114,0.7454724541752974,1.3544690823868757,0.9906900196028411,ARHGEF16;LGALS3;PLS1
gs_ind_0,Positive Regulation of Protein Localization to Mitochondrion (GO:1903749),1/32,0.8817245999640496,0.9500902030047403,0.6898722791869041,0.08683802958080115,GZMB
gs_ind_0,Positive Regulation of Protein Localization to Nucleus (GO:1900182),6/68,0.27345874380482293,0.6336944594034671,1.5113575691806838,1.9596330461941485,NGFR;ZC3H12A;CDH1;DTX3L;PARP9;FLNA
gs_ind_0,Positive Regulation of Protein Localization to Plasma Membrane (GO:1903078),3/39,0.4643323771856285,0.7448352156149185,1.3916815457448306,1.067634973390897,ARHGEF16;LGALS3;PLS1
gs_ind_0,Positive Regulation of Protein Localization to Synapse (GO:1902474),1/4,0.2340004119113125,0.6083192526435693,6.221802482460874,9.036747532590647,NLGN2
gs_ind_0,Positive Regulation of Protein Maturation (GO:1903319),1/6,0.3296057006468095,0.6624839519426774,3.9587401265760684,4.393640133528681,ANGPTL8
gs_ind_0,Positive Regulation of Protein Metabolic Process (GO:0051247),6/160,0.9503362348777383,0.9872279017928287,0.607190330946975,0.030929926661754686,EFNA3;THBS1;TLR9;TNFAIP3;CYFIP2;RIGI
gs_ind_0,Positive Regulation of Protein Modification Process (GO:0031401),3/49,0.6200256314149092,0.8285490441331016,1.0915810347935822,0.5217696881519148,BMAL1;SEMA4D;CDKN1A
gs_ind_0,Positive Regulation of Protein Modification by Small Protein Conjugation or Removal (GO:1903322),3/71,0.8447012432991745,0.9292489558223348,0.7397843774302938,0.12485509044069287,TNIP1;LAPTM5;ZC3H12A
gs_ind_0,Positive Regulation of Protein Phosphorylation (GO:0001934),3/82,0.9056774922543462,0.964148375090177,0.636900449333483,0.06309900458066177,MAD2L2;SEMA4D;CDKN1A
gs_ind_0,Positive Regulation of Protein Polymerization (GO:0032273),4/49,0.38944743111801694,0.7125352949529677,1.4359668485277581,1.3541546301922625,TTBK1;HCK;PYCARD;PSRC1
gs_ind_0,Positive Regulation of Protein Polyubiquitination (GO:1902916),1/13,0.5796404588195495,0.8010458757106599,1.7409390178089585,0.9494163340617632,NOD2
gs_ind_0,Positive Regulation of Protein Processing (GO:0010954),4/15,0.013207703699533353,0.15838593065488785,5.695840493397048,24.645645536424187,PLGRKT;S100A10;ANGPTL8;HPSE
gs_ind_0,Positive Regulation of Protein Secretion (GO:0050714),3/59,0.7418956033074078,0.882912174564318,0.8977107932056074,0.2680086326277792,NLGN2;SYTL4;TLR2
gs_ind_0,Positive Regulation of Protein Targeting to Membrane (GO:0090314),2/17,0.3005411925726754,0.6624839519426774,2.341977309562399,2.815455926179959,ITGB2;ITGAM
gs_ind_0,Positive Regulation of Protein Transport (GO:0051222),1/63,0.9851160024335226,0.999999953222645,0.34689260658391796,0.005201958436023471,SYTL4
gs_ind_0,Positive Regulation of Protein Ubiquitination (GO:0031398),1/66,0.9878241596336051,0.999999953222645,0.33093024309660835,0.00405408515167386,LAPTM5
gs_ind_0,Positive Regulation of Protein-Containing Complex Assembly (GO:0031334),14/87,0.0012721769519807972,0.029790978387329848,2.889644746787604,19.26533582118032,AJUBA;ISG15;TLR9;TTBK1;SPIDR;RHOC;LGALS3;PLEK;PLCG2;GBP5;CASP1;BAX;NRG1;GBP2
gs_ind_0,Positive Regulation of Proteolysis (GO:0045862),2/34,0.65347020985538,0.8389578739523719,1.1155300669077006,0.47461156210687,CYFIP2;ANGPTL8
gs_ind_0,Positive Regulation of Pyroptotic Inflammatory Response (GO:0140639),3/7,0.007679539448073663,0.11250714442645848,11.315005107866114,55.0949742316291,GBP3;GBP5;GBP2
gs_ind_0,Positive Regulation of RIG-I Signaling Pathway (GO:1900246),2/8,0.08969570360216707,0.43164243125055807,5.588455304824834,13.475623389845104,DHX58;DDX60
gs_ind_0,Positive Regulation of RNA Biosynthetic Process (GO:1902680),20/416,0.93601267264353,0.9798316397190632,0.7439162923514637,0.04919240473064349,NPAS2;IRF7;NFE2;PSRC1;LRP5;PARP9;MYBL1;AFAP1L2;MAD2L2;TGFB1I1;DTX3L;PRDM11;NIBAN2;DDIT3;CDH1;AR;BMAL1;NOTCH1;STAT1;COL1A1
gs_ind_0,Positive Regulation of RNA Metabolic Process (GO:0051254),1/23,0.7842956950537663,0.9044185331872435,0.9664687893506027,0.23482211733826094,PNPT1
gs_ind_0,Positive Regulation of RNA Splicing (GO:0033120),1/23,0.7842956950537663,0.9044185331872435,0.9664687893506027,0.23482211733826094,HSPA1A
gs_ind_0,Positive Regulation of Ras Protein Signal Transduction (GO:0046579),1/16,0.6558766163212053,0.8389578739523719,1.4036697247706422,0.5920434556741193,NOTCH1
gs_ind_0,Positive Regulation of Reactive Oxygen Species Biosynthetic Process (GO:1903428),2/8,0.08969570360216707,0.43164243125055807,5.588455304824834,13.475623389845104,CYBA;PLCG2
gs_ind_0,Positive Regulation of Reactive Oxygen Species Metabolic Process (GO:2000379),8/42,0.004803700528235741,0.0816354592627034,3.595708127447967,19.195215774796868,ZC3H12A;CDKN1A;THBS1;CYBA;ITGB2;PLCG2;FPR2;ITGAM
gs_ind_0,Positive Regulation of Receptor Catabolic Process (GO:2000646),2/8,0.08969570360216707,0.43164243125055807,5.588455304824834,13.475623389845104,DTX3L;LAPTM5
gs_ind_0,Positive Regulation of Receptor Internalization (GO:0002092),1/15,0.6321377878742459,0.8285490441331016,1.5005861882873996,0.6882406887353841,CD63
gs_ind_0,Positive Regulation of Receptor Signaling Pathway via JAK-STAT (GO:0046427),3/25,0.21601346770155735,0.6083192526435693,2.259972357430443,3.4632144615885743,NOTCH1;CPAP;CSF2RA
gs_ind_0,Positive Regulation of Receptor Signaling Pathway via STAT (GO:1904894),5/26,0.023332135245310862,0.22028498482398254,3.7249007373794667,13.997892662617328,NOTCH1;MGAT5;CSF2RA;CCL5;CPAP
gs_ind_0,Positive Regulation of Receptor-Mediated Endocytosis (GO:0048260),2/30,0.5847834451201209,0.8055331013373042,1.2724748120977756,0.6827001435928547,CD63;B2M
gs_ind_0,Positive Regulation of Release of Cytochrome C From Mitochondria (GO:0090200),5/16,0.0026439365388817348,0.053856625113933417,6.969129256509956,41.36517163763183,PMAIP1;TNFSF10;CASP1;BAX;PYCARD
gs_ind_0,Positive Regulation of Release of Sequestered Calcium Ion Into Cytosol (GO:0051281),3/12,0.03790273924961201,0.27162107597191837,5.357746719421593,17.534468567500667,CXCL10;CXCL9;CXCL11
gs_ind_0,Positive Regulation of Reproductive Process (GO:2000243),1/14,0.6067632607040262,0.815046945498543,1.6118606463992324,0.8053123024832447,HYAL3
gs_ind_0,Positive Regulation of Response to Biotic Stimulus (GO:0002833),10/36,6.426663193238421e-05,0.003133261694539519,5.798725001285281,55.972019141728104,PLSCR1;CCL5;EMILIN1;PLSCR2;CYBA;CD180;IFI35;NMI;GBP5;FPR2
gs_ind_0,Positive Regulation of Response to Cytokine Stimulus (GO:0060760),3/12,0.03790273924961201,0.27162107597191837,5.357746719421593,17.534468567500667,RIGI;IFIH1;IL7
gs_ind_0,Positive Regulation of Response to Endoplasmic Reticulum Stress (GO:1905898),3/28,0.26876955919595374,0.6336944594034671,1.9936478647705702,2.619455771223916,PMAIP1;SHISA5;DDIT3
gs_ind_0,Positive Regulation of Response to External Stimulus (GO:0032103),29/118,2.435961540076313e-10,9.055687025233694e-08,4.902680755946441,108.52333580334766,CCL5;TLR3;CD180;CYBA;CASP1;FPR2;TLR7;THBS1;CCL7;CASP4;GNA14;TNIP1;PLSCR1;TLR9;EMILIN1;IFI35;GBP5;LGALS1;TLR2;S100A9;PLAU;PYCARD;CASP12;GSDMD;CCN4;PLSCR2;NMI;CCR2;ZBP1
gs_ind_0,Positive Regulation of Response to Food (GO:0032097),1/2,0.12477758622840975,0.49743772311433054,14.519697787371829,30.218720809256304,FBN1
gs_ind_0,Positive Regulation of Response to Stimulus (GO:0048584),9/60,0.014081947659507797,0.16685144358317205,2.691677545174435,11.474248873092742,NPAS2;SHISA5;CFB;B2M;RSAD2;IFIH1;IER5;C2;RIGI
gs_ind_0,Positive Regulation of Response to Wounding (GO:1903036),1/18,0.6988617377278106,0.8627707795776292,1.2430652995143012,0.44539322599570885,CLDN1
gs_ind_0,Positive Regulation of Rho Protein Signal Transduction (GO:0035025),3/21,0.1500182523598359,0.5505114261205458,2.7494335871837223,5.215670868041435,SEMA4D;COL3A1;ARHGEF5
gs_ind_0,Positive Regulation of Secretion by Cell (GO:1903532),2/52,0.8571696867927222,0.9379038441948329,0.7169525704596391,0.11049628497396238,S100A10;SYTL4
gs_ind_0,Positive Regulation of Signal Transduction (GO:0009967),16/205,0.2489611780326016,0.6336944594034671,1.2670943108940727,1.7618418093069197,CCL2;DLL1;SMOC2;CCL5;MGAT5;PRKD2;CD63;NLGN2;CD180;DLG5;PLCG2;IL7;TLR2;FLNA;CCR2;NOD2
gs_ind_0,Positive Regulation of Signal Transduction by P53 Class Mediator (GO:1901798),1/27,0.8348435527953628,0.9226401806069896,0.8203423311509128,0.14808076007375526,PMAIP1
gs_ind_0,Positive Regulation of Signaling (GO:0023056),1/19,0.7182988056240869,0.867676948792053,1.1757850673123205,0.38903157333720684,CLSTN3
gs_ind_0,Positive Regulation of Skeletal Muscle Cell Differentiation (GO:2001016),1/4,0.2340004119113125,0.6083192526435693,6.221802482460874,9.036747532590647,BMAL1
gs_ind_0,Positive Regulation of Skeletal Muscle Tissue Development (GO:0048643),1/3,0.18120623955754206,0.5716072093995457,8.71117107393416,14.879720755179145,DLL1
gs_ind_0,Positive Regulation of Small GTPase Mediated Signal Transduction (GO:0051057),4/55,0.4772538834999863,0.7454724541752974,1.268102038992646,0.9380235481053433,NOTCH1;SEMA4D;COL3A1;ARHGEF5
gs_ind_0,Positive Regulation of Small Molecule Metabolic Process (GO:0062013),3/21,0.1500182523598359,0.5505114261205458,2.7494335871837223,5.215670868041435,PMAIP1;ADM;SLC45A3
gs_ind_0,Positive Regulation of Smooth Muscle Cell Differentiation (GO:0051152),1/7,0.37284039631262333,0.6882851264020743,3.349454107684005,3.3045876434894486,NOTCH1
gs_ind_0,Positive Regulation of Smooth Muscle Cell Migration (GO:0014911),3/15,0.06795103532390583,0.3649780494105417,4.070978907517577,10.946731611814585,S100A11;CCN4;CCL5
gs_ind_0,Positive Regulation of Smooth Muscle Cell Proliferation (GO:0048661),3/36,0.4123222810906309,0.7125352949529677,1.516648773439455,1.3436749804686272,THBS1;CCN4;CCL5
gs_ind_0,Positive Regulation of Smoothened Signaling Pathway (GO:0045880),1/30,0.8648235186324998,0.9424643255452747,0.7367530436214292,0.1069985101181338,DLG5
gs_ind_0,Positive Regulation of Sodium Ion Export Across Plasma Membrane (GO:1903278),2/5,0.03642622767140897,0.27162107597191837,10.380875202593193,34.38629847772066,FXYD3;FXYD5
gs_ind_0,Positive Regulation of Sodium Ion Transmembrane Transport (GO:1902307),3/6,0.0046081938268610345,0.0795902558079326,14.548945375878853,78.27215192561924,FXYD3;FXYD5;STK39
gs_ind_0,Positive Regulation of Spindle Assembly (GO:1905832),1/5,0.2833939579712883,0.6336944594034671,4.838819931642382,6.101351626665179,CPAP
gs_ind_0,Positive Regulation of Sprouting Angiogenesis (GO:1903672),2/14,0.22704403432135226,0.6083192526435693,2.9047001620745543,4.306541273291301,DLL1;PKM
gs_ind_0,Positive Regulation of Steroid Biosynthetic Process (GO:0010893),1/4,0.2340004119113125,0.6083192526435693,6.221802482460874,9.036747532590647,ADM
gs_ind_0,Positive Regulation of Stress Fiber Assembly (GO:0051496),3/36,0.4123222810906309,0.7125352949529677,1.516648773439455,1.3436749804686272,AMOT;RHOC;S100A10
gs_ind_0,Positive Regulation of Stress-Activated MAPK Cascade (GO:0032874),2/12,0.1787862658078333,0.5716072093995457,3.4584909058166757,5.9540142413558605,NOD2;EIF2AK2
gs_ind_0,Positive Regulation of Stress-Activated Protein Kinase Signaling Cascade (GO:0070304),2/13,0.20275236784673498,0.60784832860503,3.1575176755220444,5.0386716886898935,NOD2;EIF2AK2
gs_ind_0,Positive Regulation of Striated Muscle Cell Differentiation (GO:0051155),2/13,0.20275236784673498,0.60784832860503,3.1575176755220444,5.0386716886898935,NRG1;ATP11A
gs_ind_0,Positive Regulation of Striated Muscle Contraction (GO:0045989),1/4,0.2340004119113125,0.6083192526435693,6.221802482460874,9.036747532590647,RGS2
gs_ind_0,Positive Regulation of Substrate Adhesion-Dependent Cell Spreading (GO:1900026),3/29,0.2866915267122173,0.6386671164360557,1.9182730083573987,2.3965914309103784,FLNA;S100A10;HPSE
gs_ind_0,Positive Regulation of Superoxide Anion Generation (GO:0032930),3/15,0.06795103532390583,0.3649780494105417,4.070978907517577,10.946731611814585,ITGB2;FPR2;ITGAM
gs_ind_0,Positive Regulation of Supramolecular Fiber Organization (GO:1902905),4/61,0.559765439209674,0.797290429219143,1.135269885360514,0.6587260937535738,PLEK;HCK;PYCARD;PSRC1
gs_ind_0,Positive Regulation of Synapse Assembly (GO:0051965),5/18,0.004656591967242862,0.0795902558079326,5.935782394860985,31.872014018946967,LRRC24;NLGN2;DLG5;CLSTN3;SEMA4D
gs_ind_0,Positive Regulation of Synaptic Transmission (GO:0050806),6/41,0.046048879485642846,0.32299379148656093,2.6662055894782695,8.206719044870841,CCL2;HAP1;NLGN2;CLSTN3;CCR2;GRIA3
gs_ind_0,"Positive Regulation of Synaptic Transmission, GABAergic (GO:0032230)",2/6,0.05233524459368294,0.32629982687969195,8.073413770334353,23.817258816991405,NLGN2;HAP1
gs_ind_0,"Positive Regulation of Synaptic Transmission, Glutamatergic (GO:0051968)",3/8,0.011702995801205507,0.14833017339586424,9.257043119130733,41.17449853472315,NLGN2;CCL2;CCR2
gs_ind_0,Positive Regulation of Systemic Arterial Blood Pressure (GO:0003084),1/2,0.12477758622840975,0.49743772311433054,14.519697787371829,30.218720809256304,ACE
gs_ind_0,Positive Regulation of T Cell Activation (GO:0050870),12/68,0.0012218231743612994,0.028838905718654797,3.2376282605858786,21.71610383158856,LCK;IL2RG;CCL2;CCL5;B2M;LGALS9;CCDC88B;CCR2;IL7;NOD2;PYCARD;CD274
gs_ind_0,Positive Regulation of T Cell Apoptotic Process (GO:0070234),3/7,0.007679539448073663,0.11250714442645848,11.315005107866114,55.0949742316291,LGALS9;CD274;CCL5
gs_ind_0,Positive Regulation of T Cell Chemotaxis (GO:0010820),3/9,0.016722704590232056,0.1888351537512045,7.832300203852395,32.04184557160756,STK39;CCR2;CCL5
gs_ind_0,Positive Regulation of T Cell Cytokine Production (GO:0002726),2/14,0.22704403432135226,0.6083192526435693,2.9047001620745543,4.306541273291301,RSAD2;B2M
gs_ind_0,Positive Regulation of T Cell Differentiation (GO:0045582),2/42,0.7633397376408113,0.8941206694540264,0.8946448699735211,0.2416007090844008,IL2RG;IL7
gs_ind_0,Positive Regulation of T Cell Mediated Immunity (GO:0002711),1/21,0.753493755705255,0.8864281762133814,1.0609163781869875,0.3002759875694897,B2M
gs_ind_0,Positive Regulation of T Cell Migration (GO:2000406),8/23,5.9362432746820615e-05,0.003043859913604216,8.01468189233279,77.99767377498598,STK39;CCL5;CXCL10;LGALS9;CCR2;SPN;TNFRSF14;PYCARD
gs_ind_0,Positive Regulation of T Cell Proliferation (GO:0042102),5/32,0.0521034470974057,0.32629982687969195,2.9108943089430896,8.600307590089473,CCL5;CCDC88B;PYCARD;CCR2;CD274
gs_ind_0,Positive Regulation of T Cell Receptor Signaling Pathway (GO:0050862),3/11,0.02982495597167174,0.2647743852529903,5.98851525466866,21.034119591423366,CARD11;PRKD2;LCK
gs_ind_0,Positive Regulation of T-helper 1 Type Immune Response (GO:0002827),1/6,0.3296057006468095,0.6624839519426774,3.9587401265760684,4.393640133528681,CCR2
gs_ind_0,Positive Regulation of T-helper 2 Cell Cytokine Production (GO:2000553),1/4,0.2340004119113125,0.6083192526435693,6.221802482460874,9.036747532590647,RSAD2
gs_ind_0,Positive Regulation of TOR Signaling (GO:0032008),1/75,0.9933361757548812,0.999999953222645,0.2907565094876076,0.00194403484869069,CCL5
gs_ind_0,Positive Regulation of Telomere Maintenance (GO:0032206),1/35,0.9032014887658473,0.9626342244294556,0.6297426030643609,0.06411385374577236,PML
gs_ind_0,Positive Regulation of Toll-Like Receptor 2 Signaling Pathway (GO:0034137),2/5,0.03642622767140897,0.27162107597191837,10.380875202593193,34.38629847772066,CYBA;TLR1
gs_ind_0,Positive Regulation of Toll-Like Receptor 4 Signaling Pathway (GO:0034145),1/10,0.48653733475260663,0.7454724541752974,2.291220495924106,1.6506906488764395,IFI35
gs_ind_0,Positive Regulation of Toll-Like Receptor 7 Signaling Pathway (GO:0034157),1/4,0.2340004119113125,0.6083192526435693,6.221802482460874,9.036747532590647,RSAD2
gs_ind_0,Positive Regulation of Toll-Like Receptor 9 Signaling Pathway (GO:0034165),1/10,0.48653733475260663,0.7454724541752974,2.291220495924106,1.6506906488764395,RSAD2
gs_ind_0,Positive Regulation of Transcription Elongation by RNA Polymerase II (GO:0032968),2/50,0.8416602349789881,0.9274166501769213,0.7466290163578339,0.1287030643414658,LEO1;ZMYND8
gs_ind_0,Positive Regulation of Transcription Regulatory Region DNA Binding (GO:2000679),1/5,0.2833939579712883,0.6336944594034671,4.838819931642382,6.101351626665179,NIBAN2
gs_ind_0,Positive Regulation of Transcription by RNA Polymerase II (GO:0045944),39/699,0.8504213273891087,0.9336113058897044,0.8611052062756639,0.13951917005005504,CAPRIN2;LITAF;IRF7;SMO;DLL1;TLR3;LPIN3;HELZ2;LRP5;IER5;SP100;STING1;PLAC8;MYBL1;PKM;CXCL10;HJV;NOD2;ELF3;TNIP1;PLSCR1;ZC3H12A;ZMYND8;CD40;NR4A1;DDIT3;ATF3;AR;NCOA7;RELB;TLR2;BMAL1;RIGI;NOTCH1;PRKD2;STAT1;LEO1;NLRC5;IRF9
gs_ind_0,Positive Regulation of Transcription by RNA Polymerase III (GO:0045945),1/19,0.7182988056240869,0.867676948792053,1.1757850673123205,0.38903157333720684,AR
gs_ind_0,Positive Regulation of Transcription of Notch Receptor Target (GO:0007221),1/6,0.3296057006468095,0.6624839519426774,3.9587401265760684,4.393640133528681,NOTCH1
gs_ind_0,Positive Regulation of Transforming Growth Factor Beta Production (GO:0071636),2/7,0.07019752665192665,0.3649780494105417,6.6050292225332745,17.545878368545242,THBS1;LGALS9
gs_ind_0,Positive Regulation of Transforming Growth Factor Beta Receptor Signaling Pathway (GO:0030511),2/23,0.4418765538313216,0.7303585487139446,1.6876484112924504,1.3783441861073567,THBS1;TGFB1I1
gs_ind_0,Positive Regulation of Translation (GO:0045727),3/95,0.9493252065558692,0.9868203999640527,0.5468580532939646,0.028438727272737302,THBS1;PKM;CCL5
gs_ind_0,Positive Regulation of Translational Initiation (GO:0045948),1/19,0.7182988056240869,0.867676948792053,1.1757850673123205,0.38903157333720684,CCL5
gs_ind_0,Positive Regulation of Transport (GO:0051050),2/41,0.7514768479034447,0.8864281762133814,0.9173624930759289,0.26210411289193003,DLL1;PLD4
gs_ind_0,Positive Regulation of Tumor Necrosis Factor Production (GO:0032760),22/74,7.298405228659222e-10,1.9732233772756843e-07,6.342904472667035,133.44326159035967,TLR3;TLR1;CYBA;PLCG2;PSMB8;THBS1;LGALS9;IFIH1;PSMB10;PSMB9;HSPB1;ORM2;NOD2;TLR9;HAVCR2;SPN;OAS3;TLR2;PYCARD;RIGI;OAS2;CCR2
gs_ind_0,Positive Regulation of Tumor Necrosis Factor Superfamily Cytokine Production (GO:1903557),22/76,1.284207099610206e-09,2.937870703262117e-07,6.1092254773327115,125.07493289277734,TLR3;TLR1;CYBA;PLCG2;PSMB8;THBS1;LGALS9;IFIH1;PSMB10;PSMB9;HSPB1;ORM2;NOD2;TLR9;HAVCR2;SPN;OAS3;TLR2;PYCARD;RIGI;OAS2;CCR2
gs_ind_0,Positive Regulation of Tumor Necrosis Factor-Mediated Signaling Pathway (GO:1903265),4/11,0.003926182913868032,0.07484915375540722,8.736220898754738,48.39942901809671,CASP1;LAPTM5;HSPA1A;CASP4
gs_ind_0,Positive Regulation of Type 2 Immune Response (GO:0002830),2/9,0.11054513189129135,0.47715707147271474,4.842967765171979,10.665820017194985,RSAD2;NOD2
gs_ind_0,Positive Regulation of Type I Interferon Production (GO:0032481),15/63,8.085724742016058e-06,0.0006328143521777831,4.69504872193193,55.05137324706232,ISG15;IRF7;TLR7;DHX58;TLR3;TLR9;RNF135;STAT1;IFIH1;OAS2;STING1;OAS3;TLR2;TRAF3;RIGI
gs_ind_0,Positive Regulation of Type I Interferon-Mediated Signaling Pathway (GO:0060340),4/15,0.013207703699533353,0.15838593065488785,5.695840493397048,24.645645536424187,ZBP1;STING1;NLRC5;USP27X
gs_ind_0,Positive Regulation of Type II Interferon Production (GO:0032729),11/43,6.40927883349251e-05,0.003133261694539519,5.1818288639892565,50.03148371009044,SLC7A5;ISG15;TLR7;PSMB8;TLR3;LGALS9;TLR9;CCR2;PSMB10;PSMB9;PYCARD
gs_ind_0,Positive Regulation of Tyrosine Phosphorylation of STAT Protein (GO:0042531),3/15,0.06795103532390583,0.3649780494105417,4.070978907517577,10.946731611814585,PARP14;IL2RG;PARP9
gs_ind_0,Positive Regulation of Ubiquitin-Dependent Protein Catabolic Process (GO:2000060),4/80,0.7665512239304539,0.8941848821222994,0.8520972005477881,0.22653324000968708,LAPTM5;HSPA1A;TGFB1I1;MDM2
gs_ind_0,Positive Regulation of Vascular Endothelial Growth Factor Production (GO:0010575),1/22,0.7694079063049644,0.8941848821222994,1.0114961282144606,0.2651475390012929,HPSE
gs_ind_0,Positive Regulation of Vascular Endothelial Growth Factor Receptor Signaling Pathway (GO:0030949),1/11,0.5196605004230545,0.7685083681045072,2.072854830005397,1.356848411751394,PRKD2
gs_ind_0,Positive Regulation of Vascular Endothelial Growth Factor Signaling Pathway (GO:1900748),1/11,0.5196605004230545,0.7685083681045072,2.072854830005397,1.356848411751394,SMOC2
gs_ind_0,Positive Regulation of Vascular Permeability (GO:0043117),1/10,0.48653733475260663,0.7454724541752974,2.291220495924106,1.6506906488764395,TJP3
gs_ind_0,Positive Regulation of Vascular Wound Healing (GO:0035470),1/3,0.18120623955754206,0.5716072093995457,8.71117107393416,14.879720755179145,SMOC2
gs_ind_0,Positive Regulation of Vasculature Development (GO:1904018),9/84,0.09089676146746192,0.43486641031363715,1.8327571227202428,4.395008223207261,HPSE;ZC3H12A;SMOC2;CD40;PRKD2;THBS1;ITGAX;HSPB1;RRAS
gs_ind_0,Positive Regulation of Vasculogenesis (GO:2001214),1/9,0.45113270140804174,0.7303585487139446,2.5609663185295704,2.0385131696903356,RRAS
gs_ind_0,Positive Regulation of Viral Entry Into Host Cell (GO:0046598),2/9,0.11054513189129135,0.47715707147271474,4.842967765171979,10.665820017194985,LGALS9;LGALS1
gs_ind_0,Positive Regulation of Viral Genome Replication (GO:0045070),4/27,0.09255899049379028,0.43486641031363715,2.7848379776290475,6.627661252399173,GBP7;IFIT1;ADAR;CCL5
gs_ind_0,Positive Regulation of Viral Life Cycle (GO:1903902),2/17,0.3005411925726754,0.6624839519426774,2.341977309562399,2.815455926179959,LGALS9;LGALS1
gs_ind_0,Positive Regulation of Viral Process (GO:0048524),4/36,0.19988725620433598,0.60784832860503,2.012302694598309,3.239810941052954,GBP7;IFIT1;ADAR;CCL5
gs_ind_0,Positive Regulation of Wnt Signaling Pathway (GO:0030177),6/95,0.5805287944425559,0.8015286140539282,1.0532893600123674,0.5727954762544679,CAPRIN2;PLEKHA4;COL1A1;JRK;TLR2;BMAL1
gs_ind_0,"Positive Regulation of Wnt Signaling Pathway, Planar Cell Polarity Pathway (GO:2000096)",1/5,0.2833939579712883,0.6336944594034671,4.838819931642382,6.101351626665179,PLEKHA4
gs_ind_0,Positive Regulation of Wound Healing (GO:0090303),4/31,0.13619715924466635,0.5146764315039869,2.379061869370478,4.743020841906065,HPSE;EMILIN1;CLDN1;SMOC2
gs_ind_0,Positive Regulation of mRNA Catabolic Process (GO:0061014),4/47,0.35958267114117526,0.6882851264020743,1.5022123480760974,1.536479564529691,ZC3H12A;PNPT1;BTG2;MOV10
gs_ind_0,Positive Regulation of mRNA Metabolic Process (GO:1903313),3/12,0.03790273924961201,0.27162107597191837,5.357746719421593,17.534468567500667,PNPT1;ZC3H12A;MOV10
gs_ind_0,Positive Regulation of miRNA Metabolic Process (GO:2000630),4/40,0.2560065885433688,0.6336944594034671,1.7912423700780977,2.4406610499786527,AR;PNPT1;NGFR;ZC3H12A
gs_ind_0,Positive Regulation of miRNA Transcription (GO:1902895),2/35,0.6691581400072149,0.8511874715061835,1.0821500278187668,0.43473739437935044,AR;NGFR
gs_ind_0,Positive Regulation of p38MAPK Cascade (GO:1900745),2/19,0.3489945155948375,0.6882690247871663,2.074014046461372,2.183312661052468,STK39;ZC3H12A
gs_ind_0,Post-Golgi Vesicle-Mediated Transport (GO:0006892),1/41,0.9351722862879989,0.9792966124720102,0.5362075513181828,0.03593904477041978,EXOC4
gs_ind_0,Post-transcriptional Gene Silencing (GO:0016441),2/19,0.3489945155948375,0.6882690247871663,2.074014046461372,2.183312661052468,HELZ2;MOV10
gs_ind_0,Post-transcriptional Regulation of Gene Expression (GO:0010608),2/54,0.8712788993975453,0.9488038985017575,0.6895371871060688,0.09501349927261198,TDRD7;PARP9
gs_ind_0,Post-translational Protein Modification (GO:0043687),6/49,0.093504822507575,0.43792652305122526,2.1745716940769984,5.153174454763599,PARP14;PARP10;PARP11;PARP9;ESCO2;PARP12
gs_ind_0,Postsynapse Assembly (GO:0099068),1/5,0.2833939579712883,0.6336944594034671,4.838819931642382,6.101351626665179,NLGN2
gs_ind_0,Postsynaptic Density Assembly (GO:0097107),1/7,0.37284039631262333,0.6882851264020743,3.349454107684005,3.3045876434894486,NLGN2
gs_ind_0,Postsynaptic Density Organization (GO:0097106),1/6,0.3296057006468095,0.6624839519426774,3.9587401265760684,4.393640133528681,NLGN2
gs_ind_0,Postsynaptic Density Protein 95 Clustering (GO:0097119),1/4,0.2340004119113125,0.6083192526435693,6.221802482460874,9.036747532590647,NLGN2
gs_ind_0,Postsynaptic Membrane Assembly (GO:0097104),1/4,0.2340004119113125,0.6083192526435693,6.221802482460874,9.036747532590647,NLGN2
gs_ind_0,Postsynaptic Membrane Organization (GO:0001941),1/10,0.48653733475260663,0.7454724541752974,2.291220495924106,1.6506906488764395,NLGN2
gs_ind_0,Potassium Ion Homeostasis (GO:0055075),2/11,0.15530567804812975,0.5505114261205458,3.8228269214364925,7.11947989835536,FXYD3;FXYD5
gs_ind_0,Potassium Ion Import Across Plasma Membrane (GO:1990573),2/15,0.25151988032095945,0.6336944594034671,2.6893370950637294,3.7119124671369925,FXYD3;FXYD5
gs_ind_0,Potassium Ion Transmembrane Transport (GO:0071805),2/42,0.7633397376408113,0.8941206694540264,0.8946448699735211,0.2416007090844008,FXYD3;FXYD5
gs_ind_0,Potassium Ion Transport (GO:0006813),1/40,0.9306919097420342,0.9777031930670469,0.549823413281234,0.03949215557732492,TMEM43
gs_ind_0,Pre-B Cell Differentiation (GO:0002329),1/3,0.18120623955754206,0.5716072093995457,8.71117107393416,14.879720755179145,CFB
gs_ind_0,Pre-miRNA Processing (GO:0031054),1/12,0.5506490672062563,0.7880800413240646,1.8924658016377671,1.1291540547630419,ADAR
gs_ind_0,Presynapse Assembly (GO:0099054),1/8,0.4132896381284026,0.7125352949529677,2.902644360496492,2.5647957981136242,NLGN2
gs_ind_0,Presynapse Organization (GO:0099172),1/7,0.37284039631262333,0.6882851264020743,3.349454107684005,3.3045876434894486,NLGN2
gs_ind_0,Presynaptic Membrane Assembly (GO:0097105),1/5,0.2833939579712883,0.6336944594034671,4.838819931642382,6.101351626665179,NLGN2
gs_ind_0,Presynaptic Membrane Organization (GO:0097090),1/5,0.2833939579712883,0.6336944594034671,4.838819931642382,6.101351626665179,NLGN2
gs_ind_0,Presynaptic Modulation of Chemical Synaptic Transmission (GO:0099171),1/6,0.3296057006468095,0.6624839519426774,3.9587401265760684,4.393640133528681,CHRNA4
gs_ind_0,Primary Alcohol Metabolic Process (GO:0034308),2/28,0.5468409946482946,0.7880800413240646,1.3687145143369723,0.8261522553215535,AKR1B1;DHRS9
gs_ind_0,Primary Neural Tube Formation (GO:0014020),3/22,0.16588095266011832,0.5716072093995457,2.6082428478318147,4.685668893103795,BBS4;MTHFR;CELSR1
gs_ind_0,Progesterone Metabolic Process (GO:0042448),1/4,0.2340004119113125,0.6083192526435693,6.221802482460874,9.036747532590647,DHRS9
gs_ind_0,Programmed Necrotic Cell Death (GO:0097300),2/11,0.15530567804812975,0.5505114261205458,3.8228269214364925,7.11947989835536,ITPK1;MLKL
gs_ind_0,Proline Transport (GO:0015824),2/5,0.03642622767140897,0.27162107597191837,10.380875202593193,34.38629847772066,SLC1A4;SLC7A5
gs_ind_0,Prostaglandin Transport (GO:0015732),1/5,0.2833939579712883,0.6336944594034671,4.838819931642382,6.101351626665179,SLCO3A1
gs_ind_0,Proteasomal Protein Catabolic Process (GO:0010498),16/276,0.7065405387425593,0.867676948792053,0.91681047144453,0.31847676139822895,DTX4;TRIM21;ENC1;PSMB8;PMAIP1;DDIT3;PML;UBXN11;NEDD4L;PSMB10;PSMB9;TRIM72;MDM2;IFI27;BMAL1;ASB2
gs_ind_0,Proteasomal Ubiquitin-Independent Protein Catabolic Process (GO:0010499),2/19,0.3489945155948375,0.6882690247871663,2.074014046461372,2.183312661052468,PSMB10;ENC1
gs_ind_0,Proteasome-mediated Ubiquitin-Dependent Protein Catabolic Process (GO:0043161),16/334,0.9180565996022876,0.9706008984064,0.7465595293351739,0.06382802890335482,DTX4;TSPAN17;ENC1;PSMB8;DDIT3;PML;UBXN11;NEDD4L;FBXO6;PSMB10;PSMB9;TRIM72;MDM2;IFI27;BMAL1;ASB2
gs_ind_0,Protection From Natural Killer Cell Mediated Cytotoxicity (GO:0042270),1/1,0.06446453407510432,0.3649780494105417,43.56233135456017,119.43223299736152,SERPINB9
gs_ind_0,Protein Acetylation (GO:0006473),1/15,0.6321377878742459,0.8285490441331016,1.5005861882873996,0.6882406887353841,ESCO2
gs_ind_0,Protein Activation Cascade (GO:0072376),2/19,0.3489945155948375,0.6882690247871663,2.074014046461372,2.183312661052468,THBS1;FLNA
gs_ind_0,Protein Alkylation (GO:0008213),1/14,0.6067632607040262,0.815046945498543,1.6118606463992324,0.8053123024832447,CAMKMT
gs_ind_0,Protein Autophosphorylation (GO:0046777),3/78,0.8865652846468248,0.9537660511540538,0.6708440932811364,0.08076997299806558,HCK;STK39;STK10
gs_ind_0,Protein Autoprocessing (GO:0016540),3/17,0.09241162564867773,0.43486641031363715,3.508942391973294,8.356555042138158,CASP1;HJV;CASP4
gs_ind_0,Protein Autoubiquitination (GO:0051865),4/51,0.41911102040205744,0.716248172264888,1.375299917362437,1.1959875288363797,DTX3L;MDM2;TRIM21;RNF213
gs_ind_0,Protein Biosynthetic Process (GO:0160307),1/138,0.9999030579208255,0.999999953222645,0.15679536868959426,1.5200805856476025e-05,TNIP1
gs_ind_0,Protein Catabolic Process (GO:0030163),15/153,0.06872354445968117,0.3649780494105417,1.6330765046239057,4.372829225600341,DTX4;ISG15;TRIM21;UBC;PSMB8;PMAIP1;GZMB;GZMA;TCIRG1;FBXO6;PSMB9;PSMB10;MDM2;CLPX;NEU2
gs_ind_0,Protein Catabolic Process in the Vacuole (GO:0007039),1/12,0.5506490672062563,0.7880800413240646,1.8924658016377671,1.1291540547630419,TCIRG1
gs_ind_0,Protein Complex Oligomerization (GO:0051259),14/90,0.0017773370436266304,0.0400439421798909,2.7757028737420892,17.577524486549006,CARD11;ZC3H12A;GSDMD;RNF135;IFIH1;STING1;TRIM72;G3BP2;CLDN1;PRF1;BASP1;EHD4;PYCARD;PNPT1
gs_ind_0,Protein Deacetylation (GO:0006476),1/11,0.5196605004230545,0.7685083681045072,2.072854830005397,1.356848411751394,FLNA
gs_ind_0,Protein Dephosphorylation (GO:0006470),1/64,0.9860797145061723,0.999999953222645,0.3414042348861816,0.0047858323181521525,DUSP5
gs_ind_0,Protein Depolymerization (GO:0051261),1/17,0.6780850803054885,0.8523351770196631,1.318500711377128,0.5122144680846036,TWF2
gs_ind_0,Protein Destabilization (GO:0031648),2/31,0.6028543237314423,0.815046945498543,1.2292485051598312,0.622097711389388,MDM2;TRIM21
gs_ind_0,Protein Deubiquitination (GO:0016579),5/68,0.44824557162455037,0.7303585487139446,1.257243454324307,1.008829806739114,USP27X;ZC3H12A;TNFAIP3;G3BP2;USP18
gs_ind_0,Protein Deubiquitination Involved in Ubiquitin-Dependent Protein Catabolic Process (GO:0071947),1/5,0.2833939579712883,0.6336944594034671,4.838819931642382,6.101351626665179,TNFAIP3
gs_ind_0,Protein Export From Nucleus (GO:0006611),2/23,0.4418765538313216,0.7303585487139446,1.6876484112924504,1.3783441861073567,CCHCR1;ADAR
gs_ind_0,Protein Heterooligomerization (GO:0051291),1/13,0.5796404588195495,0.8010458757106599,1.7409390178089585,0.9494163340617632,GRIA3
gs_ind_0,Protein Heterotetramerization (GO:0051290),1/10,0.48653733475260663,0.7454724541752974,2.291220495924106,1.6506906488764395,GRIA3
gs_ind_0,Protein Homooligomerization (GO:0051260),16/101,0.0007048501146567724,0.018228036878167313,2.830374070117697,20.541511651827122,CARD11;SAMHD1;GSDMD;B2M;RNF135;TRIM72;G3BP2;PRF1;GBP5;SLC1A5;BASP1;EHD4;PYCARD;PNPT1;GRIA3;MLKL
gs_ind_0,Protein Homotetramerization (GO:0051289),4/40,0.2560065885433688,0.6336944594034671,1.7912423700780977,2.4406610499786527,SAMHD1;GRIA3;GBP5;B2M
gs_ind_0,Protein Homotrimerization (GO:0070207),3/14,0.05700236899903131,0.34064004929185576,4.425306276012886,12.677008721408043,PNPT1;SLC1A5;MLKL
gs_ind_0,Protein Import (GO:0017038),1/6,0.3296057006468095,0.6624839519426774,3.9587401265760684,4.393640133528681,PRF1
gs_ind_0,Protein Import Into Nucleus (GO:0006606),1/69,0.9900399987385301,0.999999953222645,0.3163660428344645,0.0031668031780782567,ADAR
gs_ind_0,Protein Import Into Peroxisome Membrane (GO:0045046),1/5,0.2833939579712883,0.6336944594034671,4.838819931642382,6.101351626665179,RAB8B
gs_ind_0,Protein Insertion Into Membrane (GO:0051205),1/15,0.6321377878742459,0.8285490441331016,1.5005861882873996,0.6882406887353841,RTP4
gs_ind_0,Protein K11-linked Deubiquitination (GO:0035871),1/9,0.45113270140804174,0.7303585487139446,2.5609663185295704,2.0385131696903356,TNFAIP3
gs_ind_0,Protein K27-linked Ubiquitination (GO:0044314),1/11,0.5196605004230545,0.7685083681045072,2.072854830005397,1.356848411751394,TRIM21
gs_ind_0,Protein K48-linked Deubiquitination (GO:0071108),2/21,0.396258807615788,0.7125352949529677,1.8610176065605564,1.7227211574096237,TNFAIP3;USP27X
gs_ind_0,Protein K48-linked Ubiquitination (GO:0070936),6/89,0.5157348453678866,0.7685083681045072,1.1294816769066316,0.7479004234680656,DTX4;TRIM21;TNFAIP3;NEDD4L;DTX3L;IFI27
gs_ind_0,Protein K6-linked Ubiquitination (GO:0085020),1/13,0.5796404588195495,0.8010458757106599,1.7409390178089585,0.9494163340617632,TRIM21
gs_ind_0,Protein K63-linked Deubiquitination (GO:0070536),2/23,0.4418765538313216,0.7303585487139446,1.6876484112924504,1.3783441861073567,TNFAIP3;USP27X
gs_ind_0,Protein K63-linked Ubiquitination (GO:0070534),4/55,0.4772538834999863,0.7454724541752974,1.268102038992646,0.9380235481053433,RNF135;TRIM21;TRAF3IP2;RNF213
gs_ind_0,Protein Localization to Cell Junction (GO:1902414),2/24,0.46396195640651067,0.7448352156149185,1.6125217600096045,1.2383404726591272,NLGN2;TJP3
gs_ind_0,Protein Localization to Cell Periphery (GO:1990778),6/103,0.6594832428317738,0.8428462244012442,0.9662868511484898,0.402263975464835,FLNA;CDH1;S100A10;STXBP1;EHD4;FYB2
gs_ind_0,Protein Localization to Cell Surface (GO:0034394),1/16,0.6558766163212053,0.8389578739523719,1.4036697247706422,0.5920434556741193,FLNA
gs_ind_0,Protein Localization to Cell-Cell Junction (GO:0150105),1/15,0.6321377878742459,0.8285490441331016,1.5005861882873996,0.6882406887353841,TJP3
gs_ind_0,Protein Localization to Centrosome (GO:0071539),2/19,0.3489945155948375,0.6882690247871663,2.074014046461372,2.183312661052468,BBS4;CCDC14
gs_ind_0,Protein Localization to Chromatin (GO:0071168),1/27,0.8348435527953628,0.9226401806069896,0.8203423311509128,0.14808076007375526,ZMYND8
gs_ind_0,Protein Localization to Chromosome (GO:0034502),1/54,0.972818829019621,0.9986755945821032,0.4055207266821673,0.011175101929759021,ZMYND8
gs_ind_0,"Protein Localization to Chromosome, Centromeric Region (GO:0071459)",1/11,0.5196605004230545,0.7685083681045072,2.072854830005397,1.356848411751394,ZWILCH
gs_ind_0,Protein Localization to Ciliary Transition Zone (GO:1904491),1/18,0.6988617377278106,0.8627707795776292,1.2430652995143012,0.44539322599570885,CC2D2A
gs_ind_0,Protein Localization to Cilium (GO:0061512),3/51,0.6472121669596351,0.8389578739523719,1.0464112671658685,0.45527377985538925,BBS4;CC2D2A;TULP3
gs_ind_0,Protein Localization to Condensed Chromosome (GO:1903083),1/8,0.4132896381284026,0.7125352949529677,2.902644360496492,2.5647957981136242,ZWILCH
gs_ind_0,Protein Localization to Endoplasmic Reticulum (GO:0070972),1/19,0.7182988056240869,0.867676948792053,1.1757850673123205,0.38903157333720684,STING1
gs_ind_0,Protein Localization to Golgi Apparatus (GO:0034067),1/21,0.753493755705255,0.8864281762133814,1.0609163781869875,0.3002759875694897,GBP5
gs_ind_0,Protein Localization to Kinetochore (GO:0034501),1/8,0.4132896381284026,0.7125352949529677,2.902644360496492,2.5647957981136242,ZWILCH
gs_ind_0,Protein Localization to Lysosome (GO:0061462),1/36,0.9094567846817803,0.9656281605296732,0.6119577692816369,0.05807956411954154,LAPTM5
gs_ind_0,Protein Localization to Membrane (GO:0072657),11/151,0.3823423750584037,0.7040781569186951,1.188998452646518,1.143149247891252,FLNA;ITGB7;NLGN2;SH3PXD2B;RAB8B;CDH1;S100A10;ITGB2;STXBP1;EHD4;FYB2
gs_ind_0,Protein Localization to Microtubule Organizing Center (GO:1905508),2/16,0.2760553611698522,0.6336944594034671,2.503679278675087,3.22262042128606,BBS4;CCDC14
gs_ind_0,Protein Localization to Mitochondrion (GO:0070585),2/35,0.6691581400072149,0.8511874715061835,1.0821500278187668,0.43473739437935044,ISG15;HK1
gs_ind_0,Protein Localization to Non-Motile Cilium (GO:0097499),1/13,0.5796404588195495,0.8010458757106599,1.7409390178089585,0.9494163340617632,TULP3
gs_ind_0,Protein Localization to Nucleus (GO:0034504),6/110,0.7204382346790679,0.8695549147465698,0.9010870044939211,0.2954624575511025,BBS4;PML;MDM2;COL1A1;ADAR;GBP2
gs_ind_0,Protein Localization to Organelle (GO:0033365),9/139,0.5439895286796606,0.7880800413240646,1.0559716512638255,0.6429022373742852,BBS4;ISG15;HK1;STING1;MDM2;TULP3;COL1A1;GBP5;GBP2
gs_ind_0,Protein Localization to Peroxisome (GO:0072662),1/14,0.6067632607040262,0.815046945498543,1.6118606463992324,0.8053123024832447,RAB8B
gs_ind_0,Protein Localization to Plasma Membrane (GO:0072659),7/124,0.6950396837932449,0.8627707795776292,0.9247864828319484,0.33642468623126554,FLNA;CDH1;S100A10;STXBP1;EHD4;FYB2;KRT18
gs_ind_0,Protein Localization to Presynapse (GO:1905383),1/6,0.3296057006468095,0.6624839519426774,3.9587401265760684,4.393640133528681,HSPB1
gs_ind_0,Protein Localization to Synapse (GO:0035418),1/12,0.5506490672062563,0.7880800413240646,1.8924658016377671,1.1291540547630419,NLGN2
gs_ind_0,Protein Maturation (GO:0051604),7/144,0.8281080561995101,0.9217041014735565,0.7890869586687077,0.14883097784543606,SRGN;CFB;GZMB;GZMA;CASP4;CASP1;C2
gs_ind_0,Protein Metabolic Process (GO:0019538),24/461,0.8873480237651569,0.9540755685746842,0.8067780852241284,0.09642451377792702,MMP13;B2M;ADAMTS9;ADAMTS6;CASP1;UBD;CFB;UBE2L6;GZMB;CAPN5;CASP4;TNIP1;CNDP1;ACE;FBXO6;CHRM3;ADAM15;PLAU;ADAMTS14;GZMA;MDM2;CLPX;C2;MBL2
gs_ind_0,Protein Methylation (GO:0006479),1/15,0.6321377878742459,0.8285490441331016,1.5005861882873996,0.6882406887353841,CAMKMT
gs_ind_0,Protein Modification Process (GO:0036211),9/349,0.9997364035447485,0.999999953222645,0.3983326898465784,0.00010501292618004785,CCL2;STK39;HCK;STK10;PRKD2;UBE2L6;DUSP5;CHRM3;COL3A1
gs_ind_0,Protein Modification by Small Protein Conjugation (GO:0032446),17/267,0.5574594606276926,0.7962941574960412,1.0130699611211404,0.5920031289503824,DTX4;ISG15;TRIM21;UBC;ENC1;RNF135;UBE2L6;HERC6;PML;IFIH1;NEDD4L;DTX3L;MDM2;RNF213;UBA7;UBD;ASB2
gs_ind_0,Protein Modification by Small Protein Removal (GO:0070646),5/76,0.5474490435386106,0.7880800413240646,1.1159057744423597,0.6723174867790938,USP27X;ZC3H12A;TNFAIP3;G3BP2;USP18
gs_ind_0,Protein Monoubiquitination (GO:0006513),1/37,0.9153082599048693,0.9685452432100544,0.5951474469390622,0.05266720097623858,TRIM21
gs_ind_0,Protein N-linked Glycosylation (GO:0006487),2/63,0.9202037224036634,0.9714087402104064,0.588234002275193,0.04891765495683764,PGM3;MGAT5
gs_ind_0,Protein O-linked Glycosylation (GO:0006493),4/59,0.5330164800273369,0.7824239938802073,1.176356107054537,0.7401667162442778,PLOD2;GALNT6;ST6GALNAC4;PGM3
gs_ind_0,Protein O-linked Glycosylation via N-acetyl-galactosamine (GO:0016266),2/20,0.3728073261628401,0.6882851264020743,1.9617591659731044,1.9356551052029078,GALNT6;ST6GALNAC4
gs_ind_0,Protein Phosphorylation (GO:0006468),5/247,0.9997133803822086,0.999999953222645,0.32481546671136813,9.311182939755568e-05,HCK;CCL2;STK39;STK10;PRKD2
gs_ind_0,Protein Polymerization (GO:0051258),2/45,0.7960183049545974,0.9126935571904561,0.832758931177307,0.1899798742137952,RNF135;CPAP
gs_ind_0,Protein Polyubiquitination (GO:0000209),11/211,0.8072190967578509,0.9159699136722276,0.8294335084275127,0.1776316064025398,DTX4;TRIM21;RNF135;UBE2L6;TNFAIP3;NEDD4L;DTX3L;MDM2;RNF213;IFI27;TRAF3IP2
gs_ind_0,Protein Processing (GO:0016485),4/105,0.9134321828279486,0.9685452432100544,0.6410208539476878,0.058041967029854806,CASP1;HJV;SRGN;CASP4
gs_ind_0,Protein Secretion (GO:0009306),3/40,0.4812236573458114,0.7454724541752974,1.3544690823868757,0.9906900196028411,PRF1;CLSTN3;GSDMD
gs_ind_0,Protein Stabilization (GO:0050821),4/195,0.9989180847951784,0.999999953222645,0.33746771633062433,0.0003653091058259311,PML;FLNA;HSPA1A;USP27X
gs_ind_0,Protein Sumoylation (GO:0016925),3/35,0.3946193623501065,0.7125352949529677,1.563431376627699,1.4537310538937211,MDM2;PML;IFIH1
gs_ind_0,Protein Targeting (GO:0006605),4/85,0.8061730671911536,0.9159699136722276,0.7995223559345116,0.1722625570914038,RTP4;AP1S3;PML;HAP1
gs_ind_0,Protein Targeting to Lysosome (GO:0006622),1/25,0.8112524386727127,0.9159699136722276,0.8874412150181173,0.185631407941355,LAPTM5
gs_ind_0,Protein Targeting to Membrane (GO:0006612),1/56,0.9762227871484922,0.9997059263401236,0.3908490249558787,0.00940556802892548,RTP4
gs_ind_0,Protein Targeting to Vacuole (GO:0006623),1/27,0.8348435527953628,0.9226401806069896,0.8203423311509128,0.14808076007375526,LAPTM5
gs_ind_0,Protein Tetramerization (GO:0051262),4/56,0.49145073608352413,0.7514521794922369,1.2438548998375745,0.8836265305589968,SAMHD1;GRIA3;GBP5;B2M
gs_ind_0,Protein Transport (GO:0015031),9/264,0.9900465627078263,0.999999953222645,0.5342913177381228,0.00534467843385256,NGFR;GSDMD;B2M;LAPTM5;PRF1;CLSTN3;STXBP1;MVP;KRT18
gs_ind_0,Protein Trimerization (GO:0070206),3/15,0.06795103532390583,0.3649780494105417,4.070978907517577,10.946731611814585,PNPT1;SLC1A5;MLKL
gs_ind_0,Protein Ubiquitination (GO:0016567),13/318,0.9740924521890686,0.9989486044173415,0.6353529559676391,0.01667741769225658,DTX4;TRIM21;UBC;ENC1;RNF135;UBE2L6;HERC6;NEDD4L;DTX3L;MDM2;RNF213;UBD;ASB2
gs_ind_0,Protein auto-ADP-ribosylation (GO:0070213),3/12,0.03790273924961201,0.27162107597191837,5.357746719421593,17.534468567500667,PARP10;PARP11;PARP12
gs_ind_0,Protein poly-ADP-ribosylation (GO:0070212),3/9,0.016722704590232056,0.1888351537512045,7.832300203852395,32.04184557160756,PARP14;PARP10;PARP9
gs_ind_0,Protein-DNA Complex Assembly (GO:0065004),1/37,0.9153082599048693,0.9685452432100544,0.5951474469390622,0.05266720097623858,DAXX
gs_ind_0,Protein-DNA Complex Disassembly (GO:0032986),1/11,0.5196605004230545,0.7685083681045072,2.072854830005397,1.356848411751394,NFE2
gs_ind_0,Protein-RNA Complex Assembly (GO:0022618),1/157,0.9999730361087242,0.999999953222645,0.1375629537801579,3.709282537871723e-06,ADAR
gs_ind_0,Protein-RNA Complex Disassembly (GO:0032988),1/9,0.45113270140804174,0.7303585487139446,2.5609663185295704,2.0385131696903356,TRIM21
gs_ind_0,Protein-containing Complex Assembly (GO:0065003),24/272,0.07319145358746064,0.37921843722841103,1.4410079736860566,3.767769856734818,HSPA1A;CYBA;STING1;CASP1;PML;IFIH1;CASP4;CLDN1;TAPBP;CAPG;ZC3H12A;CD40;NR4A1;DRC1;SH3PXD2B;FANCA;CENPT;STXBP1;ASB2;LPXN;GSDMD;IL2RB;TTC12;MDM2
gs_ind_0,Protein-containing Complex Organization (GO:0043933),8/106,0.37542636166713894,0.692629032008729,1.253404106734238,1.2279511473412987,CD40;IL2RB;PML;FANCA;MDM2;TAPBP;CAPG;LPXN
gs_ind_0,Proteinogenic Amino Acid Catabolic Process (GO:0170040),1/72,0.9918529397937792,0.999999953222645,0.30302401322368944,0.0024788663837876147,ACMSD
gs_ind_0,Proteoglycan Biosynthetic Process (GO:0030166),1/44,0.9469508457265277,0.9853855196608443,0.49911606528090513,0.027205864602161296,B3GNT3
gs_ind_0,Proteoglycan Catabolic Process (GO:0030167),1/13,0.5796404588195495,0.8010458757106599,1.7409390178089585,0.9494163340617632,HPSE
gs_ind_0,Proteoglycan Metabolic Process (GO:0006029),1/16,0.6558766163212053,0.8389578739523719,1.4036697247706422,0.5920434556741193,HPSE
gs_ind_0,Proteolysis (GO:0006508),16/206,0.25504761059733266,0.6336944594034671,1.2603478734110514,1.7220196554094818,ADAMTS14;CNDP1;SRGN;MMP13;CAPN5;PLAU;ACE;CASP4;FBXO6;ADAMTS6;ADAMTS9;CLPX;CASP1;ADAM15;UBD;MBL2
gs_ind_0,Proton Transmembrane Transport (GO:1902600),4/33,0.16061393644546432,0.5652850260222614,2.2174391821827424,4.0551456826345795,FXYD3;FXYD5;ATP6V0E2;TCIRG1
gs_ind_0,Proximal/distal Pattern Formation (GO:0009954),1/2,0.12477758622840975,0.49743772311433054,14.519697787371829,30.218720809256304,DLL1
gs_ind_0,Pseudouridine Synthesis (GO:0001522),1/15,0.6321377878742459,0.8285490441331016,1.5005861882873996,0.6882406887353841,RPUSD1
gs_ind_0,Pulmonary Valve Development (GO:0003177),1/16,0.6558766163212053,0.8389578739523719,1.4036697247706422,0.5920434556741193,NOTCH1
gs_ind_0,Pulmonary Valve Morphogenesis (GO:0003184),1/14,0.6067632607040262,0.815046945498543,1.6118606463992324,0.8053123024832447,NOTCH1
gs_ind_0,Purine Deoxyribonucleotide Catabolic Process (GO:0009155),1/7,0.37284039631262333,0.6882851264020743,3.349454107684005,3.3045876434894486,SAMHD1
gs_ind_0,Purine Ribonucleoside Catabolic Process (GO:0046130),1/5,0.2833939579712883,0.6336944594034671,4.838819931642382,6.101351626665179,XDH
gs_ind_0,Purine Ribonucleoside Monophosphate Catabolic Process (GO:0009169),1/8,0.4132896381284026,0.7125352949529677,2.902644360496492,2.5647957981136242,XDH
gs_ind_0,Purine Ribonucleoside Triphosphate Metabolic Process (GO:0009205),2/25,0.4855226945547672,0.7454724541752974,1.5437888662827455,1.1154326080660328,HSPA1A;CLPX
gs_ind_0,Purine Ribonucleotide Catabolic Process (GO:0009154),1/14,0.6067632607040262,0.815046945498543,1.6118606463992324,0.8053123024832447,XDH
gs_ind_0,Purine Ribonucleotide Metabolic Process (GO:0009150),2/41,0.7514768479034447,0.8864281762133814,0.9173624930759289,0.26210411289193003,HSPA1A;CLPX
gs_ind_0,Purine Ribonucleotide Transport (GO:0015868),1/19,0.7182988056240869,0.867676948792053,1.1757850673123205,0.38903157333720684,PANX1
gs_ind_0,Pyridine Nucleotide Catabolic Process (GO:0019364),2/25,0.4855226945547672,0.7454724541752974,1.5437888662827455,1.1154326080660328,HK1;PKM
gs_ind_0,Pyrimidine Deoxyribonucleotide Biosynthetic Process (GO:0009221),1/7,0.37284039631262333,0.6882851264020743,3.349454107684005,3.3045876434894486,CMPK2
gs_ind_0,Pyrimidine Nucleobase Biosynthetic Process (GO:0019856),1/8,0.4132896381284026,0.7125352949529677,2.902644360496492,2.5647957981136242,CTPS2
gs_ind_0,Pyrimidine Nucleobase Metabolic Process (GO:0006206),1/9,0.45113270140804174,0.7303585487139446,2.5609663185295704,2.0385131696903356,CTPS2
gs_ind_0,Pyrimidine Nucleotide Metabolic Process (GO:0006220),1/5,0.2833939579712883,0.6336944594034671,4.838819931642382,6.101351626665179,CTPS2
gs_ind_0,Pyrimidine Ribonucleotide Biosynthetic Process (GO:0009220),1/7,0.37284039631262333,0.6882851264020743,3.349454107684005,3.3045876434894486,CTPS2
gs_ind_0,Pyrimidine-containing Compound Biosynthetic Process (GO:0072528),1/6,0.3296057006468095,0.6624839519426774,3.9587401265760684,4.393640133528681,CTPS2
gs_ind_0,Pyroptotic Cell Death (GO:0141201),2/4,0.02282372249623049,0.21896048614125635,14.534305780659103,54.93901924276344,GSDMD;GZMA
gs_ind_0,Pyroptotic Inflammatory Response (GO:0070269),9/20,1.6264350239810902e-06,0.0001612339253773254,12.090009703912333,161.1491906306056,TRIM21;GSDMD;GZMB;CASP4;GZMA;CASP1;IFI27;PYCARD;ZBP1
gs_ind_0,Pyruvate Biosynthetic Process (GO:0042866),1/6,0.3296057006468095,0.6624839519426774,3.9587401265760684,4.393640133528681,PKM
gs_ind_0,Pyruvate Metabolic Process (GO:0006090),2/36,0.6842661317081903,0.8572061818450539,1.0507050634596262,0.398646280334594,HK1;PKM
gs_ind_0,RIG-I Signaling Pathway (GO:0039529),3/7,0.007679539448073663,0.11250714442645848,11.315005107866114,55.0949742316291,RIGI;RNF135;OAS3
gs_ind_0,RISC Complex Assembly (GO:0070922),1/10,0.48653733475260663,0.7454724541752974,2.291220495924106,1.6506906488764395,ADAR
gs_ind_0,RNA 3'-End Processing (GO:0031123),2/55,0.8778422091022808,0.9500902030047403,0.6765981510373277,0.08815290257311358,PNPT1;LEO1
gs_ind_0,RNA Biosynthetic Process (GO:0032774),3/127,0.9901452080935088,0.999999953222645,0.4053270952930163,0.004014226510165541,ISG20;ADAR;AEN
gs_ind_0,RNA Catabolic Process (GO:0006401),5/89,0.6874636097125537,0.8597631519281475,0.9433107230480589,0.3535022807239717,ZC3H12A;RNASE6;HSPA1A;ISG20;PNPT1
gs_ind_0,RNA Metabolic Process (GO:0016070),4/70,0.6689006304580996,0.8511874715061835,0.9809648647878494,0.394465360243072,ISG20;PNPT1;RNASE6;DDX24
gs_ind_0,RNA Methylation (GO:0001510),1/50,0.9644812697000762,0.9938902619847632,0.4384209063108146,0.015855433558134128,TRDMT1
gs_ind_0,RNA Modification (GO:0009451),2/62,0.9157865581394328,0.9685452432100544,0.5980015269834041,0.052607364373658504,TRDMT1;ADAR
gs_ind_0,RNA Processing (GO:0006396),4/299,0.9999968112153657,0.999999953222645,0.21698240252405465,6.919112542704978e-07,TRDMT1;ISG20;ADAR;AEN
gs_ind_0,RNA Stabilization (GO:0043489),2/41,0.7514768479034447,0.8864281762133814,0.9173624930759289,0.26210411289193003,TRDMT1;TENT5A
gs_ind_0,RRNA Pseudouridine Synthesis (GO:0031118),1/10,0.48653733475260663,0.7454724541752974,2.291220495924106,1.6506906488764395,RPUSD1
gs_ind_0,Rap Protein Signal Transduction (GO:0032486),1/13,0.5796404588195495,0.8010458757106599,1.7409390178089585,0.9494163340617632,RAP2B
gs_ind_0,Ras Protein Signal Transduction (GO:0007265),2/51,0.8495968908165127,0.9330506474476767,0.7314910313289568,0.1192281284019036,RRAS;CDKN1A
gs_ind_0,Reactive Oxygen Species Biosynthetic Process (GO:1903409),1/6,0.3296057006468095,0.6624839519426774,3.9587401265760684,4.393640133528681,CYBA
gs_ind_0,Receptor Catabolic Process (GO:0032801),1/16,0.6558766163212053,0.8389578739523719,1.4036697247706422,0.5920434556741193,NEDD4L
gs_ind_0,Receptor Clustering (GO:0043113),3/20,0.13467922048281478,0.5128501942585034,2.906760411032991,5.827646144716359,FLNA;ITGB2;ITGB7
gs_ind_0,Receptor Internalization (GO:0031623),3/39,0.4643323771856285,0.7448352156149185,1.3916815457448306,1.067634973390897,ADM;ITGB2;NEDD4L
gs_ind_0,Receptor Metabolic Process (GO:0043112),1/21,0.753493755705255,0.8864281762133814,1.0609163781869875,0.3002759875694897,NEDD4L
gs_ind_0,Receptor-mediated Endocytosis (GO:0006898),8/111,0.4252361009141347,0.725560621984301,1.1924066061948182,1.0196396867539261,DLL1;LYVE1;NEDD4L;ADM;MARCO;ITGB2;FPR2;ITGAM
gs_ind_0,Recombinational Repair (GO:0000725),4/92,0.8522638604095161,0.9352888268848342,0.7358978829618346,0.117639976781383,ZGRF1;SPIDR;ZMYND8;SAMHD1
gs_ind_0,Reg of Blood Vessel Endothelial Cell Proliferation Involved in Sprouting Angiogenesis (GO:1903587),2/12,0.1787862658078333,0.5716072093995457,3.4584909058166757,5.9540142413558605,THBS1;NGFR
gs_ind_0,Reg of Endoplasmic Reticulum Stress-Induced Intrinsic Apoptotic Signaling Pathway (GO:1902235),3/25,0.21601346770155735,0.6083192526435693,2.259972357430443,3.4632144615885743,PMAIP1;DDIT3;HSPA1A
gs_ind_0,Reg of Intrinsic Apoptotic Signaling Pathway in Response to DNA Damage by P53 Class Mediator (GO:1902165),1/12,0.5506490672062563,0.7880800413240646,1.8924658016377671,1.1291540547630419,CD44
gs_ind_0,Reg of Mitochondrial Outer Membrane Permeabilization Involved in Apoptotic Signaling Pathway (GO:1901028),1/17,0.6780850803054885,0.8523351770196631,1.318500711377128,0.5122144680846036,HSPA1A
gs_ind_0,Reg of T Cell Act via T Cell Rec Contact With Antigen Bound to MHC Mol on Antigen Presenting Cell (GO:2001188),3/4,0.0010168366440597284,0.024787476880603544,33.95258698395529,233.9692733228742,LGALS9;HAVCR2;LGALS3
gs_ind_0,Regulated Exocytosis (GO:0045055),2/27,0.5269787492588416,0.7754749135555641,1.4224955244118176,0.9112435990404166,PLEK;STXBP1
gs_ind_0,Regulation of AIM2 Inflammasome Complex Assembly (GO:0140971),2/3,0.011920279570145109,0.14833017339586424,24.225643796146226,107.30783232096144,GBP5;GBP2
gs_ind_0,Regulation of ATPase-coupled Calcium Transmembrane Transporter Activity (GO:1901894),1/2,0.12477758622840975,0.49743772311433054,14.519697787371829,30.218720809256304,TLR9
gs_ind_0,Regulation of Actin Cytoskeleton Organization (GO:0032956),10/86,0.049492732901518885,0.32629982687969195,2.001228829406422,6.01555263498847,IQGAP1;HCK;CORO1A;ARHGEF16;RHOC;BST2;ARHGEF19;CELSR1;ARHGEF5;TWF2
gs_ind_0,Regulation of Actin Filament Bundle Assembly (GO:0032231),1/20,0.7364825677009945,0.8775237004578357,1.1154053717464403,0.34116872034232576,PLEK
gs_ind_0,Regulation of Actin Filament Depolymerization (GO:0030834),2/8,0.08969570360216707,0.43164243125055807,5.588455304824834,13.475623389845104,PLEK;ASB2
gs_ind_0,Regulation of Actin Filament Polymerization (GO:0030833),4/56,0.49145073608352413,0.7514521794922369,1.2438548998375745,0.8836265305589968,TWF2;HCK;PYCARD;ASB2
gs_ind_0,Regulation of Actin Filament-Based Process (GO:0032970),10/82,0.037525361067813935,0.27162107597191837,2.112272855397914,6.93403895905487,IQGAP1;HCK;CORO1A;ARHGEF16;RHOC;BST2;ARHGEF19;CELSR1;ARHGEF5;TWF2
gs_ind_0,Regulation of Actin Nucleation (GO:0051125),2/15,0.25151988032095945,0.6336944594034671,2.6893370950637294,3.7119124671369925,ARPIN;CORO1A
gs_ind_0,Regulation of Activated T Cell Proliferation (GO:0046006),3/17,0.09241162564867773,0.43486641031363715,3.508942391973294,8.356555042138158,LGALS9;PYCARD;CD274
gs_ind_0,Regulation of Acute Inflammatory Response (GO:0002673),1/11,0.5196605004230545,0.7685083681045072,2.072854830005397,1.356848411751394,HPSE
gs_ind_0,Regulation of Adaptive Immune Response (GO:0002819),4/15,0.013207703699533353,0.15838593065488785,5.695840493397048,24.645645536424187,SASH3;PYCARD;IRF7;SAMSN1
gs_ind_0,Regulation of Adenylate Cyclase Activity (GO:0045761),1/9,0.45113270140804174,0.7303585487139446,2.5609663185295704,2.0385131696903356,CCR2
gs_ind_0,Regulation of Adipose Tissue Development (GO:1904177),2/20,0.3728073261628401,0.6882851264020743,1.9617591659731044,1.9356551052029078,PLAAT3;SACK1A
gs_ind_0,Regulation of Alpha-Beta T Cell Proliferation (GO:0046640),2/5,0.03642622767140897,0.27162107597191837,10.380875202593193,34.38629847772066,TNFRSF14;CCR2
gs_ind_0,Regulation of Amyloid Precursor Protein Catabolic Process (GO:1902991),1/17,0.6780850803054885,0.8523351770196631,1.318500711377128,0.5122144680846036,EFNA3
gs_ind_0,Regulation of Amyloid-Beta Formation (GO:1902003),1/31,0.8735558251292019,0.9488513600928584,0.7125441242822892,0.09632402460541177,HAP1
gs_ind_0,Regulation of Anatomical Structure Morphogenesis (GO:0022603),6/79,0.4008008366834143,0.7125352949529677,1.2841123427124512,1.1740518978080217,DLL1;TNFAIP3;NEDD4L;SP100;SEMA4D;OR10J5
gs_ind_0,Regulation of Angiogenesis (GO:0045765),20/155,0.0022978073451649346,0.04951941336609069,2.2203592449147633,13.490458564683586,SMOC2;ECSCR;SP100;ITGAX;OR10J5;CXCL10;THBS1;PML;HSPB1;ZC3H12A;EFNA3;CD40;EMILIN1;RRAS;AMOT;HPSE;PRKD2;TNFAIP3;STAT1;CCR2
gs_ind_0,Regulation of Angiotensin Levels in Blood (GO:0002002),1/5,0.2833939579712883,0.6336944594034671,4.838819931642382,6.101351626665179,ACE
gs_ind_0,Regulation of Animal Organ Morphogenesis (GO:2000027),1/4,0.2340004119113125,0.6083192526435693,6.221802482460874,9.036747532590647,SMO
gs_ind_0,Regulation of Anoikis (GO:2000209),1/18,0.6988617377278106,0.8627707795776292,1.2430652995143012,0.44539322599570885,NOTCH1
gs_ind_0,Regulation of Apoptotic Cell Clearance (GO:2000425),3/8,0.011702995801205507,0.14833017339586424,9.257043119130733,41.17449853472315,CD300LF;CCL2;C2
gs_ind_0,Regulation of Apoptotic DNA Fragmentation (GO:1902510),1/4,0.2340004119113125,0.6083192526435693,6.221802482460874,9.036747532590647,BAX
gs_ind_0,Regulation of Apoptotic Process (GO:0042981),36/522,0.360413575612727,0.6882851264020743,1.091301944423149,1.1136770017966975,PMAIP1;TNFRSF10B;HSPA1A;TNFSF10;IL7;CASP1;FMN2;UBD;HCK;CXCL10;THBS1;HSPB1;SEMA4D;CD44;JAK3;KRT18;IL2RG;NIBAN2;USP27X;IFIT2;LGALS1;PLEKHN1;PYCARD;FRZB;VTCN1;BAX;SERPINB9;DAXX;PHLDA3;IL2RB;IFIT3;STAT1;GZMA;MDM2;FLNA;ZBP1
gs_ind_0,Regulation of Apoptotic Signaling Pathway (GO:2001233),1/34,0.896514535944172,0.9576990768311665,0.6485892179684416,0.07085238685870321,PYCARD
gs_ind_0,Regulation of Astrocyte Activation (GO:0061888),1/3,0.18120623955754206,0.5716072093995457,8.71117107393416,14.879720755179145,TTBK1
gs_ind_0,Regulation of Astrocyte Differentiation (GO:0048710),1/8,0.4132896381284026,0.7125352949529677,2.902644360496492,2.5647957981136242,NOTCH1
gs_ind_0,Regulation of Atrial Cardiac Muscle Cell Membrane Repolarization (GO:0060372),1/3,0.18120623955754206,0.5716072093995457,8.71117107393416,14.879720755179145,FLNA
gs_ind_0,Regulation of Attachment of Spindle Microtubules to Kinetochore (GO:0051988),1/10,0.48653733475260663,0.7454724541752974,2.291220495924106,1.6506906488764395,ZWILCH
gs_ind_0,Regulation of Autophagy (GO:0010506),8/205,0.9578802229723629,0.9915543971875416,0.6204816872130561,0.02670090118796011,TRIM21;HPSE;ZC3H12A;ATP6V0E2;DDIT3;HSPB1;OSBPL7;EXOC4
gs_ind_0,Regulation of Axon Extension (GO:0030516),3/29,0.2866915267122173,0.6386671164360557,1.9182730083573987,2.3965914309103784,VIM;TWF2;MAP3K13
gs_ind_0,Regulation of B Cell Activation (GO:0050864),7/18,7.668600040278611e-05,0.003620066114252157,9.524006329263397,90.24749717632287,TLR9;THEMIS2;TNFAIP3;LAPTM5;TNFRSF14;SAMSN1;NOD2
gs_ind_0,Regulation of B Cell Differentiation (GO:0045577),1/15,0.6321377878742459,0.8285490441331016,1.5005861882873996,0.6882406887353841,TLR9
gs_ind_0,Regulation of B Cell Proliferation (GO:0030888),4/29,0.11344584072166912,0.48405728881814053,2.5660371349406033,5.5847995092895735,TNFRSF14;SASH3;TLR9;IL7
gs_ind_0,Regulation of B Cell Receptor Signaling Pathway (GO:0050855),1/12,0.5506490672062563,0.7880800413240646,1.8924658016377671,1.1291540547630419,LPXN
gs_ind_0,Regulation of BMP Signaling Pathway (GO:0030510),2/49,0.8333456036780784,0.9226401806069896,0.7624043902300321,0.13899152945828822,NOTCH1;FBN1
gs_ind_0,Regulation of Barbed-End Actin Filament Capping (GO:2000812),1/3,0.18120623955754206,0.5716072093995457,8.71117107393416,14.879720755179145,ASB2
gs_ind_0,Regulation of Behavioral Fear Response (GO:2000822),1/3,0.18120623955754206,0.5716072093995457,8.71117107393416,14.879720755179145,NPAS2
gs_ind_0,Regulation of Biomineral Tissue Development (GO:0070167),1/21,0.753493755705255,0.8864281762133814,1.0609163781869875,0.3002759875694897,NOTCH1
gs_ind_0,Regulation of Blood Circulation (GO:1903522),1/14,0.6067632607040262,0.815046945498543,1.6118606463992324,0.8053123024832447,ACE
gs_ind_0,Regulation of Blood Coagulation (GO:0030193),3/21,0.1500182523598359,0.5505114261205458,2.7494335871837223,5.215670868041435,PLAU;EMILIN1;HPSE
gs_ind_0,Regulation of Blood Vessel Endothelial Cell Migration (GO:0043535),5/50,0.21848071865170113,0.6083192526435693,1.7569731081926203,2.672457145471961,AMOT;THBS1;PRKD2;CD40;HSPB1
gs_ind_0,Regulation of Blood-Brain Barrier Permeability (GO:1905603),1/6,0.3296057006468095,0.6624839519426774,3.9587401265760684,4.393640133528681,TJP3
gs_ind_0,Regulation of Bone Mineralization (GO:0030500),3/37,0.42985909521648424,0.7303585487139446,1.4725782052186454,1.2432945530398374,ISG15;SRGN;TENT5A
gs_ind_0,Regulation of Bone Resorption (GO:0045124),2/19,0.3489945155948375,0.6882690247871663,2.074014046461372,2.183312661052468,UBASH3B;TNFAIP3
gs_ind_0,Regulation of Branching Involved in Ureteric Bud Morphogenesis (GO:0090189),1/5,0.2833939579712883,0.6336944594034671,4.838819931642382,6.101351626665179,SMO
gs_ind_0,"Regulation of CD4-positive, Alpha-Beta T Cell Proliferation (GO:2000561)",2/7,0.07019752665192665,0.3649780494105417,6.6050292225332745,17.545878368545242,LGALS9;CD274
gs_ind_0,"Regulation of CD8-positive, Alpha-Beta T Cell Activation (GO:2001185)",1/5,0.2833939579712883,0.6336944594034671,4.838819931642382,6.101351626665179,CD274
gs_ind_0,Regulation of Calcium Ion Import (GO:0090279),2/11,0.15530567804812975,0.5505114261205458,3.8228269214364925,7.11947989835536,CCL2;LGALS3
gs_ind_0,Regulation of Calcium Ion Transmembrane Transport (GO:1903169),1/19,0.7182988056240869,0.867676948792053,1.1757850673123205,0.38903157333720684,UBASH3B
gs_ind_0,Regulation of Calcium Ion Transport (GO:0051924),1/32,0.8817245999640496,0.9500902030047403,0.6898722791869041,0.08683802958080115,CCL5
gs_ind_0,Regulation of Calcium Ion-Dependent Exocytosis (GO:0017158),2/14,0.22704403432135226,0.6083192526435693,2.9047001620745543,4.306541273291301,STXBP1;SYT12
gs_ind_0,Regulation of Calcium-Mediated Signaling (GO:0050848),4/27,0.09255899049379028,0.43486641031363715,2.7848379776290475,6.627661252399173,PLEK;HAP1;PLCG2;JPT2
gs_ind_0,Regulation of Canonical NF-kappaB Signal Transduction (GO:0043122),36/238,1.4376635410757845e-06,0.00014743487486756495,2.6792394563192845,36.04244548489965,SHISA5;LITAF;TLR3;RHOC;TNFRSF10B;HSPA1A;MAP3K13;TNFSF10;PLCG2;CASP1;UBD;TLR7;LGALS9;GBP7;HSPB1;TRAF3;NOD2;TRAF3IP2;TNIP1;PARP10;ZC3H12A;TLR9;CD40;LGALS1;EDA2R;TLR2;PYCARD;EIF2AK2;SLCO3A1;CARD11;BST2;ALPK1;TNFAIP3;STAT1;NLRC5;FLNA
gs_ind_0,Regulation of Canonical Wnt Signaling Pathway (GO:0060828),8/170,0.8641971010339948,0.9424643255452747,0.7561149454134772,0.11035831074860922,MAD2L2;CAPRIN2;PLEKHA4;DDIT3;COL1A1;JRK;BMAL1;FRZB
gs_ind_0,Regulation of Carbohydrate Metabolic Process (GO:0006109),1/13,0.5796404588195495,0.8010458757106599,1.7409390178089585,0.9494163340617632,PDK4
gs_ind_0,Regulation of Cardiac Epithelial to Mesenchymal Transition (GO:0062042),1/5,0.2833939579712883,0.6336944594034671,4.838819931642382,6.101351626665179,NOTCH1
gs_ind_0,Regulation of Cardiac Muscle Cell Apoptotic Process (GO:0010665),2/10,0.13249100130695554,0.509738988210719,4.2728890583786185,8.636536632696506,GPR35;NRG1
gs_ind_0,Regulation of Cardiac Muscle Cell Membrane Repolarization (GO:0099623),1/8,0.4132896381284026,0.7125352949529677,2.902644360496492,2.5647957981136242,FLNA
gs_ind_0,Regulation of Cardiac Muscle Cell Proliferation (GO:0060043),2/17,0.3005411925726754,0.6624839519426774,2.341977309562399,2.815455926179959,NOTCH1;NRG1
gs_ind_0,Regulation of Cardiac Muscle Contraction (GO:0055117),2/22,0.41929659311135503,0.716248172264888,1.7701044919687448,1.5385336695252496,ZC3H12A;RGS2
gs_ind_0,Regulation of Cardiac Muscle Hypertrophy (GO:0010611),2/22,0.41929659311135503,0.716248172264888,1.7701044919687448,1.5385336695252496,NOTCH1;RGS2
gs_ind_0,Regulation of Catabolic Process (GO:0009894),4/74,0.7109856818963225,0.867676948792053,0.9250308147772697,0.3155307743219911,OSBPL7;DDIT3;HSPB1;MDM2
gs_ind_0,Regulation of Catecholamine Secretion (GO:0050433),1/7,0.37284039631262333,0.6882851264020743,3.349454107684005,3.3045876434894486,CHRNA4
gs_ind_0,Regulation of Caveolin-Mediated Endocytosis (GO:2001286),1/4,0.2340004119113125,0.6083192526435693,6.221802482460874,9.036747532590647,NEDD4L
gs_ind_0,Regulation of Cdc42 Protein Signal Transduction (GO:0032489),1/9,0.45113270140804174,0.7303585487139446,2.5609663185295704,2.0385131696903356,ARHGEF16
gs_ind_0,Regulation of Cell Activation (GO:0050865),1/8,0.4132896381284026,0.7125352949529677,2.902644360496492,2.5647957981136242,EMILIN1
gs_ind_0,Regulation of Cell Adhesion (GO:0030155),9/97,0.17266115375003888,0.5716072093995457,1.5620192588628599,2.7435685114647335,DLL1;CCL5;PRKD2;CYTIP;SPN;SEMA4D;PLAU;NRG1;LPXN
gs_ind_0,Regulation of Cell Adhesion Mediated by Integrin (GO:0033628),1/23,0.7842956950537663,0.9044185331872435,0.9664687893506027,0.23482211733826094,PLAU
gs_ind_0,Regulation of Cell Adhesion Molecule Production (GO:0060353),1/4,0.2340004119113125,0.6083192526435693,6.221802482460874,9.036747532590647,NOTCH1
gs_ind_0,Regulation of Cell Cycle (GO:0051726),10/257,0.9724076700809524,0.9986755945821032,0.6106547766493271,0.01708621150844104,IQGAP1;TRIM21;CDKN1A;NR4A1;PML;MDM2;MX2;PRDM11;BMAL1;AFAP1L2
gs_ind_0,Regulation of Cell Cycle G1/S Phase Transition (GO:1902806),4/76,0.7305075660722153,0.8769398195190871,0.8993783021862106,0.2824188985427192,PSME1;PSME2;PLCG2;CDKN1A
gs_ind_0,Regulation of Cell Cycle G2/M Phase Transition (GO:1902749),1/10,0.48653733475260663,0.7454724541752974,2.291220495924106,1.6506906488764395,CDKN1A
gs_ind_0,Regulation of Cell Cycle Phase Transition (GO:1901987),2/28,0.5468409946482946,0.7880800413240646,1.3687145143369723,0.8261522553215535,UBD;CDKN1A
gs_ind_0,Regulation of Cell Cycle Process (GO:0010564),2/121,0.9971370720884882,0.999999953222645,0.3014202432700632,0.0008641820641370321,BBS4;ZWILCH
gs_ind_0,Regulation of Cell Development (GO:0060284),2/36,0.6842661317081903,0.8572061818450539,1.0507050634596262,0.398646280334594,BMAL1;DLL1
gs_ind_0,Regulation of Cell Differentiation (GO:0045595),5/135,0.9410106636481985,0.9822975478026474,0.6087011598085329,0.037009521865996986,DLL1;CCN4;AR;OR10J5;EIF2AK2
gs_ind_0,Regulation of Cell Division (GO:0051302),3/64,0.7900527193627234,0.90999875576481,0.8244183848003975,0.19427881108089867,BBS4;DLL1;INSC
gs_ind_0,Regulation of Cell Growth (GO:0001558),15/171,0.13901059387784637,0.5246415053207044,1.4432929231038558,2.847913005456016,MAD2L2;CAPRIN2;FRZB;CDKN1A;OGFR;S100A9;BST2;HSPA1A;PML;PSRC1;PRDM11;ADAM15;NRG1;ZC3H12D;TRAF3IP2
gs_ind_0,Regulation of Cell Junction Assembly (GO:1901888),1/28,0.8455103142082172,0.9292489558223348,0.79045282833734,0.13264977164787137,CLSTN3
gs_ind_0,Regulation of Cell Migration (GO:0030334),28/325,0.07166465542829568,0.3719558206697231,1.4011902037079422,3.6931977336638133,ARPIN;SMO;MGAT5;CCL5;RHOC;ITGAX;CCL2;THBS1;CCL7;CLDN1;TMSB10;SEMA4D;NGFR;ZMYND8;ACE;EPPK1;CDH1;PLAU;ADAM15;RIGI;AMOT;NOTCH1;HPSE;BST2;RAP2B;COL1A1;DLG5;FLNA
gs_ind_0,Regulation of Cell Migration Involved in Sprouting Angiogenesis (GO:0090049),2/27,0.5269787492588416,0.7754749135555641,1.4224955244118176,0.9112435990404166,THBS1;NOTCH1
gs_ind_0,Regulation of Cell Morphogenesis (GO:0022604),2/11,0.15530567804812975,0.5505114261205458,3.8228269214364925,7.11947989835536,MOV10;CD44
gs_ind_0,Regulation of Cell Motility (GO:2000145),4/81,0.7749490444447217,0.8985179174185584,0.8410395235517054,0.2144297555975363,AMOT;FLNA;RIGI;TMSB10
gs_ind_0,Regulation of Cell Population Proliferation (GO:0042127),34/488,0.34297520988892966,0.6850290625988427,1.1043768618607803,1.1817904869077127,BTC;DLL1;CDKN1A;CSF2RA;HSPA1A;TCIRG1;LRP5;IER5;S1PR3;ITGAX;IL7;CXCL9;HCK;TGFB1I1;CXCL10;THBS1;PML;BTG2;IL3RA;NIBAN2;AR;IFI35;FRZB;CXCL11;EIF2AK2;S100A11;NOTCH1;HPSE;IFIT3;STAT1;NMI;MDM2;DLG5;NRG1
gs_ind_0,Regulation of Cell Projection Organization (GO:0031344),2/9,0.11054513189129135,0.47715707147271474,4.842967765171979,10.665820017194985,MOV10;SEMA4D
gs_ind_0,Regulation of Cell Proliferation Involved in Heart Morphogenesis (GO:2000136),1/8,0.4132896381284026,0.7125352949529677,2.902644360496492,2.5647957981136242,NOTCH1
gs_ind_0,Regulation of Cell Size (GO:0008361),2/18,0.3248819041260126,0.6624839519426774,2.1998755791300364,2.473305890557785,PLEK;AMOT
gs_ind_0,Regulation of Cell-Cell Adhesion (GO:0022407),1/26,0.8234411526643806,0.9185301096581084,0.852576108694962,0.16562415625449156,CDH1
gs_ind_0,Regulation of Cell-Cell Adhesion Involved in Gastrulation (GO:0070587),1/6,0.3296057006468095,0.6624839519426774,3.9587401265760684,4.393640133528681,IL1RN
gs_ind_0,Regulation of Cell-Cell Adhesion Mediated by Cadherin (GO:2000047),2/17,0.3005411925726754,0.6624839519426774,2.341977309562399,2.815455926179959,MAD2L2;NOTCH1
gs_ind_0,Regulation of Cell-Cell Adhesion Mediated by Integrin (GO:0033632),1/9,0.45113270140804174,0.7303585487139446,2.5609663185295704,2.0385131696903356,CCL5
gs_ind_0,Regulation of Cell-Matrix Adhesion (GO:0001952),5/51,0.23045030780841172,0.6083192526435693,1.7190605239385728,2.5230995536801175,ADAM15;HPSE;THBS1;PLEKHA2;PLAU
gs_ind_0,Regulation of Cell-Substrate Adhesion (GO:0010810),2/31,0.6028543237314423,0.815046945498543,1.2292485051598312,0.622097711389388,NOTCH1;CCDC80
gs_ind_0,Regulation of Cellular Component Biogenesis (GO:0044087),1/35,0.9032014887658473,0.9626342244294556,0.6297426030643609,0.06411385374577236,NOTCH1
gs_ind_0,Regulation of Cellular Component Organization (GO:0051128),5/132,0.9333550843701787,0.9792966124720102,0.6231638237951007,0.04297933914467694,MAD2L2;OGFR;NEDD4L;SEMA4D;TRAF3IP2
gs_ind_0,Regulation of Cellular Extravasation (GO:0002691),1/5,0.2833939579712883,0.6336944594034671,4.838819931642382,6.101351626665179,LYVE1
gs_ind_0,Regulation of Cellular Respiration (GO:0043457),1/13,0.5796404588195495,0.8010458757106599,1.7409390178089585,0.9494163340617632,PNPT1
gs_ind_0,Regulation of Cellular Response to Growth Factor Stimulus (GO:0090287),1/19,0.7182988056240869,0.867676948792053,1.1757850673123205,0.38903157333720684,DLL1
gs_ind_0,Regulation of Cellular Response to Heat (GO:1900034),1/16,0.6558766163212053,0.8389578739523719,1.4036697247706422,0.5920434556741193,IER5
gs_ind_0,Regulation of Cellular Response to Hypoxia (GO:1900037),1/6,0.3296057006468095,0.6624839519426774,3.9587401265760684,4.393640133528681,AJUBA
gs_ind_0,Regulation of Cellular Response to Stress (GO:0080135),1/101,0.9988344643696159,0.999999953222645,0.21511707517458578,0.00025087284485659063,AJUBA
gs_ind_0,Regulation of Cellular Response to Vascular Endothelial Growth Factor Stimulus (GO:1902547),2/3,0.011920279570145109,0.14833017339586424,24.225643796146226,107.30783232096144,CD63;DLL1
gs_ind_0,Regulation of Cellular Senescence (GO:2000772),4/28,0.10275779217607489,0.47601506842935626,2.6709722329646532,6.0774783812401845,BMAL1;PNPT1;RBL1;B2M
gs_ind_0,Regulation of Centriole Elongation (GO:1903722),1/9,0.45113270140804174,0.7303585487139446,2.5609663185295704,2.0385131696903356,CPAP
gs_ind_0,Regulation of Centriole Replication (GO:0046599),1/17,0.6780850803054885,0.8523351770196631,1.318500711377128,0.5122144680846036,CPAP
gs_ind_0,Regulation of Centrosome Duplication (GO:0010824),1/31,0.8735558251292019,0.9488513600928584,0.7125441242822892,0.09632402460541177,CPAP
gs_ind_0,Regulation of Chemokine (C-C Motif) Ligand 5 Production (GO:0071649),1/5,0.2833939579712883,0.6336944594034671,4.838819931642382,6.101351626665179,OAS3
gs_ind_0,Regulation of Chemokine (C-X-C Motif) Ligand 2 Production (GO:2000341),1/9,0.45113270140804174,0.7303585487139446,2.5609663185295704,2.0385131696903356,OAS3
gs_ind_0,Regulation of Chemokine Production (GO:0032642),8/25,0.0001166466189903135,0.004752151299687566,7.097661772702556,64.27899113161963,TLR7;TLR9;TLR3;LGALS9;IL7;TLR2;PYCARD;EIF2AK2
gs_ind_0,Regulation of Chemotaxis (GO:0050920),1/20,0.7364825677009945,0.8775237004578357,1.1154053717464403,0.34116872034232576,THBS1
gs_ind_0,Regulation of Chromosome Separation (GO:1905818),1/5,0.2833939579712883,0.6336944594034671,4.838819931642382,6.101351626665179,PLSCR1
gs_ind_0,Regulation of Cilium Assembly (GO:1902017),1/80,0.9952332855092213,0.999999953222645,0.2723681129020762,0.0013014052141974116,BBS4
gs_ind_0,Regulation of Cilium Movement (GO:0003352),1/5,0.2833939579712883,0.6336944594034671,4.838819931642382,6.101351626665179,DRC1
gs_ind_0,Regulation of Cilium Movement Involved in Cell Motility (GO:0060295),1/1,0.06446453407510432,0.3649780494105417,43.56233135456017,119.43223299736152,KIF9
gs_ind_0,Regulation of Clathrin-Dependent Endocytosis (GO:2000369),1/13,0.5796404588195495,0.8010458757106599,1.7409390178089585,0.9494163340617632,NEU3
gs_ind_0,Regulation of Cold-Induced Thermogenesis (GO:0120161),7/107,0.5399592214697082,0.7880800413240646,1.0825962528476574,0.667162561802556,NOTCH1;PLAC8;CCR2;DDIT3;ID1;LCN2;BMAL1
gs_ind_0,Regulation of Collagen Biosynthetic Process (GO:0032965),2/11,0.15530567804812975,0.5505114261205458,3.8228269214364925,7.11947989835536,VIM;EMILIN1
gs_ind_0,Regulation of Collagen Fibril Organization (GO:1904026),1/7,0.37284039631262333,0.6882851264020743,3.349454107684005,3.3045876434894486,EMILIN1
gs_ind_0,Regulation of Collateral Sprouting (GO:0048670),1/5,0.2833939579712883,0.6336944594034671,4.838819931642382,6.101351626665179,SEMA4D
gs_ind_0,Regulation of Cyclin-Dependent Protein Serine/Threonine Kinase Activity (GO:0000079),1/22,0.7694079063049644,0.8941848821222994,1.0114961282144606,0.2651475390012929,CCNG1
gs_ind_0,Regulation of Cytokine Activity (GO:0060300),1/4,0.2340004119113125,0.6083192526435693,6.221802482460874,9.036747532590647,CCRL2
gs_ind_0,Regulation of Cytokine Production (GO:0001817),18/109,0.0001975702115146924,0.007079202518610785,2.9705416715483497,25.336987252573064,RIGI;DTX4;LITAF;IRF7;SRGN;TRIM21;ISG15;CCDC88B;LGALS9;CCN4;IFIH1;GBP7;TRAF3;TNFRSF14;VTCN1;CCR2;AFAP1L2;EIF2AK2
gs_ind_0,Regulation of Cytokine Production Involved in Immune Response (GO:0002718),6/17,0.000471760077888933,0.013490523765785448,8.245181532944867,63.15017526017783,SLC7A5;LACC1;LAPTM5;TNFRSF14;CCR2;NOD2
gs_ind_0,Regulation of Cytokine Production Involved in Inflammatory Response (GO:1900015),4/42,0.28516817780365533,0.6371826902990766,1.697937687650736,2.130361963662598,PYCARD;NOD2;GBP5;ZC3H12A
gs_ind_0,Regulation of Cytokine-Mediated Signaling Pathway (GO:0001959),4/39,0.24165963850197003,0.62713417530965,1.841837162661949,2.615823175646763,PYCARD;TNFAIP3;ZBP1;IL7
gs_ind_0,Regulation of Cytokinesis (GO:0032465),1/58,0.9792008619464627,0.9997059263401236,0.3771979633496797,0.007928130477277816,BBS4
gs_ind_0,Regulation of Cytoplasmic Translation (GO:2000765),3/22,0.16588095266011832,0.5716072093995457,2.6082428478318147,4.685668893103795,CPEB1;EIF2AK2;PKM
gs_ind_0,Regulation of Cytoskeleton Organization (GO:0051493),11/111,0.10188483739232639,0.47493026082253714,1.6672257913921935,3.8077972396246023,IQGAP1;HCK;CORO1A;S100A9;ARHGEF16;RHOC;BST2;ARHGEF19;CELSR1;ARHGEF5;TWF2
gs_ind_0,Regulation of DNA Biosynthetic Process (GO:2000278),4/23,0.05704060004954411,0.34064004929185576,3.3570863354295946,9.614668351341475,PRKD2;NIBAN2;SMOC2;CDKN1A
gs_ind_0,"Regulation of DNA Damage Response, Signal Transduction by P53 Class Mediator (GO:0043516)",3/28,0.26876955919595374,0.6336944594034671,1.9936478647705702,2.619455771223916,PMAIP1;MDM2;CD44
gs_ind_0,Regulation of DNA Metabolic Process (GO:0051052),1/111,0.9994044533476855,0.999999953222645,0.19550295106626653,0.00011646581188064125,ESCO2
gs_ind_0,Regulation of DNA Recombination (GO:0000018),2/21,0.396258807615788,0.7125352949529677,1.8610176065605564,1.7227211574096237,SPIDR;SHLD2
gs_ind_0,Regulation of DNA Repair (GO:0006282),2/116,0.9961429129818604,0.999999953222645,0.3147006574989561,0.0012161747772916364,NPAS2;PML
gs_ind_0,Regulation of DNA Replication (GO:0006275),3/66,0.8071116333989378,0.9159699136722276,0.7983332126750787,0.17107744980597372,S100A11;ESCO2;CDKN1A
gs_ind_0,Regulation of DNA-templated DNA Replication (GO:0090329),1/21,0.753493755705255,0.8864281762133814,1.0609163781869875,0.3002759875694897,MCM5
gs_ind_0,Regulation of DNA-templated DNA Replication Initiation (GO:0030174),1/15,0.6321377878742459,0.8285490441331016,1.5005861882873996,0.6882406887353841,MCM5
gs_ind_0,Regulation of Defense Response (GO:0031347),14/71,0.00014774492753197882,0.005858578859734734,3.698136645962733,32.61765113876004,SAMHD1;HCK;CD300E;DHX58;RNF135;LACC1;CCR2;CASP4;USP18;CASP1;PYCARD;TRAF3;NOD2;ZBP1
gs_ind_0,Regulation of Defense Response to Bacterium (GO:1900424),2/7,0.07019752665192665,0.3649780494105417,6.6050292225332745,17.545878368545242,EMILIN1;CYBA
gs_ind_0,Regulation of Defense Response to Virus (GO:0050688),2/15,0.25151988032095945,0.6336944594034671,2.6893370950637294,3.7119124671369925,TRAF3;TNFAIP3
gs_ind_0,Regulation of Defense Response to Virus by Host (GO:0050691),9/26,2.1271619479994777e-05,0.0012165730064135473,7.941317365269461,85.43377852812665,ZC3H12A;PML;STAT1;TNFAIP3;DTX3L;STING1;PARP9;RIGI;TRAF3IP2
gs_ind_0,Regulation of Dendrite Development (GO:0050773),2/25,0.4855226945547672,0.7454724541752974,1.5437888662827455,1.1154326080660328,NEDD4L;SEMA4D
gs_ind_0,Regulation of Dendrite Extension (GO:1903859),1/8,0.4132896381284026,0.7125352949529677,2.902644360496492,2.5647957981136242,NEDD4L
gs_ind_0,Regulation of Dendrite Morphogenesis (GO:0048814),3/21,0.1500182523598359,0.5505114261205458,2.7494335871837223,5.215670868041435,NEDD4L;CAPRIN2;SEMA4D
gs_ind_0,Regulation of Dendritic Cell Antigen Processing and Presentation (GO:0002604),2/6,0.05233524459368294,0.32629982687969195,8.073413770334353,23.817258816991405,THBS1;NOD2
gs_ind_0,Regulation of Dendritic Cell Apoptotic Process (GO:2000668),1/6,0.3296057006468095,0.6624839519426774,3.9587401265760684,4.393640133528681,LGALS9
gs_ind_0,Regulation of Dendritic Cell Chemotaxis (GO:2000508),1/4,0.2340004119113125,0.6083192526435693,6.221802482460874,9.036747532590647,LGALS9
gs_ind_0,Regulation of Dendritic Cell Cytokine Production (GO:0002730),2/5,0.03642622767140897,0.27162107597191837,10.380875202593193,34.38629847772066,PLCG2;JAK3
gs_ind_0,Regulation of Dendritic Cell Differentiation (GO:2001198),3/8,0.011702995801205507,0.14833017339586424,9.257043119130733,41.17449853472315,LGALS9;LGALS3;LGALS1
gs_ind_0,Regulation of Dendritic Spine Development (GO:0060998),1/13,0.5796404588195495,0.8010458757106599,1.7409390178089585,0.9494163340617632,DLG5
gs_ind_0,Regulation of Dendritic Spine Morphogenesis (GO:0061001),1/22,0.7694079063049644,0.8941848821222994,1.0114961282144606,0.2651475390012929,CAPRIN2
gs_ind_0,Regulation of Developmental Growth (GO:0048638),2/27,0.5269787492588416,0.7754749135555641,1.4224955244118176,0.9112435990404166,DLL1;EPPK1
gs_ind_0,Regulation of Dopamine Metabolic Process (GO:0042053),2/6,0.05233524459368294,0.32629982687969195,8.073413770334353,23.817258816991405,ITGB2;ITGAM
gs_ind_0,Regulation of Dopamine Receptor Signaling Pathway (GO:0060159),1/5,0.2833939579712883,0.6336944594034671,4.838819931642382,6.101351626665179,PALM
gs_ind_0,Regulation of Dopamine Secretion (GO:0014059),1/6,0.3296057006468095,0.6624839519426774,3.9587401265760684,4.393640133528681,CHRNA4
gs_ind_0,Regulation of Double-Strand Break Repair (GO:2000779),4/77,0.7398909212023914,0.8808789430167783,0.8870755665558048,0.2672337387043616,FMN2;SPIDR;SHLD2;PML
gs_ind_0,Regulation of Double-Strand Break Repair via Homologous Recombination (GO:0010569),3/67,0.815193912386502,0.9169644960108402,0.7858972585223104,0.16058180898983643,MAD2L2;SPIDR;SHLD2
gs_ind_0,Regulation of Double-Strand Break Repair via Nonhomologous End Joining (GO:2001032),3/21,0.1500182523598359,0.5505114261205458,2.7494335871837223,5.215670868041435,MAD2L2;CYREN;SHLD2
gs_ind_0,Regulation of ER to Golgi Vesicle-Mediated Transport (GO:0060628),1/20,0.7364825677009945,0.8775237004578357,1.1154053717464403,0.34116872034232576,SHISA5
gs_ind_0,Regulation of ERK1 and ERK2 Cascade (GO:0070372),16/148,0.02907547991225624,0.2647743852529903,1.819971227191339,6.438803541788642,TNIP1;SLC30A10;NOTCH1;NRG1;LGALS9;PRKD2;EMILIN1;RRAS;DENND2B;MARCO;CD44;TNFRSF14;PYCARD;NOD2;FPR2;GLIPR2
gs_ind_0,Regulation of Endocytosis (GO:0030100),3/55,0.6973511922220521,0.8627707795776292,0.966396250225347,0.348353118812449,HCK;DLL1;LGALS3
gs_ind_0,Regulation of Endoplasmic Reticulum Unfolded Protein Response (GO:1900101),1/10,0.48653733475260663,0.7454724541752974,2.291220495924106,1.6506906488764395,SHISA5
gs_ind_0,Regulation of Endothelial Cell Apoptotic Process (GO:2000351),6/31,0.012960015678224763,0.15838593065488785,3.7145425723192154,16.14297996672875,CCL2;NGFR;ECSCR;THBS1;CD40;TNFAIP3
gs_ind_0,Regulation of Endothelial Cell Chemotaxis (GO:2001026),5/15,0.0019185714823959845,0.04226541917515302,7.633423667570009,47.75602965285625,NOTCH1;SMOC2;THBS1;PRKD2;HSPB1
gs_ind_0,Regulation of Endothelial Cell Migration (GO:0010594),7/73,0.18970584809125832,0.5913890903809248,1.6402698762114412,2.7265887520206293,ZC3H12A;SMOC2;THBS1;PRKD2;SP100;ADAMTS9;RRAS
gs_ind_0,Regulation of Endothelial Cell Proliferation (GO:0001936),4/64,0.5982730653398329,0.815046945498543,1.078733886087334,0.5541542252692263,THBS1;NR4A1;STAT1;PRKD2
gs_ind_0,Regulation of Endothelial Cell-Matrix Adhesion (GO:1904904),1/5,0.2833939579712883,0.6336944594034671,4.838819931642382,6.101351626665179,RRAS
gs_ind_0,Regulation of Endothelial Tube Morphogenesis (GO:1901509),2/4,0.02282372249623049,0.21896048614125635,14.534305780659103,54.93901924276344,CXCL10;ITGAX
gs_ind_0,Regulation of Epidermal Cell Differentiation (GO:0045604),1/13,0.5796404588195495,0.8010458757106599,1.7409390178089585,0.9494163340617632,DLL1
gs_ind_0,Regulation of Epidermal Growth Factor Receptor Signaling Pathway (GO:0042058),6/47,0.07982438020810136,0.4058080457075101,2.2797102680935355,5.762939554024354,SHKBP1;AFAP1L2;PLAU;MVP;HAP1;NEU3
gs_ind_0,Regulation of Epithelial Cell Differentiation (GO:0030856),1/14,0.6067632607040262,0.815046945498543,1.6118606463992324,0.8053123024832447,DLL1
gs_ind_0,Regulation of Epithelial Cell Migration (GO:0010632),2/35,0.6691581400072149,0.8511874715061835,1.0821500278187668,0.43473739437935044,PLCG2;GLIPR2
gs_ind_0,Regulation of Epithelial Cell Proliferation (GO:0050678),5/59,0.3313400851362351,0.6644675746427263,1.4658461997464012,1.6191883465543147,B2M;NR4A1;EPPK1;NOD2;TRAF3IP2
gs_ind_0,Regulation of Epithelial to Mesenchymal Transition (GO:0010717),4/61,0.559765439209674,0.797290429219143,1.135269885360514,0.6587260937535738,MAD2L2;COL1A1;TGFB1I1;GLIPR2
gs_ind_0,Regulation of Erythrocyte Differentiation (GO:0045646),2/34,0.65347020985538,0.8389578739523719,1.1155300669077006,0.47461156210687,STAT1;HSPA1A
gs_ind_0,Regulation of Establishment of Endothelial Barrier (GO:1903140),1/16,0.6558766163212053,0.8389578739523719,1.4036697247706422,0.5920434556741193,S1PR3
gs_ind_0,Regulation of Establishment of Protein Localization (GO:0070201),2/11,0.15530567804812975,0.5505114261205458,3.8228269214364925,7.11947989835536,CPAP;SPIDR
gs_ind_0,Regulation of Excitatory Synapse Assembly (GO:1904889),1/5,0.2833939579712883,0.6336944594034671,4.838819931642382,6.101351626665179,CLSTN3
gs_ind_0,Regulation of Execution Phase of Apoptosis (GO:1900117),1/12,0.5506490672062563,0.7880800413240646,1.8924658016377671,1.1291540547630419,ZC3H12A
gs_ind_0,Regulation of Exocytosis (GO:0017157),3/35,0.3946193623501065,0.7125352949529677,1.563431376627699,1.4537310538937211,S100A10;HAP1;SYTL4
gs_ind_0,Regulation of Exosomal Secretion (GO:1903541),1/17,0.6780850803054885,0.8523351770196631,1.318500711377128,0.5122144680846036,SMPD3
gs_ind_0,Regulation of Extracellular Matrix Assembly (GO:1901201),2/10,0.13249100130695554,0.509738988210719,4.2728890583786185,8.636536632696506,NOTCH1;EMILIN1
gs_ind_0,Regulation of Extracellular Matrix Constituent Secretion (GO:0003330),1/7,0.37284039631262333,0.6882851264020743,3.349454107684005,3.3045876434894486,NOTCH1
gs_ind_0,Regulation of Extracellular Matrix Disassembly (GO:0010715),2/15,0.25151988032095945,0.6336944594034671,2.6893370950637294,3.7119124671369925,PLAU;HPSE
gs_ind_0,Regulation of Extracellular Matrix Organization (GO:1903053),1/19,0.7182988056240869,0.867676948792053,1.1757850673123205,0.38903157333720684,NOTCH1
gs_ind_0,Regulation of Extrinsic Apoptotic Signaling Pathway (GO:2001236),7/52,0.04813213871741758,0.32629982687969195,2.4010780094430286,7.284402855546563,THBS1;PML;LGALS3;SP100;TNFSF10;AR;PYCARD
gs_ind_0,Regulation of Extrinsic Apoptotic Signaling Pathway in Absence of Ligand (GO:2001239),2/18,0.3248819041260126,0.6624839519426774,2.1998755791300364,2.473305890557785,NRG1;HSPA1A
gs_ind_0,Regulation of Extrinsic Apoptotic Signaling Pathway via Death Domain Receptors (GO:1902041),5/29,0.035957488766111045,0.27162107597191837,3.2680603948896634,10.867666554753484,PMAIP1;THBS1;TNFAIP3;LGALS3;SP100
gs_ind_0,Regulation of Fas Signaling Pathway (GO:1902044),3/6,0.0046081938268610345,0.0795902558079326,14.548945375878853,78.27215192561924,IL2RG;SP100;IL7
gs_ind_0,Regulation of Fat Cell Differentiation (GO:0045598),4/54,0.46290699431183524,0.7448352156149185,1.2933094608865325,0.9961446096154161,BMAL1;FRZB;ZC3H12A;LRP5
gs_ind_0,Regulation of Fatty Acid Biosynthetic Process (GO:0042304),2/31,0.6028543237314423,0.815046945498543,1.2292485051598312,0.622097711389388,PDK4;SLC45A3
gs_ind_0,Regulation of Fatty Acid Metabolic Process (GO:0019217),1/12,0.5506490672062563,0.7880800413240646,1.8924658016377671,1.1291540547630419,PDK4
gs_ind_0,Regulation of Fatty Acid Oxidation (GO:0046320),1/15,0.6321377878742459,0.8285490441331016,1.5005861882873996,0.6882406887353841,PDK4
gs_ind_0,Regulation of Fc Receptor Mediated Stimulatory Signaling Pathway (GO:0060368),1/6,0.3296057006468095,0.6624839519426774,3.9587401265760684,4.393640133528681,PLSCR1
gs_ind_0,Regulation of Fibrinolysis (GO:0051917),2/14,0.22704403432135226,0.6083192526435693,2.9047001620745543,4.306541273291301,THBS1;PLAU
gs_ind_0,Regulation of Fibroblast Apoptotic Process (GO:2000269),1/7,0.37284039631262333,0.6882851264020743,3.349454107684005,3.3045876434894486,PRDM11
gs_ind_0,Regulation of Fibroblast Growth Factor Receptor Signaling Pathway (GO:0040036),3/15,0.06795103532390583,0.3649780494105417,4.070978907517577,10.946731611814585,THBS1;PRKD2;SMOC2
gs_ind_0,Regulation of Fibroblast Migration (GO:0010762),1/19,0.7182988056240869,0.867676948792053,1.1757850673123205,0.38903157333720684,THBS1
gs_ind_0,Regulation of Fibroblast Proliferation (GO:0048145),2/38,0.7127814528545392,0.867676948792053,0.9929841699784641,0.33620500059115366,PARP10;CDKN1A
gs_ind_0,Regulation of Filopodium Assembly (GO:0051489),1/27,0.8348435527953628,0.9226401806069896,0.8203423311509128,0.14808076007375526,PALM
gs_ind_0,Regulation of Flagellated Sperm Motility (GO:1901317),1/1,0.06446453407510432,0.3649780494105417,43.56233135456017,119.43223299736152,KIF9
gs_ind_0,Regulation of Focal Adhesion Assembly (GO:0051893),2/51,0.8495968908165127,0.9330506474476767,0.7314910313289568,0.1192281284019036,THBS1;S100A10
gs_ind_0,Regulation of G Protein-Coupled Receptor Signaling Pathway (GO:0008277),8/51,0.015574603516329314,0.18380504308556897,2.84985593119699,11.861424331752486,GNG7;CCL5;RGS1;RGS2;RGS12;PLEK;TULP3;CAMKMT
gs_ind_0,Regulation of G1/S Transition of Mitotic Cell Cycle (GO:2000045),7/106,0.5298465085048124,0.7791921067379876,1.0935585040902502,0.6945932815072634,CCL2;PSME2;RBL1;CDKN1A;CPAP;PSME1;ZC3H12D
gs_ind_0,Regulation of G2/M Transition of Mitotic Cell Cycle (GO:0010389),1/24,0.7982232489079947,0.9126935571904561,0.925273564432605,0.2085260904971238,CDKN1A
gs_ind_0,Regulation of GTPase Activity (GO:0043087),5/82,0.6158702797914799,0.8265334892147388,1.029051490514905,0.49880072955467347,RGS1;ARHGEF5;KLRK1;S100A10;SEMA4D
gs_ind_0,Regulation of Gap Junction Assembly (GO:1903596),1/4,0.2340004119113125,0.6083192526435693,6.221802482460874,9.036747532590647,ACE
gs_ind_0,Regulation of Gene Expression (GO:0010468),39/715,0.8841023949609562,0.9519625353417392,0.8396876238675929,0.10343472974577042,LITAF;DLL1;SMO;TLR3;HSPA1A;ITGAX;PARP9;PLCG2;CCL2;SLC7A5;TRIM21;LGALS9;PML;TDRD7;TAPBP;TRAF3;PARP14;PARP10;AJUBA;TAF1C;PLSCR1;RBL1;TLR9;ZC3H12A;EMILIN1;HAVCR2;DDIT3;CDH1;AR;TULP3;PAK6;TLR2;VTCN1;BMAL1;RIGI;DAXX;NOTCH1;TTBK1;CCN4
gs_ind_0,Regulation of Generation of Precursor Metabolites and Energy (GO:0043467),1/18,0.6988617377278106,0.8627707795776292,1.2430652995143012,0.44539322599570885,PNPT1
gs_ind_0,Regulation of Germinal Center Formation (GO:0002634),1/4,0.2340004119113125,0.6083192526435693,6.221802482460874,9.036747532590647,TNFAIP3
gs_ind_0,Regulation of Glial Cell Apoptotic Process (GO:0034350),2/6,0.05233524459368294,0.32629982687969195,8.073413770334353,23.817258816991405,CCL2;DLL1
gs_ind_0,Regulation of Glial Cell Differentiation (GO:0045685),1/5,0.2833939579712883,0.6336944594034671,4.838819931642382,6.101351626665179,SLC45A3
gs_ind_0,Regulation of Glial Cell Proliferation (GO:0060251),1/5,0.2833939579712883,0.6336944594034671,4.838819931642382,6.101351626665179,NOTCH1
gs_ind_0,Regulation of Glucose Metabolic Process (GO:0010906),3/26,0.23337996263985208,0.6083192526435693,2.1636422217875104,3.148288562481339,PMAIP1;PDK4;SLC45A3
gs_ind_0,Regulation of Glutamate Receptor Signaling Pathway (GO:1900449),2/6,0.05233524459368294,0.32629982687969195,8.073413770334353,23.817258816991405,CCL2;CCR2
gs_ind_0,Regulation of Glycolytic Process (GO:0006110),1/41,0.9351722862879989,0.9792966124720102,0.5362075513181828,0.03593904477041978,STING1
gs_ind_0,Regulation of Glycoprotein Biosynthetic Process (GO:0010559),1/11,0.5196605004230545,0.7685083681045072,2.072854830005397,1.356848411751394,JAK3
gs_ind_0,Regulation of Granulocyte Chemotaxis (GO:0071622),3/16,0.07977151437871083,0.4058080457075101,3.7691444825030547,9.530616527527405,THBS1;CCL2;CCL5
gs_ind_0,Regulation of Granulocyte Colony-Stimulating Factor Production (GO:0071655),1/2,0.12477758622840975,0.49743772311433054,14.519697787371829,30.218720809256304,HAVCR2
gs_ind_0,Regulation of Granulocyte Macrophage Colony-Stimulating Factor Production (GO:0032645),2/6,0.05233524459368294,0.32629982687969195,8.073413770334353,23.817258816991405,RIGI;TLR9
gs_ind_0,Regulation of Growth Hormone Receptor Signaling Pathway (GO:0060398),1/7,0.37284039631262333,0.6882851264020743,3.349454107684005,3.3045876434894486,GDF15
gs_ind_0,Regulation of Hair Cycle (GO:0042634),2/9,0.11054513189129135,0.47715707147271474,4.842967765171979,10.665820017194985,BMAL1;HPSE
gs_ind_0,Regulation of Heart Morphogenesis (GO:2000826),1/5,0.2833939579712883,0.6336944594034671,4.838819931642382,6.101351626665179,SMO
gs_ind_0,Regulation of Heart Rate by Cardiac Conduction (GO:0086091),1/16,0.6558766163212053,0.8389578739523719,1.4036697247706422,0.5920434556741193,ACE
gs_ind_0,Regulation of Hematopoietic Progenitor Cell Differentiation (GO:1901532),1/13,0.5796404588195495,0.8010458757106599,1.7409390178089585,0.9494163340617632,EIF2AK2
gs_ind_0,Regulation of Hematopoietic Stem Cell Differentiation (GO:1902036),1/11,0.5196605004230545,0.7685083681045072,2.072854830005397,1.356848411751394,EIF2AK2
gs_ind_0,Regulation of Hematopoietic Stem Cell Proliferation (GO:1902033),2/6,0.05233524459368294,0.32629982687969195,8.073413770334353,23.817258816991405,ACE;EIF2AK2
gs_ind_0,Regulation of Heterotypic Cell-Cell Adhesion (GO:0034114),3/13,0.04697270459387391,0.32337227653282646,4.847124571840634,14.823421104972665,LCK;IL1RN;CD44
gs_ind_0,Regulation of Hippo Signaling (GO:0035330),2/38,0.7127814528545392,0.867676948792053,0.9929841699784641,0.33620500059115366,AJUBA;DLG5
gs_ind_0,Regulation of Homotypic Cell-Cell Adhesion (GO:0034110),1/10,0.48653733475260663,0.7454724541752974,2.291220495924106,1.6506906488764395,CCL5
gs_ind_0,Regulation of Humoral Immune Response (GO:0002920),1/12,0.5506490672062563,0.7880800413240646,1.8924658016377671,1.1291540547630419,SPNS2
gs_ind_0,Regulation of Hydrolase Activity (GO:0051336),1/26,0.8234411526643806,0.9185301096581084,0.852576108694962,0.16562415625449156,ARHGEF5
gs_ind_0,Regulation of IP-10 Production (GO:0071658),1/3,0.18120623955754206,0.5716072093995457,8.71117107393416,14.879720755179145,OAS3
gs_ind_0,Regulation of IRE1-mediated Unfolded Protein Response (GO:1903894),1/15,0.6321377878742459,0.8285490441331016,1.5005861882873996,0.6882406887353841,BAX
gs_ind_0,Regulation of Immune Effector Process (GO:0002697),1/11,0.5196605004230545,0.7685083681045072,2.072854830005397,1.356848411751394,S100A9
gs_ind_0,Regulation of Immune Response (GO:0050776),14/69,0.00010702241059530935,0.004738417055897647,3.831974831974832,35.033723757990984,SAMHD1;CD300E;IRF7;CFB;B2M;PLSCR1;DHX58;RNF135;RSAD2;SPN;C2;SPNS2;LAG3;COL3A1
gs_ind_0,Regulation of Immunoglobulin Production (GO:0002637),2/13,0.20275236784673498,0.60784832860503,3.1575176755220444,5.0386716886898935,SASH3;TLR9
gs_ind_0,Regulation of Inclusion Body Assembly (GO:0090083),1/12,0.5506490672062563,0.7880800413240646,1.8924658016377671,1.1291540547630419,HSPA1A
gs_ind_0,Regulation of Inflammatory Response (GO:0050727),27/176,2.241779051171957e-05,0.0012579341317330945,2.71773020934115,29.095083893256966,CCL5;TLR3;CASP1;FPR2;HCK;TLR7;CCL7;CASP4;GNA14;NOD2;TNIP1;TLR9;LACC1;IL1RN;IFI35;LGALS1;USP18;TLR2;S100A9;PYCARD;CASP12;GSDMD;TNFAIP3;CCN4;NMI;CCR2;ZBP1
gs_ind_0,Regulation of Inflammatory Response to Antigenic Stimulus (GO:0002861),1/18,0.6988617377278106,0.8627707795776292,1.2430652995143012,0.44539322599570885,HCK
gs_ind_0,Regulation of Inhibitory Synapse Assembly (GO:1905702),2/3,0.011920279570145109,0.14833017339586424,24.225643796146226,107.30783232096144,CLSTN3;SEMA4D
gs_ind_0,Regulation of Innate Immune Response (GO:0045088),19/70,5.4472383056210476e-08,9.00004817828722e-06,5.58583710479773,93.42632065770425,DTX4;SAMHD1;CCL5;B2M;PARP9;FPR2;TRIM21;CD300E;TRAFD1;PLSCR1;IFI35;GBP5;S100A9;TREX1;DHX58;RNF135;TNFAIP3;PLSCR2;NMI
gs_ind_0,Regulation of Inositol Phosphate Biosynthetic Process (GO:0010919),1/2,0.12477758622840975,0.49743772311433054,14.519697787371829,30.218720809256304,PLEK
gs_ind_0,Regulation of Insulin Secretion (GO:0050796),3/54,0.6853458844735754,0.858197330705016,0.9852347372234795,0.37225284405960807,NLGN2;BMAL1;CCL5
gs_ind_0,Regulation of Integrin Activation (GO:0033623),1/11,0.5196605004230545,0.7685083681045072,2.072854830005397,1.356848411751394,PLEK
gs_ind_0,Regulation of Integrin-Mediated Signaling Pathway (GO:2001044),3/18,0.10581550014597628,0.47715707147271474,3.2823147647376962,7.372270209193725,CD63;FLNA;PLAU
gs_ind_0,Regulation of Interferon-Alpha Production (GO:0032647),8/23,5.9362432746820615e-05,0.003043859913604216,8.01468189233279,77.99767377498598,IRF7;TLR7;TLR9;TLR3;HAVCR2;IFIH1;STAT1;RIGI
gs_ind_0,Regulation of Interferon-Beta Production (GO:0032648),15/50,3.2842678733852797e-07,4.069755273103259e-05,6.420582674126954,95.85256986998802,ISG15;IRF7;TLR7;TLR3;TLR9;RNF135;IFIH1;OAS2;STING1;OAS3;RELB;TLR2;PYCARD;TRAF3;RIGI
gs_ind_0,Regulation of Interleukin-1 Beta Production (GO:0032651),11/48,0.00018717897627461587,0.0067886618956183855,4.489245317330424,38.533191648555665,ZC3H12A;GSDMD;LGALS9;PANX1;TNFAIP3;HSPB1;GBP5;CASP1;PYCARD;ORM2;NOD2
gs_ind_0,Regulation of Interleukin-1 Production (GO:0032652),2/13,0.20275236784673498,0.60784832860503,3.1575176755220444,5.0386716886898935,ORM2;GSDMD
gs_ind_0,Regulation of Interleukin-1-Mediated Signaling Pathway (GO:2000659),2/9,0.11054513189129135,0.47715707147271474,4.842967765171979,10.665820017194985,ZBP1;IL1RN
gs_ind_0,Regulation of Interleukin-10 Production (GO:0032653),10/29,7.658312017584752e-06,0.0006155627010891095,7.884426744917208,92.8763312295111,ISG15;DLL1;TLR9;THBS1;LGALS9;PLCG2;JAK3;NOD2;PYCARD;CD274
gs_ind_0,Regulation of Interleukin-12 Production (GO:0032655),8/29,0.00036754051411357964,0.01082243058389887,5.775446716491521,45.67614262820067,TLR3;THBS1;LGALS9;TLR9;LAPTM5;PLCG2;JAK3;TLR2
gs_ind_0,Regulation of Interleukin-13 Production (GO:0032656),2/10,0.13249100130695554,0.509738988210719,4.2728890583786185,8.636536632696506,LGALS9;TRAF3IP2
gs_ind_0,Regulation of Interleukin-17 Production (GO:0032660),4/20,0.03631579487071738,0.27162107597191837,3.968351626716543,13.157079786653085,SLC7A5;DDIT3;NOD2;LY9
gs_ind_0,Regulation of Interleukin-18 Production (GO:0032661),5/7,2.0737621179686615e-05,0.0012092879487919214,32.07945799457995,345.93079402288583,GSDMD;TLR9;GBP5;CASP1;TLR2
gs_ind_0,Regulation of Interleukin-2 Production (GO:0032663),10/50,0.0011417913408330617,0.027384576190625204,3.7902714703804623,25.67968389878436,CARD11;PSMB8;PRKD2;HAVCR2;TNFAIP3;PSMB10;PSMB9;LAPTM5;PLCG2;CCR2
gs_ind_0,Regulation of Interleukin-23 Production (GO:0032667),1/6,0.3296057006468095,0.6624839519426774,3.9587401265760684,4.393640133528681,PLCG2
gs_ind_0,Regulation of Interleukin-4 Production (GO:0032673),4/13,0.0076695214354057465,0.11250714442645848,6.895990653406662,33.58692978641159,LGALS9;SLC7A5;DDIT3;HAVCR2
gs_ind_0,Regulation of Interleukin-4-Mediated Signaling Pathway (GO:1902214),3/5,0.0024199647334627577,0.050682923361396064,20.370037858301785,122.70915515126904,PARP14;CD300LF;CD40
gs_ind_0,Regulation of Interleukin-5 Production (GO:0032674),2/9,0.11054513189129135,0.47715707147271474,4.842967765171979,10.665820017194985,LGALS9;TRAF3IP2
gs_ind_0,Regulation of Interleukin-6 Production (GO:0032675),16/72,1.0512088048812838e-05,0.0007625109721260824,4.292423749629853,49.20398785475284,RIGI;TLR7;ZC3H12A;TLR3;TLR1;RAB7B;LGALS9;TLR9;TNFAIP3;IFIH1;CYBA;PLCG2;TLR2;PYCARD;NOD2;AFAP1L2
gs_ind_0,Regulation of Interleukin-8 Production (GO:0032677),14/56,8.802837919138988e-06,0.0006544909992879837,5.008963585434174,58.306522034430714,RIGI;TLR7;TLR3;TLR1;LGALS9;TLR9;DDIT3;HSPA1A;PRKD2;SSC5D;TLR2;PYCARD;NOD2;AFAP1L2
gs_ind_0,Regulation of Intracellular Protein Transport (GO:0033157),1/34,0.896514535944172,0.9576990768311665,0.6485892179684416,0.07085238685870321,IFI27
gs_ind_0,Regulation of Intracellular Signal Transduction (GO:1902531),15/272,0.7708031959731931,0.8954565253219829,0.8705232078733874,0.22661651326777743,CARD11;SASH3;SAMD5;ARHGEF19;RRAS;GBP7;JPT2;TRAF3;ARHGEF5;HSPB1;SAMSN1;PLCG2;PAK6;PRDM11;PYCARD
gs_ind_0,Regulation of Intracellular Transport (GO:0032386),4/52,0.43382003424944404,0.7303585487139446,1.346842748619941,1.1247827218532973,SHISA5;AAAS;HAP1;MX2
gs_ind_0,Regulation of Intrinsic Apoptotic Signaling Pathway (GO:2001242),6/37,0.02953509349438252,0.2647743852529903,3.005667088683909,10.586488822438653,LCK;PMAIP1;DDIT3;S100A9;BAX;PYCARD
gs_ind_0,Regulation of Intrinsic Apoptotic Signaling Pathway by P53 Class Mediator (GO:1902253),1/10,0.48653733475260663,0.7454724541752974,2.291220495924106,1.6506906488764395,MDM2
gs_ind_0,Regulation of Intrinsic Apoptotic Signaling Pathway in Response to DNA Damage (GO:1902229),1/14,0.6067632607040262,0.815046945498543,1.6118606463992324,0.8053123024832447,DDIAS
gs_ind_0,Regulation of Isotype Switching (GO:0045191),2/12,0.1787862658078333,0.5716072093995457,3.4584909058166757,5.9540142413558605,MAD2L2;SHLD2
gs_ind_0,Regulation of JNK Cascade (GO:0046328),7/88,0.33929004593163287,0.6799518845018033,1.3368801298307469,1.4450336583963133,TLR9;TLR3;AIDA;RGS2;EDA2R;PYCARD;NOD2
gs_ind_0,Regulation of JUN Kinase Activity (GO:0043506),1/11,0.5196605004230545,0.7685083681045072,2.072854830005397,1.356848411751394,AIDA
gs_ind_0,Regulation of Keratinocyte Migration (GO:0051547),1/9,0.45113270140804174,0.7303585487139446,2.5609663185295704,2.0385131696903356,EPPK1
gs_ind_0,Regulation of Keratinocyte Proliferation (GO:0010837),2/19,0.3489945155948375,0.6882690247871663,2.074014046461372,2.183312661052468,EPPK1;TRAF3IP2
gs_ind_0,Regulation of Ketone Metabolic Process (GO:0010565),1/12,0.5506490672062563,0.7880800413240646,1.8924658016377671,1.1291540547630419,PDK4
gs_ind_0,Regulation of Kinase Activity (GO:0043549),1/21,0.753493755705255,0.8864281762133814,1.0609163781869875,0.3002759875694897,RBL1
gs_ind_0,Regulation of Lamellipodium Assembly (GO:0010591),1/24,0.7982232489079947,0.9126935571904561,0.925273564432605,0.2085260904971238,TWF2
gs_ind_0,Regulation of Lamellipodium Morphogenesis (GO:2000392),2/9,0.11054513189129135,0.47715707147271474,4.842967765171979,10.665820017194985,ARPIN;CD44
gs_ind_0,Regulation of Lamellipodium Organization (GO:1902743),2/10,0.13249100130695554,0.509738988210719,4.2728890583786185,8.636536632696506,TWF2;CD44
gs_ind_0,Regulation of Leukocyte Activation (GO:0002694),2/11,0.15530567804812975,0.5505114261205458,3.8228269214364925,7.11947989835536,LCK;PLSCR1
gs_ind_0,Regulation of Leukocyte Adhesion to Vascular Endothelial Cell (GO:1904994),1/8,0.4132896381284026,0.7125352949529677,2.902644360496492,2.5647957981136242,ITGB2
gs_ind_0,Regulation of Leukocyte Cell-Cell Adhesion (GO:1903037),1/7,0.37284039631262333,0.6882851264020743,3.349454107684005,3.3045876434894486,LCK
gs_ind_0,Regulation of Leukocyte Differentiation (GO:1902105),2/4,0.02282372249623049,0.21896048614125635,14.534305780659103,54.93901924276344,IL2RG;IL2RB
gs_ind_0,Regulation of Leukocyte Mediated Cytotoxicity (GO:0001910),1/6,0.3296057006468095,0.6624839519426774,3.9587401265760684,4.393640133528681,NCR1
gs_ind_0,Regulation of Leukocyte Proliferation (GO:0070663),4/9,0.001663578223152429,0.037767035386681864,11.914800413446867,76.24023949574571,IL2RG;IL2RB;BST2;CSF2RA
gs_ind_0,Regulation of Lipid Biosynthetic Process (GO:0046890),1/25,0.8112524386727127,0.9159699136722276,0.8874412150181173,0.185631407941355,PDK4
gs_ind_0,Regulation of Lipid Catabolic Process (GO:0050994),1/20,0.7364825677009945,0.8775237004578357,1.1154053717464403,0.34116872034232576,CLSTN3
gs_ind_0,Regulation of Lipid Metabolic Process (GO:0019216),4/50,0.4043141017672618,0.7125352949529677,1.404981050351922,1.2722991688846779,BBS4;ANGPTL8;PLCG2;RNF213
gs_ind_0,Regulation of Lipid Storage (GO:0010883),2/21,0.396258807615788,0.7125352949529677,1.8610176065605564,1.7227211574096237,CLSTN3;ZC3H12A
gs_ind_0,Regulation of Lipopolysaccharide-Mediated Signaling Pathway (GO:0031664),1/17,0.6780850803054885,0.8523351770196631,1.318500711377128,0.5122144680846036,CD180
gs_ind_0,Regulation of Lipoprotein Metabolic Process (GO:0050746),1/8,0.4132896381284026,0.7125352949529677,2.902644360496492,2.5647957981136242,ANGPTL8
gs_ind_0,Regulation of Long-Chain Fatty Acid Import Across Plasma Membrane (GO:0010746),1/6,0.3296057006468095,0.6624839519426774,3.9587401265760684,4.393640133528681,THBS1
gs_ind_0,Regulation of Lymphocyte Activation (GO:0051249),4/14,0.010197268441630053,0.14040127937688787,6.23876556578235,28.60870419579604,LCK;KLRD1;THEMIS2;CCL5
gs_ind_0,Regulation of Lymphocyte Apoptotic Process (GO:0070228),4/5,8.141791779104197e-05,0.003725182884777828,43.700595560368164,411.4811015006552,PRKD2;CD274;LGALS3;JAK3
gs_ind_0,Regulation of Lymphocyte Differentiation (GO:0045619),2/12,0.1787862658078333,0.5716072093995457,3.4584909058166757,5.9540142413558605,CCR2;TLR9
gs_ind_0,Regulation of Lymphocyte Mediated Immunity (GO:0002706),1/1,0.06446453407510432,0.3649780494105417,43.56233135456017,119.43223299736152,B2M
gs_ind_0,Regulation of Lymphocyte Migration (GO:2000401),3/10,0.022761654228634364,0.21896048614125635,6.787488732648279,25.674884242921568,SPN;STK10;SPNS2
gs_ind_0,Regulation of Lymphocyte Proliferation (GO:0050670),3/8,0.011702995801205507,0.14833017339586424,9.257043119130733,41.17449853472315,TNFRSF14;LST1;LGALS3
gs_ind_0,Regulation of MAPK Cascade (GO:0043408),19/190,0.03774427711937367,0.27162107597191837,1.6623611469904418,5.4474268408171955,DUSP5;PLCG2;IQGAP1;THBS1;LGALS9;GDF15;PRDM11;TNFRSF14;NOD2;DUSP8;IL2RG;TLR9;CD40;PAK6;RRAS;SLCO3A1;EIF2AK2;IL2RB;LAPTM5
gs_ind_0,Regulation of MDA-5 Signaling Pathway (GO:0039533),2/6,0.05233524459368294,0.32629982687969195,8.073413770334353,23.817258816991405,DHX58;DDX60
gs_ind_0,Regulation of MHC Class I Biosynthetic Process (GO:0045343),1/3,0.18120623955754206,0.5716072093995457,8.71117107393416,14.879720755179145,NLRC5
gs_ind_0,Regulation of Macroautophagy (GO:0016241),3/101,0.9623274756749471,0.9927027099054085,0.5133162938946282,0.01971158947932408,STING1;ATP6V0E2;EXOC4
gs_ind_0,Regulation of Macromolecule Biosynthetic Process (GO:0010556),5/94,0.7327245870374588,0.8775237004578357,0.8902787240162905,0.2768636687364118,DAXX;TRIM21;ZC3H12A;CDH1;TAPBP
gs_ind_0,Regulation of Macromolecule Metabolic Process (GO:0060255),1/18,0.6988617377278106,0.8627707795776292,1.2430652995143012,0.44539322599570885,CNDP1
gs_ind_0,Regulation of Macrophage Activation (GO:0043030),2/23,0.4418765538313216,0.7303585487139446,1.6876484112924504,1.3783441861073567,THBS1;ZC3H12A
gs_ind_0,Regulation of Macrophage Apoptotic Process (GO:2000109),2/5,0.03642622767140897,0.27162107597191837,10.380875202593193,34.38629847772066,NOD2;IRF7
gs_ind_0,Regulation of Macrophage Chemotaxis (GO:0010758),3/17,0.09241162564867773,0.43486641031363715,3.508942391973294,8.356555042138158,THBS1;CCL2;CCL5
gs_ind_0,Regulation of Macrophage Cytokine Production (GO:0010935),2/9,0.11054513189129135,0.47715707147271474,4.842967765171979,10.665820017194985,LAPTM5;PLCG2
gs_ind_0,Regulation of Macrophage Migration (GO:1905521),1/11,0.5196605004230545,0.7685083681045072,2.072854830005397,1.356848411751394,EMILIN1
gs_ind_0,Regulation of Mast Cell Activation (GO:0033003),2/7,0.07019752665192665,0.3649780494105417,6.6050292225332745,17.545878368545242,CD300LF;PLSCR1
gs_ind_0,Regulation of Mast Cell Degranulation (GO:0043304),1/11,0.5196605004230545,0.7685083681045072,2.072854830005397,1.356848411751394,LGALS9
gs_ind_0,Regulation of Matrix Metallopeptidase Secretion (GO:1904464),1/5,0.2833939579712883,0.6336944594034671,4.838819931642382,6.101351626665179,TLR2
gs_ind_0,Regulation of Megakaryocyte Differentiation (GO:0045652),1/13,0.5796404588195495,0.8010458757106599,1.7409390178089585,0.9494163340617632,RAB7B
gs_ind_0,Regulation of Membrane Depolarization (GO:0003254),2/14,0.22704403432135226,0.6083192526435693,2.9047001620745543,4.306541273291301,NEDD4L;B2M
gs_ind_0,Regulation of Membrane Protein Ectodomain Proteolysis (GO:0051043),1/18,0.6988617377278106,0.8627707795776292,1.2430652995143012,0.44539322599570885,TSPAN17
gs_ind_0,Regulation of Membrane Tubulation (GO:1903525),1/5,0.2833939579712883,0.6336944594034671,4.838819931642382,6.101351626665179,ATP10A
gs_ind_0,Regulation of Mesenchymal Cell Proliferation (GO:0010464),2/11,0.15530567804812975,0.5505114261205458,3.8228269214364925,7.11947989835536,STAT1;LRP5
gs_ind_0,Regulation of Metabolic Process (GO:0019222),1/25,0.8112524386727127,0.9159699136722276,0.8874412150181173,0.185631407941355,PDK4
gs_ind_0,Regulation of Metal Ion Transport (GO:0010959),1/20,0.7364825677009945,0.8775237004578357,1.1154053717464403,0.34116872034232576,B2M
gs_ind_0,Regulation of Microglial Cell Activation (GO:1903978),1/8,0.4132896381284026,0.7125352949529677,2.902644360496492,2.5647957981136242,TTBK1
gs_ind_0,Regulation of Microglial Cell Mediated Cytotoxicity (GO:1904149),1/5,0.2833939579712883,0.6336944594034671,4.838819931642382,6.101351626665179,ITGAM
gs_ind_0,Regulation of Microtubule Nucleation (GO:0010968),1/19,0.7182988056240869,0.867676948792053,1.1757850673123205,0.38903157333720684,HSPA1A
gs_ind_0,Regulation of Microtubule Polymerization (GO:0031113),1/40,0.9306919097420342,0.9777031930670469,0.549823413281234,0.03949215557732492,PSRC1
gs_ind_0,Regulation of Microtubule-Based Movement (GO:0060632),2/14,0.22704403432135226,0.6083192526435693,2.9047001620745543,4.306541273291301,DRC1;HAP1
gs_ind_0,Regulation of Microvillus Organization (GO:0032530),1/5,0.2833939579712883,0.6336944594034671,4.838819931642382,6.101351626665179,TWF2
gs_ind_0,Regulation of Mitochondrial Membrane Permeability (GO:0046902),1/16,0.6558766163212053,0.8389578739523719,1.4036697247706422,0.5920434556741193,PMAIP1
gs_ind_0,Regulation of Mitochondrial Membrane Potential (GO:0051881),2/25,0.4855226945547672,0.7454724541752974,1.5437888662827455,1.1154326080660328,PMAIP1;BAX
gs_ind_0,Regulation of Mitophagy (GO:1901524),1/31,0.8735558251292019,0.9488513600928584,0.7125441242822892,0.09632402460541177,NOD2
gs_ind_0,Regulation of Mitotic Cell Cycle (GO:0007346),6/104,0.6686737414924284,0.8511874715061835,0.9564052210173768,0.38491390671795644,IQGAP1;SMOC2;PML;MDM2;UBD;AFAP1L2
gs_ind_0,Regulation of Mitotic Cell Cycle Phase Transition (GO:1901990),4/81,0.7749490444447217,0.8985179174185584,0.8410395235517054,0.2144297555975363,UBD;PSME2;PSME1;CDKN1A
gs_ind_0,Regulation of Mitotic Nuclear Division (GO:0007088),2/35,0.6691581400072149,0.8511874715061835,1.0821500278187668,0.43473739437935044,BTC;LRP5
gs_ind_0,Regulation of Mitotic Spindle Assembly (GO:1901673),1/22,0.7694079063049644,0.8941848821222994,1.0114961282144606,0.2651475390012929,HSPA1A
gs_ind_0,Regulation of Mitotic Spindle Organization (GO:0060236),3/36,0.4123222810906309,0.7125352949529677,1.516648773439455,1.3436749804686272,CPAP;HSPA1A;PSRC1
gs_ind_0,Regulation of Monoatomic Cation Transmembrane Transport (GO:1904062),3/26,0.23337996263985208,0.6083192526435693,2.1636422217875104,3.148288562481339,CD63;STK39;NEDD4L
gs_ind_0,Regulation of Monoatomic Ion Transmembrane Transport (GO:0034765),1/8,0.4132896381284026,0.7125352949529677,2.902644360496492,2.5647957981136242,STK39
gs_ind_0,Regulation of Monocyte Chemotactic Protein-1 Production (GO:0071637),2/6,0.05233524459368294,0.32629982687969195,8.073413770334353,23.817258816991405,LGALS9;OAS3
gs_ind_0,Regulation of Monocyte Chemotaxis (GO:0090025),4/17,0.020784328452198294,0.21896048614125635,4.85129038079769,18.791745040151362,CXCL10;CCR2;FPR2;CCL5
gs_ind_0,Regulation of Monocyte Differentiation (GO:0045655),1/13,0.5796404588195495,0.8010458757106599,1.7409390178089585,0.9494163340617632,IRF7
gs_ind_0,Regulation of Monocyte Extravasation (GO:2000437),1/4,0.2340004119113125,0.6083192526435693,6.221802482460874,9.036747532590647,CCR2
gs_ind_0,Regulation of Mononuclear Cell Migration (GO:0071675),2/9,0.11054513189129135,0.47715707147271474,4.842967765171979,10.665820017194985,LGALS3;STK10
gs_ind_0,Regulation of Morphogenesis of an Epithelium (GO:1905330),1/6,0.3296057006468095,0.6624839519426774,3.9587401265760684,4.393640133528681,CXCL10
gs_ind_0,Regulation of Multicellular Organism Growth (GO:0040014),1/12,0.5506490672062563,0.7880800413240646,1.8924658016377671,1.1291540547630419,GDF15
gs_ind_0,Regulation of Multicellular Organismal Development (GO:2000026),2/46,0.805989702002456,0.9159699136722276,0.8139845452503657,0.17556369762136284,OAS2;HPSE
gs_ind_0,Regulation of Muscle Cell Apoptotic Process (GO:0010660),1/6,0.3296057006468095,0.6624839519426774,3.9587401265760684,4.393640133528681,ZC3H12A
gs_ind_0,Regulation of Muscle Cell Differentiation (GO:0051147),1/20,0.7364825677009945,0.8775237004578357,1.1154053717464403,0.34116872034232576,OR10J5
gs_ind_0,Regulation of Muscle Contraction (GO:0006937),1/10,0.48653733475260663,0.7454724541752974,2.291220495924106,1.6506906488764395,CHRM3
gs_ind_0,Regulation of MyD88-dependent Toll-Like Receptor Signaling Pathway (GO:0034124),2/9,0.11054513189129135,0.47715707147271474,4.842967765171979,10.665820017194985,CD300LF;IRF7
gs_ind_0,Regulation of Myelination (GO:0031641),2/19,0.3489945155948375,0.6882690247871663,2.074014046461372,2.183312661052468,ITGAX;LGI4
gs_ind_0,Regulation of Myeloid Cell Differentiation (GO:0045637),1/22,0.7694079063049644,0.8941848821222994,1.0114961282144606,0.2651475390012929,LEO1
gs_ind_0,Regulation of Myeloid Leukocyte Differentiation (GO:0002761),2/7,0.07019752665192665,0.3649780494105417,6.6050292225332745,17.545878368545242,UBASH3B;IRF7
gs_ind_0,Regulation of Myoblast Differentiation (GO:0045661),2/46,0.805989702002456,0.9159699136722276,0.8139845452503657,0.17556369762136284,NOTCH1;DLL1
gs_ind_0,Regulation of Myotube Differentiation (GO:0010830),1/18,0.6988617377278106,0.8627707795776292,1.2430652995143012,0.44539322599570885,ATP11A
gs_ind_0,Regulation of NK T Cell Activation (GO:0051133),1/3,0.18120623955754206,0.5716072093995457,8.71117107393416,14.879720755179145,LGALS3
gs_ind_0,Regulation of NLRP3 Inflammasome Complex Assembly (GO:1900225),6/37,0.02953509349438252,0.2647743852529903,3.005667088683909,10.586488822438653,ZNFX1;TLR9;GBP5;PLCG2;CASP1;EIF2AK2
gs_ind_0,Regulation of Natural Killer Cell Activation (GO:0032814),1/10,0.48653733475260663,0.7454724541752974,2.291220495924106,1.6506906488764395,KLRD1
gs_ind_0,Regulation of Natural Killer Cell Chemotaxis (GO:2000501),4/4,1.7165248814513104e-05,0.0011344322216524884,131.11153221440173,1438.6374972889855,CCL5;CCL2;KLRK1;CCL7
gs_ind_0,Regulation of Natural Killer Cell Mediated Cytotoxicity (GO:0042269),4/16,0.016728959419750552,0.1888351537512045,5.239783432593395,21.433931279686306,LGALS9;NCR1;KLRK1;KLRD1
gs_ind_0,Regulation of Natural Killer Cell Mediated Immunity (GO:0002715),2/4,0.02282372249623049,0.21896048614125635,14.534305780659103,54.93901924276344,NCR1;B2M
gs_ind_0,Regulation of Necroptotic Process (GO:0060544),1/22,0.7694079063049644,0.8941848821222994,1.0114961282144606,0.2651475390012929,ZBP1
gs_ind_0,Regulation of Nervous System Development (GO:0051960),3/23,0.18220700555170452,0.5716072093995457,2.4808268147581423,4.223885120462901,BMAL1;DLL1;LGI4
gs_ind_0,Regulation of Neurogenesis (GO:0050767),4/36,0.19988725620433598,0.60784832860503,2.012302694598309,3.239810941052954,NOTCH1;BMAL1;DLL1;B2M
gs_ind_0,Regulation of Neuroinflammatory Response (GO:0150077),2/16,0.2760553611698522,0.6336944594034671,2.503679278675087,3.22262042128606,PLCG2;CCL5
gs_ind_0,Regulation of Neuron Apoptotic Process (GO:0043523),6/86,0.4819372814334721,0.7454724541752974,1.1718370331925736,0.8553722414266821,CCL2;CASP12;DDIT3;CASP4;CASP1;BAX
gs_ind_0,Regulation of Neuron Differentiation (GO:0045664),1/42,0.9393633240598815,0.9809222351664634,0.5232478754738328,0.03273069716096504,DLL1
gs_ind_0,Regulation of Neuron Migration (GO:2001222),1/21,0.753493755705255,0.8864281762133814,1.0609163781869875,0.3002759875694897,COL3A1
gs_ind_0,Regulation of Neuron Projection Arborization (GO:0150011),2/12,0.1787862658078333,0.5716072093995457,3.4584909058166757,5.9540142413558605,MAP3K13;MOV10
gs_ind_0,Regulation of Neuron Projection Development (GO:0010975),3/108,0.9735226905233757,0.9988584411608808,0.47900620035423275,0.012853722435485571,TWF2;SERPINI1;S100A9
gs_ind_0,Regulation of Neurotransmitter Secretion (GO:0046928),1/22,0.7694079063049644,0.8941848821222994,1.0114961282144606,0.2651475390012929,PNKD
gs_ind_0,Regulation of Neutrophil Degranulation (GO:0043313),2/4,0.02282372249623049,0.21896048614125635,14.534305780659103,54.93901924276344,ITGB2;ITGAM
gs_ind_0,Regulation of Nitric Oxide Biosynthetic Process (GO:0045428),2/39,0.7262111326204261,0.8726270337022817,0.9664325589771294,0.30917577937399343,GLA;ZC3H12A
gs_ind_0,Regulation of Nitric-Oxide Synthase Activity (GO:0050999),1/5,0.2833939579712883,0.6336944594034671,4.838819931642382,6.101351626665179,GLA
gs_ind_0,Regulation of Non-Canonical NF-kappaB Signal Transduction (GO:1901222),9/49,0.0036750426531651846,0.07051339903556941,3.425559655100573,19.204340132908783,TRIM21;ZC3H12A;LGALS9;IFI35;LAPTM5;NMI;PYCARD;NOD2;EIF2AK2
gs_ind_0,Regulation of Non-Canonical Wnt Signaling Pathway (GO:2000050),1/11,0.5196605004230545,0.7685083681045072,2.072854830005397,1.356848411751394,RNF213
gs_ind_0,Regulation of Non-Motile Cilium Assembly (GO:1902855),1/6,0.3296057006468095,0.6624839519426774,3.9587401265760684,4.393640133528681,HAP1
gs_ind_0,Regulation of Notch Signaling Pathway (GO:0008593),2/56,0.8840954044385748,0.9519625353417392,0.6641339419802834,0.0818148586194761,NOD2;DLL1
gs_ind_0,Regulation of Nuclear Receptor-Mediated Glucocorticoid Signaling Pathway (GO:2000322),1/6,0.3296057006468095,0.6624839519426774,3.9587401265760684,4.393640133528681,BMAL1
gs_ind_0,Regulation of Nuclear-Transcribed mRNA poly(A) Tail Shortening (GO:0060211),1/15,0.6321377878742459,0.8285490441331016,1.5005861882873996,0.6882406887353841,BTG2
gs_ind_0,Regulation of Nucleocytoplasmic Transport (GO:0046822),3/16,0.07977151437871083,0.4058080457075101,3.7691444825030547,9.530616527527405,IFI27;MX2;AAAS
gs_ind_0,Regulation of Nucleotide-Binding Oligomerization Domain Containing 2 Signaling Pathway (GO:0070432),2/6,0.05233524459368294,0.32629982687969195,8.073413770334353,23.817258816991405,HSPA1A;SLC15A3
gs_ind_0,Regulation of Oligodendrocyte Differentiation (GO:0048713),2/10,0.13249100130695554,0.509738988210719,4.2728890583786185,8.636536632696506,NOTCH1;SLC45A3
gs_ind_0,Regulation of Opsin-Mediated Signaling Pathway (GO:0022400),1/5,0.2833939579712883,0.6336944594034671,4.838819931642382,6.101351626665179,CAMKMT
gs_ind_0,Regulation of Opsonization (GO:1903027),3/12,0.03790273924961201,0.27162107597191837,5.357746719421593,17.534468567500667,C2;CFB;MBL2
gs_ind_0,Regulation of Organelle Assembly (GO:1902115),3/76,0.8757667779575362,0.9500902030047403,0.6892013701099694,0.09142632388924211,HCK;KIF9;CPAP
gs_ind_0,Regulation of Organelle Organization (GO:0033043),2/86,0.9777985678987586,0.9997059263401236,0.42738772261275687,0.009595535395492622,S100A9;ARHGEF5
gs_ind_0,Regulation of Ossification (GO:0030278),3/35,0.3946193623501065,0.7125352949529677,1.563431376627699,1.4537310538937211,GDF10;NOTCH1;TENT5A
gs_ind_0,Regulation of Osteoblast Differentiation (GO:0045667),6/66,0.2512820945272019,0.6336944594034671,1.561552983592149,2.1567843262959694,NOTCH1;CCN4;LRP5;GDF10;SEMA4D;TENT5A
gs_ind_0,Regulation of Osteoblast Proliferation (GO:0033688),2/11,0.15530567804812975,0.5505114261205458,3.8228269214364925,7.11947989835536,HPSE;EIF2AK2
gs_ind_0,Regulation of Osteoclast Development (GO:2001204),1/4,0.2340004119113125,0.6083192526435693,6.221802482460874,9.036747532590647,FBN1
gs_ind_0,Regulation of Osteoclast Differentiation (GO:0045670),3/20,0.13467922048281478,0.5128501942585034,2.906760411032991,5.827646144716359,UBASH3B;FBN1;TLR3
gs_ind_0,Regulation of Osteoclast Proliferation (GO:0090289),1/2,0.12477758622840975,0.49743772311433054,14.519697787371829,30.218720809256304,TNFAIP3
gs_ind_0,Regulation of Oxidative Stress-Induced Intrinsic Apoptotic Signaling Pathway (GO:1902175),1/19,0.7182988056240869,0.867676948792053,1.1757850673123205,0.38903157333720684,HSPB1
gs_ind_0,Regulation of Pattern Recognition Receptor Signaling Pathway (GO:0062207),1/10,0.48653733475260663,0.7454724541752974,2.291220495924106,1.6506906488764395,S100A9
gs_ind_0,Regulation of Peptide Hormone Secretion (GO:0090276),2/23,0.4418765538313216,0.7303585487139446,1.6876484112924504,1.3783441861073567,BMAL1;CCL5
gs_ind_0,Regulation of Peptidyl-Serine Phosphorylation (GO:0033135),1/18,0.6988617377278106,0.8627707795776292,1.2430652995143012,0.44539322599570885,MAD2L2
gs_ind_0,Regulation of Peptidyl-Tyrosine Phosphorylation (GO:0050730),3/16,0.07977151437871083,0.4058080457075101,3.7691444825030547,9.530616527527405,RAP2B;ITGB2;SAMSN1
gs_ind_0,Regulation of Phagocytosis (GO:0050764),9/47,0.0027352748652209385,0.05504636813441136,3.604048102142822,21.269374025683252,IL2RG;HCK;PLSCR1;IL2RB;CYBA;TLR2;PYCARD;FPR2;MBL2
gs_ind_0,"Regulation of Phagocytosis, Engulfment (GO:0060099)",1/8,0.4132896381284026,0.7125352949529677,2.902644360496492,2.5647957981136242,PLCG2
gs_ind_0,Regulation of Phosphatidylinositol 3-Kinase/Protein Kinase B Signal Transduction (GO:0051896),9/160,0.7109431813733451,0.867676948792053,0.9081656668660878,0.3098323109418664,HPSE;PHLDA3;CCL5;THBS1;DDIT3;GDF15;SEMA4D;RRAS;FPR2
gs_ind_0,Regulation of Phospholipase C-activating G Protein-Coupled Receptor Signaling Pathway (GO:1900736),1/5,0.2833939579712883,0.6336944594034671,4.838819931642382,6.101351626665179,RGS2
gs_ind_0,Regulation of Phosphorylation (GO:0042325),2/36,0.6842661317081903,0.8572061818450539,1.0507050634596262,0.398646280334594,THBS1;HSPB1
gs_ind_0,Regulation of Plasma Membrane Bounded Cell Projection Assembly (GO:0120032),1/67,0.9886126886275725,0.999999953222645,0.32592950265572185,0.0037327543171608237,TWF2
gs_ind_0,Regulation of Plasma Membrane Repair (GO:1905684),2/6,0.05233524459368294,0.32629982687969195,8.073413770334353,23.817258816991405,S100A10;SYTL4
gs_ind_0,Regulation of Plasminogen Activation (GO:0010755),4/12,0.005591606137850961,0.09187534062966166,7.707856938119049,39.97671298535652,THBS1;PLAU;S100A10;PLGRKT
gs_ind_0,Regulation of Platelet Activation (GO:0010543),2/24,0.46396195640651067,0.7448352156149185,1.6125217600096045,1.2383404726591272,PLEK;FLNA
gs_ind_0,Regulation of Podosome Assembly (GO:0071801),2/3,0.011920279570145109,0.14833017339586424,24.225643796146226,107.30783232096144,HCK;KIF9
gs_ind_0,Regulation of Postsynapse Assembly (GO:0150052),1/5,0.2833939579712883,0.6336944594034671,4.838819931642382,6.101351626665179,CYFIP2
gs_ind_0,Regulation of Postsynapse Organization (GO:0099175),1/27,0.8348435527953628,0.9226401806069896,0.8203423311509128,0.14808076007375526,CYFIP2
gs_ind_0,Regulation of Postsynaptic Membrane Potential (GO:0060078),1/9,0.45113270140804174,0.7303585487139446,2.5609663185295704,2.0385131696903356,CHRNA4
gs_ind_0,Regulation of Potassium Ion Export Across Plasma Membrane (GO:1903764),1/4,0.2340004119113125,0.6083192526435693,6.221802482460874,9.036747532590647,NEDD4L
gs_ind_0,Regulation of Potassium Ion Import (GO:1903286),1/4,0.2340004119113125,0.6083192526435693,6.221802482460874,9.036747532590647,STK39
gs_ind_0,Regulation of Potassium Ion Transmembrane Transport (GO:1901379),4/20,0.03631579487071738,0.27162107597191837,3.968351626716543,13.157079786653085,CD63;FLNA;STK39;NEDD4L
gs_ind_0,Regulation of Potassium Ion Transport (GO:0043266),2/14,0.22704403432135226,0.6083192526435693,2.9047001620745543,4.306541273291301,CD63;STK39
gs_ind_0,Regulation of Primary Metabolic Process (GO:0080090),5/93,0.7240705454832566,0.8726270337022817,0.9004057385206621,0.2907108069043559,BBS4;CNDP1;ANGPTL8;PLCG2;RNF213
gs_ind_0,Regulation of Programmed Cell Death (GO:0043067),7/151,0.8621402001320062,0.9424643255452747,0.7504665923627335,0.11132224537117215,DAXX;JAK3;CXCL10;TNFRSF10B;STAT1;LGALS1;BAX
gs_ind_0,Regulation of Proteasomal Protein Catabolic Process (GO:0061136),5/76,0.5474490435386106,0.7880800413240646,1.1159057744423597,0.6723174867790938,PSME2;ECSCR;PSMF1;OSBPL7;PSME1
gs_ind_0,Regulation of Proteasomal Ubiquitin-Dependent Protein Catabolic Process (GO:0032434),2/99,0.9895070725507135,0.999999953222645,0.37004252725484493,0.0039033441479450113,MDM2;HSPA1A
gs_ind_0,Regulation of Protein Acetylation (GO:1901983),1/4,0.2340004119113125,0.6083192526435693,6.221802482460874,9.036747532590647,BMAL1
gs_ind_0,Regulation of Protein Binding (GO:0043393),4/28,0.10275779217607489,0.47601506842935626,2.6709722329646532,6.0774783812401845,BAX;DTX3L;TRIM21;SLPI
gs_ind_0,Regulation of Protein Catabolic Process (GO:0042176),8/145,0.7249151177145665,0.8726270337022817,0.8952711453853379,0.2880093631095172,MAD2L2;TSPAN17;PSME2;TNFAIP3;MDM2;PSME1;FLNA;FMN2
gs_ind_0,Regulation of Protein Depolymerization (GO:1901879),1/5,0.2833939579712883,0.6336944594034671,4.838819931642382,6.101351626665179,SHISA5
gs_ind_0,Regulation of Protein Deubiquitination (GO:0090085),3/7,0.007679539448073663,0.11250714442645848,11.315005107866114,55.0949742316291,TNIP1;TRIM21;ZC3H12A
gs_ind_0,Regulation of Protein Export From Nucleus (GO:0046825),2/23,0.4418765538313216,0.7303585487139446,1.6876484112924504,1.3783441861073567,SP100;IFI27
gs_ind_0,Regulation of Protein Import Into Nucleus (GO:0042306),3/39,0.4643323771856285,0.7448352156149185,1.3916815457448306,1.067634973390897,FLNA;CDH1;ZC3H12A
gs_ind_0,Regulation of Protein K63-linked Ubiquitination (GO:1900044),2/11,0.15530567804812975,0.5505114261205458,3.8228269214364925,7.11947989835536,PARP10;NOD2
gs_ind_0,Regulation of Protein Kinase Activity (GO:0045859),2/47,0.8155249132308918,0.9169644960108402,0.7960354070564768,0.1623301732917585,RAP2B;CDKN1A
gs_ind_0,Regulation of Protein Localization (GO:0032880),2/86,0.9777985678987586,0.9997059263401236,0.42738772261275687,0.009595535395492622,VIM;CDH1
gs_ind_0,Regulation of Protein Localization to Cell Periphery (GO:1904375),1/21,0.753493755705255,0.8864281762133814,1.0609163781869875,0.3002759875694897,AR
gs_ind_0,Regulation of Protein Localization to Cell Surface (GO:2000008),1/25,0.8112524386727127,0.9159699136722276,0.8874412150181173,0.185631407941355,NEDD4L
gs_ind_0,Regulation of Protein Localization to Early Endosome (GO:1902965),1/9,0.45113270140804174,0.7303585487139446,2.5609663185295704,2.0385131696903356,DTX3L
gs_ind_0,Regulation of Protein Localization to Membrane (GO:1905475),1/26,0.8234411526643806,0.9185301096581084,0.852576108694962,0.16562415625449156,AR
gs_ind_0,Regulation of Protein Localization to Mitochondrion (GO:1903747),1/42,0.9393633240598815,0.9809222351664634,0.5232478754738328,0.03273069716096504,GZMB
gs_ind_0,Regulation of Protein Localization to Nucleus (GO:1900180),3/47,0.5914474493626536,0.8128302746786191,1.1408110062530004,0.5991339107122666,DTX3L;NGFR;PARP9
gs_ind_0,Regulation of Protein Localization to Plasma Membrane (GO:1903076),4/69,0.6577468284077939,0.840988421188641,0.9960158209929864,0.4172660682010697,ARHGEF16;AR;LGALS3;PLS1
gs_ind_0,Regulation of Protein Metabolic Process (GO:0051246),5/74,0.5233836569948865,0.7732454028329819,1.1481897408902146,0.7433845560896972,CNDP1;ANGPTL8;ACE;MDM2;TRAF3
gs_ind_0,Regulation of Protein Modification Process (GO:0031399),1/22,0.7694079063049644,0.8941848821222994,1.0114961282144606,0.2651475390012929,HSPB1
gs_ind_0,Regulation of Protein Modification by Small Protein Conjugation or Removal (GO:1903320),2/29,0.5661113256065228,0.8010458757106599,1.3188448504493886,0.7503759428116621,DAXX;HSPA1A
gs_ind_0,Regulation of Protein Phosphorylation (GO:0001932),5/80,0.5937389310348011,0.815046945498543,1.0564690680019384,0.550753770437201,ZC3H12A;CDKN1A;ITGB2;HSPB1;SEMA4D
gs_ind_0,Regulation of Protein Polymerization (GO:0032271),1/32,0.8817245999640496,0.9500902030047403,0.6898722791869041,0.08683802958080115,TTBK1
gs_ind_0,Regulation of Protein Processing (GO:0070613),2/14,0.22704403432135226,0.6083192526435693,2.9047001620745543,4.306541273291301,PLAU;ANGPTL8
gs_ind_0,Regulation of Protein Secretion (GO:0050708),4/63,0.5856621533669895,0.8063700204228826,1.0969457626039045,0.5868793501031663,BMAL1;RSAD2;SYTL4;CCL5
gs_ind_0,Regulation of Protein Serine/Threonine Kinase Activity (GO:0071900),2/39,0.7262111326204261,0.8726270337022817,0.9664325589771294,0.30917577937399343,PYCARD;CCNG1
gs_ind_0,Regulation of Protein Targeting to Membrane (GO:0090313),2/19,0.3489945155948375,0.6882690247871663,2.074014046461372,2.183312661052468,ITGB2;ITGAM
gs_ind_0,Regulation of Protein Tyrosine Kinase Activity (GO:0061097),1/8,0.4132896381284026,0.7125352949529677,2.902644360496492,2.5647957981136242,RAP2B
gs_ind_0,Regulation of Protein Ubiquitination (GO:0031396),5/97,0.7574972837188445,0.8897302218719761,0.8612114553577969,0.2391888455615815,DAXX;ISG15;HSPA1A;TNFAIP3;LAPTM5
gs_ind_0,Regulation of Protein-Containing Complex Assembly (GO:0043254),11/107,0.08362358918201081,0.42009553078935835,1.7368537096240768,4.309880260545032,HCK;AJUBA;AIDA;SPIDR;RHOC;LGALS3;KIF9;STXBP1;BAX;NRG1;EIF2AK2
gs_ind_0,Regulation of Proteolysis (GO:0030162),3/43,0.5302907949017105,0.7791921067379876,1.253857607382035,0.7953591867316824,TSPAN17;TRAF3;CYFIP2
gs_ind_0,Regulation of Pyruvate Decarboxylation to acetyl-CoA (GO:0010510),1/9,0.45113270140804174,0.7303585487139446,2.5609663185295704,2.0385131696903356,PDK4
gs_ind_0,Regulation of RIG-I Signaling Pathway (GO:0039535),2/18,0.3248819041260126,0.6624839519426774,2.1998755791300364,2.473305890557785,DHX58;DDX60
gs_ind_0,Regulation of RNA Biosynthetic Process (GO:2001141),10/304,0.995215392419822,0.999999953222645,0.5113724365409437,0.0024525884628876066,DAXX;NOTCH1;AJUBA;TAF1C;RBL1;DDIT3;PML;TULP3;PAK6;BMAL1
gs_ind_0,Regulation of RNA Metabolic Process (GO:0051252),1/17,0.6780850803054885,0.8523351770196631,1.318500711377128,0.5122144680846036,OAS3
gs_ind_0,Regulation of RNA Splicing (GO:0043484),1/90,0.9975618948449732,0.999999953222645,0.24175502808370541,0.0005901438893463619,HSPA1A
gs_ind_0,Regulation of Ras Protein Signal Transduction (GO:0046578),1/32,0.8817245999640496,0.9500902030047403,0.6898722791869041,0.08683802958080115,NOTCH1
gs_ind_0,Regulation of Reactive Oxygen Species Biosynthetic Process (GO:1903426),2/20,0.3728073261628401,0.6882851264020743,1.9617591659731044,1.9356551052029078,CYBA;PLCG2
gs_ind_0,Regulation of Reactive Oxygen Species Metabolic Process (GO:2000377),3/43,0.5302907949017105,0.7791921067379876,1.253857607382035,0.7953591867316824,THBS1;ZC3H12A;CDKN1A
gs_ind_0,Regulation of Receptor Catabolic Process (GO:2000644),2/6,0.05233524459368294,0.32629982687969195,8.073413770334353,23.817258816991405,DTX3L;LAPTM5
gs_ind_0,Regulation of Receptor Internalization (GO:0002090),1/28,0.8455103142082172,0.9292489558223348,0.79045282833734,0.13264977164787137,CD63
gs_ind_0,Regulation of Receptor Signaling Pathway via JAK-STAT (GO:0046425),5/45,0.1619787876323707,0.5687425199748175,1.9746194252065978,3.594379781956759,NOTCH1;CSF2RA;CPAP;GBP7;JAK3
gs_ind_0,Regulation of Receptor Signaling Pathway via STAT (GO:1904892),3/14,0.05700236899903131,0.34064004929185576,4.425306276012886,12.677008721408043,JAK3;MGAT5;CCL5
gs_ind_0,Regulation of Receptor-Mediated Endocytosis (GO:0048259),1/32,0.8817245999640496,0.9500902030047403,0.6898722791869041,0.08683802958080115,B2M
gs_ind_0,Regulation of Regulated Secretory Pathway (GO:1903305),1/15,0.6321377878742459,0.8285490441331016,1.5005861882873996,0.6882406887353841,SYT12
gs_ind_0,Regulation of Regulatory T Cell Differentiation (GO:0045589),5/28,0.031366180400082544,0.2703855666952043,3.407380499336908,11.796436554425629,PSMB8;PSMB10;PSMB9;FANCA;LAG3
gs_ind_0,Regulation of Release of Cytochrome C From Mitochondria (GO:0090199),5/32,0.0521034470974057,0.32629982687969195,2.9108943089430896,8.600307590089473,PMAIP1;TNFSF10;CASP1;BAX;PYCARD
gs_ind_0,Regulation of Release of Sequestered Calcium Ion Into Cytosol (GO:0051279),4/26,0.08287033984129875,0.4170158894890398,2.908825121819166,7.244365155671764,CXCL9;UBASH3B;CXCL11;CXCL10
gs_ind_0,Regulation of Respiratory Burst (GO:0060263),1/9,0.45113270140804174,0.7303585487139446,2.5609663185295704,2.0385131696903356,S100A9
gs_ind_0,Regulation of Respiratory Burst Involved in Inflammatory Response (GO:0060264),1/4,0.2340004119113125,0.6083192526435693,6.221802482460874,9.036747532590647,S100A9
gs_ind_0,Regulation of Respiratory Gaseous Exchange by Nervous System Process (GO:0002087),1/2,0.12477758622840975,0.49743772311433054,14.519697787371829,30.218720809256304,NLGN2
gs_ind_0,Regulation of Respiratory System Process (GO:0044065),1/4,0.2340004119113125,0.6083192526435693,6.221802482460874,9.036747532590647,NLGN2
gs_ind_0,Regulation of Response to Biotic Stimulus (GO:0002831),5/30,0.04094123546355229,0.2919885713875408,3.1396673574578884,10.033176020068437,SAMHD1;CD300E;DHX58;RNF135;TRAF3
gs_ind_0,Regulation of Response to Cytokine Stimulus (GO:0060759),3/13,0.04697270459387391,0.32337227653282646,4.847124571840634,14.823421104972665,RIGI;PARP9;IFIH1
gs_ind_0,Regulation of Response to Endoplasmic Reticulum Stress (GO:1905897),1/16,0.6558766163212053,0.8389578739523719,1.4036697247706422,0.5920434556741193,SHISA5
gs_ind_0,Regulation of Response to External Stimulus (GO:0032101),15/89,0.0005250715233576332,0.014872025813958105,3.050580123195734,23.037908089030505,SAMHD1;HCK;CD300E;DHX58;RNF135;CCR2;LACC1;CASP4;TRAF3;USP18;CASP1;CAMKMT;PYCARD;NOD2;ZBP1
gs_ind_0,Regulation of Response to Wounding (GO:1903034),1/6,0.3296057006468095,0.6624839519426774,3.9587401265760684,4.393640133528681,PLAU
gs_ind_0,Regulation of Rho Protein Signal Transduction (GO:0035023),4/68,0.6463424385417154,0.8389578739523719,1.0115334735145616,0.44145933072009613,ARHGEF16;SEMA4D;COL3A1;ARHGEF5
gs_ind_0,Regulation of SMAD Protein Signal Transduction (GO:0060390),2/39,0.7262111326204261,0.8726270337022817,0.9664325589771294,0.30917577937399343,EMILIN1;GDF15
gs_ind_0,Regulation of SNARE Complex Assembly (GO:0035542),1/12,0.5506490672062563,0.7880800413240646,1.8924658016377671,1.1291540547630419,STXBP1
gs_ind_0,Regulation of Secretion (GO:0051046),2/11,0.15530567804812975,0.5505114261205458,3.8228269214364925,7.11947989835536,NRG1;OAS2
gs_ind_0,Regulation of Secretion by Cell (GO:1903530),1/31,0.8735558251292019,0.9488513600928584,0.7125441242822892,0.09632402460541177,HAP1
gs_ind_0,Regulation of Signal Transduction (GO:0009966),14/153,0.11722799582873637,0.49743772311433054,1.5149911816578483,3.2475874522273322,GNG7;SASH3;ANKRD6;DLL1;PLSCR1;SAMD5;CD63;RGS2;RGS12;SP100;UBASH3B;TULP3;PLAU;SAMSN1
gs_ind_0,Regulation of Signal Transduction by P53 Class Mediator (GO:1901796),1/56,0.9762227871484922,0.9997059263401236,0.3908490249558787,0.00940556802892548,MDM2
gs_ind_0,Regulation of Skeletal Muscle Cell Differentiation (GO:2001014),1/7,0.37284039631262333,0.6882851264020743,3.349454107684005,3.3045876434894486,BMAL1
gs_ind_0,Regulation of Small GTPase Mediated Signal Transduction (GO:0051056),3/138,0.9945357312158483,0.999999953222645,0.37211497588204656,0.0020389119152949436,ARHGAP25;ARHGEF19;ARHGEF5
gs_ind_0,Regulation of Small Molecule Metabolic Process (GO:0062012),1/31,0.8735558251292019,0.9488513600928584,0.7125441242822892,0.09632402460541177,PDK4
gs_ind_0,Regulation of Smooth Muscle Cell Differentiation (GO:0051150),1/8,0.4132896381284026,0.7125352949529677,2.902644360496492,2.5647957981136242,NOTCH1
gs_ind_0,Regulation of Smooth Muscle Cell Migration (GO:0014910),5/18,0.004656591967242862,0.0795902558079326,5.935782394860985,31.872014018946967,S100A11;CCL5;CCN4;ACE;PLAU
gs_ind_0,Regulation of Smooth Muscle Cell Proliferation (GO:0048660),4/38,0.2275053146515484,0.6083192526435693,1.8953649866999365,2.806242675763243,THBS1;CCN4;TNFAIP3;CCL5
gs_ind_0,Regulation of Smooth Muscle Contraction (GO:0006940),1/10,0.48653733475260663,0.7454724541752974,2.291220495924106,1.6506906488764395,CHRM3
gs_ind_0,Regulation of Smoothened Signaling Pathway (GO:0008589),2/63,0.9202037224036634,0.9714087402104064,0.588234002275193,0.04891765495683764,TULP3;DLG5
gs_ind_0,Regulation of Sodium Ion Export Across Plasma Membrane (GO:1903276),2/5,0.03642622767140897,0.27162107597191837,10.380875202593193,34.38629847772066,FXYD3;FXYD5
gs_ind_0,Regulation of Sodium Ion Transmembrane Transport (GO:1902305),2/15,0.25151988032095945,0.6336944594034671,2.6893370950637294,3.7119124671369925,STK39;NEDD4L
gs_ind_0,Regulation of Sodium Ion Transport (GO:0002028),1/25,0.8112524386727127,0.9159699136722276,0.8874412150181173,0.185631407941355,NEDD4L
gs_ind_0,Regulation of Spindle Assembly (GO:0090169),2/29,0.5661113256065228,0.8010458757106599,1.3188448504493886,0.7503759428116621,CPAP;HSPA1A
gs_ind_0,Regulation of Spindle Organization (GO:0090224),2/16,0.2760553611698522,0.6336944594034671,2.503679278675087,3.22262042128606,CPAP;PSRC1
gs_ind_0,Regulation of Sprouting Angiogenesis (GO:1903670),4/31,0.13619715924466635,0.5146764315039869,2.379061869370478,4.743020841906065,THBS1;ADAMTS9;DLL1;PKM
gs_ind_0,Regulation of Stem Cell Differentiation (GO:2000736),2/39,0.7262111326204261,0.8726270337022817,0.9664325589771294,0.30917577937399343,NOTCH1;EIF2AK2
gs_ind_0,Regulation of Stem Cell Proliferation (GO:0072091),2/13,0.20275236784673498,0.60784832860503,3.1575176755220444,5.0386716886898935,ACE;EIF2AK2
gs_ind_0,Regulation of Stress Fiber Assembly (GO:0051492),3/61,0.7621323982728846,0.8941206694540264,0.8668903958249551,0.23547776172469723,AMOT;RHOC;S100A10
gs_ind_0,Regulation of Stress Granule Assembly (GO:0062028),1/5,0.2833939579712883,0.6336944594034671,4.838819931642382,6.101351626665179,G3BP2
gs_ind_0,Regulation of Stress-Activated MAPK Cascade (GO:0032872),2/24,0.46396195640651067,0.7448352156149185,1.6125217600096045,1.2383404726591272,NOD2;EIF2AK2
gs_ind_0,Regulation of Striated Muscle Cell Differentiation (GO:0051153),1/5,0.2833939579712883,0.6336944594034671,4.838819931642382,6.101351626665179,NRG1
gs_ind_0,Regulation of Substrate Adhesion-Dependent Cell Spreading (GO:1900024),3/39,0.4643323771856285,0.7448352156149185,1.3916815457448306,1.067634973390897,FLNA;S100A10;HPSE
gs_ind_0,Regulation of Superoxide Anion Generation (GO:0032928),3/15,0.06795103532390583,0.3649780494105417,4.070978907517577,10.946731611814585,ITGB2;FPR2;ITGAM
gs_ind_0,Regulation of Synapse Assembly (GO:0051963),6/44,0.06156627511041892,0.3640121315673675,2.4578996695111726,6.851741991765895,LRRC24;NLGN2;CYFIP2;CLSTN3;DLG5;TLR2
gs_ind_0,Regulation of Synapse Organization (GO:0050807),2/30,0.5847834451201209,0.8055331013373042,1.2724748120977756,0.6827001435928547,CLSTN3;NEDD4L
gs_ind_0,"Regulation of Synaptic Transmission, GABAergic (GO:0032228)",3/13,0.04697270459387391,0.32337227653282646,4.847124571840634,14.823421104972665,NLGN2;STXBP1;HAP1
gs_ind_0,"Regulation of Synaptic Transmission, Glutamatergic (GO:0051966)",3/23,0.18220700555170452,0.5716072093995457,2.4808268147581423,4.223885120462901,NLGN2;CCL2;CCR2
gs_ind_0,Regulation of Synaptic Vesicle Fusion to Presynaptic Active Zone Membrane (GO:0031630),1/3,0.18120623955754206,0.5716072093995457,8.71117107393416,14.879720755179145,STXBP1
gs_ind_0,Regulation of Synaptic Vesicle Membrane Organization (GO:1901632),1/3,0.18120623955754206,0.5716072093995457,8.71117107393416,14.879720755179145,STXBP1
gs_ind_0,Regulation of Synaptic Vesicle Priming (GO:0010807),1/6,0.3296057006468095,0.6624839519426774,3.9587401265760684,4.393640133528681,STXBP1
gs_ind_0,Regulation of Systemic Arterial Blood Pressure (GO:0003073),2/9,0.11054513189129135,0.47715707147271474,4.842967765171979,10.665820017194985,ADM;ACE
gs_ind_0,Regulation of Systemic Arterial Blood Pressure by Hormone (GO:0001990),1/6,0.3296057006468095,0.6624839519426774,3.9587401265760684,4.393640133528681,ACE
gs_ind_0,Regulation of Systemic Arterial Blood Pressure by Renin-Angiotensin (GO:0003081),1/4,0.2340004119113125,0.6083192526435693,6.221802482460874,9.036747532590647,ACE
gs_ind_0,Regulation of T Cell Activation (GO:0050863),14/42,1.8723541507557545e-07,2.784190622173807e-05,7.477304372041214,115.83016762485278,LCK;CCL2;LAG3;CCL5;B2M;CCDC88B;CCR2;LGALS3;LAPTM5;JAK3;TNFRSF14;VTCN1;PYCARD;CD274
gs_ind_0,Regulation of T Cell Apoptotic Process (GO:0070232),5/9,0.00011152965498077851,0.004738417055897647,17.81927130382415,162.17710906135255,CCL5;PRKD2;LGALS3;JAK3;CD274
gs_ind_0,Regulation of T Cell Chemotaxis (GO:0010819),4/10,0.002631822100626618,0.053856625113933417,10.081004539586024,59.88196194056549,CXCL10;STK39;CCR2;CCL5
gs_ind_0,Regulation of T Cell Cytokine Production (GO:0002724),3/13,0.04697270459387391,0.32337227653282646,4.847124571840634,14.823421104972665,TNFRSF14;CCR2;B2M
gs_ind_0,Regulation of T Cell Differentiation (GO:0045580),4/33,0.16061393644546432,0.5652850260222614,2.2174391821827424,4.0551456826345795,IL2RG;FANCA;CCR2;IL7
gs_ind_0,Regulation of T Cell Mediated Cytotoxicity (GO:0001914),1/11,0.5196605004230545,0.7685083681045072,2.072854830005397,1.356848411751394,KLRD1
gs_ind_0,Regulation of T Cell Mediated Immune Response to Tumor Cell (GO:0002840),3/14,0.05700236899903131,0.34064004929185576,4.425306276012886,12.677008721408043,TNFRSF14;LAG3;CD274
gs_ind_0,Regulation of T Cell Mediated Immunity (GO:0002709),1/8,0.4132896381284026,0.7125352949529677,2.902644360496492,2.5647957981136242,CCR2
gs_ind_0,Regulation of T Cell Migration (GO:2000404),7/20,0.0001666729386444921,0.006196066494108994,8.111835355181363,70.56872604968797,CCL5;CXCL10;LGALS9;SPN;SPNS2;TNFRSF14;PYCARD
gs_ind_0,Regulation of T Cell Proliferation (GO:0042129),8/41,0.004116317482263185,0.07716567022143733,3.7033186433249736,20.34157505397278,CCL5;CCDC88B;SPN;LGALS3;DLG5;TNFRSF14;VTCN1;CD274
gs_ind_0,Regulation of T Cell Receptor Signaling Pathway (GO:0050856),7/37,0.008485547944916527,0.12250494945719297,3.5859431349676316,17.102764212699995,LCK;CARD11;LAG3;PRKD2;LGALS3;LAPTM5;CD274
gs_ind_0,Regulation of T-helper 1 Cell Differentiation (GO:0045625),1/4,0.2340004119113125,0.6083192526435693,6.221802482460874,9.036747532590647,JAK3
gs_ind_0,Regulation of T-helper 1 Type Immune Response (GO:0002825),4/10,0.002631822100626618,0.053856625113933417,10.081004539586024,59.88196194056549,LGALS9;HAVCR2;IL18BP;CCR2
gs_ind_0,Regulation of T-helper 17 Cell Differentiation (GO:2000319),1/8,0.4132896381284026,0.7125352949529677,2.902644360496492,2.5647957981136242,ZC3H12A
gs_ind_0,Regulation of T-helper 17 Cell Lineage Commitment (GO:2000328),2/9,0.11054513189129135,0.47715707147271474,4.842967765171979,10.665820017194985,LGALS1;JAK3
gs_ind_0,Regulation of T-helper 2 Cell Cytokine Production (GO:2000551),1/4,0.2340004119113125,0.6083192526435693,6.221802482460874,9.036747532590647,RSAD2
gs_ind_0,Regulation of TOR Signaling (GO:0032006),3/77,0.8812752586367991,0.9500902030047403,0.6798995284953594,0.0859292807112582,DDIT4;BMAL1;CCL5
gs_ind_0,Regulation of TORC1 Signaling (GO:1903432),1/102,0.9989101315402418,0.999999953222645,0.2129817444219067,0.00023224866900084607,TULP3
gs_ind_0,Regulation of Telomere Maintenance (GO:0032204),1/47,0.956591240376414,0.9905648847073312,0.46681057744198595,0.020716635545958234,PML
gs_ind_0,Regulation of Telomere Maintenance via Telomerase (GO:0032210),1/42,0.9393633240598815,0.9809222351664634,0.5232478754738328,0.03273069716096504,PML
gs_ind_0,Regulation of Thymocyte Apoptotic Process (GO:0070243),1/5,0.2833939579712883,0.6336944594034671,4.838819931642382,6.101351626665179,JAK3
gs_ind_0,Regulation of Toll-Like Receptor 2 Signaling Pathway (GO:0034135),3/8,0.011702995801205507,0.14833017339586424,9.257043119130733,41.17449853472315,TNFAIP3;CYBA;TLR1
gs_ind_0,Regulation of Toll-Like Receptor 3 Signaling Pathway (GO:0034139),1/6,0.3296057006468095,0.6624839519426774,3.9587401265760684,4.393640133528681,TNFAIP3
gs_ind_0,Regulation of Toll-Like Receptor 4 Signaling Pathway (GO:0034143),3/21,0.1500182523598359,0.5505114261205458,2.7494335871837223,5.215670868041435,RAB7B;IFI35;TNFAIP3
gs_ind_0,Regulation of Toll-Like Receptor 7 Signaling Pathway (GO:0034155),1/4,0.2340004119113125,0.6083192526435693,6.221802482460874,9.036747532590647,RSAD2
gs_ind_0,Regulation of Toll-Like Receptor 9 Signaling Pathway (GO:0034163),2/15,0.25151988032095945,0.6336944594034671,2.6893370950637294,3.7119124671369925,RAB7B;RSAD2
gs_ind_0,Regulation of Toll-Like Receptor Signaling Pathway (GO:0034121),2/20,0.3728073261628401,0.6882851264020743,1.9617591659731044,1.9356551052029078,S100A9;IRF7
gs_ind_0,Regulation of Trans-Synaptic Signaling (GO:0099177),2/25,0.4855226945547672,0.7454724541752974,1.5437888662827455,1.1154326080660328,NLGN2;GRIA3
gs_ind_0,Regulation of Transcription Elongation by RNA Polymerase II (GO:0034243),2/83,0.9736686687711478,0.9988584411608808,0.4432192182637142,0.011826954258353891,LEO1;ZMYND8
gs_ind_0,Regulation of Transcription Regulatory Region DNA Binding (GO:2000677),1/9,0.45113270140804174,0.7303585487139446,2.5609663185295704,2.0385131696903356,NIBAN2
gs_ind_0,Regulation of Transcription by RNA Polymerase I (GO:0006356),1/27,0.8348435527953628,0.9226401806069896,0.8203423311509128,0.14808076007375526,FLNA
gs_ind_0,Regulation of Transcription by RNA Polymerase III (GO:0006359),1/26,0.8234411526643806,0.9185301096581084,0.852576108694962,0.16562415625449156,AR
gs_ind_0,Regulation of Transforming Growth Factor Beta Production (GO:0071634),1/9,0.45113270140804174,0.7303585487139446,2.5609663185295704,2.0385131696903356,LGALS9
gs_ind_0,Regulation of Transforming Growth Factor Beta Receptor Signaling Pathway (GO:0017015),6/95,0.5805287944425559,0.8015286140539282,1.0532893600123674,0.5727954762544679,TGFB1I1;THBS1;EMILIN1;HSPA1A;GDF15;FBN1
gs_ind_0,Regulation of Transforming Growth Factor Beta1 Production (GO:0032908),1/8,0.4132896381284026,0.7125352949529677,2.902644360496492,2.5647957981136242,THBS1
gs_ind_0,Regulation of Translation (GO:0006417),6/179,0.9769948980048683,0.9997059263401236,0.5399244121772389,0.012566119270933658,ENC1;THBS1;GZMB;BTG2;HSPB1;EIF2AK2
gs_ind_0,Regulation of Translational Initiation (GO:0006446),3/67,0.815193912386502,0.9169644960108402,0.7858972585223104,0.16058180898983643,HSPB1;EIF2AK2;CCL5
gs_ind_0,Regulation of Translational Initiation in Response to Stress (GO:0043558),1/7,0.37284039631262333,0.6882851264020743,3.349454107684005,3.3045876434894486,PML
gs_ind_0,Regulation of Transmembrane Transport (GO:0034762),1/7,0.37284039631262333,0.6882851264020743,3.349454107684005,3.3045876434894486,STK39
gs_ind_0,Regulation of Tube Diameter (GO:0035296),1/10,0.48653733475260663,0.7454724541752974,2.291220495924106,1.6506906488764395,ACE
gs_ind_0,Regulation of Tumor Necrosis Factor Production (GO:0032680),24/101,1.7482923663554355e-08,3.2496384359631658e-06,4.680354178195905,83.60067926947794,TLR1;TLR3;CYBA;PLCG2;PSMB8;THBS1;LGALS9;IFIH1;PSMB10;PSMB9;HSPB1;ORM2;NOD2;ZC3H12A;TLR9;HAVCR2;SPN;OAS3;TLR2;PYCARD;RIGI;TNFAIP3;OAS2;CCR2
gs_ind_0,Regulation of Tumor Necrosis Factor Superfamily Cytokine Production (GO:1903555),1/8,0.4132896381284026,0.7125352949529677,2.902644360496492,2.5647957981136242,CD274
gs_ind_0,Regulation of Tumor Necrosis Factor-Mediated Signaling Pathway (GO:0010803),6/42,0.050917860088564526,0.32629982687969195,2.592965608485272,7.720662788096289,HSPA1A;TNFAIP3;CASP4;LAPTM5;CASP1;PYCARD
gs_ind_0,Regulation of Type 2 Immune Response (GO:0002828),2/4,0.02282372249623049,0.21896048614125635,14.534305780659103,54.93901924276344,CCR2;NOD2
gs_ind_0,Regulation of Type B Pancreatic Cell Development (GO:2000074),1/8,0.4132896381284026,0.7125352949529677,2.902644360496492,2.5647957981136242,BMAL1
gs_ind_0,Regulation of Type B Pancreatic Cell Proliferation (GO:0061469),1/2,0.12477758622840975,0.49743772311433054,14.519697787371829,30.218720809256304,NR4A1
gs_ind_0,Regulation of Type I Interferon Production (GO:0032479),8/65,0.05650870070125358,0.34064004929185576,2.1537272146960778,6.188435046714034,DTX4;IRF7;TRIM21;DHX58;GBP7;STING1;XAF1;TRAF3
gs_ind_0,Regulation of Type I Interferon-Mediated Signaling Pathway (GO:0060338),8/35,0.0014281009529289752,0.03318103307820916,4.513332344653715,29.568689402442608,SAMHD1;ISG15;USP27X;NLRC5;STING1;OAS3;USP18;ZBP1
gs_ind_0,Regulation of Type II Interferon Production (GO:0032649),17/63,2.990406978503182e-07,3.866726240899332e-05,5.541826835072305,83.25312529417673,SLC7A5;ISG15;TLR7;ZC3H12A;TLR3;PSMB8;LGALS9;TLR9;DDIT3;HAVCR2;CCR2;PSMB10;PSMB9;LAPTM5;TNFRSF14;PYCARD;CD274
gs_ind_0,Regulation of Type II Interferon-Mediated Signaling Pathway (GO:0060334),3/10,0.022761654228634364,0.21896048614125635,6.787488732648279,25.674884242921568,PARP14;PARP9;NLRC5
gs_ind_0,Regulation of Tyrosine Phosphorylation of STAT Protein (GO:0042509),4/18,0.02539225316218555,0.23525408381414276,4.516382577525531,16.59007845752567,PARP14;IL2RG;PARP9;IL7
gs_ind_0,Regulation of Ubiquitin Protein Ligase Activity (GO:1904666),1/6,0.3296057006468095,0.6624839519426774,3.9587401265760684,4.393640133528681,MAD2L2
gs_ind_0,Regulation of Ubiquitin-Dependent Protein Catabolic Process (GO:2000058),3/50,0.6337944524562484,0.8303544940990673,1.0685206797415387,0.48727811023307377,LAPTM5;PML;TGFB1I1
gs_ind_0,Regulation of Ubiquitin-Protein Transferase Activity (GO:0051438),1/7,0.37284039631262333,0.6882851264020743,3.349454107684005,3.3045876434894486,DTX3L
gs_ind_0,Regulation of Urine Volume (GO:0035809),1/6,0.3296057006468095,0.6624839519426774,3.9587401265760684,4.393640133528681,ADM
gs_ind_0,Regulation of Vascular Associated Smooth Muscle Cell Proliferation (GO:1904705),1/27,0.8348435527953628,0.9226401806069896,0.8203423311509128,0.14808076007375526,CDKN1A
gs_ind_0,Regulation of Vascular Endothelial Cell Proliferation (GO:1905562),1/15,0.6321377878742459,0.8285490441331016,1.5005861882873996,0.6882406887353841,CCL2
gs_ind_0,Regulation of Vascular Endothelial Growth Factor Production (GO:0010574),2/24,0.46396195640651067,0.7448352156149185,1.6125217600096045,1.2383404726591272,CCR2;HPSE
gs_ind_0,Regulation of Vascular Endothelial Growth Factor Receptor Signaling Pathway (GO:0030947),3/25,0.21601346770155735,0.6083192526435693,2.259972357430443,3.4632144615885743,PRKD2;EMILIN1;DLL1
gs_ind_0,Regulation of Vascular Endothelial Growth Factor Signaling Pathway (GO:1900746),4/23,0.05704060004954411,0.34064004929185576,3.3570863354295946,9.614668351341475,CD63;EMILIN1;DLL1;SMOC2
gs_ind_0,Regulation of Vascular Wound Healing (GO:0061043),2/6,0.05233524459368294,0.32629982687969195,8.073413770334353,23.817258816991405,TNFAIP3;SMOC2
gs_ind_0,Regulation of Vasculature Development (GO:1901342),2/28,0.5468409946482946,0.7880800413240646,1.3687145143369723,0.8261522553215535,OR10J5;SP100
gs_ind_0,Regulation of Vasculogenesis (GO:2001212),1/14,0.6067632607040262,0.815046945498543,1.6118606463992324,0.8053123024832447,RRAS
gs_ind_0,Regulation of Vasoconstriction (GO:0019229),2/19,0.3489945155948375,0.6882690247871663,2.074014046461372,2.183312661052468,ADM;ACE
gs_ind_0,Regulation of Vesicle Fusion (GO:0031338),1/8,0.4132896381284026,0.7125352949529677,2.902644360496492,2.5647957981136242,STXBP1
gs_ind_0,Regulation of Vesicle-Mediated Transport (GO:0060627),2/72,0.951218700785858,0.9874081731717773,0.5127954603798598,0.025645554067341723,SHISA5;HAP1
gs_ind_0,Regulation of Viral Entry Into Host Cell (GO:0046596),2/13,0.20275236784673498,0.60784832860503,3.1575176755220444,5.0386716886898935,LGALS9;LGALS1
gs_ind_0,Regulation of Viral Genome Replication (GO:0045069),18/51,1.1521175615784842e-09,2.8553313567786764e-07,8.148786031360515,167.7155779787463,TNIP1;ISG15;ZNFX1;PLSCR1;CCL5;IFIT1;RSAD2;BST2;IFIH1;OAS2;GBP7;SLPI;ISG20;MX1;OAS3;IFITM3;ADAR;EIF2AK2
gs_ind_0,Regulation of Viral Transcription (GO:0046782),4/18,0.02539225316218555,0.23525408381414276,4.516382577525531,16.59007845752567,SP100;TRIM14;IFITM3;TRIM21
gs_ind_0,Regulation of Voltage-Gated Calcium Channel Activity (GO:1901385),1/4,0.2340004119113125,0.6083192526435693,6.221802482460874,9.036747532590647,GPR35
gs_ind_0,Regulation of Wnt Signaling Pathway (GO:0030111),3/77,0.8812752586367991,0.9500902030047403,0.6798995284953594,0.0859292807112582,TLR2;ANKRD6;FRZB
gs_ind_0,"Regulation of Wnt Signaling Pathway, Planar Cell Polarity Pathway (GO:2000095)",1/7,0.37284039631262333,0.6882851264020743,3.349454107684005,3.3045876434894486,PLEKHA4
gs_ind_0,Regulation of Wound Healing (GO:0061041),4/32,0.14821054669427502,0.5505114261205458,2.2954150400364743,4.382225982559692,PLAU;TNFAIP3;CLDN1;EPPK1
gs_ind_0,Regulation of acyl-CoA Biosynthetic Process (GO:0050812),1/5,0.2833939579712883,0.6336944594034671,4.838819931642382,6.101351626665179,PDK4
gs_ind_0,Regulation of calcineurin-NFAT Signaling Cascade (GO:0070884),2/23,0.4418765538313216,0.7303585487139446,1.6876484112924504,1.3783441861073567,RCAN1;PLCG2
gs_ind_0,Regulation of mRNA 3'-End Processing (GO:0031440),1/13,0.5796404588195495,0.8010458757106599,1.7409390178089585,0.9494163340617632,CPEB1
gs_ind_0,Regulation of mRNA Catabolic Process (GO:0061013),4/49,0.38944743111801694,0.7125352949529677,1.4359668485277581,1.3541546301922625,VIM;ZC3H12A;PNPT1;MOV10
gs_ind_0,Regulation of mRNA Processing (GO:0050684),1/41,0.9351722862879989,0.9792966124720102,0.5362075513181828,0.03593904477041978,CPEB1
gs_ind_0,Regulation of mRNA Stability (GO:0043488),2/73,0.9538485096565132,0.9887575697868493,0.5055857162826368,0.023889134938925742,VIM;TENT5A
gs_ind_0,Regulation of miRNA Catabolic Process (GO:2000625),2/5,0.03642622767140897,0.27162107597191837,10.380875202593193,34.38629847772066,PNPT1;ZC3H12A
gs_ind_0,Regulation of miRNA Transcription (GO:1902893),2/49,0.8333456036780784,0.9226401806069896,0.7624043902300321,0.13899152945828822,AR;NGFR
gs_ind_0,Regulation of p38MAPK Cascade (GO:1900744),3/28,0.26876955919595374,0.6336944594034671,1.9936478647705702,2.619455771223916,LGALS9;STK39;ZC3H12A
gs_ind_0,Regulation of pro-B Cell Differentiation (GO:2000973),1/5,0.2833939579712883,0.6336944594034671,4.838819931642382,6.101351626665179,NOTCH1
gs_ind_0,Regulatory ncRNA Processing (GO:0070918),1/24,0.7982232489079947,0.9126935571904561,0.925273564432605,0.2085260904971238,TDRD7
gs_ind_0,Regulatory ncRNA-mediated Gene Silencing (GO:0031047),4/31,0.13619715924466635,0.5146764315039869,2.379061869370478,4.743020841906065,HELZ2;ADAR;MOV10;ZNFX1
gs_ind_0,Regulatory ncRNA-mediated Heterochromatin Formation (GO:0031048),1/9,0.45113270140804174,0.7303585487139446,2.5609663185295704,2.0385131696903356,ZNFX1
gs_ind_0,Regulatory ncRNA-mediated Post-Transcriptional Gene Silencing (GO:0035194),3/23,0.18220700555170452,0.5716072093995457,2.4808268147581423,4.223885120462901,HELZ2;AJUBA;MOV10
gs_ind_0,Relaxation of Cardiac Muscle (GO:0055119),1/10,0.48653733475260663,0.7454724541752974,2.291220495924106,1.6506906488764395,RGS2
gs_ind_0,Relaxation of Muscle (GO:0090075),1/10,0.48653733475260663,0.7454724541752974,2.291220495924106,1.6506906488764395,RGS2
gs_ind_0,Release of Cytochrome C From Mitochondria (GO:0001836),1/14,0.6067632607040262,0.815046945498543,1.6118606463992324,0.8053123024832447,BAX
gs_ind_0,Renal Absorption (GO:0070293),1/14,0.6067632607040262,0.815046945498543,1.6118606463992324,0.8053123024832447,STK39
gs_ind_0,Renal Filtration Cell Differentiation (GO:0061318),1/2,0.12477758622840975,0.49743772311433054,14.519697787371829,30.218720809256304,BASP1
gs_ind_0,Renal Sodium Ion Absorption (GO:0070294),1/6,0.3296057006468095,0.6624839519426774,3.9587401265760684,4.393640133528681,STK39
gs_ind_0,Renal Sodium Ion Transport (GO:0003096),1/6,0.3296057006468095,0.6624839519426774,3.9587401265760684,4.393640133528681,STK39
gs_ind_0,Renal System Development (GO:0072001),2/35,0.6691581400072149,0.8511874715061835,1.0821500278187668,0.43473739437935044,STAT1;ACE
gs_ind_0,Renal Tubule Development (GO:0061326),2/5,0.03642622767140897,0.27162107597191837,10.380875202593193,34.38629847772066,STAT1;COL4A1
gs_ind_0,Replication Fork Processing (GO:0031297),1/48,0.959398741958153,0.992090354166741,0.4569489022069475,0.018939847119105672,SAMHD1
gs_ind_0,Respiratory System Development (GO:0060541),1/19,0.7182988056240869,0.867676948792053,1.1757850673123205,0.38903157333720684,BASP1
gs_ind_0,Response to Amino Acid (GO:0043200),1/32,0.8817245999640496,0.9500902030047403,0.6898722791869041,0.08683802958080115,CPEB1
gs_ind_0,Response to Amino Acid Starvation (GO:1990928),2/43,0.7747079787500355,0.8985179174185584,0.873022072080868,0.22285557804427228,EIF2AK2;CDKN1A
gs_ind_0,Response to Amyloid-Beta (GO:1904645),4/30,0.12460039537676403,0.49743772311433054,2.4690216669561043,5.142091924725771,NGFR;FPR2;MMP13;CASP4
gs_ind_0,Response to Angiotensin (GO:1990776),1/8,0.4132896381284026,0.7125352949529677,2.902644360496492,2.5647957981136242,SLC30A10
gs_ind_0,Response to Axon Injury (GO:0048678),1/13,0.5796404588195495,0.8010458757106599,1.7409390178089585,0.9494163340617632,PLCG2
gs_ind_0,Response to BMP (GO:0071772),1/15,0.6321377878742459,0.8285490441331016,1.5005861882873996,0.6882406887353841,HJV
gs_ind_0,Response to Cadmium Ion (GO:0046686),1/4,0.2340004119113125,0.6083192526435693,6.221802482460874,9.036747532590647,DAXX
gs_ind_0,Response to Calcium Ion (GO:0051592),3/60,0.7521799248763333,0.8864281762133814,0.8820325910597973,0.2511849959421768,THBS1;IQGAP1;PLCG2
gs_ind_0,Response to Chemokine (GO:1990868),2/13,0.20275236784673498,0.60784832860503,3.1575176755220444,5.0386716886898935,STK39;ZC3H12A
gs_ind_0,Response to Cholesterol (GO:0070723),2/15,0.25151988032095945,0.6336944594034671,2.6893370950637294,3.7119124671369925,OSBPL7;SMO
gs_ind_0,Response to Copper Ion (GO:0046688),1/8,0.4132896381284026,0.7125352949529677,2.902644360496492,2.5647957981136242,DAXX
gs_ind_0,Response to Corticosteroid (GO:0031960),1/4,0.2340004119113125,0.6083192526435693,6.221802482460874,9.036747532590647,IL1RN
gs_ind_0,Response to Cytokine (GO:0034097),26/110,5.0369482099794e-09,1.0699917126056238e-06,4.650917110535695,88.8625870932807,SP100;UBD;CD274;COL3A1;ISG15;TRIM21;PSMB8;LGALS9;PML;PSMB10;PSMB9;MX2;JAK3;PLSCR1;IFIT2;IFIT1;MX1;RELB;ADAR;EIF2AK2;BST2;STAT1;IFIT3;SELL;XAF1;IFITM3
gs_ind_0,Response to Endoplasmic Reticulum Stress (GO:0034976),7/112,0.5890852096333812,0.8103327536770007,1.0309022244761887,0.5455374137625528,THBS1;DDIT3;HSPA1A;TNFRSF10B;CASP4;ATF3;BAX
gs_ind_0,Response to Epidermal Growth Factor (GO:0070849),1/29,0.8554888495154207,0.936753990596046,0.7626608344931406,0.1190377958612017,IQGAP1
gs_ind_0,Response to Estrogen (GO:0043627),3/21,0.1500182523598359,0.5505114261205458,2.7494335871837223,5.215670868041435,AR;GSTM3;SERPINB9
gs_ind_0,Response to Exogenous dsRNA (GO:0043330),6/15,0.00021331879474299705,0.007377165760801925,9.982494217094555,84.37925669174551,TLR3;IFIT1;IFIH1;STING1;OAS3;RIGI
gs_ind_0,Response to Fatty Acid (GO:0070542),1/12,0.5506490672062563,0.7880800413240646,1.8924658016377671,1.1291540547630419,PDK4
gs_ind_0,Response to Fibroblast Growth Factor (GO:0071774),4/15,0.013207703699533353,0.15838593065488785,5.695840493397048,24.645645536424187,NR4A1;CCL2;CD44;CCL5
gs_ind_0,Response to Gamma Radiation (GO:0010332),1/19,0.7182988056240869,0.867676948792053,1.1757850673123205,0.38903157333720684,MDM2
gs_ind_0,Response to Glucocorticoid (GO:0051384),1/16,0.6558766163212053,0.8389578739523719,1.4036697247706422,0.5920434556741193,IL1RN
gs_ind_0,Response to Glucose (GO:0009749),1/42,0.9393633240598815,0.9809222351664634,0.5232478754738328,0.03273069716096504,THBS1
gs_ind_0,Response to Hexose (GO:0009746),1/21,0.753493755705255,0.8864281762133814,1.0609163781869875,0.3002759875694897,THBS1
gs_ind_0,Response to Hydrogen Peroxide (GO:0042542),1/35,0.9032014887658473,0.9626342244294556,0.6297426030643609,0.06411385374577236,TNFAIP3
gs_ind_0,Response to Hydroxyurea (GO:0072710),1/9,0.45113270140804174,0.7303585487139446,2.5609663185295704,2.0385131696903356,SPIDR
gs_ind_0,Response to Indole-3-Methanol (GO:0071680),1/5,0.2833939579712883,0.6336944594034671,4.838819931642382,6.101351626665179,CDH1
gs_ind_0,Response to Insulin (GO:0032868),4/71,0.6798022193306352,0.8541325729992856,0.9663598628406425,0.37296985250285936,PKM;INSIG2;CPEB1;LPIN3
gs_ind_0,Response to Interferon-Alpha (GO:0035455),5/15,0.0019185714823959845,0.04226541917515302,7.633423667570009,47.75602965285625,BST2;MX2;IFITM3;ADAR;EIF2AK2
gs_ind_0,Response to Interferon-Beta (GO:0035456),6/23,0.0027578711674604212,0.05504636813441136,5.41584373304395,31.91717136219073,PLSCR1;BST2;STAT1;IFITM3;XAF1;PNPT1
gs_ind_0,Response to Interleukin-1 (GO:0070555),8/43,0.005575690464955427,0.09187534062966166,3.4941601758457215,18.132382088877492,CCL2;ZC3H12A;CCL5;LGALS9;HYAL3;PYCARD;GBP3;GBP2
gs_ind_0,Response to Interleukin-4 (GO:0070670),1/5,0.2833939579712883,0.6336944594034671,4.838819931642382,6.101351626665179,JAK3
gs_ind_0,Response to Interleukin-6 (GO:0070741),1/9,0.45113270140804174,0.7303585487139446,2.5609663185295704,2.0385131696903356,SELPLG
gs_ind_0,Response to Ionizing Radiation (GO:0010212),3/60,0.7521799248763333,0.8864281762133814,0.8820325910597973,0.2511849959421768,SPIDR;AEN;CDKN1A
gs_ind_0,Response to Iron Ion (GO:0010039),1/11,0.5196605004230545,0.7685083681045072,2.072854830005397,1.356848411751394,B2M
gs_ind_0,Response to Ketone (GO:1901654),2/16,0.2760553611698522,0.6336944594034671,2.503679278675087,3.22262042128606,THBS1;AR
gs_ind_0,Response to Lead Ion (GO:0010288),1/6,0.3296057006468095,0.6624839519426774,3.9587401265760684,4.393640133528681,PLSCR1
gs_ind_0,Response to Lipopolysaccharide (GO:0032496),18/107,0.00015524209468816789,0.006063738458788439,3.037377035082816,26.639390486577184,TNIP1;CCL2;ZC3H12A;B2M;CXCL10;LGALS9;NR4A1;CXCL9;TNFAIP3;VIM;CD180;SLPI;CASP1;NOD2;PYCARD;CD274;GBP3;GBP2
gs_ind_0,Response to Lipoteichoic Acid (GO:0070391),1/6,0.3296057006468095,0.6624839519426774,3.9587401265760684,4.393640133528681,TLR2
gs_ind_0,Response to Lithium Ion (GO:0010226),2/6,0.05233524459368294,0.32629982687969195,8.073413770334353,23.817258816991405,CDH1;SLC13A5
gs_ind_0,Response to Magnesium Ion (GO:0032026),1/5,0.2833939579712883,0.6336944594034671,4.838819931642382,6.101351626665179,THBS1
gs_ind_0,Response to Molecule of Bacterial Origin (GO:0002237),4/45,0.32968266606427793,0.6624839519426774,1.574842956014638,1.7474846507407995,LGALS9;TLR9;TNFAIP3;SLPI
gs_ind_0,Response to Muramyl Dipeptide (GO:0032495),2/10,0.13249100130695554,0.509738988210719,4.2728890583786185,8.636536632696506,VIM;NOD2
gs_ind_0,Response to Peptide Hormone (GO:0043434),1/38,0.9207819573927161,0.9714087402104064,0.5792336751214248,0.04780532309195924,STAT1
gs_ind_0,Response to Progesterone (GO:0032570),1/9,0.45113270140804174,0.7303585487139446,2.5609663185295704,2.0385131696903356,THBS1
gs_ind_0,Response to Purine-Containing Compound (GO:0014074),1/17,0.6780850803054885,0.8523351770196631,1.318500711377128,0.5122144680846036,TLR7
gs_ind_0,Response to Retinoic Acid (GO:0032526),2/33,0.637194249624878,0.8322422917805828,1.1510294735578366,0.5187467981343921,TWF2;SP100
gs_ind_0,Response to Sodium Arsenite (GO:1903935),2/4,0.02282372249623049,0.21896048614125635,14.534305780659103,54.93901924276344,DAXX;ZC3H12A
gs_ind_0,Response to Steroid Hormone (GO:0048545),3/24,0.1989371255042466,0.60784832860503,2.365263435923881,3.81934805692905,THBS1;AR;HSPA1A
gs_ind_0,Response to Testosterone (GO:0033574),1/4,0.2340004119113125,0.6083192526435693,6.221802482460874,9.036747532590647,AR
gs_ind_0,Response to Tumor Necrosis Factor (GO:0034612),8/56,0.026241733813352767,0.2423693054686681,2.5551033450496963,9.30160905577379,CCL2;ZC3H12A;CCL5;HYAL3;PYCARD;UBD;GBP3;GBP2
gs_ind_0,Response to Type I Interferon (GO:0034340),6/44,0.06156627511041892,0.3640121315673675,2.4578996695111726,6.851741991765895,ISG15;PSME2;IFIT1;MX1;SP100;PSME1
gs_ind_0,Response to Type II Interferon (GO:0034341),20/61,6.235282315641242e-10,1.8543729606717052e-07,7.300773341299081,154.7444690841999,GBP6;CCL5;GBP4;SP100;CASP1;UBD;CCL2;TRIM21;PSMB8;LGALS9;GBP7;PSMB10;PSMB9;GBP5;TLR2;GBP3;BST2;STAT1;IFITM3;GBP2
gs_ind_0,Response to UV (GO:0009411),1/82,0.9958312807388815,0.999999953222645,0.26564450286221314,0.0011097120050236598,POLK
gs_ind_0,Response to UV-B (GO:0010224),2/12,0.1787862658078333,0.5716072093995457,3.4584909058166757,5.9540142413558605,HYAL3;CDKN1A
gs_ind_0,Response to Unfolded Protein (GO:0006986),6/40,0.0414802307772268,0.2951248955298385,2.7436913664708613,8.731902945130146,DAXX;DDIT3;HSPA1A;HSPB1;SERPINH1;BAX
gs_ind_0,Response to Yeast (GO:0001878),2/5,0.03642622767140897,0.27162107597191837,10.380875202593193,34.38629847772066,ADM;PLCG2
gs_ind_0,Response to cGMP (GO:0070305),1/3,0.18120623955754206,0.5716072093995457,8.71117107393416,14.879720755179145,TLR7
gs_ind_0,Response to dsRNA (GO:0043331),3/9,0.016722704590232056,0.1888351537512045,7.832300203852395,32.04184557160756,PMAIP1;RIGI;TLR3
gs_ind_0,Reticulophagy (GO:0061709),1/24,0.7982232489079947,0.9126935571904561,0.925273564432605,0.2085260904971238,STING1
gs_ind_0,Retina Homeostasis (GO:0001895),1/4,0.2340004119113125,0.6083192526435693,6.221802482460874,9.036747532590647,BBS4
gs_ind_0,Retinal Rod Cell Development (GO:0046548),1/4,0.2340004119113125,0.6083192526435693,6.221802482460874,9.036747532590647,BBS4
gs_ind_0,Retinal Rod Cell Differentiation (GO:0060221),1/5,0.2833939579712883,0.6336944594034671,4.838819931642382,6.101351626665179,BBS4
gs_ind_0,Retinoic Acid Receptor Signaling Pathway (GO:0048384),1/13,0.5796404588195495,0.8010458757106599,1.7409390178089585,0.9494163340617632,SP100
gs_ind_0,Retinoid Metabolic Process (GO:0001523),2/37,0.6988036766505735,0.8627707795776292,1.0210316463883244,0.3659228751899248,AKR1B1;DHRS9
gs_ind_0,Retinol Metabolic Process (GO:0042572),1/15,0.6321377878742459,0.8285490441331016,1.5005861882873996,0.6882406887353841,DHRS9
gs_ind_0,Retrograde Axonal Transport (GO:0008090),1/11,0.5196605004230545,0.7685083681045072,2.072854830005397,1.356848411751394,HAP1
gs_ind_0,"Retrograde Vesicle-Mediated Transport, Golgi to Endoplasmic Reticulum (GO:0006890)",1/46,0.9535898291605519,0.9887575697868493,0.47710573290713604,0.022672850916136286,TAPBP
gs_ind_0,Rho Protein Signal Transduction (GO:0007266),2/50,0.8416602349789881,0.9274166501769213,0.7466290163578339,0.1287030643414658,NGFR;CELSR1
gs_ind_0,Ruffle Organization (GO:0031529),1/14,0.6067632607040262,0.815046945498543,1.6118606463992324,0.8053123024832447,PLEK
gs_ind_0,S-adenosylmethionine Metabolic Process (GO:0046500),1/16,0.6558766163212053,0.8389578739523719,1.4036697247706422,0.5920434556741193,BHMT
gs_ind_0,SCF-dependent Proteasomal Ubiquitin-Dependent Protein Catabolic Process (GO:0031146),2/61,0.9111404834759104,0.9667255789715866,0.6080973718498744,0.05658843810724172,FBXO6;TSPAN17
gs_ind_0,SNARE Complex Assembly (GO:0035493),1/9,0.45113270140804174,0.7303585487139446,2.5609663185295704,2.0385131696903356,STXBP1
gs_ind_0,SREBP Signaling Pathway (GO:0032933),1/8,0.4132896381284026,0.7125352949529677,2.902644360496492,2.5647957981136242,INSIG2
gs_ind_0,Sarcomere Organization (GO:0045214),3/11,0.02982495597167174,0.2647743852529903,5.98851525466866,21.034119591423366,MYOM3;CSRP1;KRT8
gs_ind_0,Schwann Cell Development (GO:0014044),1/8,0.4132896381284026,0.7125352949529677,2.902644360496492,2.5647957981136242,LGI4
gs_ind_0,Secondary Alcohol Biosynthetic Process (GO:1902653),1/25,0.8112524386727127,0.9159699136722276,0.8874412150181173,0.185631407941355,INSIG2
gs_ind_0,Secondary Alcohol Metabolic Process (GO:1902652),1/41,0.9351722862879989,0.9792966124720102,0.5362075513181828,0.03593904477041978,INSIG2
gs_ind_0,Secretory Granule Organization (GO:0033363),3/25,0.21601346770155735,0.6083192526435693,2.259972357430443,3.4632144615885743,HPS1;AP1S3;SRGN
gs_ind_0,Semaphorin-plexin Signaling Pathway (GO:0071526),2/29,0.5661113256065228,0.8010458757106599,1.3188448504493886,0.7503759428116621,FLNA;SEMA4D
gs_ind_0,Sensory Organ Development (GO:0007423),1/25,0.8112524386727127,0.9159699136722276,0.8874412150181173,0.185631407941355,SH3PXD2B
gs_ind_0,Sensory Perception (GO:0007600),5/26,0.023332135245310862,0.22028498482398254,3.7249007373794667,13.997892662617328,BBS4;CCL2;TMC7;CCR2;CHRNA4
gs_ind_0,Sensory Perception of Bitter Taste (GO:0050913),1/5,0.2833939579712883,0.6336944594034671,4.838819931642382,6.101351626665179,RTP4
gs_ind_0,Sensory Perception of Chemical Stimulus (GO:0007606),2/12,0.1787862658078333,0.5716072093995457,3.4584909058166757,5.9540142413558605,BBS4;OR10J5
gs_ind_0,Sensory Perception of Light Stimulus (GO:0050953),2/46,0.805989702002456,0.9159699136722276,0.8139845452503657,0.17556369762136284,CRYBB3;COL1A1
gs_ind_0,Sensory Perception of Mechanical Stimulus (GO:0050954),6/43,0.056089787899889526,0.34064004929185576,2.523631759811901,7.270082201747303,MYH14;CLIC5;TMC7;COL1A1;SPNS2;TMIE
gs_ind_0,Sensory Perception of Pain (GO:0019233),3/17,0.09241162564867773,0.43486641031363715,3.508942391973294,8.356555042138158,CCL2;CCR2;CHRNA4
gs_ind_0,Sensory Perception of Smell (GO:0007608),3/9,0.016722704590232056,0.1888351537512045,7.832300203852395,32.04184557160756,BBS4;OR10J5;OR2V1
gs_ind_0,Sensory Perception of Sound (GO:0007605),5/45,0.1619787876323707,0.5687425199748175,1.9746194252065978,3.594379781956759,MYH14;CLIC5;COL1A1;SPNS2;TMIE
gs_ind_0,Serine Transport (GO:0032329),1/6,0.3296057006468095,0.6624839519426774,3.9587401265760684,4.393640133528681,SLC1A4
gs_ind_0,Signal Transduction by P53 Class Mediator (GO:0072331),6/44,0.06156627511041892,0.3640121315673675,2.4578996695111726,6.851741991765895,CDKN1A;PMAIP1;PML;SP100;MDM2;PYCARD
gs_ind_0,Signal Transduction in Response to DNA Damage (GO:0042770),8/75,0.10904601113021826,0.47715707147271474,1.8332870118623246,4.062537188791573,MAD2L2;CDKN1A;PML;FBXO6;SP100;DTX3L;MDM2;PARP9
gs_ind_0,Signaling Receptor Ligand Precursor Processing (GO:0140448),1/12,0.5506490672062563,0.7880800413240646,1.8924658016377671,1.1291540547630419,CASP1
gs_ind_0,Skeletal Muscle Contraction (GO:0003009),1/4,0.2340004119113125,0.6083192526435693,6.221802482460874,9.036747532590647,MYH14
gs_ind_0,Skeletal Muscle Organ Development (GO:0060538),2/20,0.3728073261628401,0.6882851264020743,1.9617591659731044,1.9356551052029078,BASP1;MYH14
gs_ind_0,Skeletal Muscle Tissue Development (GO:0007519),1/23,0.7842956950537663,0.9044185331872435,0.9664687893506027,0.23482211733826094,MYH14
gs_ind_0,Skeletal System Development (GO:0001501),10/90,0.06377479719139696,0.3649780494105417,1.9012202345693638,5.232913240750931,TNFRSF11B;SH3PXD2B;HAPLN1;GDF10;COL1A1;HYAL3;CD44;FRZB;COL3A1;FBN1
gs_ind_0,Skeletal System Morphogenesis (GO:0048705),3/24,0.1989371255042466,0.60784832860503,2.365263435923881,3.81934805692905,COL3A1;MMP13;LRP5
gs_ind_0,Skin Development (GO:0043588),3/38,0.4472037049791933,0.7303585487139446,1.4309904859116842,1.1515768181385773,COL1A1;DLL1;COL3A1
gs_ind_0,Skin Epidermis Development (GO:0098773),2/9,0.11054513189129135,0.47715707147271474,4.842967765171979,10.665820017194985,DLL1;CLDN1
gs_ind_0,Skin Morphogenesis (GO:0043589),1/6,0.3296057006468095,0.6624839519426774,3.9587401265760684,4.393640133528681,COL1A1
gs_ind_0,Small GTPase-mediated Signal Transduction (GO:0007264),5/169,0.9865354465165976,0.999999953222645,0.48165830594476156,0.006529370867323896,NGFR;CDKN1A;CELSR1;RAP2B;RRAS
gs_ind_0,Smooth Muscle Tissue Development (GO:0048745),1/9,0.45113270140804174,0.7303585487139446,2.5609663185295704,2.0385131696903356,SMO
gs_ind_0,Smoothened Signaling Pathway (GO:0007224),2/20,0.3728073261628401,0.6882851264020743,1.9617591659731044,1.9356551052029078,CC2D2A;SMO
gs_ind_0,Sodium Ion Export Across Plasma Membrane (GO:0036376),2/9,0.11054513189129135,0.47715707147271474,4.842967765171979,10.665820017194985,FXYD3;FXYD5
gs_ind_0,Sodium Ion Homeostasis (GO:0055078),2/12,0.1787862658078333,0.5716072093995457,3.4584909058166757,5.9540142413558605,FXYD3;FXYD5
gs_ind_0,Sodium Ion Transmembrane Transport (GO:0035725),2/31,0.6028543237314423,0.815046945498543,1.2292485051598312,0.622097711389388,FXYD3;FXYD5
gs_ind_0,Sodium Ion Transport (GO:0006814),1/35,0.9032014887658473,0.9626342244294556,0.6297426030643609,0.06411385374577236,TMEM43
gs_ind_0,Sodium-independent Organic Anion Transport (GO:0043252),1/4,0.2340004119113125,0.6083192526435693,6.221802482460874,9.036747532590647,SLCO3A1
gs_ind_0,Somatic Diversification of Immunoglobulins Involved in Immune Response (GO:0002208),2/5,0.03642622767140897,0.27162107597191837,10.380875202593193,34.38629847772066,MAD2L2;SHLD2
gs_ind_0,Somatic Hypermutation of Immunoglobulin Genes (GO:0016446),1/8,0.4132896381284026,0.7125352949529677,2.902644360496492,2.5647957981136242,SAMHD1
gs_ind_0,Somatic Recombination of Immunoglobulin Gene Segments (GO:0016447),1/9,0.45113270140804174,0.7303585487139446,2.5609663185295704,2.0385131696903356,CYREN
gs_ind_0,Somite Development (GO:0061053),1/6,0.3296057006468095,0.6624839519426774,3.9587401265760684,4.393640133528681,SMO
gs_ind_0,Spermatid Development (GO:0007286),1/31,0.8735558251292019,0.9488513600928584,0.7125441242822892,0.09632402460541177,BBS4
gs_ind_0,Sphingolipid Biosynthetic Process (GO:0030148),4/56,0.49145073608352413,0.7514521794922369,1.2438548998375745,0.8836265305589968,B3GALNT1;PRKD2;SPNS2;A4GALT
gs_ind_0,Sphingolipid Catabolic Process (GO:0030149),5/26,0.023332135245310862,0.22028498482398254,3.7249007373794667,13.997892662617328,GLA;ALDH3B1;NEU2;SMPD3;NEU3
gs_ind_0,Sphingolipid Metabolic Process (GO:0006665),4/57,0.5054845956073634,0.7685083681045072,1.2205141957911034,0.8326808155268506,PRKD2;SMPD3;SPNS2;ALDH3B1
gs_ind_0,Sphingomyelin Catabolic Process (GO:0006685),1/5,0.2833939579712883,0.6336944594034671,4.838819931642382,6.101351626665179,SMPD3
gs_ind_0,Sphingomyelin Metabolic Process (GO:0006684),1/18,0.6988617377278106,0.8627707795776292,1.2430652995143012,0.44539322599570885,SMPD3
gs_ind_0,Sphingosine-1-phosphate Receptor Signaling Pathway (GO:0003376),1/8,0.4132896381284026,0.7125352949529677,2.902644360496492,2.5647957981136242,SPNS2
gs_ind_0,Spindle Assembly (GO:0051225),3/67,0.815193912386502,0.9169644960108402,0.7858972585223104,0.16058180898983643,MISP;FLNA;AAAS
gs_ind_0,Spindle Assembly Checkpoint Signaling (GO:0071173),2/16,0.2760553611698522,0.6336944594034671,2.503679278675087,3.22262042128606,MAD2L2;ZWILCH
gs_ind_0,Sprouting Angiogenesis (GO:0002040),5/47,0.18384265579120454,0.5755242719189919,1.8814155906264944,3.186506585780285,DLL1;THBS1;NR4A1;RNF213;EHD4
gs_ind_0,Stem Cell Development (GO:0048864),1/12,0.5506490672062563,0.7880800413240646,1.8924658016377671,1.1291540547630419,NRG1
gs_ind_0,Stem Cell Differentiation (GO:0048863),1/36,0.9094567846817803,0.9656281605296732,0.6119577692816369,0.05807956411954154,ACE
gs_ind_0,Steroid Hormone Biosynthetic Process (GO:0120178),1/14,0.6067632607040262,0.815046945498543,1.6118606463992324,0.8053123024832447,AKR1B1
gs_ind_0,Steroid Metabolic Process (GO:0008202),1/55,0.9745776553143866,0.999101670770419,0.3980502730508919,0.01025022278052876,DHRS9
gs_ind_0,Sterol Biosynthetic Process (GO:0016126),1/27,0.8348435527953628,0.9226401806069896,0.8203423311509128,0.14808076007375526,INSIG2
gs_ind_0,Sterol Homeostasis (GO:0055092),1/73,0.9923807791012412,0.999999953222645,0.2988220406796062,0.002285509135799271,LRP5
gs_ind_0,Sterol Metabolic Process (GO:0016125),1/51,0.9667789572777475,0.9952234748854348,0.42970724487451445,0.014517829312234888,INSIG2
gs_ind_0,Stimulatory C-type Lectin Receptor Signaling Pathway (GO:0002223),2/15,0.25151988032095945,0.6336944594034671,2.6893370950637294,3.7119124671369925,PLCG2;KLRD1
gs_ind_0,Stress Fiber Assembly (GO:0043149),1/16,0.6558766163212053,0.8389578739523719,1.4036697247706422,0.5920434556741193,PDLIM1
gs_ind_0,Stress Granule Assembly (GO:0034063),1/26,0.8234411526643806,0.9185301096581084,0.852576108694962,0.16562415625449156,G3BP2
gs_ind_0,Stress Granule Disassembly (GO:0035617),1/7,0.37284039631262333,0.6882851264020743,3.349454107684005,3.3045876434894486,TRIM21
gs_ind_0,Stress-activated MAPK Cascade (GO:0051403),1/14,0.6067632607040262,0.815046945498543,1.6118606463992324,0.8053123024832447,MAP3K13
gs_ind_0,Stress-activated Protein Kinase Signaling Cascade (GO:0031098),1/16,0.6558766163212053,0.8389578739523719,1.4036697247706422,0.5920434556741193,MAP3K13
gs_ind_0,Striated Muscle Atrophy (GO:0014891),1/3,0.18120623955754206,0.5716072093995457,8.71117107393416,14.879720755179145,ASB2
gs_ind_0,Striated Muscle Cell Development (GO:0055002),1/15,0.6321377878742459,0.8285490441331016,1.5005861882873996,0.6882406887353841,ASB2
gs_ind_0,Striated Muscle Cell Differentiation (GO:0051146),2/14,0.22704403432135226,0.6083192526435693,2.9047001620745543,4.306541273291301,NRG1;ASB2
gs_ind_0,Striated Muscle Contraction (GO:0006941),1/58,0.9792008619464627,0.9997059263401236,0.3771979633496797,0.007928130477277816,MYH14
gs_ind_0,Striated Muscle Tissue Development (GO:0014706),1/21,0.753493755705255,0.8864281762133814,1.0609163781869875,0.3002759875694897,MYH14
gs_ind_0,Substantia Nigra Development (GO:0021762),4/32,0.14821054669427502,0.5505114261205458,2.2954150400364743,4.382225982559692,BASP1;CNP;CCDC14;TTBK1
gs_ind_0,Substrate Adhesion-Dependent Cell Spreading (GO:0034446),3/33,0.3588319174216142,0.6882851264020743,1.666199718057612,1.70769008502724,TGFB1I1;LPXN;ITGB7
gs_ind_0,Subtelomeric Heterochromatin Formation (GO:0031509),2/9,0.11054513189129135,0.47715707147271474,4.842967765171979,10.665820017194985,DAXX;EZH1
gs_ind_0,Succinate Transport (GO:0015744),2/5,0.03642622767140897,0.27162107597191837,10.380875202593193,34.38629847772066,SLC13A3;SLC13A5
gs_ind_0,Sulfur Amino Acid Biosynthetic Process (GO:0000097),1/6,0.3296057006468095,0.6624839519426774,3.9587401265760684,4.393640133528681,MTHFR
gs_ind_0,Sulfur Amino Acid Metabolic Process (GO:0000096),1/16,0.6558766163212053,0.8389578739523719,1.4036697247706422,0.5920434556741193,MTHFR
gs_ind_0,Sulfur Amino Acid Transport (GO:0000101),2/6,0.05233524459368294,0.32629982687969195,8.073413770334353,23.817258816991405,SLC1A4;SLC7A5
gs_ind_0,Sulfur Compound Biosynthetic Process (GO:0044272),1/30,0.8648235186324998,0.9424643255452747,0.7367530436214292,0.1069985101181338,GGT6
gs_ind_0,Superoxide Anion Generation (GO:0042554),3/14,0.05700236899903131,0.34064004929185576,4.425306276012886,12.677008721408043,CYBB;SH3PXD2B;CYBA
gs_ind_0,Superoxide Metabolic Process (GO:0006801),3/29,0.2866915267122173,0.6386671164360557,1.9182730083573987,2.3965914309103784,CYBB;SH3PXD2B;CYBA
gs_ind_0,Suppression of Viral Release by Host (GO:0044790),2/13,0.20275236784673498,0.60784832860503,3.1575176755220444,5.0386716886898935,PML;TRIM21
gs_ind_0,Supramolecular Fiber Organization (GO:0097435),21/182,0.0068265946692852315,0.10915211046480795,1.9521122816125027,9.735045961443522,B2M;TAGLN2;RHOC;COL3A1;MAD2L2;CORO1A;ARHGAP25;KRT18;MYO1F;CCDC88B;VIM;EMILIN1;EPPK1;KRT8;BASP1;BAX;MYO1G;CPAP;MNMIP1;SHROOM3;MDM2
gs_ind_0,Surfactant Homeostasis (GO:0043129),1/9,0.45113270140804174,0.7303585487139446,2.5609663185295704,2.0385131696903356,MBL2
gs_ind_0,Sympathetic Neuron Projection Extension (GO:0097490),1/4,0.2340004119113125,0.6083192526435693,6.221802482460874,9.036747532590647,CLSTN3
gs_ind_0,Synapse Assembly (GO:0007416),4/38,0.2275053146515484,0.6083192526435693,1.8953649866999365,2.806242675763243,NLGN2;CLSTN3;CDH1;VSIG10
gs_ind_0,Synapse Organization (GO:0050808),5/77,0.5592613349465052,0.797290429219143,1.1004317353518362,0.6395031497624534,NLGN2;HMCN2;CDH1;NEDD4L;VSIG10
gs_ind_0,Synapse Pruning (GO:0098883),1/9,0.45113270140804174,0.7303585487139446,2.5609663185295704,2.0385131696903356,ITGAM
gs_ind_0,"Synaptic Transmission, Cholinergic (GO:0007271)",1/5,0.2833939579712883,0.6336944594034671,4.838819931642382,6.101351626665179,CHRNA4
gs_ind_0,"Synaptic Transmission, Glutamatergic (GO:0035249)",2/9,0.11054513189129135,0.47715707147271474,4.842967765171979,10.665820017194985,SLC1A4;GRIA3
gs_ind_0,Synaptic Vesicle Budding From Presynaptic Endocytic Zone Membrane (GO:0016185),3/7,0.007679539448073663,0.11250714442645848,11.315005107866114,55.0949742316291,AP3M2;MX1;MX2
gs_ind_0,Synaptic Vesicle Coating (GO:0016183),1/4,0.2340004119113125,0.6083192526435693,6.221802482460874,9.036747532590647,AP3M2
gs_ind_0,Synaptic Vesicle Cycle (GO:0099504),1/19,0.7182988056240869,0.867676948792053,1.1757850673123205,0.38903157333720684,AP3M2
gs_ind_0,Synaptic Vesicle Endocytosis (GO:0048488),2/20,0.3728073261628401,0.6882851264020743,1.9617591659731044,1.9356551052029078,MX1;MX2
gs_ind_0,Synaptic Vesicle Recycling (GO:0036465),1/23,0.7842956950537663,0.9044185331872435,0.9664687893506027,0.23482211733826094,AP3M2
gs_ind_0,Synaptic Vesicle Transport Along Microtubule (GO:0099517),1/15,0.6321377878742459,0.8285490441331016,1.5005861882873996,0.6882406887353841,AP3M2
gs_ind_0,T Cell Activation (GO:0042110),8/66,0.06084458640866301,0.36262885767407577,2.116753345138337,5.925707960002365,LCK;TNFRSF14;SLAMF9;CD44;SLAMF7;LY9;TREML2;MOV10
gs_ind_0,T Cell Chemotaxis (GO:0010818),3/8,0.011702995801205507,0.14833017339586424,9.257043119130733,41.17449853472315,CXCL10;CCR2;CXCL11
gs_ind_0,T Cell Differentiation (GO:0030217),1/35,0.9032014887658473,0.9626342244294556,0.6297426030643609,0.06411385374577236,LCK
gs_ind_0,T Cell Differentiation Involved in Immune Response (GO:0002292),3/20,0.13467922048281478,0.5128501942585034,2.906760411032991,5.827646144716359,PSMB10;PSMB9;PSMB8
gs_ind_0,T Cell Extravasation (GO:0072683),1/3,0.18120623955754206,0.5716072093995457,8.71117107393416,14.879720755179145,CCL2
gs_ind_0,T Cell Homeostasis (GO:0043029),5/28,0.031366180400082544,0.2703855666952043,3.407380499336908,11.796436554425629,PSMB8;PMAIP1;PSMB10;PSMB9;JAK3
gs_ind_0,T Cell Mediated Cytotoxicity (GO:0001913),1/7,0.37284039631262333,0.6882851264020743,3.349454107684005,3.3045876434894486,PRF1
gs_ind_0,T Cell Mediated Immunity (GO:0002456),2/9,0.11054513189129135,0.47715707147271474,4.842967765171979,10.665820017194985,PRF1;MYO1G
gs_ind_0,T Cell Migration (GO:0072678),3/11,0.02982495597167174,0.2647743852529903,5.98851525466866,21.034119591423366,CXCL10;CXCL11;MYO1G
gs_ind_0,T Cell Proliferation (GO:0042098),1/10,0.48653733475260663,0.7454724541752974,2.291220495924106,1.6506906488764395,TNFRSF14
gs_ind_0,T Cell Receptor Signaling Pathway (GO:0050852),7/56,0.06709535331492415,0.3649780494105417,2.2063930999292216,5.960880930225398,LCK;ZC3H12A;PRKD2;THEMIS2;PLCG2;VTCN1;FYB2
gs_ind_0,T-helper 1 Cell Differentiation (GO:0045063),4/18,0.02539225316218555,0.23525408381414276,4.516382577525531,16.59007845752567,PSMB10;PSMB9;SPN;PSMB8
gs_ind_0,T-helper 1 Type Immune Response (GO:0042088),4/19,0.030566398839181975,0.26736608866978584,4.224688684353005,14.735097117366543,PSMB10;PSMB9;IL18BP;PSMB8
gs_ind_0,T-helper 17 Cell Differentiation (GO:0072539),4/20,0.03631579487071738,0.27162107597191837,3.968351626716543,13.157079786653085,PSMB10;PSMB9;LY9;PSMB8
gs_ind_0,T-helper 17 Cell Lineage Commitment (GO:0072540),1/5,0.2833939579712883,0.6336944594034671,4.838819931642382,6.101351626665179,LY9
gs_ind_0,T-helper 17 Type Immune Response (GO:0072538),4/21,0.04264502922068799,0.3019674211960145,3.741310232809962,11.803252235265814,PSMB10;PSMB9;TRAF3IP2;PSMB8
gs_ind_0,T-helper Cell Differentiation (GO:0042093),3/27,0.2509825841581097,0.6336944594034671,2.0751757706868577,2.868664316198132,PSMB10;PSMB9;PSMB8
gs_ind_0,T-helper Cell Lineage Commitment (GO:0002295),2/7,0.07019752665192665,0.3649780494105417,6.6050292225332745,17.545878368545242,SPN;LY9
gs_ind_0,TOR Signaling (GO:0031929),1/33,0.8893661734121487,0.9541756853274641,0.6685956245589273,0.07839031949713929,CARD11
gs_ind_0,TORC1 Signaling (GO:0038202),1/17,0.6780850803054885,0.8523351770196631,1.318500711377128,0.5122144680846036,CARD11
gs_ind_0,TRAIL-activated Apoptotic Signaling Pathway (GO:0036462),2/7,0.07019752665192665,0.3649780494105417,6.6050292225332745,17.545878368545242,TNFSF10;TNFRSF10B
gs_ind_0,TRIF-dependent Toll-Like Receptor Signaling Pathway (GO:0035666),3/10,0.022761654228634364,0.21896048614125635,6.787488732648279,25.674884242921568,CD300LF;TRAF3;CD274
gs_ind_0,TRNA Metabolic Process (GO:0006399),1/24,0.7982232489079947,0.9126935571904561,0.925273564432605,0.2085260904971238,TRDMT1
gs_ind_0,TRNA Methylation (GO:0030488),1/34,0.896514535944172,0.9576990768311665,0.6485892179684416,0.07085238685870321,TRDMT1
gs_ind_0,TRNA Modification (GO:0006400),2/65,0.9283916244127234,0.9775660492993385,0.5696218685792315,0.042323831126769476,TRDMT1;RPUSD1
gs_ind_0,TRNA Processing (GO:0008033),1/50,0.9644812697000762,0.9938902619847632,0.4384209063108146,0.015855433558134128,TRDMT1
gs_ind_0,TRNA Pseudouridine Synthesis (GO:0031119),1/9,0.45113270140804174,0.7303585487139446,2.5609663185295704,2.0385131696903356,RPUSD1
gs_ind_0,Telomere Maintenance (GO:0000723),3/55,0.6973511922220521,0.8627707795776292,0.966396250225347,0.348353118812449,MAD2L2;SP100;SHLD2
gs_ind_0,Telomere Maintenance in Response to DNA Damage (GO:0043247),2/15,0.25151988032095945,0.6336944594034671,2.6893370950637294,3.7119124671369925,MAD2L2;SHLD2
gs_ind_0,Telomere Organization (GO:0032200),1/43,0.9432836894244017,0.9826009430291316,0.5108980667280404,0.02983042077303943,SP100
gs_ind_0,Tertiary Alcohol Metabolic Process (GO:1902644),1/4,0.2340004119113125,0.6083192526435693,6.221802482460874,9.036747532590647,AKR1B1
gs_ind_0,Tetrahydrofolate Interconversion (GO:0035999),1/7,0.37284039631262333,0.6882851264020743,3.349454107684005,3.3045876434894486,MTHFR
gs_ind_0,Tetrahydrofolate Metabolic Process (GO:0046653),1/10,0.48653733475260663,0.7454724541752974,2.291220495924106,1.6506906488764395,MTHFR
gs_ind_0,Thorax and Anterior Abdomen Determination (GO:0007356),1/2,0.12477758622840975,0.49743772311433054,14.519697787371829,30.218720809256304,BASP1
gs_ind_0,Thrombin-activated Receptor Signaling Pathway (GO:0070493),1/6,0.3296057006468095,0.6624839519426774,3.9587401265760684,4.393640133528681,PLEK
gs_ind_0,Thyroid Hormone Transport (GO:0070327),1/7,0.37284039631262333,0.6882851264020743,3.349454107684005,3.3045876434894486,SLC7A5
gs_ind_0,Tight Junction Assembly (GO:0120192),1/30,0.8648235186324998,0.9424643255452747,0.7367530436214292,0.1069985101181338,CLDN1
gs_ind_0,Toll-like Receptor 2 Signaling Pathway (GO:0034134),2/6,0.05233524459368294,0.32629982687969195,8.073413770334353,23.817258816991405,TLR2;LGALS9
gs_ind_0,Toll-like Receptor 3 Signaling Pathway (GO:0034138),1/11,0.5196605004230545,0.7685083681045072,2.072854830005397,1.356848411751394,TLR3
gs_ind_0,Toll-like Receptor 4 Signaling Pathway (GO:0034142),3/24,0.1989371255042466,0.60784832860503,2.365263435923881,3.81934805692905,LGALS9;TRAF3;NMI
gs_ind_0,Toll-like Receptor 9 Signaling Pathway (GO:0034162),1/10,0.48653733475260663,0.7454724541752974,2.291220495924106,1.6506906488764395,TLR9
gs_ind_0,Toll-like Receptor Signaling Pathway (GO:0002224),8/34,0.0011666217162856934,0.027756263873869216,4.6839956087701475,31.634034758476986,TNIP1;TLR7;TLR3;TLR1;TLR9;PLCG2;TLR2;TRAF3
gs_ind_0,Tooth Mineralization (GO:0034505),1/5,0.2833939579712883,0.6336944594034671,4.838819931642382,6.101351626665179,COL1A1
gs_ind_0,Transcription Elongation by RNA Polymerase II (GO:0006368),1/50,0.9644812697000762,0.9938902619847632,0.4384209063108146,0.015855433558134128,LEO1
gs_ind_0,Transcription Initiation at RNA Polymerase I Promoter (GO:0006361),1/19,0.7182988056240869,0.867676948792053,1.1757850673123205,0.38903157333720684,TAF1C
gs_ind_0,Transcription by RNA Polymerase I (GO:0006360),1/25,0.8112524386727127,0.9159699136722276,0.8874412150181173,0.185631407941355,TAF1C
gs_ind_0,Transcription by RNA Polymerase II (GO:0006366),3/179,0.999443023035526,0.999999953222645,0.2847952418963164,0.00015866858080332603,TAF1C;LEO1;IRF9
gs_ind_0,Transepithelial Transport (GO:0070633),1/13,0.5796404588195495,0.8010458757106599,1.7409390178089585,0.9494163340617632,PARP12
gs_ind_0,Transferrin Transport (GO:0033572),1/10,0.48653733475260663,0.7454724541752974,2.291220495924106,1.6506906488764395,B2M
gs_ind_0,Transforming Growth Factor Beta Receptor Signaling Pathway (GO:0007179),4/61,0.559765439209674,0.797290429219143,1.135269885360514,0.6587260937535738,GDF10;ID1;GDF15;COL3A1
gs_ind_0,Transforming Growth Factor Beta Receptor Superfamily Signaling Pathway (GO:0141091),5/85,0.647700216174111,0.8389578739523719,0.9904795569694828,0.4301923305392944,HJV;GDF15;GDF10;ID1;COL3A1
gs_ind_0,Transition Metal Ion Transport (GO:0000041),1/24,0.7982232489079947,0.9126935571904561,0.925273564432605,0.2085260904971238,SLC30A10
gs_ind_0,Translation (GO:0006412),1/236,0.9999998706244196,0.999999953222645,0.09087346736742964,1.1756808340505922e-08,TNIP1
gs_ind_0,Translesion Synthesis (GO:0019985),4/20,0.03631579487071738,0.27162107597191837,3.968351626716543,13.157079786653085,MAD2L2;PARP10;FAAP20;POLK
gs_ind_0,Transport Across Blood-Brain Barrier (GO:0150104),5/60,0.3443382914405775,0.6872899857344145,1.439327132010059,1.5345108420368825,SLC7A5;SLC13A3;SLC1A5;SLC1A4;SLCO3A1
gs_ind_0,Transposable Element Silencing (GO:0010526),1/13,0.5796404588195495,0.8010458757106599,1.7409390178089585,0.9494163340617632,MOV10
gs_ind_0,Triglyceride Biosynthetic Process (GO:0019432),2/16,0.2760553611698522,0.6336944594034671,2.503679278675087,3.22262042128606,PNPLA3;LPIN3
gs_ind_0,Triglyceride Catabolic Process (GO:0019433),2/16,0.2760553611698522,0.6336944594034671,2.503679278675087,3.22262042128606,PNPLA3;PNPLA5
gs_ind_0,Triglyceride Homeostasis (GO:0070328),1/33,0.8893661734121487,0.9541756853274641,0.6685956245589273,0.07839031949713929,ANGPTL8
gs_ind_0,Triglyceride Metabolic Process (GO:0006641),5/40,0.11253708812938064,0.48405728881814053,2.253574563914653,4.9228715250189925,LPIN3;PNPLA3;PLAAT3;APOBR;PNPLA5
gs_ind_0,Tripeptide Transmembrane Transport (GO:0035443),1/3,0.18120623955754206,0.5716072093995457,8.71117107393416,14.879720755179145,SLC13A3
gs_ind_0,Tryptophan Transport (GO:0015827),2/5,0.03642622767140897,0.27162107597191837,10.380875202593193,34.38629847772066,SLC7A5;SLCO3A1
gs_ind_0,Tube Closure (GO:0060606),3/22,0.16588095266011832,0.5716072093995457,2.6082428478318147,4.685668893103795,BBS4;MTHFR;CELSR1
gs_ind_0,Tumor Necrosis Factor-Mediated Signaling Pathway (GO:0033209),3/35,0.3946193623501065,0.7125352949529677,1.563431376627699,1.4537310538937211,PYCARD;TRAF3;STAT1
gs_ind_0,Type B Pancreatic Cell Development (GO:0003323),1/6,0.3296057006468095,0.6624839519426774,3.9587401265760684,4.393640133528681,DLL1
gs_ind_0,Type B Pancreatic Cell Differentiation (GO:0003309),1/6,0.3296057006468095,0.6624839519426774,3.9587401265760684,4.393640133528681,DLL1
gs_ind_0,Type B Pancreatic Cell Proliferation (GO:0044342),1/3,0.18120623955754206,0.5716072093995457,8.71117107393416,14.879720755179145,ANGPTL8
gs_ind_0,Type I Interferon-Mediated Signaling Pathway (GO:0060337),7/25,0.0007780515068988284,0.019777138303565093,5.917245327891716,42.35988964354175,STAT1;OAS2;SP100;OAS3;IFI27;TRAF3;IFITM3
gs_ind_0,Type II Interferon-Mediated Signaling Pathway (GO:0060333),3/10,0.022761654228634364,0.21896048614125635,6.787488732648279,25.674884242921568,HCK;SP100;STAT1
gs_ind_0,Tyrosine Phosphorylation of STAT Protein (GO:0007260),1/4,0.2340004119113125,0.6083192526435693,6.221802482460874,9.036747532590647,JAK3
gs_ind_0,UDP-N-acetylglucosamine Biosynthetic Process (GO:0006048),1/8,0.4132896381284026,0.7125352949529677,2.902644360496492,2.5647957981136242,PGM3
gs_ind_0,UDP-N-acetylglucosamine Metabolic Process (GO:0006047),1/9,0.45113270140804174,0.7303585487139446,2.5609663185295704,2.0385131696903356,PGM3
gs_ind_0,Ubiquitin-dependent Protein Catabolic Process (GO:0006511),21/416,0.9034001749773405,0.9626342244294556,0.7831004202685619,0.0795549070651637,DTX4;HERC6;RNF213;UBD;ENC1;PSMB8;UBE2L6;PML;PSMB10;PSMF1;DTX3L;PSMB9;TRIM72;IFI27;DDIT3;BMAL1;ASB2;TNFAIP3;UBXN11;NEDD4L;MDM2
gs_ind_0,V(D)J Recombination (GO:0033151),1/11,0.5196605004230545,0.7685083681045072,2.072854830005397,1.356848411751394,CYREN
gs_ind_0,Vacuolar Acidification (GO:0007035),2/32,0.6203238052489224,0.8285490441331016,1.1888567101522438,0.5676953316560229,ATP6V0E2;TCIRG1
gs_ind_0,Vacuolar Transport (GO:0007034),1/32,0.8817245999640496,0.9500902030047403,0.6898722791869041,0.08683802958080115,HSPA1A
gs_ind_0,Vascular Associated Smooth Muscle Cell Development (GO:0097084),1/6,0.3296057006468095,0.6624839519426774,3.9587401265760684,4.393640133528681,NOTCH1
gs_ind_0,Vascular Endothelial Growth Factor Receptor Signaling Pathway (GO:0048010),2/28,0.5468409946482946,0.7880800413240646,1.3687145143369723,0.8261522553215535,PRKD2;HSPB1
gs_ind_0,Vascular Process in Circulatory System (GO:0003018),1/10,0.48653733475260663,0.7454724541752974,2.291220495924106,1.6506906488764395,ACE
gs_ind_0,Vascular Transport (GO:0010232),5/58,0.3183893309227951,0.6624839519426774,1.4933566345009244,1.7091172998073085,SLC7A5;SLC13A3;SLC1A5;SLC1A4;SLCO3A1
gs_ind_0,Vasculogenesis (GO:0001570),2/23,0.4418765538313216,0.7303585487139446,1.6876484112924504,1.3783441861073567,ADM;NOTCH1
gs_ind_0,Venous Blood Vessel Morphogenesis (GO:0048845),1/6,0.3296057006468095,0.6624839519426774,3.9587401265760684,4.393640133528681,NOTCH1
gs_ind_0,Ventricular Cardiac Muscle Cell Action Potential (GO:0086005),1/7,0.37284039631262333,0.6882851264020743,3.349454107684005,3.3045876434894486,NEDD4L
gs_ind_0,Ventricular Cardiac Muscle Cell Differentiation (GO:0055012),1/3,0.18120623955754206,0.5716072093995457,8.71117107393416,14.879720755179145,NRG1
gs_ind_0,Ventricular Cardiac Muscle Tissue Development (GO:0003229),1/14,0.6067632607040262,0.815046945498543,1.6118606463992324,0.8053123024832447,ADAMTS9
gs_ind_0,Ventricular Cardiac Muscle Tissue Morphogenesis (GO:0055010),2/20,0.3728073261628401,0.6882851264020743,1.9617591659731044,1.9356551052029078,NOTCH1;NRG1
gs_ind_0,Ventricular Septum Development (GO:0003281),1/25,0.8112524386727127,0.9159699136722276,0.8874412150181173,0.185631407941355,NOTCH1
gs_ind_0,Ventricular Septum Morphogenesis (GO:0060412),1/19,0.7182988056240869,0.867676948792053,1.1757850673123205,0.38903157333720684,NOTCH1
gs_ind_0,Ventricular Trabecula Myocardium Morphogenesis (GO:0003222),2/7,0.07019752665192665,0.3649780494105417,6.6050292225332745,17.545878368545242,NOTCH1;NRG1
gs_ind_0,Vesicle Coating (GO:0006901),1/30,0.8648235186324998,0.9424643255452747,0.7367530436214292,0.1069985101181338,AP3M2
gs_ind_0,Vesicle Cytoskeletal Trafficking (GO:0099518),2/19,0.3489945155948375,0.6882690247871663,2.074014046461372,2.183312661052468,HAP1;BICDL1
gs_ind_0,Vesicle Organization (GO:0016050),2/57,0.890051140014488,0.954222094593759,0.6521188936099795,0.07595643319962589,SRGN;CORO1A
gs_ind_0,Vesicle Transport Along Microtubule (GO:0047496),2/21,0.396258807615788,0.7125352949529677,1.8610176065605564,1.7227211574096237,HAP1;BICDL1
gs_ind_0,Visual Perception (GO:0007601),2/48,0.8246386660346838,0.9185301096581084,0.7788582748064109,0.15017163993996543,CRYBB3;COL1A1
gs_ind_0,Visual System Development (GO:0150063),2/22,0.41929659311135503,0.716248172264888,1.7701044919687448,1.5385336695252496,SH3PXD2B;ITGAM
gs_ind_0,White Fat Cell Differentiation (GO:0050872),1/7,0.37284039631262333,0.6882851264020743,3.349454107684005,3.3045876434894486,SACK1A
gs_ind_0,Wnt Signaling Pathway (GO:0016055),3/58,0.7312746309372347,0.8769398195190871,0.9139539756089242,0.28603670059204406,FRZB;PLCG2;LRP5
gs_ind_0,"Wnt Signaling Pathway, Planar Cell Polarity Pathway (GO:0060071)",3/19,0.1199247066410002,0.49743772311433054,3.0831571529245947,6.539040805360025,VANGL1;ARHGEF19;CELSR1
gs_ind_0,Wound Healing (GO:0042060),9/66,0.025073529322535187,0.23523241705116607,2.409727580412298,8.88211753821557,PPL;HPSE;ARHGEF19;SYTL4;EPPK1;TRIM72;CLDN1;NRG1;COL3A1
gs_ind_0,"Wound Healing, Spreading of Cells (GO:0044319)",3/24,0.1989371255042466,0.60784832860503,2.365263435923881,3.81934805692905,FLNA;RHOC;CD44
gs_ind_0,Xenobiotic Catabolic Process (GO:0042178),1/15,0.6321377878742459,0.8285490441331016,1.5005861882873996,0.6882406887353841,GSTM3
gs_ind_0,Xenobiotic Transport (GO:0042908),1/13,0.5796404588195495,0.8010458757106599,1.7409390178089585,0.9494163340617632,SLC7A5
gs_ind_0,Zinc Ion Import Into Organelle (GO:0062111),1/5,0.2833939579712883,0.6336944594034671,4.838819931642382,6.101351626665179,SLC30A10
gs_ind_0,Zinc Ion Transmembrane Transport (GO:0071577),1/18,0.6988617377278106,0.8627707795776292,1.2430652995143012,0.44539322599570885,SLC30A10
gs_ind_0,Zinc Ion Transport (GO:0006829),1/19,0.7182988056240869,0.867676948792053,1.1757850673123205,0.38903157333720684,SLC30A10
gs_ind_0,"Zygotic Determination of Anterior/Posterior Axis, Embryo (GO:0007354)",1/2,0.12477758622840975,0.49743772311433054,14.519697787371829,30.218720809256304,BASP1
gs_ind_0,Zymogen Activation (GO:0031638),1/27,0.8348435527953628,0.9226401806069896,0.8203423311509128,0.14808076007375526,PLAU
