,pydeseq2_log2FC,edger_log2FC
eGFP,10.358632146396292,10.1871121474189
ENSMUSG00000025902.14,-1.006427235285013,-0.981506070923346
ENSMUSG00000033845.14,0.0514432685366987,0.0560649920904723
ENSMUSG00000102275.2,-0.2315890415518198,-0.239750983024421
ENSMUSG00000025903.15,-0.3702365565712818,-0.365757745936244
ENSMUSG00000033813.16,-0.0917709426411706,-0.0876854942300325
ENSMUSG00000033793.13,0.0254011584721367,0.0300020258345505
ENSMUSG00000090031.4,-0.3384629435543907,-0.34046868228353
ENSMUSG00000025907.15,-0.3899852350761985,-0.384846496080498
ENSMUSG00000051285.18,-0.7026856499719015,-0.698016520180376
ENSMUSG00000103509.2,-0.4370139304796549,-0.439524665110532
ENSMUSG00000048538.8,-1.050060517488516,-1.03782606829052
ENSMUSG00000061024.9,-0.1866546156687165,-0.182441800105652
ENSMUSG00000025911.15,0.0986873603125581,0.103191189127083
ENSMUSG00000079671.10,0.253888678444265,0.259244971131722
ENSMUSG00000025912.17,1.7194339653436974,1.72985705621079
ENSMUSG00000045210.9,0.0372568477131564,0.0418295972116553
ENSMUSG00000097893.10,-0.0813714800790638,-0.0820593982743442
ENSMUSG00000025915.15,-0.3168665673838827,-0.312527212284332
ENSMUSG00000098234.9,-0.2283137578737673,-0.223721547886109
ENSMUSG00000046101.17,-0.1509073589704013,-0.146675977343246
ENSMUSG00000099032.3,-1.8632225563904985,-1.86088108905996
ENSMUSG00000025916.11,-0.9008734589018028,-0.919514231678291
ENSMUSG00000025917.10,0.1031610141701021,0.107667203386667
ENSMUSG00000056763.17,-0.0923842608522335,-0.0877088800791997
ENSMUSG00000067851.12,-0.4788633911957138,-0.474554297128594
ENSMUSG00000048960.14,-0.9278110489217278,-0.926388595507323
ENSMUSG00000016918.16,-0.948497198298729,-0.794708806071196
ENSMUSG00000005886.15,0.1267251169132789,0.130862963701191
ENSMUSG00000025935.11,-0.4016666710335075,-0.397048539713565
ENSMUSG00000025937.7,-0.5377899769483525,-0.533071286900556
ENSMUSG00000102982.2,-0.2955238374012147,-0.299435634440624
ENSMUSG00000067813.4,0.2970556810676174,0.301492907827438
ENSMUSG00000025925.15,-0.0411395928583942,-0.0364965739624469
ENSMUSG00000043716.14,-0.3821153051562431,-0.377390407742537
ENSMUSG00000025921.8,-0.4876622590729297,-0.482033900972049
ENSMUSG00000025920.20,0.0850558293835086,0.0905581219149656
ENSMUSG00000025939.20,-0.0355804009055603,-0.0302761817623893
ENSMUSG00000102457.2,0.0139446599246702,0.003675983472413
ENSMUSG00000079658.10,-0.0704305398817451,-0.0658001072337898
ENSMUSG00000025940.7,-0.1782652299066377,-0.173939267960352
ENSMUSG00000025779.11,0.592622084345396,0.595323873576823
ENSMUSG00000043760.17,0.4616749460557405,0.469838324963519
ENSMUSG00000041859.11,0.1709103580304846,0.169139259088635
ENSMUSG00000041779.6,-0.3130555731441904,-0.309372564057024
ENSMUSG00000025933.16,0.5632881099263591,0.580838363227098
ENSMUSG00000025934.16,-0.3529630380282319,-0.348269608125619
ENSMUSG00000099343.2,-0.9394001221981392,-0.936194746247646
ENSMUSG00000121505.1,1.4370860032377364,1.47899862270599
ENSMUSG00000082935.4,0.2029901642465197,0.202405199057177
ENSMUSG00000097970.2,0.024491164417671,0.0351191096148072
ENSMUSG00000026158.12,-0.7745559937347665,-0.767861352006943
ENSMUSG00000026156.9,0.0141580030052549,0.0183217547214865
ENSMUSG00000026155.14,0.0244652921954169,0.0295476061439717
ENSMUSG00000026154.5,0.0047072682208475,0.0051231000108577
ENSMUSG00000102495.2,-0.2140742033012032,-0.223293572839317
ENSMUSG00000026153.16,-0.4921199394326966,-0.487377608158971
ENSMUSG00000100131.2,-1.6113841642725035,-1.60651277051013
ENSMUSG00000067736.3,-1.2290602466761202,-1.24363640056611
ENSMUSG00000101939.2,-0.5876367830248697,-0.601521581822017
ENSMUSG00000101111.2,-1.2394051963370278,-1.23673964716791
ENSMUSG00000100862.2,-1.2663914683531152,-1.26324847424862
ENSMUSG00000102070.2,-1.0101994259532674,-1.00638550730142
ENSMUSG00000101249.2,-0.6251448523352721,-0.621754282537298
ENSMUSG00000073725.9,-0.2214646637140677,-0.216499097998815
ENSMUSG00000101514.3,-0.2468080959825976,-0.245196741306475
ENSMUSG00000101033.2,0.281137909699443,0.282569075301724
ENSMUSG00000048874.16,-0.2347979705574719,-0.230456206173871
ENSMUSG00000086727.10,-0.9140121298479232,-0.956321624762353
ENSMUSG00000026134.12,-0.0069978458589411,-0.0033597204021907
ENSMUSG00000004768.15,0.1006385541892546,0.106336718359047
ENSMUSG00000042215.9,-1.359475636807381,-1.33513304502176
ENSMUSG00000042197.14,-0.1252866898421155,-0.120560256277649
ENSMUSG00000026131.22,-0.605243641786392,-0.599609628915241
ENSMUSG00000103001.2,-0.363437447519699,-0.306156265131533
ENSMUSG00000042111.10,0.1010832811487961,0.105715501606831
ENSMUSG00000101711.2,0.3599713007631848,0.363817026207037
ENSMUSG00000026127.14,0.0619224216113856,0.0663544004278113
ENSMUSG00000037509.22,0.0831441967826729,0.0896815520761484
ENSMUSG00000037503.13,-0.2263200632030231,-0.221601541862816
ENSMUSG00000026123.12,-0.2737672961402002,-0.267611152623143
ENSMUSG00000045216.8,-0.2080464829406553,-0.203143212259221
ENSMUSG00000104523.2,-0.2773440780863765,-0.271942024893426
ENSMUSG00000102202.3,0.9632146363511958,0.953778289051605
ENSMUSG00000037470.15,-0.4574464011784622,-0.452716412844838
ENSMUSG00000047180.9,0.5056011068349305,0.509499935776005
ENSMUSG00000037447.17,0.146141719703616,0.147200807085844
ENSMUSG00000010453.13,-0.0819845948577027,-0.0779974743382995
ENSMUSG00000037432.16,-1.1949642407822885,-1.18529363910254
ENSMUSG00000001143.14,0.2845209499981702,0.288301332188208
ENSMUSG00000037408.11,0.1559985565167398,0.160536499741356
ENSMUSG00000001138.14,0.3609576973551898,0.363212893572188
ENSMUSG00000079610.10,0.1244737122093949,0.129531728752312
ENSMUSG00000026121.14,0.770537049303041,0.775517570144829
ENSMUSG00000061518.12,-0.3587678965042207,-0.353862691142817
ENSMUSG00000037351.10,-0.2859315896190568,-0.281080053180309
ENSMUSG00000026117.11,-0.7191104965582127,-0.714190035508283
ENSMUSG00000026116.12,0.0521871540456716,0.0579809326424165
ENSMUSG00000026113.18,0.015622435385681,0.0204433388021156
ENSMUSG00000026112.8,-0.4985421765760727,-0.494330407963769
ENSMUSG00000026111.16,-0.1479819470756808,-0.143444334879837
ENSMUSG00000026110.16,0.6263681317113452,0.614082476749331
ENSMUSG00000060771.16,0.3520709189124876,0.367344541480821
ENSMUSG00000037216.6,-0.2039284499827541,-0.199369974782464
ENSMUSG00000026088.16,0.7591136817854721,0.761763574248109
ENSMUSG00000026087.12,0.3944134574351401,0.398824206157533
ENSMUSG00000058407.13,0.3185836549589462,0.323558310904954
ENSMUSG00000026083.13,0.1384721971898739,0.142931602856957
ENSMUSG00000026082.12,-0.0084879627166128,-0.0035552791877105
ENSMUSG00000026078.11,0.2019659704955404,0.206462625190581
ENSMUSG00000026077.16,2.76413502390228,2.6648228753042
ENSMUSG00000073702.12,-0.4663245695360845,-0.461669119089419
ENSMUSG00000003134.11,0.0610928868194875,0.0668014029191119
ENSMUSG00000003135.16,0.0806521966472526,0.0850291878746325
ENSMUSG00000085894.2,-0.197424057785379,-0.178310761437336
ENSMUSG00000048234.14,0.2936621413666739,0.298200390552085
ENSMUSG00000026074.16,0.2743708501120381,0.274316489650837
ENSMUSG00000026072.13,-0.2349460805016242,-0.229380134605397
ENSMUSG00000103560.2,-0.2553566856948445,-0.24395936509204
ENSMUSG00000103270.3,0.6146360840256657,0.598777862568989
ENSMUSG00000041945.13,0.6420262636285685,0.635880399914494
ENSMUSG00000060679.15,-0.0171485798178165,-0.012811377231355
ENSMUSG00000070939.10,0.086923762737226,0.0914906298023728
ENSMUSG00000010290.8,-0.1845800395729789,-0.179637028325667
ENSMUSG00000094497.2,-0.4987130812775618,-0.485770701352516
ENSMUSG00000066877.12,0.4793457070958167,0.449079906944596
ENSMUSG00000057363.13,0.1892213637820849,0.191551430861747
ENSMUSG00000041763.15,-0.0628221803488823,-0.0582575337777938
ENSMUSG00000026049.12,-0.5512909164026035,-0.569107558124961
ENSMUSG00000026047.14,0.2784356667984976,0.282672752354746
ENSMUSG00000041684.12,-0.229404569496722,-0.224934297584187
ENSMUSG00000026048.17,0.4780250420538371,0.483205279244629
ENSMUSG00000026043.19,1.276601548897497,1.28261942145896
ENSMUSG00000026042.17,0.1028407572638514,0.112344859612565
ENSMUSG00000025995.17,0.1561895609355137,0.161035805563466
ENSMUSG00000084817.4,-0.5373975788815162,-0.534071892580384
ENSMUSG00000025993.11,-0.2234192231671432,-0.218948509560979
ENSMUSG00000025986.7,0.0089396363611173,0.021325436875561
ENSMUSG00000100213.2,-1.1413034130995632,-1.1223425048017
ENSMUSG00000045954.8,-0.0211712309253462,-0.0174941141009425
ENSMUSG00000026107.12,0.6306174311184471,0.635161406828922
ENSMUSG00000099413.2,-0.3534742734912138,-0.346618920538075
ENSMUSG00000018417.15,-0.0911559765176876,-0.086299166236419
ENSMUSG00000109599.2,0.0490932884345474,0.0715613489167161
ENSMUSG00000026104.15,2.574961850969823,2.57866686926057
ENSMUSG00000026103.15,0.177760808218645,0.178357590456559
ENSMUSG00000002881.15,-0.2073527623465071,-0.202922453938764
ENSMUSG00000043015.16,-0.2794896267960545,-0.264863434257026
ENSMUSG00000041439.16,0.3856129824433373,0.39007324295756
ENSMUSG00000026102.10,0.4114186475029336,0.405666242813654
ENSMUSG00000041426.13,-0.2631480191879821,-0.257967532830161
ENSMUSG00000043629.13,-1.5966815381371822,-1.57420165671708
ENSMUSG00000026098.14,0.4396525915379154,0.43930935510094
ENSMUSG00000100763.2,0.7480593348049558,0.73944864875866
ENSMUSG00000026097.10,-0.0646431420343266,-0.0595290043239333
ENSMUSG00000026096.15,0.0701003798904447,0.0740921302744408
ENSMUSG00000099913.2,0.2543175271489631,0.26044246524285
ENSMUSG00000026095.16,-0.6124921546100287,-0.606324224607106
ENSMUSG00000026094.15,-0.0404223083775874,-0.0338664561665067
ENSMUSG00000042807.16,0.1582058523148679,0.17853394929964
ENSMUSG00000041303.8,0.3784029965373454,0.38257620769814
ENSMUSG00000073678.5,-1.824706238129825,-1.81831111297052
ENSMUSG00000052331.15,0.0639688396186085,0.0597214317030937
ENSMUSG00000025982.14,0.0478066160522254,0.0524699657824633
ENSMUSG00000103030.2,-1.6993329138618605,-1.66818758356971
ENSMUSG00000025981.14,-1.5161639085017369,-1.50880154941358
ENSMUSG00000101122.2,-1.0846094541710627,-1.0296736318612
ENSMUSG00000025980.15,-0.2043807061304632,-0.199610629153566
ENSMUSG00000073676.5,0.2895970755817987,0.294352310197716
ENSMUSG00000025979.14,-0.1687640182453824,-0.164508496464233
ENSMUSG00000025978.15,0.0697783483375599,0.0148297665844004
ENSMUSG00000046994.10,-0.2763708679174978,-0.272119925594481
ENSMUSG00000038331.16,0.1608201388854672,0.177091711384341
ENSMUSG00000038323.4,-0.5015260166750444,-0.496534912777568
ENSMUSG00000048495.17,0.4322517539073656,0.43643066838395
ENSMUSG00000025971.7,0.0809775452794943,0.0850595873523086
ENSMUSG00000038305.16,5.4690329813512335,5.46417381294695
ENSMUSG00000054770.17,0.4322944737190216,0.439628453848378
ENSMUSG00000063558.5,-0.0777618207242025,-0.0730581583477374
ENSMUSG00000064294.13,-1.5736174977483153,-1.56821077845113
ENSMUSG00000103839.2,-0.4870142740990916,-0.499609628843359
ENSMUSG00000051223.15,0.1202193888641099,0.124930191082404
ENSMUSG00000026034.18,-0.3577140209448365,-0.353070569291549
ENSMUSG00000026035.16,0.2239431593674996,0.227298253761524
ENSMUSG00000026036.18,0.4238104038593648,0.428003343684604
ENSMUSG00000026037.15,0.5467620953481102,0.549621651001861
ENSMUSG00000085054.3,-0.856855214743375,-0.85045058740988
ENSMUSG00000038174.15,-0.4367416974235553,-0.431529261290579
ENSMUSG00000026032.9,-0.293646766018262,-0.289109967433889
ENSMUSG00000047528.14,2.6561530598732617,2.6073881045968
ENSMUSG00000121483.1,0.4655149937257274,0.473426677978616
ENSMUSG00000026031.16,-0.3577509436050613,-0.35323101872795
ENSMUSG00000026029.15,-0.1978982869439789,-0.194860092788625
ENSMUSG00000026028.13,-0.3382891067957201,-0.333791494801889
ENSMUSG00000026027.14,-0.2415186985002875,-0.236509278346241
ENSMUSG00000038079.15,0.0446683210687304,0.0515943759878032
ENSMUSG00000097573.4,-1.2525823158711076,-1.2504793903707
ENSMUSG00000079550.10,-1.503686423636916,-1.4924825935033
ENSMUSG00000101586.2,-0.1498082272434586,-0.145956973350115
ENSMUSG00000026024.15,-0.105176272883493,-0.10062161962832
ENSMUSG00000041075.9,-0.44485871676032,-0.43774281852075
ENSMUSG00000026021.16,-0.1245596089475368,-0.120209228525778
ENSMUSG00000026020.10,0.3414825255379479,0.342057514615483
ENSMUSG00000067336.7,-0.2061087746450379,-0.201710343093325
ENSMUSG00000041040.13,-0.1901302417533703,-0.185898658687565
ENSMUSG00000026019.16,-0.1369419622032731,-0.130997128623113
ENSMUSG00000026017.14,-0.2548498920220162,-0.250544288179912
ENSMUSG00000073664.12,-0.8058713864858323,-0.8007347148544
ENSMUSG00000049439.14,0.9218043583634004,0.925467203006905
ENSMUSG00000026782.16,-0.5684882462797832,-0.563802577731118
ENSMUSG00000026014.16,0.4205306441073922,0.425532809674796
ENSMUSG00000101188.2,-0.2607632461034309,-0.25482426871775
ENSMUSG00000120928.1,-0.300546829317278,-0.2962991485503
ENSMUSG00000026009.15,-0.1255964010952184,-0.121627996894803
ENSMUSG00000052062.15,-0.5346299420941301,-0.53200916648505
ENSMUSG00000085400.2,1.345210005395033,1.31115597372927
ENSMUSG00000025969.16,0.0100254105363992,0.0172636068595171
ENSMUSG00000040865.17,-0.229156672572034,-0.224378299525798
ENSMUSG00000084799.9,-0.4398261222737718,-0.434889804410885
ENSMUSG00000101599.2,-0.6589483818622023,-0.655227238353369
ENSMUSG00000025968.17,-0.4543762837476917,-0.449810092252495
ENSMUSG00000025967.17,-0.4889124807169688,-0.483812145791909
ENSMUSG00000025964.16,-0.3895810397681237,-0.38861389155167
ENSMUSG00000025962.16,0.1406893865876477,0.146465316099851
ENSMUSG00000025959.14,-0.0025902654531548,0.0009304256438729
ENSMUSG00000025958.15,-0.2409503449228035,-0.236347272419616
ENSMUSG00000025956.11,-0.2446851266413218,-0.24310284971443
ENSMUSG00000070871.11,-0.1009359641387725,-0.0905182834548598
ENSMUSG00000045005.10,-0.2112329227446449,-0.203531817152781
ENSMUSG00000051344.14,0.3860621080137627,0.359272588623531
ENSMUSG00000084416.4,-1.439349911774349,-1.43435547672296
ENSMUSG00000025950.17,-0.3301446923644388,-0.325538589828295
ENSMUSG00000025949.17,-0.1160102968048271,-0.111319356502174
ENSMUSG00000015222.19,-0.6153398341972072,-0.625217185484954
ENSMUSG00000026005.16,0.1549783735400201,0.158915816715977
ENSMUSG00000026004.16,-0.2727510033117787,-0.268202251600567
ENSMUSG00000102776.2,0.3462902566629071,0.354392913907711
ENSMUSG00000103756.2,0.5086712449478532,0.481074780006559
ENSMUSG00000026003.6,-0.5098441738800268,-0.505032786511056
ENSMUSG00000026000.17,0.0074241973023205,0.0124001359452094
ENSMUSG00000120337.1,-0.4151304181403771,-0.396267038973814
ENSMUSG00000025991.9,-0.6789241418715416,-0.674007990752467
ENSMUSG00000062209.16,-0.5626680342208776,-0.556671838514057
ENSMUSG00000026192.14,0.3392852114708619,0.343793660947727
ENSMUSG00000026193.16,-0.2411396753967636,-0.236343460957973
ENSMUSG00000073652.11,-0.0756366831788394,-0.0685756711391061
ENSMUSG00000099707.8,0.2729833944084438,0.271155610053151
ENSMUSG00000101211.3,1.0370157119369228,0.985617950219659
ENSMUSG00000121242.1,-0.4608828780432654,-0.48522936226585
ENSMUSG00000039395.9,0.6426025533840427,0.643574816410642
ENSMUSG00000121277.1,0.5746667079281516,0.586955259135705
ENSMUSG00000026189.14,-0.3553299097865045,-0.350739955824106
ENSMUSG00000026187.10,0.0882933330820218,0.0930268335785375
ENSMUSG00000039354.17,0.4465613925731189,0.452594425254006
ENSMUSG00000046330.11,-0.6102909923903816,-0.605994670753357
ENSMUSG00000039323.19,-0.551893833362242,-0.545354915507537
ENSMUSG00000026185.9,-0.5176724562661096,-0.464709258115563
ENSMUSG00000055322.17,0.1271331778261565,0.13283222209561
ENSMUSG00000006304.15,-0.0049736541245882,-4.90306938475815e-05
ENSMUSG00000006299.14,-0.4122337033180901,-0.408091532516739
ENSMUSG00000101503.2,-0.3078608485043098,-0.303359912746373
ENSMUSG00000026179.15,1.1629476365486056,1.16698601524357
ENSMUSG00000006301.18,0.4418282879498849,0.446170105705809
ENSMUSG00000026177.12,0.8733115632907993,0.871676469414967
ENSMUSG00000026176.14,-0.148884813105534,-0.144366581601356
ENSMUSG00000033364.14,0.3234378357636973,0.329897715651584
ENSMUSG00000026174.10,0.2885306807108145,0.293372771771553
ENSMUSG00000026173.17,0.1459529477255356,0.132270971565282
ENSMUSG00000026135.18,0.3849308946051197,0.383361535469972
ENSMUSG00000026172.13,0.3464212574244366,0.34920116140968
ENSMUSG00000026171.13,0.6454038597951693,0.649433814356811
ENSMUSG00000033276.19,0.4509324342222229,0.446443656836834
ENSMUSG00000033257.15,-0.1241323076148794,-0.119991737933503
ENSMUSG00000026170.7,-0.502738679763599,-0.498109412305792
ENSMUSG00000006538.13,-0.0697122319214407,-0.0905337696299866
ENSMUSG00000026162.9,-0.4262082154583075,-0.422176851298325
ENSMUSG00000033159.15,-0.1909206205494356,-0.186699917959974
ENSMUSG00000121256.1,-0.8420467079821808,-0.826798940401068
ENSMUSG00000049339.17,-0.1668199297638891,-0.162267375282022
ENSMUSG00000026197.13,-0.3561138033719853,-0.351242909448545
ENSMUSG00000026198.16,-1.1489625987852314,-1.14833154311817
ENSMUSG00000033124.17,-0.1669467281608904,-0.159139625585771
ENSMUSG00000026199.19,-0.1940856265537668,-0.189478359281506
ENSMUSG00000026200.14,-0.0441279998730856,-0.0465292412410577
ENSMUSG00000026201.13,-0.1482829597843722,-0.143326331102598
ENSMUSG00000026202.14,0.5747419598130892,0.580139225712105
ENSMUSG00000026203.17,0.3282317843660723,0.332601785248362
ENSMUSG00000026209.16,-0.1832245997475032,-0.178453250485671
ENSMUSG00000026208.10,0.6829654688348578,0.689016866146077
ENSMUSG00000033021.17,-0.1593568197101318,-0.156144228558769
ENSMUSG00000032997.17,1.008579477341878,1.03998356873804
ENSMUSG00000026213.16,0.3273537448690088,0.331592791018437
ENSMUSG00000026245.17,0.2865019970033322,0.291029174630881
ENSMUSG00000012187.14,-0.9708414309280988,-0.984681289403189
ENSMUSG00000032883.16,-0.4382269326734482,-0.432425987724351
ENSMUSG00000079470.9,0.4014222484480515,0.408095978630737
ENSMUSG00000054702.15,1.1173657555907437,1.14220999971557
ENSMUSG00000073643.12,-0.2660966861338042,-0.261116410236109
ENSMUSG00000026248.10,0.2064154225639583,0.209896756653053
ENSMUSG00000026249.11,0.9632052502018742,0.957248476602215
ENSMUSG00000067106.7,-0.4517242055025756,-0.454118448196109
ENSMUSG00000004364.15,-0.4004845596070822,-0.396392763708594
ENSMUSG00000038608.16,0.3198938732021782,0.323980703974257
ENSMUSG00000055980.3,-0.1525575383822089,-0.148451105046633
ENSMUSG00000026142.16,0.1195821551456765,0.123970487868686
ENSMUSG00000097564.3,-1.0162709551856677,-1.00976235918357
ENSMUSG00000026150.15,-0.3963468027045239,-0.39127142200048
ENSMUSG00000026159.14,0.1539983518688683,0.15890829909448
ENSMUSG00000045658.17,0.792607855422674,0.797250831784111
ENSMUSG00000026219.15,0.3866963772915607,0.391384533551912
ENSMUSG00000073633.10,0.7823611883456575,0.785601184381815
ENSMUSG00000052477.16,3.5671170536556622,3.41593270487432
ENSMUSG00000072109.13,1.9768996986513363,1.9435735662412
ENSMUSG00000079457.12,1.6505650598430968,1.63668881593113
ENSMUSG00000101751.2,-0.0839505069387568,-0.0788319958750202
ENSMUSG00000089714.2,-0.1885088843039313,-0.194485270493208
ENSMUSG00000070034.14,1.843585329125424,1.83715491957132
ENSMUSG00000070031.12,1.7225344915183745,1.69230854680061
ENSMUSG00000073628.6,1.9751304089817696,1.94422763343506
ENSMUSG00000090246.2,1.1928316965432382,1.19681002183168
ENSMUSG00000026222.17,1.2519596274006968,1.25583305050532
ENSMUSG00000052760.17,0.4908547748249982,0.479055159924418
ENSMUSG00000036707.17,-0.1507566608202694,-0.146943922152039
ENSMUSG00000026223.16,0.6959954122059097,0.700126558822086
ENSMUSG00000099342.2,-0.572017508162241,-0.571374564719021
ENSMUSG00000026227.12,-0.1780330746447845,-0.173367149778398
ENSMUSG00000026229.18,0.095075996450111,0.0997463949453336
ENSMUSG00000062590.14,-0.5207879267417137,-0.515233366163366
ENSMUSG00000026234.13,-0.149661653421515,-0.144952918647313
ENSMUSG00000026238.15,0.0213721166406942,0.0260914576206377
ENSMUSG00000026239.15,0.4992064868830391,0.503101666275639
ENSMUSG00000026240.13,-0.1071996696264892,-0.101732918166903
ENSMUSG00000053333.16,0.2066866159908991,0.21136895616318
ENSMUSG00000084106.5,-0.5300836581304511,-0.527455860181937
ENSMUSG00000026254.18,0.0223294157205663,0.0268839196831222
ENSMUSG00000048000.16,-0.090155757470264,-0.0859829560287385
ENSMUSG00000026259.15,-0.3352274037110351,-0.332698841508492
ENSMUSG00000079434.9,1.5767333198362776,1.57137518569931
ENSMUSG00000026288.15,0.8131339499626105,0.801082701706977
ENSMUSG00000026289.16,-0.1381515785030292,-0.133567622927418
ENSMUSG00000070738.11,-0.1640708609410684,-0.159469971047539
ENSMUSG00000005501.15,0.1478977079163773,0.152600244537257
ENSMUSG00000092220.2,-0.3556817426149194,-0.351095504047573
ENSMUSG00000090175.2,-0.5094600990146512,-0.504629067643023
ENSMUSG00000090124.8,0.1231064571919835,0.161224886240579
ENSMUSG00000090145.8,-0.1420667455545075,-0.137237764668385
ENSMUSG00000089943.2,-0.1102755737481406,-0.110790098821254
ENSMUSG00000089960.2,-0.4057608345694392,-0.401204596456894
ENSMUSG00000079429.11,-0.4331273990183257,-0.424797429516686
ENSMUSG00000044783.17,-0.0320971082280822,-0.0272718758338155
ENSMUSG00000026295.13,-0.4549259821895556,-0.450058643235637
ENSMUSG00000049866.13,-0.7835611541620112,-0.778495855272951
ENSMUSG00000036206.13,0.4142409086684568,0.396655915172894
ENSMUSG00000055013.17,-0.1235257912711447,-0.119944751864729
ENSMUSG00000034432.12,0.2764971088286792,0.280949411616394
ENSMUSG00000048126.17,-0.0302398293532501,-0.0184049479982645
ENSMUSG00000026303.7,0.0596944546445187,0.0489450418441389
ENSMUSG00000026304.14,-0.1521749407182646,-0.147500267066368
ENSMUSG00000026305.16,0.3737286544480473,0.377849427015166
ENSMUSG00000034353.15,-0.695128480553412,-0.707522072215381
ENSMUSG00000034343.15,-0.3059187601181916,-0.300762052665189
ENSMUSG00000026307.13,0.4105403041857141,0.415117183546638
ENSMUSG00000090322.2,0.5395016828521125,0.543708137968009
ENSMUSG00000026309.15,-0.1736393746119568,-0.168589228924814
ENSMUSG00000067071.9,-0.7893387250302231,-0.782700676717818
ENSMUSG00000055866.10,0.0312107418430799,0.0370300281208626
ENSMUSG00000034292.14,-0.2939786534552561,-0.29128604198477
ENSMUSG00000026311.17,-0.5996697377244047,-0.592991226477968
ENSMUSG00000026313.17,-0.0342512381439075,-0.0307258749737782
ENSMUSG00000026260.13,-0.1818108692489892,-0.177253846886567
ENSMUSG00000073616.11,-0.3637227253654249,-0.361141157887848
ENSMUSG00000034220.8,0.4350554195280087,0.437770695647872
ENSMUSG00000047067.8,-0.2324233206466515,-0.228565654859361
ENSMUSG00000097251.3,-0.786899218493764,-0.770849791872215
ENSMUSG00000026269.15,0.2190008289131959,0.223491510747798
ENSMUSG00000100632.2,0.0627017994946665,0.054428397790413
ENSMUSG00000026270.12,-0.331300402999605,-0.327693072623661
ENSMUSG00000026271.16,3.193127738040057,3.13471643988778
ENSMUSG00000026272.7,-0.6092354529755707,-0.604507506707001
ENSMUSG00000047793.14,-0.1455101332222725,-0.141421484857039
ENSMUSG00000026273.14,-0.2176880776773533,-0.212973004969686
ENSMUSG00000026275.14,0.5563999671637243,0.559281982474794
ENSMUSG00000034088.16,-0.142273287420237,-0.137466488810682
ENSMUSG00000034066.14,-0.3978313719143405,-0.393217471461626
ENSMUSG00000026277.15,-0.2341906446883306,-0.229071782528546
ENSMUSG00000100927.2,-0.370345695779125,-0.348481462646796
ENSMUSG00000026278.15,0.4829171485354382,0.481990822268446
ENSMUSG00000026279.15,-0.0069988184153138,-0.0024571983894683
ENSMUSG00000101952.2,-0.0881372023750047,-0.0804941025929426
ENSMUSG00000026280.18,0.2380362428088897,0.242299505800122
ENSMUSG00000026281.16,0.1719634120536435,0.176744951642827
ENSMUSG00000026283.14,-0.0375144404394584,-0.0324578622280825
ENSMUSG00000073609.10,-0.383752389555072,-0.379463722433601
ENSMUSG00000101660.2,-0.2973798641033989,-0.253936957641536
ENSMUSG00000093805.8,-1.339663677870888,-1.32560916165862
ENSMUSG00000051185.10,-0.0324463148579729,-0.0281080492614766
ENSMUSG00000081051.5,-0.343872190965294,-0.333022224153146
ENSMUSG00000044768.17,-0.1127345989563128,-0.106904461625617
ENSMUSG00000040648.16,0.3131078808361747,0.319146562038393
ENSMUSG00000026333.15,0.3536442523980359,0.360574796397839
ENSMUSG00000026335.17,0.2064695729318657,0.214715879604607
ENSMUSG00000089782.2,0.0329540379596237,0.0411995838743467
ENSMUSG00000047496.7,-0.7768349309914623,-0.773649240911695
ENSMUSG00000097482.4,-0.6750165294737759,-0.702013181577838
ENSMUSG00000056536.15,0.5397498185244947,0.544282873176885
ENSMUSG00000026319.14,0.4153970373907226,0.420732871955898
ENSMUSG00000026321.9,0.8943230819120608,0.89612792482165
ENSMUSG00000099843.3,-0.5724867212146931,-0.561623374786154
ENSMUSG00000038866.16,0.0552062703584982,0.0597832593126245
ENSMUSG00000044340.8,-0.160429408818527,-0.15590352276785
ENSMUSG00000057329.8,0.7697142271098626,0.770030169782109
ENSMUSG00000009905.6,-0.8165292437250178,-0.811633094759841
ENSMUSG00000009907.18,0.1023214978844472,0.107089681371414
ENSMUSG00000026315.14,0.4933965351793186,0.467137238122753
ENSMUSG00000026374.15,-0.0738363122017713,-0.0686244265039427
ENSMUSG00000026377.13,0.0847493146189581,0.0882640451891867
ENSMUSG00000064302.15,0.0782517907598087,0.0830558020820638
ENSMUSG00000026380.11,-0.0595890409927555,-0.0551060940566679
ENSMUSG00000037035.6,1.093273651711104,1.08601845889857
ENSMUSG00000004451.15,0.493460470601582,0.498761793029136
ENSMUSG00000098447.3,-0.5261337133834497,-0.531262280265769
ENSMUSG00000098923.2,0.253146343323682,0.25778554647409
ENSMUSG00000026383.15,-0.251452293004298,-0.247323521085851
ENSMUSG00000026384.14,-0.5218520285022245,-0.516785015191325
ENSMUSG00000036975.6,0.141777552365853,0.144870779495685
ENSMUSG00000050777.8,0.1352457841280193,0.141813441108486
ENSMUSG00000026385.17,-0.6407683045180309,-0.636672927755703
ENSMUSG00000026389.17,0.1897494217709935,0.194446167672588
ENSMUSG00000026390.8,1.1750357100461593,1.15970315686682
ENSMUSG00000003721.15,1.2275202396418934,1.23019613924959
ENSMUSG00000026339.19,-0.242360289509806,-0.237626322855457
ENSMUSG00000001674.12,0.3560439203231202,0.359934239501341
ENSMUSG00000026341.17,0.0155901823635188,0.0196502284913197
ENSMUSG00000026342.11,0.5260313398516058,0.530167122648421
ENSMUSG00000026343.7,0.5732291677083742,0.576152073157383
ENSMUSG00000026344.10,0.5510642808083377,0.527285692893817
ENSMUSG00000036155.14,1.3530233738619155,1.35894719087214
ENSMUSG00000099471.2,-0.7379940161226402,-0.718053366002695
ENSMUSG00000026347.14,0.401090598520863,0.387035648180289
ENSMUSG00000121232.1,-0.4612148263574061,-0.445461559868778
ENSMUSG00000026348.8,1.65590903432715,1.66492515895423
ENSMUSG00000102014.2,1.6117133681198632,1.62752136313981
ENSMUSG00000026349.15,0.0826258642975502,0.0870814902191329
ENSMUSG00000036104.13,0.2332125287774465,0.237802898354045
ENSMUSG00000036086.17,-0.2178852265363161,-0.21464880986995
ENSMUSG00000058603.11,-0.5112262107160958,-0.476539361512383
ENSMUSG00000056211.14,-0.0034289896624391,0.0008547573856853
ENSMUSG00000026353.10,0.2882291894509705,0.29301921491898
ENSMUSG00000026355.12,0.5206356487820072,0.534117307648806
ENSMUSG00000026356.16,-0.0189654000178138,-0.0145993198611321
ENSMUSG00000100078.2,-0.7077374506278126,-0.687698057051452
ENSMUSG00000045382.7,1.1673098421177135,1.12436544372264
ENSMUSG00000087691.2,-0.7431149373320277,-0.726001010616588
ENSMUSG00000086825.2,-0.5674069974665491,-0.559539857495408
ENSMUSG00000026399.13,0.6262482101581641,0.630568809448211
ENSMUSG00000026405.15,0.4527341561271726,0.457516634100372
ENSMUSG00000101904.2,0.903393420631089,0.882135525707125
ENSMUSG00000026409.15,0.2759318277804965,0.282719080485653
ENSMUSG00000046404.6,-0.1948328718285024,-0.183928190952602
ENSMUSG00000104515.2,1.4746498819506586,1.47258941333112
ENSMUSG00000042510.8,0.8959472351094777,0.933377437725307
ENSMUSG00000099556.3,0.935413172097398,0.948582753412789
ENSMUSG00000026417.14,-0.0293619866328996,-0.0248285300327434
ENSMUSG00000016528.11,0.4463662896017775,0.45108798717805
ENSMUSG00000016526.9,0.9939182453531707,0.998565188150267
ENSMUSG00000026427.17,0.5582491749706893,0.563171081943975
ENSMUSG00000026430.17,-0.2660517823627663,-0.257143189140166
ENSMUSG00000042349.14,0.4775299482755214,0.481249545281481
ENSMUSG00000102027.2,0.4328950460556258,0.405408746379427
ENSMUSG00000102055.2,1.301205400783289,1.28355483169796
ENSMUSG00000026425.16,0.4588466834155704,0.462838743140336
ENSMUSG00000055184.5,-0.2434153614980847,-0.249791170495255
ENSMUSG00000004552.17,-1.0955438329434082,-1.09046351587378
ENSMUSG00000052688.13,2.126850294837006,2.07143752079733
ENSMUSG00000042251.13,-0.2114187648620838,-0.206706644753575
ENSMUSG00000013275.10,0.2393259017411834,0.247185030529458
ENSMUSG00000026433.14,0.0582643694114257,0.0637644704983601
ENSMUSG00000026434.13,0.1491752443856619,0.154220611846182
ENSMUSG00000103975.2,0.2852138475685484,0.290587253265746
ENSMUSG00000026435.16,1.892158994151,1.89408957125675
ENSMUSG00000026436.16,-0.2947857113046757,-0.290339858484788
ENSMUSG00000059149.18,-0.6566504780535036,-0.642710990194357
ENSMUSG00000026437.13,-0.4072149176269199,-0.402216578291871
ENSMUSG00000099874.2,-0.3074763699877621,-0.307168244046212
ENSMUSG00000042115.5,1.075258242732164,1.0224623514972
ENSMUSG00000009772.16,0.1584375854226375,0.166189114636538
ENSMUSG00000042066.17,0.0738363230178822,0.069597149627546
ENSMUSG00000042046.16,0.1418641168768938,0.144436432835516
ENSMUSG00000097760.3,0.0257031676397713,0.042106959222948
ENSMUSG00000026439.15,0.2685675504560773,0.273402685215493
ENSMUSG00000048174.3,-0.3571995175407184,-0.350498538456169
ENSMUSG00000026442.15,0.2620795828170015,0.243179486320134
ENSMUSG00000054387.14,0.0439882513187265,0.0487795748963279
ENSMUSG00000026447.18,0.6686415920352958,0.674214896814437
ENSMUSG00000102425.2,-0.0475892451197191,-0.0212462638387389
ENSMUSG00000046062.6,-0.3651644583516923,-0.36010398793921
ENSMUSG00000041757.18,-0.1442067847040155,-0.138831025104741
ENSMUSG00000101693.2,0.3519339258589077,0.298659020664665
ENSMUSG00000103421.2,0.6031257085384235,0.609288730841194
ENSMUSG00000070644.14,-0.1562633254801109,-0.150766748988538
ENSMUSG00000070643.12,0.6923777607691848,0.698336587796303
ENSMUSG00000090553.9,-0.2173628698609385,-0.212928707749428
ENSMUSG00000094410.9,-0.6693211847399905,-0.66014146042819
ENSMUSG00000026463.18,-0.4656990629137598,-0.455800494435694
ENSMUSG00000090208.2,-0.1993439375322291,-0.167384844043933
ENSMUSG00000041577.6,-0.4105208313515763,-0.40212606889133
ENSMUSG00000041559.8,-0.8040037683135947,-0.756166399173841
ENSMUSG00000020423.7,1.283833048165417,1.29405935548525
ENSMUSG00000042451.13,-0.3890646728358067,-0.386827042455645
ENSMUSG00000042429.10,0.0499086772727372,0.05395093971859
ENSMUSG00000026458.14,0.3162680630281216,0.303554828641015
ENSMUSG00000042305.13,-0.4705340151881569,-0.466071330093276
ENSMUSG00000026456.19,-0.4613588387639497,-0.462743734350315
ENSMUSG00000026457.15,-0.2447560050988113,-0.240219659980116
ENSMUSG00000026455.15,-0.1998478306976973,-0.195116624231207
ENSMUSG00000042229.10,0.3263093826695525,0.330184351937563
ENSMUSG00000042207.18,0.1445569604377557,0.146723582018485
ENSMUSG00000073557.13,0.1536300318468985,0.157243636483679
ENSMUSG00000026426.11,0.584483167567808,0.587634307545838
ENSMUSG00000079139.5,-0.2289482326070463,-0.224590916062219
ENSMUSG00000097680.2,0.121114265389281,0.125791658452844
ENSMUSG00000003051.14,1.822639787589312,1.76434828620616
ENSMUSG00000041926.16,0.2980239580837555,0.302438608544468
ENSMUSG00000062580.10,-0.08301714195256,-0.078730026986227
ENSMUSG00000041879.14,0.0871301075805171,0.0915005151599798
ENSMUSG00000009418.18,0.1751600841860054,0.182337763443584
ENSMUSG00000026421.15,1.3042173479772583,1.31202793961727
ENSMUSG00000041801.6,3.916010562269016,3.86400314439439
ENSMUSG00000026411.18,0.0842438655943962,0.0883918464100389
ENSMUSG00000041642.19,-0.5577810360002811,-0.539306766726865
ENSMUSG00000097433.2,0.2397030884568191,0.234864111404212
ENSMUSG00000041570.15,-0.0724359968577491,-0.0674320016790109
ENSMUSG00000026404.13,-0.2419237595509462,-0.236720022159504
ENSMUSG00000041483.15,0.0667321974861022,0.072913328220741
ENSMUSG00000097113.9,1.974836386262236,1.96699302338206
ENSMUSG00000097448.2,3.181871922030961,3.04371440129606
ENSMUSG00000026398.15,0.036718766495694,0.0412394405891401
ENSMUSG00000026395.17,0.7679004229025906,0.766829385665273
ENSMUSG00000026393.11,-0.2662962681214956,-0.261197770574321
ENSMUSG00000099510.3,-0.2279126812595871,-0.22139118610265
ENSMUSG00000079283.3,-0.7259554195218423,-0.711527354666823
ENSMUSG00000056268.16,0.0636038234043139,0.0676912788192707
ENSMUSG00000033964.13,-0.280933199543675,-0.276246762861738
ENSMUSG00000026368.7,-0.3975350064328303,-0.392944205666288
ENSMUSG00000057037.9,-0.1528109671904337,-0.148014876265376
ENSMUSG00000090623.4,-0.1164676565190121,-0.112061834569704
ENSMUSG00000070594.11,-0.5090186332153422,-0.504366673069566
ENSMUSG00000033898.18,-0.4755443342999261,-0.470866521084713
ENSMUSG00000089991.3,-0.1140282906642561,-0.111290614681324
ENSMUSG00000085867.2,0.2301251292177488,0.24233674273881
ENSMUSG00000026365.16,-1.074883532221134,-1.07011506632425
ENSMUSG00000052726.17,-0.4180428669256806,-0.373589111914327
ENSMUSG00000101795.3,-0.2858851521516016,-0.267736711711025
ENSMUSG00000026361.10,-0.1583052995117729,-0.153674410291427
ENSMUSG00000018196.19,-0.7257857207740369,-0.724709945491492
ENSMUSG00000018199.10,0.1046886399657222,0.10312389950981
ENSMUSG00000018189.13,-0.3356358295872206,-0.330830150051311
ENSMUSG00000026360.10,1.4800565926837763,1.46927592319989
ENSMUSG00000026358.14,2.2683387609622816,2.27721256044009
ENSMUSG00000056220.15,-0.0742017353946005,-0.0634496532506855
ENSMUSG00000006010.15,0.3459000196121915,0.35063035329182
ENSMUSG00000006005.19,0.3174425298919093,0.322101429737177
ENSMUSG00000006014.18,1.1693957006189233,1.17283241678562
ENSMUSG00000066842.19,-1.242708728824386,-1.20114890591876
ENSMUSG00000097426.2,-0.3830506554086071,-0.371996164346752
ENSMUSG00000102095.2,-0.7703095748142421,-0.764038223248704
ENSMUSG00000100954.7,-0.0684059948107987,-0.0859929537672294
ENSMUSG00000023150.15,-0.4074872038708655,-0.402155566144079
ENSMUSG00000052748.15,0.0555796243294048,0.0606564423722501
ENSMUSG00000053286.12,0.4696472034037551,0.474474190760887
ENSMUSG00000103928.2,0.0957797797420197,0.101734901794054
ENSMUSG00000026484.14,0.3064366807419587,0.311306896875613
ENSMUSG00000026483.14,-0.248519872619862,-0.239996503452825
ENSMUSG00000100594.3,-0.354388888571026,-0.37262646401812
ENSMUSG00000043019.13,-0.1800134410401153,-0.173061467850183
ENSMUSG00000032666.17,-0.3470208432433156,-0.342653785288954
ENSMUSG00000014980.15,0.4372452533497292,0.437930473702104
ENSMUSG00000032649.15,-0.8569436707583239,-0.796293317211697
ENSMUSG00000026482.14,-0.3248411354657652,-0.318528428081828
ENSMUSG00000008475.14,0.1960601986031284,0.200009149822881
ENSMUSG00000026480.13,0.4536377462699566,0.454444097463112
ENSMUSG00000042772.16,0.3794426878082382,0.383839963555355
ENSMUSG00000026478.15,0.3558092105609581,0.360236665551819
ENSMUSG00000042699.12,-0.3850699523848152,-0.380254513128066
ENSMUSG00000042684.9,-0.3110750752846189,-0.282831231099163
ENSMUSG00000099858.2,-0.822938471044009,-0.814040464431644
ENSMUSG00000026475.8,-0.2126239907940901,-0.209574171979609
ENSMUSG00000099568.2,-0.024580660201187,-0.0291971321438554
ENSMUSG00000066800.12,0.3944557353782324,0.392858024030596
ENSMUSG00000045968.8,-0.6038667861604078,-0.599018601893844
ENSMUSG00000026473.17,-0.7946665805546368,-0.789896886761989
ENSMUSG00000056708.6,1.5207928034657985,1.51602230945546
ENSMUSG00000026471.15,0.8391265517434238,0.838503362875828
ENSMUSG00000026470.15,0.2293837817377052,0.229497153384936
ENSMUSG00000026469.15,-0.4287812440524756,-0.42162177739895
ENSMUSG00000033701.14,-0.1052793959644819,-0.09942761147803
ENSMUSG00000033684.15,-0.0906092066654654,-0.0861280775165757
ENSMUSG00000102299.2,-0.1469814859692066,-0.140886859522626
ENSMUSG00000033671.19,0.0315341676064907,0.0363236703532064
ENSMUSG00000026466.17,0.8425770805911317,0.847147425491411
ENSMUSG00000050565.17,0.8088151541218541,0.813198060827981
ENSMUSG00000078193.3,-0.5299767863915493,-0.50772293314384
ENSMUSG00000026600.13,0.0419910084643936,0.033418558059443
ENSMUSG00000101523.3,-0.1127756094952975,-0.106185648387418
ENSMUSG00000026596.14,0.3474416481688136,0.352906851441441
ENSMUSG00000060519.12,2.5133436652464267,2.5123441938291
ENSMUSG00000033557.18,-0.1758131320456661,-0.170743035225422
ENSMUSG00000102961.2,-0.4810943422071695,-0.481758014965215
ENSMUSG00000026594.15,-0.6366441215915842,-0.630729285245683
ENSMUSG00000070565.12,-0.3286164853223165,-0.321634668380947
ENSMUSG00000121798.1,0.037752383434852,0.056928433645213
ENSMUSG00000033488.12,0.6464713603584363,0.650264575290038
ENSMUSG00000026589.15,0.1475800155995701,0.152422359117567
ENSMUSG00000040782.13,-0.5455236912651497,-0.541060368082532
ENSMUSG00000090394.9,-0.7509724243199812,-0.740049764223757
ENSMUSG00000058267.14,-0.1476821163843326,-0.143124774335552
ENSMUSG00000014226.11,0.18514266452871,0.189809692582674
ENSMUSG00000026721.17,-0.3837408625594778,-0.37936718944588
ENSMUSG00000104302.2,-0.1498926567407548,-0.152159203322706
ENSMUSG00000103632.2,-0.3645525680580608,-0.369968170838155
ENSMUSG00000040423.12,-0.1628453842921387,-0.158538674959077
ENSMUSG00000026715.13,-0.338531588001103,-0.333872949871554
ENSMUSG00000103222.2,1.031072601124549,1.0408210293327
ENSMUSG00000103680.2,0.0621870615080407,0.0607955752767407
ENSMUSG00000043467.20,-0.203631281163034,-0.19910521117454
ENSMUSG00000053332.15,0.337712457501927,0.341471742279463
ENSMUSG00000077220.3,-0.5668335145544394,-0.56029186901213
ENSMUSG00000026709.11,0.1974089207803651,0.201788986725627
ENSMUSG00000102864.2,-1.191389732502222,-1.16426784583736
ENSMUSG00000026708.17,-0.1793802962689286,-0.18633930503091
ENSMUSG00000026705.17,0.1251538198281791,0.128388582360886
ENSMUSG00000026701.16,-0.2125926564021993,-0.20785244988814
ENSMUSG00000040297.13,0.4389955048299472,0.441843362542722
ENSMUSG00000026698.9,-0.0707325761647401,-0.0713344370855345
ENSMUSG00000078190.8,0.5396536923716589,0.537420071234085
ENSMUSG00000026694.20,-0.1025474731485574,-0.0981850976565576
ENSMUSG00000026696.16,-0.111941215343004,-0.107011797405677
ENSMUSG00000040225.16,0.2805718229349905,0.28527218354844
ENSMUSG00000026692.13,-0.0119288332174957,-0.0083969316725226
ENSMUSG00000040181.15,-0.3949894542367242,-0.390030707628886
ENSMUSG00000040170.14,-0.3731804732463034,-0.367844964760257
ENSMUSG00000026691.11,-2.124974562678842,-2.08986761396568
ENSMUSG00000040124.6,-0.0247106820687974,-0.0193656159485358
ENSMUSG00000026585.14,0.1797914838116539,0.190827848072054
ENSMUSG00000026584.15,-0.2990456531032117,-0.294390162012674
ENSMUSG00000041406.15,-0.5338459804284099,-0.531944135126961
ENSMUSG00000041396.14,0.0761892137502814,0.0807812281938757
ENSMUSG00000026581.15,1.4091417655327632,1.3940865366847
ENSMUSG00000026580.17,-0.5692574020985338,-0.555041269686707
ENSMUSG00000086593.3,-0.6393502537712725,-0.632909760128948
ENSMUSG00000026579.9,-0.7304077800681317,-0.725740506680257
ENSMUSG00000040918.13,-0.2714297353409953,-0.266374063647318
ENSMUSG00000026578.7,0.9512707379096584,0.950567819741074
ENSMUSG00000026577.14,0.5777916304439833,0.582015203771602
ENSMUSG00000026575.16,0.0169611054577179,0.0156666831071531
ENSMUSG00000026576.13,0.0714524058751778,0.0770222912541487
ENSMUSG00000104011.3,0.3847155079917131,0.380533391841198
ENSMUSG00000026574.6,-1.4327615824436473,-1.42179649832082
ENSMUSG00000040848.12,-0.6846544244292597,-0.679745203122345
ENSMUSG00000040843.11,-0.0361729936919481,-0.0314303193700854
ENSMUSG00000102302.2,-0.080317529753483,-0.0572067734977306
ENSMUSG00000026571.13,-0.4846665886447119,-0.479879915382946
ENSMUSG00000026568.7,-0.7479548282775482,-0.743294087436181
ENSMUSG00000026566.16,1.0666547326957867,1.06607324365199
ENSMUSG00000040723.15,-0.0429024066177086,-0.038523398029141
ENSMUSG00000040713.13,-0.4363839096115936,-0.431713767688656
ENSMUSG00000005763.16,0.3222838667971747,0.312486712347357
ENSMUSG00000026565.19,0.3439511078041811,0.347874855546022
ENSMUSG00000040612.14,-1.0495784135943356,-1.05422126265781
ENSMUSG00000091393.2,-0.0270723029168591,-0.0396838833742989
ENSMUSG00000103400.3,0.1944231055671592,0.192561371599245
ENSMUSG00000026563.14,0.2735394869810383,0.277893364501769
ENSMUSG00000040596.16,-0.3182796989544258,-0.312008814153979
ENSMUSG00000026558.14,0.0124867986210551,0.0196731751217031
ENSMUSG00000052428.11,-0.3397151047006624,-0.334848950576809
ENSMUSG00000026687.15,-0.3872968274987515,-0.382528648027945
ENSMUSG00000026688.6,-0.3913797820881706,-0.388226639458206
ENSMUSG00000015843.11,0.7691474981681189,0.77198371948329
ENSMUSG00000052534.16,-1.029709059931836,-1.02708988958787
ENSMUSG00000026678.11,-0.5202841896365481,-0.513939466115677
ENSMUSG00000038530.12,0.2125239648116991,0.190279434133886
ENSMUSG00000026675.13,-0.1487512411790189,-0.143450474330244
ENSMUSG00000097503.4,-0.4464018803624812,-0.447439431982448
ENSMUSG00000026674.10,-0.223015082922981,-0.232356977628304
ENSMUSG00000026670.16,0.1602129073939137,0.16492537046753
ENSMUSG00000026667.15,-0.5470840221519448,-0.542424744593214
ENSMUSG00000102752.2,0.8904354412436656,0.882538771672624
ENSMUSG00000038473.15,0.805567300730211,0.805260823319577
ENSMUSG00000026663.7,-0.4151218756633068,-0.410844663172986
ENSMUSG00000053925.6,0.370872505526356,0.374342367425837
ENSMUSG00000026659.14,0.3718822780057609,0.373698049633354
ENSMUSG00000026656.16,-0.3041288582466465,-0.30068401616292
ENSMUSG00000059089.5,1.9393990505006244,1.89756907383985
ENSMUSG00000059498.14,-1.0767227167699664,-1.06813219483624
ENSMUSG00000026649.15,1.0441468131918057,1.04599127295436
ENSMUSG00000058076.13,-0.2111057639993826,-0.206629741259988
ENSMUSG00000038370.7,-1.22132811713413,-1.21484729410976
ENSMUSG00000005677.15,-1.7571296259418503,-1.75231483200183
ENSMUSG00000005674.10,-1.7878169638790105,-1.78296207589832
ENSMUSG00000005681.13,-0.6385129062316496,-0.634040853750513
ENSMUSG00000058715.12,0.883392839479396,0.874148562352071
ENSMUSG00000013593.13,-0.460274985275021,-0.455811490363072
ENSMUSG00000052423.16,-0.3507924423480433,-0.347994934314584
ENSMUSG00000062729.13,-0.2507998961507248,-0.246137577016223
ENSMUSG00000053483.16,0.2112682114074444,0.216207892981025
ENSMUSG00000062963.11,-0.3913777807989886,-0.385889243143047
ENSMUSG00000103983.2,0.0589405559697496,0.0623178389313565
ENSMUSG00000013973.13,0.0516887334105501,0.0561645613524961
ENSMUSG00000013997.11,0.2828314938430128,0.288028383697693
ENSMUSG00000006412.11,-0.0994595456992181,-0.0946780409590946
ENSMUSG00000102929.2,0.4924245667621002,0.49945822854839
ENSMUSG00000045259.5,-0.4168207234432037,-0.413092682089347
ENSMUSG00000048865.17,0.8112876856152491,0.811859188417286
ENSMUSG00000026641.14,0.0567541372378931,0.0615286997913442
ENSMUSG00000103711.2,0.4925756482713275,0.492452195611798
ENSMUSG00000038235.5,0.3382426719469339,0.342485385241141
ENSMUSG00000091993.3,-0.3686225503441717,-0.341713477518804
ENSMUSG00000060244.3,0.0029433742675312,-0.0395958378229884
ENSMUSG00000004707.15,1.4430462835949696,1.41862392894163
ENSMUSG00000038179.14,2.788331768990258,2.74723565618116
ENSMUSG00000015355.14,-0.0324115711609243,-0.0322735222385506
ENSMUSG00000059058.8,0.0399360994914049,0.0441796637365285
ENSMUSG00000038147.15,0.2149978994767861,0.209822504783743
ENSMUSG00000003458.13,0.5108693412724654,0.515676538506076
ENSMUSG00000026553.18,0.3186320454328777,0.323487300097371
ENSMUSG00000103380.2,0.4519348230964444,0.46293729585416
ENSMUSG00000003464.14,-0.2348336167413769,-0.229878907586487
ENSMUSG00000026554.16,-0.1003784015475186,-0.0954432049223057
ENSMUSG00000013698.13,0.287426244901883,0.286780744481681
ENSMUSG00000038034.16,-0.3117485809807724,-0.306808703607661
ENSMUSG00000044708.6,-0.3708804302766948,-0.372580933655675
ENSMUSG00000050229.4,-0.3663885190409321,-0.361092139226647
ENSMUSG00000026548.5,3.6161922787016914,3.53686826594817
ENSMUSG00000026547.16,1.1118348994316478,1.12076902474884
ENSMUSG00000026544.7,-0.0406147465944392,-0.0352300121930765
ENSMUSG00000037942.6,-0.2970260629415554,-0.292269861131225
ENSMUSG00000026542.7,0.6176529051756887,0.621755010827303
ENSMUSG00000037924.7,3.12197322639788,2.97866951529339
ENSMUSG00000120473.1,0.6112242968405375,0.605080971593132
ENSMUSG00000037872.6,-0.7016436044707619,-0.693797594123824
ENSMUSG00000005338.15,-0.7686858546975345,-0.781932869886335
ENSMUSG00000037860.16,0.266719288608316,0.260483956293458
ENSMUSG00000070501.15,4.807387637939358,4.51905889820809
ENSMUSG00000043263.14,2.9389631400658414,2.90491962530158
ENSMUSG00000066677.13,3.0565086266672656,2.98053363412726
ENSMUSG00000073490.12,2.5314286090237896,2.54570617551534
ENSMUSG00000073489.7,2.816806807327121,2.81070016754832
ENSMUSG00000090222.3,1.927873446750262,1.91536224895722
ENSMUSG00000090272.10,1.281229894119104,1.27986580491354
ENSMUSG00000026536.10,2.3959905486089963,2.38427124600923
ENSMUSG00000039997.17,1.6816224424080248,1.68410418954193
ENSMUSG00000026535.10,2.268361320469727,2.26609774210239
ENSMUSG00000054203.8,2.7005954419337943,2.64548224642109
ENSMUSG00000028354.14,1.6165513436465333,1.62429500927476
ENSMUSG00000050069.4,-0.890018762293906,-0.892790658764615
ENSMUSG00000026526.15,-0.5444036158566528,-0.539665342811032
ENSMUSG00000039783.16,0.3596192033337285,0.364360312551083
ENSMUSG00000026525.10,-0.5577947184065086,-0.553500881003714
ENSMUSG00000078185.4,0.4756457953618996,0.483925924168443
ENSMUSG00000057335.12,0.1709097070465715,0.169903365404077
ENSMUSG00000026504.18,0.2021318503653965,0.196888293119492
ENSMUSG00000019699.17,0.5209436948635325,0.522889281694637
ENSMUSG00000063659.12,-0.4263827117871042,-0.421751474761765
ENSMUSG00000015961.9,-0.2391699786927778,-0.233754442066669
ENSMUSG00000026502.14,0.1172273262641633,0.123807047820099
ENSMUSG00000086350.3,0.1761958103910617,0.182410169842756
ENSMUSG00000026500.7,-0.3845070745708084,-0.380442914438708
ENSMUSG00000039630.11,0.2824005119666412,0.286953475489617
ENSMUSG00000026495.9,-0.3625859042321546,-0.357684028154037
ENSMUSG00000055067.16,0.3828505650220157,0.372191604887744
ENSMUSG00000026492.12,-0.9131330028549114,-0.908007480540125
ENSMUSG00000038949.9,0.0062300393920499,0.0105737009040598
ENSMUSG00000038936.14,0.6007817719012956,0.614365259386996
ENSMUSG00000026491.14,-0.4914767207234254,-0.485731950849507
ENSMUSG00000026490.19,-0.6313116772749963,-0.626763055667494
ENSMUSG00000103636.2,-0.5904301453976248,-0.570221367346596
ENSMUSG00000026489.14,0.7735931965627347,0.777918566357298
ENSMUSG00000104520.2,2.0409778116155914,2.00130914193587
ENSMUSG00000010609.16,0.8423250895671603,0.846151260941754
ENSMUSG00000102923.3,-0.12639798649856,-0.15532782083011
ENSMUSG00000038855.11,-0.3918761518188396,-0.394096582076355
ENSMUSG00000026496.12,0.269881727032468,0.275577440594227
ENSMUSG00000058729.14,-0.399995979308408,-0.399111850414365
ENSMUSG00000026499.6,0.3653810452783533,0.368825906146172
ENSMUSG00000103649.2,-0.3928170654237336,-0.396725478022868
ENSMUSG00000060743.13,-0.5740919654542038,-0.569118407251246
ENSMUSG00000038806.8,0.1341154149581437,0.135620548465388
ENSMUSG00000026520.9,0.1863815938107522,0.188303671161181
ENSMUSG00000026519.17,0.2231807208503101,0.228135485275867
ENSMUSG00000085563.3,-0.2344857690132822,-0.217760935519334
ENSMUSG00000038776.14,0.2060222693803686,0.210624542047298
ENSMUSG00000038768.9,0.4591096451898767,0.462437357057493
ENSMUSG00000026516.9,0.0054248117321846,0.0099492820827391
ENSMUSG00000103178.2,-0.6858002959579553,-0.673787315686717
ENSMUSG00000062169.14,-0.2241483781645465,-0.222941990132982
ENSMUSG00000038733.15,-0.1813592461948956,-0.176774969895935
ENSMUSG00000054135.3,-0.5813853385890575,-0.554026337160535
ENSMUSG00000004880.12,-0.0563886413577467,-0.0519315642656146
ENSMUSG00000026511.8,-0.4751878220946144,-0.470090161818821
ENSMUSG00000038633.6,0.1943617889059047,0.198773907263518
ENSMUSG00000100147.4,-0.8460217503976188,-0.831339918795499
ENSMUSG00000047539.10,0.2073270830177997,0.212574729503648
ENSMUSG00000026510.11,0.3289500738943818,0.334662060150566
ENSMUSG00000026509.16,0.8765743319585693,0.880612029177951
ENSMUSG00000102234.2,0.5951407539775211,0.598747579912064
ENSMUSG00000038599.15,0.2451485806898811,0.24493133290678
ENSMUSG00000038576.16,0.3550473290852291,0.358515420210012
ENSMUSG00000079164.11,-1.0449865955704871,-1.04092237323171
ENSMUSG00000030768.13,0.9724900736982492,0.978377185111957
ENSMUSG00000046836.14,0.1223305342725175,0.126762183410918
ENSMUSG00000042901.11,1.006833148952336,1.01108221111392
ENSMUSG00000056050.16,-0.4112091158180928,-0.406616196327738
ENSMUSG00000121189.1,-0.5655385597710496,-0.543017137529035
ENSMUSG00000072258.12,0.0376394170486933,0.0423911716318626
ENSMUSG00000039384.9,0.7611980092696277,0.760283569106172
ENSMUSG00000039377.8,-0.1880720892002944,-0.185127894524083
ENSMUSG00000026621.15,-0.2089440953729796,-0.204255377650099
ENSMUSG00000073481.10,-0.1524756582598294,-0.147764667820468
ENSMUSG00000039349.6,0.4931577379442137,0.49788645251056
ENSMUSG00000026620.12,0.931812716050561,0.951468135506219
ENSMUSG00000039318.13,0.3338691544953554,0.338074190338108
ENSMUSG00000103613.2,-0.4382222009092681,-0.410367535221732
ENSMUSG00000026618.12,-0.0592188464786995,-0.0546096822964159
ENSMUSG00000026617.17,0.0310659982625009,0.0357968063901943
ENSMUSG00000026615.15,-0.0984094744125658,-0.0937051755141584
ENSMUSG00000097615.3,2.347088663434273,2.34910138198853
ENSMUSG00000026614.8,1.2364518341475124,1.24156079068241
ENSMUSG00000039246.9,0.1177277455775629,0.12117148896505
ENSMUSG00000001305.6,0.1886070767549323,0.191563702021142
ENSMUSG00000039210.17,0.2776862556059397,0.283551618553795
ENSMUSG00000104394.3,-0.6088868884276952,-0.606704809968039
ENSMUSG00000104245.2,0.7124267100222854,0.722040776199734
ENSMUSG00000026610.14,-0.0149081428059025,-0.0110716918914727
ENSMUSG00000026608.14,0.3707115277617705,0.37473694475668
ENSMUSG00000102824.2,-0.6888165703903408,-0.693960448373887
ENSMUSG00000026604.18,-0.316574300824805,-0.300044674917009
ENSMUSG00000104435.2,-0.0940541558121446,-0.0921306568674657
ENSMUSG00000026603.14,-0.1962853459180167,-0.191067191431905
ENSMUSG00000010175.14,-0.2563459553541378,-0.250487118834976
ENSMUSG00000119953.1,0.2283837753407354,0.230008388310788
ENSMUSG00000079045.5,-0.9696107912238336,-0.932311858362777
ENSMUSG00000089872.11,1.0791287997990422,1.08267894595175
ENSMUSG00000026634.17,-0.316285828988319,-0.311286100826388
ENSMUSG00000066595.10,-0.4123286000607657,-0.405538174558538
ENSMUSG00000026632.18,0.5163545151264627,0.514560374506691
ENSMUSG00000026628.14,2.0556060051330456,2.05914268548837
ENSMUSG00000073478.8,-0.9895645227582706,-0.974854132478479
ENSMUSG00000037499.10,0.389497854747312,0.384515728974378
ENSMUSG00000026627.8,-0.0515596937439909,-0.0398886582402183
ENSMUSG00000026626.12,-0.2539896041667816,-0.249364599268694
ENSMUSG00000037461.11,0.103996452857658,0.110347070820898
ENSMUSG00000026623.17,-0.7279129128658292,-0.723416447698445
ENSMUSG00000026622.16,-2.2543740302848883,-2.24486872170733
ENSMUSG00000055833.15,-0.2318657514863442,-0.24170272157612
ENSMUSG00000037434.8,-0.286502405435913,-0.281728360511885
ENSMUSG00000049353.18,0.9414395794768526,0.92132921371305
ENSMUSG00000026637.15,0.638213529866835,0.638734546044446
ENSMUSG00000103653.2,-0.2541339522097845,-0.246203938463603
ENSMUSG00000097089.3,-0.1686133209277649,-0.181220183370873
ENSMUSG00000037395.17,-0.115724722136576,-0.110063898406338
ENSMUSG00000097316.3,-0.062880472715055,-0.097400315089119
ENSMUSG00000016262.15,-1.393923270717322,-1.3806367216944
ENSMUSG00000016181.11,-0.0297032914441028,-0.0315798936923377
ENSMUSG00000026638.16,0.262504981040901,0.266287732975816
ENSMUSG00000079144.8,-0.2505663718896612,-0.250174857239458
ENSMUSG00000037318.11,0.0645009451507758,0.0550454093005208
ENSMUSG00000026639.19,0.5126104700796507,0.503946047122124
ENSMUSG00000016194.15,-0.3885985262923844,-0.384075694994355
ENSMUSG00000009633.4,-1.1620523211843303,-1.15826457328088
ENSMUSG00000104348.2,0.5180109024223288,0.509462995802837
ENSMUSG00000026640.13,0.5949091444000619,0.598367971701368
ENSMUSG00000016494.10,-0.0024714837425354,0.0173813774651046
ENSMUSG00000096929.9,0.2077122815597608,0.215472738934064
ENSMUSG00000016493.14,-0.1072013592310734,-0.107647728440342
ENSMUSG00000065548.3,0.0153086358524024,0.0120293651304705
ENSMUSG00000016481.16,0.0520111625144163,0.0568637652724347
ENSMUSG00000050530.15,-0.3037857780523602,-0.310976805381686
ENSMUSG00000026643.17,-0.4121788806796768,-0.407285953829992
ENSMUSG00000049950.7,0.2996382425111735,0.296097229059115
ENSMUSG00000026648.19,-1.1077579476035058,-1.10225259281955
ENSMUSG00000026646.17,-0.2183935461323217,-0.218927714264346
ENSMUSG00000109865.2,0.0754428026745071,0.0797324373586053
ENSMUSG00000051396.16,0.3448785360335242,0.350386034457531
ENSMUSG00000026655.16,-0.1795993545074345,-0.175128012962025
ENSMUSG00000026657.18,0.0885728979815502,0.0982076773370233
ENSMUSG00000039449.15,-0.0336955504771942,-0.0292304014378149
ENSMUSG00000048186.15,-0.707496200552194,-0.710336166526925
ENSMUSG00000026662.14,-0.7278694220153629,-0.723125632735023
ENSMUSG00000026664.8,-0.1983498456570653,-0.193607776315355
ENSMUSG00000086670.2,0.2860746163125774,0.271218216093298
ENSMUSG00000026669.15,-0.2423511637218985,-0.237427260603534
ENSMUSG00000026672.12,-0.1694398749590863,-0.16431594999843
ENSMUSG00000086430.2,0.022388624270587,0.0263738204722455
ENSMUSG00000026676.8,-0.3567062134539468,-0.36907844513331
ENSMUSG00000039145.17,0.5519044186439962,0.556988448377602
ENSMUSG00000039128.14,-0.0931360925953148,-0.0880506673840002
ENSMUSG00000025817.14,0.3680235913162507,0.372985337842821
ENSMUSG00000056718.3,0.935110238684968,0.929090340909458
ENSMUSG00000025816.16,0.0804469285809464,0.0858640242820078
ENSMUSG00000085818.8,-0.8238548308576367,-0.820664423884826
ENSMUSG00000025815.15,-0.6663265542631369,-0.66174573858213
ENSMUSG00000043241.15,0.4227009360757265,0.426914688180281
ENSMUSG00000045319.14,0.4848280343427722,0.496751971262279
ENSMUSG00000039063.6,-0.0183393546846939,-0.0135694332026817
ENSMUSG00000039046.16,0.0511290701258196,0.0541902012267723
ENSMUSG00000002107.20,-0.243726189351267,-0.237922466054795
ENSMUSG00000025782.13,0.0495259418149118,0.054734640883463
ENSMUSG00000025781.15,-0.3849325493467491,-0.380310293833136
ENSMUSG00000037262.8,-0.6667271102649057,-0.661955741742199
ENSMUSG00000037254.19,-0.6408294464442127,-0.636126064034305
ENSMUSG00000025780.8,-0.1303501764876566,-0.123251965482593
ENSMUSG00000026778.14,0.7853223060557729,0.763296057496786
ENSMUSG00000026773.20,-0.1268262553388053,-0.112645558296638
ENSMUSG00000037197.12,-0.0690763230485472,-0.0649268001547859
ENSMUSG00000026770.6,-1.960369533548006,-1.9485260489585
ENSMUSG00000104101.2,-1.6806350194458892,-1.63800871907176
ENSMUSG00000023206.17,-0.5887445003649466,-0.583991541703629
ENSMUSG00000058594.16,0.1234134446617544,0.128127767874543
ENSMUSG00000047909.12,-0.2740053672479616,-0.269098272500429
ENSMUSG00000026768.11,-0.4851658483503049,-0.470207207611449
ENSMUSG00000026767.13,-0.413384299720377,-0.407682892584198
ENSMUSG00000026730.13,0.4237262959098402,0.428117697249403
ENSMUSG00000049630.7,0.7843304285335058,0.769662888749138
ENSMUSG00000104459.2,-0.5781355172899852,-0.570413647916559
ENSMUSG00000026727.11,0.2133601849232315,0.217683267537315
ENSMUSG00000026723.11,1.4435751332679396,1.43996476047555
ENSMUSG00000026728.10,1.3485824768924664,1.35306959835454
ENSMUSG00000063275.17,-0.6657572598669205,-0.662358258118801
ENSMUSG00000086657.4,-0.46027020194764,-0.484188304366811
ENSMUSG00000026718.18,0.2598772744855268,0.265038372714227
ENSMUSG00000103901.2,-0.1467877724613107,-0.127949248665605
ENSMUSG00000026712.4,-0.7052184263076633,-0.69989878979444
ENSMUSG00000026707.16,0.6871545251616284,0.69439077076461
ENSMUSG00000017418.15,-0.2771390807794734,-0.272711733974159
ENSMUSG00000026748.14,0.0917461825295786,0.0418900455538809
ENSMUSG00000054057.3,0.9846754806819248,0.956780095116539
ENSMUSG00000026743.17,-0.0405735780593328,-0.0358878854059895
ENSMUSG00000026740.13,0.2884767533806568,0.293066331565961
ENSMUSG00000051154.13,0.3290984854421383,0.333657968562807
ENSMUSG00000026739.14,0.3537940418497651,0.358233225222356
ENSMUSG00000026737.13,0.5647022008129773,0.587232183159488
ENSMUSG00000023094.15,0.2828930944875621,0.285473824105219
ENSMUSG00000043415.6,-0.8979749565174153,-0.887411406006264
ENSMUSG00000036617.18,0.3865847648153851,0.390625149234053
ENSMUSG00000036591.17,-0.4160148248903254,-0.410598529922676
ENSMUSG00000075514.6,-0.4696278459923425,-0.456441238020962
ENSMUSG00000048550.18,-0.2945700018454044,-0.276317010710978
ENSMUSG00000083863.2,-0.9209384870122396,-0.917361581401032
ENSMUSG00000083563.2,-0.8546457103220908,-0.850613314742748
ENSMUSG00000082884.2,-1.2249636062205695,-1.22859410956781
ENSMUSG00000026786.15,0.016539969789051,0.0217759433966478
ENSMUSG00000026784.15,0.5210668132564437,0.52488588451799
ENSMUSG00000058835.15,0.2830569255205347,0.287640422448544
ENSMUSG00000026781.18,-0.292551231308714,-0.287851532447316
ENSMUSG00000026779.7,-0.7585677769081676,-0.738359399126425
ENSMUSG00000026775.10,0.1692536761452441,0.173652455347099
ENSMUSG00000026771.15,-0.2094052432175726,-0.204450368639359
ENSMUSG00000081519.2,-0.2784082802212158,-0.222345791463024
ENSMUSG00000026986.15,-0.0374065336619028,-0.0343579126878888
ENSMUSG00000026981.16,1.979395675650214,1.96148891779554
ENSMUSG00000026979.17,0.9226417416144832,0.925801151191334
ENSMUSG00000036893.19,-0.1967260668404662,-0.191987983022277
ENSMUSG00000026972.16,0.9456728053046424,0.919958443230456
ENSMUSG00000026974.12,-0.3391437218250077,-0.334536361198695
ENSMUSG00000026975.11,0.5156295740912428,0.508397335601913
ENSMUSG00000036850.5,-0.0875305135599846,-0.0831188325097601
ENSMUSG00000036833.17,0.456272667497482,0.460991293403929
ENSMUSG00000006476.20,-0.1525313205758638,-0.147634637320271
ENSMUSG00000121260.1,-0.5571575058620887,-0.539562693901036
ENSMUSG00000036813.12,-0.0347426706382408,-0.0299505338367126
ENSMUSG00000036805.14,0.1748632609241957,0.17939229483377
ENSMUSG00000059555.7,0.4889140568166414,0.49836290595449
ENSMUSG00000013465.20,0.1201712132118829,0.12436756804712
ENSMUSG00000026969.4,1.4465666888080162,1.45398718430682
ENSMUSG00000036752.5,1.4207579283382552,1.42664157967035
ENSMUSG00000006471.19,0.2106702073782395,0.227243377292771
ENSMUSG00000078201.6,-0.2348128212318273,-0.223497426325641
ENSMUSG00000048707.10,0.4440642313445178,0.455419899893614
ENSMUSG00000026966.7,-0.3185944162688663,-0.313122629720351
ENSMUSG00000026965.13,0.2507361785983439,0.255635031334347
ENSMUSG00000036646.14,-0.0336370777082833,-0.0290752237086285
ENSMUSG00000026958.14,0.0932921146412004,0.0973511115218553
ENSMUSG00000026956.16,0.3229101772871424,0.325949302974941
ENSMUSG00000015085.9,0.6551512360901275,0.653382581085534
ENSMUSG00000015094.17,0.7088318777109806,0.714446530829671
ENSMUSG00000026944.19,-0.1433491823605771,-0.138636962219385
ENSMUSG00000047617.12,0.0463972784449898,0.0353321349166404
ENSMUSG00000015090.14,-1.1486793221190204,-1.13904884134752
ENSMUSG00000026943.13,0.7119258101944044,0.692772672008762
ENSMUSG00000015083.12,-0.9022739758012231,-0.897585725244619
ENSMUSG00000015095.13,0.1594047655967441,0.164280700693732
ENSMUSG00000026942.14,0.2783695181473709,0.28274513876721
ENSMUSG00000015092.10,-0.1958203757299496,-0.19105131862011
ENSMUSG00000026941.17,0.0075034536607215,0.0183073172615327
ENSMUSG00000036504.7,-0.6407809046793933,-0.638462010695879
ENSMUSG00000015087.15,-0.2410364776812432,-0.236147719206516
ENSMUSG00000052403.12,-1.3903858844404346,-1.39652125552457
ENSMUSG00000026939.13,-0.3521334406841809,-0.357453109795065
ENSMUSG00000026938.11,-1.2911583649339222,-1.29451396851253
ENSMUSG00000062061.4,-0.9502795812908508,-0.987156597718801
ENSMUSG00000087612.2,0.7180451904330302,0.715091161995547
ENSMUSG00000049086.9,1.089454971114009,1.09053611926199
ENSMUSG00000026933.19,-0.1559907404015306,-0.148822685923075
ENSMUSG00000036352.17,-0.324163891818294,-0.319002240352458
ENSMUSG00000026932.15,0.2171242514525923,0.22054169074276
ENSMUSG00000087515.2,0.3494863602181619,0.355696737561749
ENSMUSG00000087679.3,-0.1817223965221426,-0.177118650898592
ENSMUSG00000087595.2,0.1725068902137633,0.180500043063018
ENSMUSG00000036327.19,0.3821201510299922,0.38647453015541
ENSMUSG00000026930.16,-0.204746308854104,-0.239441334731451
ENSMUSG00000075467.5,0.0966847004497828,0.0973633286978191
ENSMUSG00000086779.2,0.2083166965769793,0.212857528304725
ENSMUSG00000036281.14,0.4427820265722691,0.447499007165996
ENSMUSG00000085767.2,-0.0100656843451407,-0.004079526021219
ENSMUSG00000026927.18,-0.0808867131749539,-0.0759832911275691
ENSMUSG00000026926.15,0.1287627399110458,0.133011636349815
ENSMUSG00000026925.17,0.2161501775124485,0.221231654404051
ENSMUSG00000026924.18,0.0522248621589094,0.0562530749069383
ENSMUSG00000086714.3,0.8539725914982115,0.854911713969796
ENSMUSG00000085543.2,0.3216668388141773,0.312846167598623
ENSMUSG00000026923.16,1.1455601859835982,1.15348224269231
ENSMUSG00000026921.21,0.1851359294493071,0.18471248428312
ENSMUSG00000026922.14,0.6512364846894184,0.656184165670144
ENSMUSG00000120369.1,-0.4008850866902168,-0.434806636531644
ENSMUSG00000036160.14,0.2425476645614309,0.246850609930732
ENSMUSG00000015776.13,-0.3008814291822824,-0.296156082608116
ENSMUSG00000062647.17,-0.4583778472767443,-0.453637717776207
ENSMUSG00000015790.17,-0.0326882294403217,-0.028152977202331
ENSMUSG00000014873.16,-0.1882753192322856,-0.181179417095161
ENSMUSG00000014867.10,-0.2099997410461422,-0.205163512682394
ENSMUSG00000049897.15,-0.692027967352929,-0.68156126698723
ENSMUSG00000052406.15,0.0567379434005628,0.0615658952846946
ENSMUSG00000014852.17,-0.3937477591720418,-0.386219732242425
ENSMUSG00000015488.15,-0.0934346530905574,-0.0887249085424348
ENSMUSG00000036040.15,-0.2823445794952812,-0.232770950792697
ENSMUSG00000009614.17,-0.6697002021723193,-0.664924140649142
ENSMUSG00000091192.2,-0.7315063828033723,-0.726763637619539
ENSMUSG00000009621.19,-0.0162594607067976,-0.0119391218328209
ENSMUSG00000026918.17,-0.1913751258785481,-0.18690740341638
ENSMUSG00000026917.16,-0.1819248191891801,-0.177480125322934
ENSMUSG00000085929.3,-0.8718207925578653,-0.864572761535849
ENSMUSG00000015846.17,-0.4899614764389261,-0.485181317253712
ENSMUSG00000026837.17,0.3361738010502285,0.33672070596284
ENSMUSG00000026833.19,0.0207223299847307,0.0576509808423209
ENSMUSG00000026831.17,5.893280916040056,6.70152346198256
ENSMUSG00000035772.12,0.2505211163958237,0.255054981888788
ENSMUSG00000063611.6,-0.938295942953345,-0.909415465617051
ENSMUSG00000026821.17,0.863956177616624,0.89377266959001
ENSMUSG00000026816.15,0.5100007774583625,0.509641612044512
ENSMUSG00000026812.17,0.172495383947883,0.176423831883179
ENSMUSG00000035666.15,0.4399446062099716,0.444083257555543
ENSMUSG00000026806.16,0.1150388283162416,0.125145382707485
ENSMUSG00000083773.5,0.0695782180335004,0.074042184567419
ENSMUSG00000026803.18,0.1380045509147701,0.142356523146887
ENSMUSG00000043535.14,-0.323491747487181,-0.317991721321695
ENSMUSG00000035513.21,0.3296012041353121,0.378121496897227
ENSMUSG00000026799.16,0.0711076938140182,0.0820522300985354
ENSMUSG00000086994.2,0.2267264078923601,0.237061943023264
ENSMUSG00000039844.21,-0.4314798629448238,-0.426831961670017
ENSMUSG00000039826.14,0.6071429205448837,0.613030046874116
ENSMUSG00000026798.11,0.2868538273588328,0.288590589661601
ENSMUSG00000059316.3,-0.1057761367051285,-0.101066285861686
ENSMUSG00000069020.10,0.4178784447573339,0.422046367375915
ENSMUSG00000026790.20,-0.2847357833643718,-0.280022513472616
ENSMUSG00002075873.1,-0.2512897321390434,-0.241425805358122
ENSMUSG00000019715.15,-0.4766830440045876,-0.471789137299434
ENSMUSG00000057738.15,0.4194403941920106,0.424059338547119
ENSMUSG00000039715.9,0.1587426818369896,0.164059555591646
ENSMUSG00000054766.14,-0.0557736082142375,-0.0511534418263637
ENSMUSG00000026785.15,-0.0162824329968511,-0.0174782925801709
ENSMUSG00000015335.17,0.1152565723498868,0.122826447585215
ENSMUSG00000039686.15,0.3939252424677931,0.399045846782301
ENSMUSG00000039678.13,-0.0376852509858162,-0.0330269963978127
ENSMUSG00000015337.6,0.5459294165645378,0.550280265960682
ENSMUSG00000039660.17,0.7133737046576886,0.716799841356437
ENSMUSG00000039648.15,-0.4947181623967825,-0.490019974477444
ENSMUSG00000100747.6,0.9076901744763908,0.85887000169577
ENSMUSG00000007476.19,0.0758860215018657,0.0770126912559936
ENSMUSG00000075419.5,0.4172572243859437,0.420434328519465
ENSMUSG00000052533.15,0.2134235694721336,0.217854831308371
ENSMUSG00000084892.2,0.4078735316010048,0.380006340755455
ENSMUSG00000026860.17,-0.0265432218858981,-0.0223321668266826
ENSMUSG00000026858.19,0.1412959530760232,0.145936755339202
ENSMUSG00000026856.15,-0.1424267953176684,-0.13574414732354
ENSMUSG00000026853.16,-0.2678083093231352,-0.264992911649336
ENSMUSG00000087435.2,-0.4571372539927031,-0.455395998321362
ENSMUSG00000039515.12,0.1046730480417272,0.108810943265829
ENSMUSG00000026857.10,-0.000600711863235,0.0076597840751349
ENSMUSG00000039483.11,0.2485005030560257,0.259548542508527
ENSMUSG00000050737.14,0.1519415812556292,0.156322532004058
ENSMUSG00000026848.15,-0.3672297093390371,-0.361323011953514
ENSMUSG00000026849.19,-0.3671220460700249,-0.362276963727489
ENSMUSG00000026851.10,0.0530841975258295,0.0575884060375303
ENSMUSG00000026854.17,-0.1265982619434004,-0.12481274290865
ENSMUSG00000075415.14,0.0292106945156165,0.0338299769236107
ENSMUSG00000000194.14,0.4308764473545443,0.435687097786132
ENSMUSG00000055632.19,1.4751056763223906,1.48357909168872
ENSMUSG00000076441.10,-0.863672409298655,-0.858999769476321
ENSMUSG00000026843.16,-0.1909863732219468,-0.18560671804008
ENSMUSG00000039356.16,0.0899898478403876,0.0925771612979145
ENSMUSG00000087549.2,0.5341975777602405,0.541988292136205
ENSMUSG00000026842.17,0.0207702055239978,0.0247523048125776
ENSMUSG00000001855.16,0.3759914366989141,0.383439251784634
ENSMUSG00000086192.2,0.2537969501967608,0.26437210873623
ENSMUSG00000050592.9,0.4504272504241676,0.453167311147949
ENSMUSG00000090157.8,0.7787072760127474,0.757107625075573
ENSMUSG00000039262.17,0.1047309957593352,0.109262609247762
ENSMUSG00000086216.2,-0.0708150568761811,-0.0658613094057944
ENSMUSG00000039254.17,0.8658999249264441,0.87200623928657
ENSMUSG00000002550.17,-0.1112527435182825,-0.105750620391192
ENSMUSG00000044627.12,-0.2009212704529362,-0.195817226697673
ENSMUSG00000002546.18,0.1366217834188229,0.140946052681634
ENSMUSG00000039205.17,0.3230543077105905,0.327071386761172
ENSMUSG00000039195.5,0.1147764296832732,0.117952022642016
ENSMUSG00000026822.15,4.368207281937396,4.37049102185447
ENSMUSG00000026820.6,0.0672201548028893,0.0717628183322794
ENSMUSG00000026819.16,-0.7997776973386184,-0.793118353082851
ENSMUSG00000039164.3,0.0756463995283967,0.0893948006590261
ENSMUSG00000039157.13,-1.0294774219878522,-1.02336532542182
ENSMUSG00000026810.13,0.1267762121866335,0.131407473410618
ENSMUSG00000079442.13,2.542985296578531,2.50943357125741
ENSMUSG00000026811.19,0.1165565100593455,0.120885860299879
ENSMUSG00000026814.17,0.3926875067751167,0.396884581468402
ENSMUSG00000009566.13,0.4717850553649373,0.476717907745159
ENSMUSG00000009555.17,-0.1699598843138398,-0.165404490823303
ENSMUSG00000059013.13,0.4359515098764854,0.436617853848083
ENSMUSG00000039021.16,0.0254941514767978,0.0109617556459597
ENSMUSG00000009563.17,-0.3866339962333378,-0.381660727309399
ENSMUSG00000053746.9,0.6361787848418786,0.652237028624818
ENSMUSG00000026797.17,1.39623846705524,1.39115208850663
ENSMUSG00000026796.17,1.4085039282929783,1.41083830341928
ENSMUSG00000026792.17,0.213029315594909,0.215251676801542
ENSMUSG00000038900.18,-0.8748754147939455,-0.869905394427612
ENSMUSG00000065124.3,-0.4092772302165965,-0.374115239574585
ENSMUSG00000026791.15,-0.3278376432502426,-0.323269487085859
ENSMUSG00000038831.17,0.2827648047141221,0.286052103376615
ENSMUSG00000085087.3,0.7716260969982233,0.745417521710133
ENSMUSG00000004105.9,-0.7179443082872647,-0.705367501115788
ENSMUSG00000068966.11,0.2336695269248987,0.240071697685831
ENSMUSG00000026788.14,-0.4557522049347517,-0.450992684472335
ENSMUSG00000038740.10,-0.1272324021040575,-0.123273277328239
ENSMUSG00000038718.16,-0.2525523110440748,-0.218313621200489
ENSMUSG00000038696.15,-0.0653095566639767,-0.0606170489239995
ENSMUSG00000026867.20,-0.0079738829040799,-0.0034735019761236
ENSMUSG00000026864.14,0.1205061512761677,0.125940119998025
ENSMUSG00000070953.14,0.127804881471833,0.133208579685595
ENSMUSG00000120298.1,-0.6302561460520985,-0.615996324142772
ENSMUSG00000035949.16,-0.0284647202230781,-0.0249734720117303
ENSMUSG00000026869.13,0.1574575580563122,0.162078028953976
ENSMUSG00000026870.21,0.3668740667253854,0.370626268067923
ENSMUSG00000026873.10,-0.1775134389512997,-0.174561796590046
ENSMUSG00000026874.11,-0.4359375194982178,-0.431127394316796
ENSMUSG00000085599.2,-0.4524715219443221,-0.447463002881414
ENSMUSG00000120739.1,0.9331387510678232,0.928231153988834
ENSMUSG00000035875.16,0.2782222606557233,0.282799534967271
ENSMUSG00000057110.16,0.0167510286217259,0.0213327033286739
ENSMUSG00000026878.18,0.0160036070517009,0.0207326127269519
ENSMUSG00000026879.15,-0.1669518315817049,-0.145360976932466
ENSMUSG00000026880.12,0.2172607122861542,0.221912967653794
ENSMUSG00000075391.7,-0.5003171366955685,-0.495458611782538
ENSMUSG00000035778.18,0.4014415851830942,0.422265472982148
ENSMUSG00000026883.18,0.5300498448176937,0.533688333586601
ENSMUSG00000026895.8,0.0642521602948851,0.0692938105408017
ENSMUSG00000026890.20,0.8805831551709999,0.880824210166215
ENSMUSG00000026889.13,0.2475595658488584,0.254938527005759
ENSMUSG00000026887.10,-0.0273684058559033,-0.0227740795544874
ENSMUSG00000047250.14,-0.4678051773308909,-0.465361039713633
ENSMUSG00000106933.2,-0.7830727988556958,-0.764449513024912
ENSMUSG00000009030.15,-0.0392179108939308,-0.0346815683709653
ENSMUSG00000075376.11,-0.2135817596238346,-0.209046737014018
ENSMUSG00000066798.4,0.0821011089040217,0.0866763055217727
ENSMUSG00000050714.10,-0.0097306948929153,-0.0002864489370728
ENSMUSG00000035437.16,-0.0393683253086471,-0.0348538691536657
ENSMUSG00000026915.17,-0.3596399914313868,-0.355081799642459
ENSMUSG00000035392.18,0.3571634140226429,0.360991841410968
ENSMUSG00000000247.12,-0.5256955158123342,-0.486579302678967
ENSMUSG00000026749.12,0.2230287943688214,0.227633732403531
ENSMUSG00000026750.7,0.0857342464783788,0.0903768569227736
ENSMUSG00000063972.14,0.0746824935824496,0.0729968603476071
ENSMUSG00000035295.11,-0.2106811598872823,-0.198400828456689
ENSMUSG00000062997.7,-0.6796253254963133,-0.674472079250402
ENSMUSG00000026755.15,0.0323970849405416,0.0373491848140808
ENSMUSG00000026754.17,-0.0368318876437564,-0.0327406060555469
ENSMUSG00000035236.18,-0.501514643698956,-0.496187111581616
ENSMUSG00000026753.6,0.1538269109384318,0.158416317633971
ENSMUSG00000082536.2,-0.6336957426962422,-0.628749088589419
ENSMUSG00000081999.4,-0.0248851599132416,-0.0140688629880533
ENSMUSG00000026866.18,-0.0887220376802949,-0.0840441095314345
ENSMUSG00000049744.16,0.4280802533489033,0.387963102917522
ENSMUSG00000036890.14,0.0249046514559229,0.031168194972661
ENSMUSG00000026872.19,-0.238893158118061,-0.237494368674159
ENSMUSG00000052248.18,1.6036208608248468,1.5651627793737
ENSMUSG00000052155.6,0.0110528620373132,0.0154020539092879
ENSMUSG00000026761.13,0.1178981869341249,0.122389217027802
ENSMUSG00000036792.13,-0.1914317254517432,-0.185778039813961
ENSMUSG00000081272.2,-0.000690997550289,-0.0023220795647367
ENSMUSG00000069495.13,-0.1642645192054341,-0.159330969840345
ENSMUSG00000026766.17,-0.2656594903248881,-0.260991893732104
ENSMUSG00000017144.9,0.2061067936560037,0.204984974832619
ENSMUSG00000087701.5,-0.3645167611069968,-0.370321987827863
ENSMUSG00000036249.17,1.746186853920478,1.74310109391536
ENSMUSG00000026946.10,1.886057825266579,1.88987789699538
ENSMUSG00000036202.17,0.1611167775433601,0.166581243925965
ENSMUSG00000026950.19,-0.2050175828845464,-0.191969572152711
ENSMUSG00000086447.3,0.3050633037522202,0.347084278887871
ENSMUSG00000036093.8,-0.8006030530088734,-0.795740325198025
ENSMUSG00000085315.9,-1.3148965634955536,-1.3026950820997
ENSMUSG00000017412.17,-1.113471825572394,-1.09835342433754
ENSMUSG00000055371.18,0.229067551801733,0.233570994749143
ENSMUSG00000036053.19,0.0852162505046983,0.0905981042821237
ENSMUSG00000061136.17,0.4136267680037847,0.417869688992656
ENSMUSG00000026960.7,-0.451377786276061,-0.446058887732781
ENSMUSG00000083287.5,-0.2303953327370117,-0.206663987178117
ENSMUSG00000054181.12,0.6489556375054694,0.636524824593303
ENSMUSG00000026827.13,-0.017775784265695,-0.0124305278599569
ENSMUSG00000026832.13,1.53226340146558,1.45164980218255
ENSMUSG00000026836.16,0.0399028991863976,0.0442064901062906
ENSMUSG00000026839.18,-0.7489154922021921,-0.743824040635659
ENSMUSG00000036641.10,-0.4844052838500554,-0.47507199746261
ENSMUSG00000026991.21,-0.4859119605221761,-0.481387703383651
ENSMUSG00000035168.17,0.2779795390752478,0.281929067578315
ENSMUSG00000026988.16,-0.0415038337960306,-0.0321014556274783
ENSMUSG00000026987.17,0.0034094317175818,0.0091443074194012
ENSMUSG00000026977.18,0.0454480480308089,0.0498888890865914
ENSMUSG00000060703.13,0.1946797430320467,0.19918265373445
ENSMUSG00000026980.16,0.6147396784369314,0.609952665901627
ENSMUSG00000054580.15,0.5336759867364375,0.534357119373693
ENSMUSG00000026970.17,0.0445208585763345,0.0493269538376995
ENSMUSG00000064289.16,0.1287438118238077,0.133295380302572
ENSMUSG00000026914.16,0.3890135089531015,0.393415089415284
ENSMUSG00000035000.9,-0.2612450166150167,-0.256134552238126
ENSMUSG00000087518.2,-0.9686073876559276,-0.976167626405108
ENSMUSG00000026896.15,2.381817388736298,2.38597992371902
ENSMUSG00000026893.5,0.8823425445984227,0.886381783403808
ENSMUSG00000059742.11,0.050486150797259,0.0523256627540986
ENSMUSG00000075324.14,-0.0721319517470277,-0.059484497168834
ENSMUSG00000082127.3,-0.3062258249440956,-0.309636727112446
ENSMUSG00000026888.15,0.4480114713456325,0.4528823299779
ENSMUSG00000034903.19,-0.3145127692885802,-0.309717417137276
ENSMUSG00000034848.18,0.4655590816266147,0.455331934044094
ENSMUSG00000034780.7,-0.6091507254437534,-0.613681791566132
ENSMUSG00000027030.16,1.5304030434811011,1.53068817052054
ENSMUSG00000027035.11,-0.5689835248551948,-0.569144522084239
ENSMUSG00000034738.9,0.807744661334755,0.810176787930428
ENSMUSG00000005233.17,-1.628201916226861,-1.6265144106006
ENSMUSG00000027048.17,-0.8627555642872133,-0.858425240271313
ENSMUSG00000086819.2,-0.8794305275841027,-0.875438587393524
ENSMUSG00000027068.7,1.8321902311637488,1.82510872147863
ENSMUSG00000063145.11,0.0221693699262016,0.0303774158061288
ENSMUSG00000027086.17,-0.5146110905259691,-0.510974258818328
ENSMUSG00000042133.17,-0.0480720735071896,-0.0439625811949045
ENSMUSG00000070883.4,0.1213919401168784,0.126937037681266
ENSMUSG00000027088.11,-0.2057309606520942,-0.201022888664754
ENSMUSG00000042155.4,-0.1100365868857773,-0.0627306370754048
ENSMUSG00000068882.14,0.3305725995704014,0.334750548357911
ENSMUSG00000051730.16,0.0069715536983202,0.0114241003174919
ENSMUSG00000089902.2,0.1434482463817904,0.147285704309254
ENSMUSG00000044308.19,-0.1641287395046223,-0.159950902464678
ENSMUSG00000075304.3,0.8515032573710258,0.830639364138494
ENSMUSG00000097025.3,-0.1258685431968529,-0.119251250463444
ENSMUSG00000014959.13,-0.0208114180702617,-0.0169835001022969
ENSMUSG00000041997.17,-0.0528688514293093,-0.0483206912469433
ENSMUSG00000041975.18,-0.1918499381752056,-0.187120896532845
ENSMUSG00000041966.19,-0.2068451603942471,-0.202351668615133
ENSMUSG00000027012.16,0.1080566798132521,0.112969348663289
ENSMUSG00000027010.17,0.1004545416970467,0.105031911655672
ENSMUSG00000027018.12,0.2557555356130676,0.25765385518747
ENSMUSG00000041921.17,-0.0763453387535141,-0.072107395332258
ENSMUSG00000084946.4,-0.0040389324420562,0.000617238418366
ENSMUSG00000027111.17,0.2295555539568081,0.242163126359069
ENSMUSG00000006494.12,-0.9354143318940372,-0.931072573756414
ENSMUSG00000049044.17,-0.5030397138112157,-0.497159128589814
ENSMUSG00000085001.2,-0.4959068192254675,-0.485652797655362
ENSMUSG00000086231.2,-0.1282767627833578,-0.121358545032071
ENSMUSG00000004085.15,0.9659476700297808,0.974036768989037
ENSMUSG00000055612.16,-0.9701519855623564,-0.959814258144848
ENSMUSG00000027109.17,-0.1142038891031087,-0.109796614351278
ENSMUSG00000063714.17,0.956256043830429,0.921884842891369
ENSMUSG00000027108.16,-0.2229638568114257,-0.218436307068001
ENSMUSG00000041777.13,-0.2381577469162861,-0.234279379524207
ENSMUSG00000008226.15,-0.2762719238836874,-0.271824982219834
ENSMUSG00000041762.17,-0.4430331422976173,-0.438819757518975
ENSMUSG00000085519.2,-0.4524529819234156,-0.435364017771853
ENSMUSG00000086546.2,-0.3447791736535161,-0.33070809767585
ENSMUSG00000075284.11,0.5058723002732385,0.509186189101287
ENSMUSG00000086382.3,-0.1676335305824678,-0.204271346780165
ENSMUSG00000086544.2,-0.1111287122559789,-0.11429343840999
ENSMUSG00000027104.19,0.2112025898168283,0.215952884256436
ENSMUSG00000018770.10,-0.421883547753454,-0.417365189703062
ENSMUSG00000009207.16,0.422850713226448,0.423911223544143
ENSMUSG00000027099.10,-0.0918281426724548,-0.0872128462572897
ENSMUSG00000081406.5,-0.4331782787906671,-0.427602290722715
ENSMUSG00000059005.14,0.356489963027019,0.361332155151025
ENSMUSG00000015839.7,0.6042222278695829,0.60872207447546
ENSMUSG00000087222.3,-0.5023633797543443,-0.479432929329751
ENSMUSG00000086813.3,3.760484034016071,3.71336022205752
ENSMUSG00000042410.17,0.1934426368634684,0.198593553825756
ENSMUSG00000075273.5,-0.2710905113244327,-0.257731570075544
ENSMUSG00000075271.5,0.0066914310467933,0.0040105242043424
ENSMUSG00000042369.9,-0.0722302445574104,-0.0680640920665868
ENSMUSG00000002731.7,-0.1463638311326379,-0.14193415389509
ENSMUSG00000002732.15,0.4057170551794831,0.394874273520984
ENSMUSG00000002733.9,-0.0960226415795688,-0.0914140611197535
ENSMUSG00000044033.17,-0.0130786177211999,-0.0079089486988345
ENSMUSG00000042272.18,0.0100216180898734,0.0061685868989375
ENSMUSG00000027016.18,-0.4399745793478993,-0.434225004952339
ENSMUSG00000027014.15,0.0789229767661113,0.0850580326349125
ENSMUSG00000027011.15,-0.0024248826251078,0.0021379807560275
ENSMUSG00000121134.1,-1.348628663485164,-1.34620702263225
ENSMUSG00000027009.19,0.0815942406083815,0.0815682172371214
ENSMUSG00000075256.10,0.5700968465407871,0.574729268187892
ENSMUSG00000027007.17,0.0878933415622516,0.0925194285364273
ENSMUSG00000059173.21,0.5037438842630685,0.487275825381116
ENSMUSG00000027006.14,-0.0979309035962515,-0.092885088587121
ENSMUSG00000027004.4,2.2444054515141785,2.23864738338947
ENSMUSG00000027002.14,-0.1269384483346469,-0.122596877543968
ENSMUSG00000027001.11,0.1394205328849519,0.13966043286085
ENSMUSG00000026999.15,0.3744071814834819,0.378476289965153
ENSMUSG00000064193.9,-0.3280751463340828,-0.32458265001949
ENSMUSG00000081400.2,-0.6182850352743743,-0.595442184735682
ENSMUSG00000027091.15,0.216925020451017,0.221835361169961
ENSMUSG00000027087.12,-0.1108281346170366,-0.105945626017411
ENSMUSG00000059588.15,-0.7386324570221787,-0.731780490548922
ENSMUSG00000027082.16,-0.2024188634706287,-0.193731444246871
ENSMUSG00000034101.15,0.5155354237018255,0.519250113489276
ENSMUSG00000076437.12,-0.5658300967842956,-0.562509431795277
ENSMUSG00000050043.17,0.4057156411817172,0.410744553933041
ENSMUSG00000027080.7,0.7425591524582648,0.748119425084198
ENSMUSG00000034075.11,0.1745381916684057,0.17879487655645
ENSMUSG00000027079.16,-0.2624957537686243,-0.257209153267177
ENSMUSG00000034059.15,1.5315824525332322,1.49823936048783
ENSMUSG00000097187.2,0.8154313196177879,0.809525173414699
ENSMUSG00000023224.13,0.9665381879846164,0.971116196437061
ENSMUSG00000027078.15,2.022447202500681,2.02744610129332
ENSMUSG00000027076.11,-0.5140091848764224,-0.506734483272743
ENSMUSG00000027075.17,0.223910843602563,0.225945502092351
ENSMUSG00000027074.15,0.6319259143969251,0.636972134186662
ENSMUSG00000027071.15,-0.2368889159908263,-0.238591256690797
ENSMUSG00000027067.17,0.1093508325920738,0.113857461237263
ENSMUSG00000033955.14,-0.066862766814412,-0.0618516382956337
ENSMUSG00000025314.18,0.0984358185520159,0.103264355783633
ENSMUSG00000051329.14,0.1709983062583508,0.175414989725299
ENSMUSG00000008200.16,-0.3214830303852363,-0.316636339170763
ENSMUSG00000080977.2,0.002017808950437,-0.0246965416548193
ENSMUSG00000027282.18,-0.2596162216727248,-0.25493181321756
ENSMUSG00000005510.10,-0.0947353036526619,-0.0902009701150593
ENSMUSG00000005505.13,0.1038100232945374,0.108056202737968
ENSMUSG00000063235.19,0.2840421048618187,0.28903689953976
ENSMUSG00000005506.17,-0.0028268269790878,0.0012439152032941
ENSMUSG00000002102.16,0.2202023969243784,0.224959958630251
ENSMUSG00000002105.16,0.5849171997643373,0.590922314577541
ENSMUSG00000002111.10,0.8499557400613336,0.83170413168399
ENSMUSG00000040687.17,-0.3077521610487895,-0.302748386108169
ENSMUSG00000002108.11,0.2756125396923695,0.280128808091149
ENSMUSG00000002103.17,0.1973528350342104,0.201926416068923
ENSMUSG00000002109.15,0.0624257686560791,0.0671417319258662
ENSMUSG00000120340.1,1.2333310594192812,1.19035858989374
ENSMUSG00000027257.14,0.4563122857797231,0.461270986208669
ENSMUSG00000027255.15,0.3885877343006824,0.392968536724228
ENSMUSG00000040591.19,0.5142738761064731,0.518746337689671
ENSMUSG00000027253.16,-1.55473123777403,-1.54814150939659
ENSMUSG00000040549.17,0.5923559641344814,0.594601060715908
ENSMUSG00000027249.16,-0.2397431704670754,-0.235032171307895
ENSMUSG00000075040.10,0.3622816839340168,0.364331790349496
ENSMUSG00000027247.17,0.1760177666277621,0.180273933540729
ENSMUSG00000027244.15,0.0424109742422297,0.0467563312204278
ENSMUSG00000027243.9,0.0334637606038886,0.0376401689076382
ENSMUSG00000040506.17,0.3402199534805559,0.344026289421931
ENSMUSG00000040479.13,0.1199331600290924,0.124569197940927
ENSMUSG00000027230.10,0.4083784013761607,0.427710384373182
ENSMUSG00000058318.17,0.3077748798989023,0.311624952017598
ENSMUSG00000027222.15,0.2401475206941393,0.244916385121369
ENSMUSG00000044916.11,-0.0489194971101484,-0.0408621678365449
ENSMUSG00000027223.16,0.0450817880394693,0.05095726527801
ENSMUSG00000068742.12,0.0230504540483402,0.0299663778822187
ENSMUSG00000084781.2,0.1149417995060813,0.12528043907217
ENSMUSG00000049922.9,0.0798526786207393,0.0830397160245996
ENSMUSG00000075028.13,1.048632178952496,1.02232654150505
ENSMUSG00000068735.15,1.0400312685832944,1.04049494097082
ENSMUSG00000027217.14,-0.8456719916100771,-0.83838665840309
ENSMUSG00000027215.14,-0.1492548312244024,-0.144445016446413
ENSMUSG00000027198.17,0.3914091740869665,0.39604940637633
ENSMUSG00000040272.15,1.7306319871738365,1.72103470385318
ENSMUSG00000027196.13,0.3928289526382778,0.391431739023387
ENSMUSG00000040174.15,0.116523456476826,0.120217169389156
ENSMUSG00000027195.11,0.2240663530979433,0.228638012397051
ENSMUSG00000027194.17,-0.196522980233489,-0.191306069235429
ENSMUSG00000081476.2,0.1953796996773963,0.201762822624834
ENSMUSG00000045464.7,-0.0095425740778473,-0.0049845129388471
ENSMUSG00000027193.13,0.0166830110127395,0.0209668490568273
ENSMUSG00000050587.15,-0.1606587584432957,-0.187412053679062
ENSMUSG00000027165.17,0.1106605137613573,0.115467817592248
ENSMUSG00000027164.9,0.2515020707526167,0.255472525765503
ENSMUSG00000032841.16,-0.0186953305959766,-0.0002942418479143
ENSMUSG00000027163.14,0.0951911323348553,0.0997360738842165
ENSMUSG00000048058.18,-0.2991031124325217,-0.292433191156544
ENSMUSG00000027189.17,0.3243064733357678,0.329151305136108
ENSMUSG00000027188.9,-0.4509172807411634,-0.447065617432613
ENSMUSG00000005089.16,-2.173445850209987,-2.16843306976866
ENSMUSG00000087185.2,-2.0022274095736905,-2.00234854107425
ENSMUSG00000005087.18,1.162922224517014,1.16231193600513
ENSMUSG00000010914.11,0.3229288419067036,0.328224600133401
ENSMUSG00000010911.13,0.5955891600457742,0.599342037127144
ENSMUSG00000027186.17,-1.6892477448310474,-1.66663557325116
ENSMUSG00000027187.11,-0.7730131981586725,-0.768360142473457
ENSMUSG00000032724.6,1.373385071884778,1.36951448643486
ENSMUSG00000027185.16,0.2485821009909344,0.253282055977498
ENSMUSG00000027184.15,0.8120144599714885,0.816756296539579
ENSMUSG00000032698.16,0.8721333332534822,0.871047999233345
ENSMUSG00000046085.8,0.0479881056261959,0.0478788087218586
ENSMUSG00000027180.13,-0.1760714038134712,-0.171286778819255
ENSMUSG00000068686.14,-0.1621867991114534,-0.157632490023847
ENSMUSG00000032679.13,-0.703589933864041,-0.699022816566572
ENSMUSG00000027177.15,-0.7152084370237556,-0.710373833644038
ENSMUSG00000027176.9,0.039068939058081,0.0484099317649055
ENSMUSG00000027175.11,0.4456037774295961,0.448796367238318
ENSMUSG00000027173.8,-0.2911708130213892,-0.287456541082922
ENSMUSG00000074994.7,-0.0458796311781761,-0.0416343953336417
ENSMUSG00000120507.1,0.2585237083940666,0.231007126131407
ENSMUSG00000045106.13,-0.8157426104974271,-0.816942134464442
ENSMUSG00000027170.13,-0.0275247063601637,-0.0226440259033526
ENSMUSG00000055312.3,-0.2737875094579466,-0.268543962650991
ENSMUSG00000005973.7,0.8417356052108261,0.850151043788144
ENSMUSG00000027167.12,0.3665719275866131,0.382124051282073
ENSMUSG00000042670.6,-0.0011032035571242,0.0037432826981151
ENSMUSG00000027166.15,0.1178151948045495,0.122308433588544
ENSMUSG00000027122.16,0.1738611329071129,0.178332092352328
ENSMUSG00000063684.10,-0.2625575263038234,-0.261855988973177
ENSMUSG00000057234.10,0.3257484848878305,0.330864349817956
ENSMUSG00000048482.15,-0.8492259026533266,-0.824593308945023
ENSMUSG00000027162.8,-0.745936053194854,-0.741203425965172
ENSMUSG00000050199.14,0.0956975041651206,0.100121638641254
ENSMUSG00000027160.17,0.9501703211141498,0.943025715545178
ENSMUSG00000041660.9,-0.4474790135311513,-0.442697998535242
ENSMUSG00000074971.5,-1.4646553654836396,-1.43435169526659
ENSMUSG00000027133.4,-0.9575511242188448,-0.952780280415642
ENSMUSG00000027130.16,-0.0094118335169029,-0.0067087710214611
ENSMUSG00000027131.4,-0.1127462314571869,-0.108320569308872
ENSMUSG00000121215.1,-1.3520368015541069,-1.34869181429531
ENSMUSG00000027132.4,0.0512612439022388,0.0549238086510582
ENSMUSG00000055943.6,-0.1106415666520415,-0.105566013235738
ENSMUSG00002075416.1,-3.104208213869715,-3.04403318462381
ENSMUSG00000003604.15,-0.3208864640040382,-0.315956051012431
ENSMUSG00000044042.20,-0.2446479439284782,-0.234889415551124
ENSMUSG00000041219.16,-0.7863868504317925,-0.79185334664491
ENSMUSG00000040383.17,0.4852442642120823,0.489307372532117
ENSMUSG00000040321.4,-0.3001407396863116,-0.296685012011652
ENSMUSG00000057147.14,0.1542789421724816,0.157483807015435
ENSMUSG00000040282.14,0.5487956335011448,0.553469842401805
ENSMUSG00000027210.21,-0.0309291340714551,-0.0197740935711339
ENSMUSG00000027351.15,-0.0220528371369472,-0.0174573806459385
ENSMUSG00000027349.6,0.7013486366652547,0.705184643889755
ENSMUSG00000027347.20,-0.2675759711892963,-0.267706976234961
ENSMUSG00000040152.9,4.470223636055171,4.2679039518166
ENSMUSG00000005102.14,0.0969427618190739,0.102728260553791
ENSMUSG00000009549.15,0.0304173466533848,0.0351913819838937
ENSMUSG00000040093.17,-1.5134887130083077,-1.51630314484172
ENSMUSG00000074923.11,2.841391654900674,2.74592061499083
ENSMUSG00000040061.18,0.5567868076550705,0.518218784360231
ENSMUSG00000074918.5,-0.2816855530732384,-0.27683222235674
ENSMUSG00000045838.10,0.494419743406227,0.501280806296137
ENSMUSG00000027331.16,-0.996462582964149,-1.01662524856619
ENSMUSG00000027332.12,-0.3820081464580284,-0.377321025005169
ENSMUSG00000040007.9,0.4666816759110885,0.466035148631311
ENSMUSG00000074916.6,0.9039573103290632,0.889225207489676
ENSMUSG00000039983.14,0.0979482882005939,0.0877792713458212
ENSMUSG00000027324.2,0.0560411888882753,0.0644300984436494
ENSMUSG00000027323.11,0.3321769609275119,0.336498136235221
ENSMUSG00000070730.12,0.3860107270066246,0.390616274293822
ENSMUSG00000046814.4,-1.4472876695402674,-1.44304999938998
ENSMUSG00000034278.4,0.8326704739254744,0.835050820439092
ENSMUSG00000055926.4,0.799060831069799,0.78338089414459
ENSMUSG00000068580.12,-0.3180353716920145,-0.316864933961115
ENSMUSG00000034216.13,0.4309537946645096,0.434723417834088
ENSMUSG00000027314.7,-0.2788935777349048,-0.268762681081294
ENSMUSG00000027313.4,-0.908180735387412,-0.918478005845296
ENSMUSG00000034154.16,0.1273195441815716,0.132289705930598
ENSMUSG00000048647.10,-0.2784405851647277,-0.283844792317776
ENSMUSG00000014077.14,-0.5778233375754921,-0.572980879482098
ENSMUSG00000085438.3,-0.899945719650754,-0.895420738959647
ENSMUSG00000027306.16,-0.0114118673597969,-0.0107343800652251
ENSMUSG00000027305.10,-0.2356289707440604,-0.230451780148161
ENSMUSG00000027304.10,0.2276012999437097,0.232987246507975
ENSMUSG00000027296.8,-0.9873492453192464,-0.961674633013502
ENSMUSG00000034032.16,0.4213414301133989,0.425814627666789
ENSMUSG00000033943.16,0.0590836775469364,0.0635755553172774
ENSMUSG00000033902.13,0.5021337599269848,0.506862233284291
ENSMUSG00000087458.2,0.6633778374855831,0.666946372547826
ENSMUSG00000098789.8,0.2232282084772659,0.209482210915615
ENSMUSG00000027293.14,1.2960003124942143,1.29864765061132
ENSMUSG00000027291.16,0.2932191698074217,0.297263182008414
ENSMUSG00000033808.17,0.4557843100410395,0.458922175230372
ENSMUSG00000062646.13,-0.3547135912463597,-0.350283101571438
ENSMUSG00000079110.13,-0.6140765779070334,-0.604604812872657
ENSMUSG00000027288.17,-0.5310489728183211,-0.526739751972633
ENSMUSG00000027287.15,0.1427856390498247,0.147332897732744
ENSMUSG00000027286.17,0.2909870930813055,0.295667029465551
ENSMUSG00000027285.14,0.1611792689423703,0.16702251071986
ENSMUSG00000033705.18,-0.2476300109708472,-0.238955814155939
ENSMUSG00000027284.17,-0.1747690009361574,-0.172056037661134
ENSMUSG00000090100.8,-0.1211911240682606,-0.115145376033977
ENSMUSG00000087519.10,0.1487623745178934,0.156105760927705
ENSMUSG00000027272.6,0.0195335459310362,0.0239120335310875
ENSMUSG00000054484.15,1.0624396969748091,1.0659297124523
ENSMUSG00002075710.1,0.8175882018848587,0.843077102768997
ENSMUSG00000023572.17,0.134613059645892,0.13907245808635
ENSMUSG00000074890.5,-0.1818110163404064,-0.176210188049454
ENSMUSG00000027259.16,-0.4507551706296316,-0.446366979098475
ENSMUSG00000050619.15,0.3676997909837371,0.372995704060025
ENSMUSG00000027263.13,-0.0333866535715074,-0.0292472247092719
ENSMUSG00000043909.17,0.162499736671792,0.166844506475799
ENSMUSG00000027254.14,1.3716926037833752,1.38989171943722
ENSMUSG00000033526.17,0.6525499496830731,0.657498436190887
ENSMUSG00000033486.15,0.594430640347077,0.605725327080115
ENSMUSG00000027248.14,0.3925642778473118,0.397371291039818
ENSMUSG00000027246.13,-0.477265710888821,-0.483284144540634
ENSMUSG00000046110.16,-0.2365515806265876,-0.231560829796383
ENSMUSG00000074884.13,-0.4752564394384893,-0.470409351840693
ENSMUSG00000080374.3,-0.5106881348684389,-0.506164876205222
ENSMUSG00000027245.12,-0.1260258185470944,-0.121596696967242
ENSMUSG00000048222.4,0.3976494976737435,0.406571214192823
ENSMUSG00000068479.6,0.1836112144111933,0.187211347737393
ENSMUSG00000027242.15,0.3842123713086268,0.398745434879797
ENSMUSG00000060227.16,-0.0060255655436995,0.0017422623891206
ENSMUSG00000033411.17,0.0464957708983913,0.0548618170939851
ENSMUSG00000027236.9,0.0820039120617554,0.0868972687707561
ENSMUSG00000033396.14,0.0851634421966188,0.0895887993718355
ENSMUSG00000060802.9,1.0420078049202317,1.04657876749638
ENSMUSG00000027227.8,-0.907191738940361,-0.902271745758633
ENSMUSG00000033256.15,-0.439524728829032,-0.437466816995634
ENSMUSG00000027199.15,-0.3959762259197657,-0.392994081880121
ENSMUSG00000118663.1,0.321589973274513,0.332520026464197
ENSMUSG00000005802.13,-0.3415764425834211,-0.334984412224839
ENSMUSG00000005804.15,0.446808448619447,0.451544395564654
ENSMUSG00000005803.15,-0.3883013907992335,-0.383571437664184
ENSMUSG00000027200.18,-0.0995142847007728,-0.0961146556225189
ENSMUSG00000035183.15,0.3759513209481165,0.372626519409216
ENSMUSG00000027201.17,-0.0663377866218192,-0.06371158435776
ENSMUSG00000027203.16,-0.2351848596709336,-0.22608184475235
ENSMUSG00000027204.14,1.4652463611864144,1.49570401852479
ENSMUSG00000068394.5,-0.4981767508072668,-0.495575152132158
ENSMUSG00000035109.15,0.5100465880507863,0.513619750409798
ENSMUSG00000091337.4,0.1912014663208321,0.19516173418013
ENSMUSG00000035093.17,-0.1072187917791474,-0.102679598487322
ENSMUSG00000027206.14,0.0192949459882158,0.023735564254929
ENSMUSG00000027207.16,0.21718798365977,0.221343186903367
ENSMUSG00000027209.19,0.241805840875295,0.260198953802843
ENSMUSG00000023330.13,0.2506778094300456,0.25115200861444
ENSMUSG00000060131.12,0.8595948955270658,0.863768975926996
ENSMUSG00000027359.17,-1.3446604869650625,-1.33970007890096
ENSMUSG00000027360.6,0.4766843408092,0.486828774949423
ENSMUSG00000027361.16,0.2202807720897518,0.221417880096827
ENSMUSG00000098024.3,-0.2384468993717809,-0.231063022594449
ENSMUSG00000027363.16,0.3025922022549163,0.307019551959892
ENSMUSG00000027365.15,-0.4572459024187287,-0.452456856781984
ENSMUSG00000027366.13,0.3537454730348873,0.358683111454778
ENSMUSG00000001998.16,0.2859486769857977,0.29126024569558
ENSMUSG00000001999.16,0.4906495156504917,0.492741219445985
ENSMUSG00000074825.5,-0.0665631318119472,-0.0627737643687017
ENSMUSG00000003660.11,0.7683211617520103,0.772317798132735
ENSMUSG00000003662.11,0.0136979519326001,0.018502520854438
ENSMUSG00000034850.16,0.1535109740165401,0.158044667806188
ENSMUSG00000027367.17,-0.2344310586391565,-0.230014830886112
ENSMUSG00000058620.6,0.0876797253106363,0.105247023059741
ENSMUSG00000027371.11,-0.3615589452623751,-0.356645366977865
ENSMUSG00000034800.16,-0.1913950039421469,-0.189869231913232
ENSMUSG00000027374.13,-0.1625626549058877,-0.157494823202461
ENSMUSG00000027378.17,0.4160473717055188,0.424552248830875
ENSMUSG00000051319.7,0.0505939916282647,0.0503183583252581
ENSMUSG00000027381.18,-0.8685842219356893,-0.86667142797682
ENSMUSG00000074813.16,0.8151030435968774,0.799341577988711
ENSMUSG00000014355.11,0.1742043212891253,0.177616999335162
ENSMUSG00000014361.6,-0.8530559228381945,-0.848928758044687
ENSMUSG00000014353.16,0.1775864796838961,0.181989274391133
ENSMUSG00000027387.12,-0.8985505554529474,-0.896003666067812
ENSMUSG00000074807.4,-1.2273505596805805,-1.22642355880871
ENSMUSG00000042851.18,-0.2157070557293701,-0.209855693483411
ENSMUSG00000027394.14,-0.3111690150370252,-0.3172556616464
ENSMUSG00000027395.16,0.15226096221836,0.155899240820109
ENSMUSG00000037938.5,0.3214436438373676,0.324757704322382
ENSMUSG00000103009.3,-1.079420440959828,-1.05264128315091
ENSMUSG00000027397.15,-0.5605828662359515,-0.555037230455276
ENSMUSG00000087528.2,-0.531157195573646,-0.526679427960028
ENSMUSG00000085498.3,0.5828219524762993,0.54430803280578
ENSMUSG00000027399.2,0.573929626828796,0.567732222192167
ENSMUSG00000027398.14,-0.2702936780358558,-0.270263291542329
ENSMUSG00000037902.19,0.3623791366490436,0.367207161491052
ENSMUSG00000121238.1,-0.8349947883275157,-0.80968692009245
ENSMUSG00000037885.19,-0.2434343677141266,-0.238512119052448
ENSMUSG00000027404.17,-0.1025352040142266,-0.0978337493365041
ENSMUSG00000027405.17,0.0602586311342847,0.0664891821441833
ENSMUSG00000027406.14,-0.2551954188879106,-0.250595379059132
ENSMUSG00000037773.15,0.0774233034283279,0.0818982453509013
ENSMUSG00000027411.18,0.0410423282980049,0.0454234265943557
ENSMUSG00000027303.19,0.5332486610217687,0.5367131194753
ENSMUSG00000060029.15,0.545320844783213,0.549162452254278
ENSMUSG00000037740.9,0.0471638340092847,0.0545992764349432
ENSMUSG00000027300.11,0.2873790344802925,0.302708589046856
ENSMUSG00000079043.4,-0.1298050819784959,-0.123143208923195
ENSMUSG00000037703.15,0.0084902768015211,0.0138603153243002
ENSMUSG00000068290.12,-0.5295596945189478,-0.524592898675018
ENSMUSG00000074797.12,0.1402192629503902,0.144577857828902
ENSMUSG00000027309.19,0.1939433529677747,0.198352041092054
ENSMUSG00000027312.15,-0.5334087064420854,-0.528546228277496
ENSMUSG00000027318.18,-0.0629084554658784,-0.0687911592941169
ENSMUSG00000027322.12,0.9801463206320996,0.980968723866634
ENSMUSG00000074793.11,0.4277222158028622,0.438914839512555
ENSMUSG00000027327.17,0.0473965906690992,0.0402928027861051
ENSMUSG00000068267.6,-0.0234364521268859,-0.0187934693143628
ENSMUSG00000068264.12,-0.2746117739269814,-0.270232583628798
ENSMUSG00000037523.14,-0.352944235997383,-0.348248753618329
ENSMUSG00000037514.19,-0.40620745345539,-0.401514584674732
ENSMUSG00000048911.16,-0.9438853310974964,-0.940279217625444
ENSMUSG00000027333.19,0.2133330538840542,0.233574415949858
ENSMUSG00000079037.10,0.5644710430855836,0.564377745789886
ENSMUSG00000027339.16,0.3285788028305135,0.323774007358931
ENSMUSG00000027340.16,-0.2966514898861865,-0.294091278324675
ENSMUSG00000027341.11,-0.0466277877301664,-0.0422084890767161
ENSMUSG00000027342.15,0.0337668061009433,0.0383117307970375
ENSMUSG00000087377.3,0.1314564118157892,0.137801510164178
ENSMUSG00000058793.15,0.138223350067822,0.14314765869327
ENSMUSG00000027346.16,-1.263811697600712,-1.25908276306216
ENSMUSG00000044991.11,-0.7418338982658285,-0.742181452831259
ENSMUSG00000084839.2,-2.3453791671518647,-2.3412544270386
ENSMUSG00000037376.15,0.3166243054740997,0.320943786504745
ENSMUSG00000027353.15,-0.1095276036789783,-0.109279637400739
ENSMUSG00000027357.17,-0.5670677530739899,-0.562706234672391
ENSMUSG00000027358.7,0.0316851508516191,0.0359848949015735
ENSMUSG00000027261.3,-0.540466484808183,-0.53537300313567
ENSMUSG00000034723.12,-0.3937765391328908,-0.387987672448626
ENSMUSG00000051177.17,-0.6064153712300162,-0.603763527010359
ENSMUSG00000085631.2,-0.79229547547528,-0.74497371128135
ENSMUSG00000039943.17,0.1601178376518647,0.175396933286184
ENSMUSG00000027274.17,-0.5114959436933086,-0.505439508356553
ENSMUSG00000027281.17,0.1949875978041637,0.201680914841864
ENSMUSG00000027276.8,-0.6822675596795421,-0.67922577953944
ENSMUSG00000062098.12,0.1500595404475578,0.158011073266101
ENSMUSG00000039033.12,-0.3608451336995028,-0.351651265041004
ENSMUSG00000045624.16,-0.0059810395573669,-0.0003188443535806
ENSMUSG00000027384.7,0.2883559431060388,0.292406410269877
ENSMUSG00000068205.15,-0.4582603841352967,-0.453735059181095
ENSMUSG00000038844.11,-0.2219654352806027,-0.216448874763573
ENSMUSG00000008333.13,0.2742829972181683,0.278684192908401
ENSMUSG00000015932.9,0.503468643285168,0.50797701160807
ENSMUSG00000027422.16,0.5325920712229414,0.537311633447363
ENSMUSG00000027423.16,0.0692858997199441,0.0743762775822276
ENSMUSG00000027424.12,0.1062882068500204,0.110016416037024
ENSMUSG00000027425.19,-0.113635314427553,-0.10815069695471
ENSMUSG00000037259.16,-0.5025215340183758,-0.467165264378236
ENSMUSG00000027427.14,-0.0619749388263939,-0.0557544064142634
ENSMUSG00000027428.10,0.0109651854806779,0.0155238416398065
ENSMUSG00000027429.17,0.0227879347903908,0.028409444570032
ENSMUSG00000074754.5,-0.4246531399939969,-0.415766150972399
ENSMUSG00000027430.13,-0.2558017489026261,-0.253123912481212
ENSMUSG00000001768.17,0.0438261289644557,0.0378098923397373
ENSMUSG00000002728.15,0.5627687918241293,0.566928725381532
ENSMUSG00000001767.6,0.1526568433066976,0.157757192890817
ENSMUSG00000037110.21,-0.2681844751802369,-0.263338077874669
ENSMUSG00000074749.11,0.0059985401811374,0.0066729811660459
ENSMUSG00000027433.6,0.2527697726698363,0.257189731366102
ENSMUSG00000086141.9,-0.8765271530437346,-0.870682757976829
ENSMUSG00000037025.12,0.2653989705120633,0.259717709107326
ENSMUSG00000074743.5,0.8753090954409461,0.87600130866221
ENSMUSG00000027435.9,1.5263091678873288,1.52318615406208
ENSMUSG00000036992.11,-0.2212100535326089,-0.220017803792505
ENSMUSG00000027439.10,-0.0088653939977568,-0.0043965124688585
ENSMUSG00000027438.15,-0.3949180900128075,-0.395882884629488
ENSMUSG00000027447.7,-0.1551189955306594,-0.149953861758198
ENSMUSG00000068134.15,0.039066754837195,0.0377931353077905
ENSMUSG00000060336.7,1.1769327074900835,1.12153785192483
ENSMUSG00000095315.4,0.6911670405772077,0.663606662017768
ENSMUSG00000068130.13,0.0652354219080649,0.0387886059344996
ENSMUSG00000033096.8,-0.1823545023312411,-0.178010843025711
ENSMUSG00000086407.2,-0.4608731104434946,-0.428588472541381
ENSMUSG00000033068.17,0.3368723542072629,0.340608579888645
ENSMUSG00000033059.8,0.4817303789686762,0.489150476301108
ENSMUSG00000032046.16,0.6018294739058343,0.606250532607606
ENSMUSG00000027454.11,0.150993026865275,0.124374555860234
ENSMUSG00000068115.14,0.9904482837153468,1.00482289393987
ENSMUSG00000027455.17,0.4450570453933551,0.449545464035252
ENSMUSG00000032966.15,0.4543941127272371,0.458955445805261
ENSMUSG00000032869.16,1.0960404545605835,1.10062970878491
ENSMUSG00000027459.17,1.296843910821556,1.21857626843653
ENSMUSG00000032802.9,0.9359446203486912,0.940305816449561
ENSMUSG00000120026.1,0.3897052401566658,0.413166819109409
ENSMUSG00000074698.11,-0.2265338952892077,-0.221933787023137
ENSMUSG00000027465.14,-0.3426699690629055,-0.337517362920278
ENSMUSG00000027466.16,0.5374972585402108,0.541937254307137
ENSMUSG00000032715.10,-0.2818088387506181,-0.272131534369373
ENSMUSG00000081434.4,-0.4123219757006179,-0.405364092104039
ENSMUSG00000051817.10,-2.278574609651491,-2.28136392814054
ENSMUSG00000019188.17,-0.4422396259679599,-0.437545480674985
ENSMUSG00000042814.9,0.1504648863586718,0.15403475491192
ENSMUSG00000042745.10,1.3780838442032315,1.37453904520445
ENSMUSG00000007659.19,0.7860251775841535,0.792041061304202
ENSMUSG00000027472.15,0.2908249321950118,0.29518754726484
ENSMUSG00000027474.14,0.8321068941189245,0.845000638978051
ENSMUSG00000003283.16,1.238629978532252,1.23666764550565
ENSMUSG00000068040.11,0.4946390776273075,0.498573644312923
ENSMUSG00000051413.18,0.4734069724984461,0.47236028815264
ENSMUSG00000046020.14,0.3031706245493318,0.307588853576808
ENSMUSG00000027475.10,0.2697017329109292,0.274232772038678
ENSMUSG00000073236.6,-0.915101763006924,-0.898850648110268
ENSMUSG00000042548.15,-0.1216515160512929,-0.115735990571672
ENSMUSG00000061411.13,0.4280770995369263,0.405020562313933
ENSMUSG00000056941.18,0.2023528162526611,0.206851598508657
ENSMUSG00000027478.16,0.9161415554423756,0.913104426221783
ENSMUSG00000027479.15,-0.0569706936556035,-0.0525627453741343
ENSMUSG00000027487.12,0.4383960099092234,0.447156357323735
ENSMUSG00000027488.13,-0.3402425605736185,-0.334907927219149
ENSMUSG00000038533.16,0.161732438975602,0.166416093074783
ENSMUSG00000027490.18,-0.7991648082079361,-0.784197837609201
ENSMUSG00000000876.12,-0.1472685358878031,-0.14248294851963
ENSMUSG00000059842.13,-0.2363056296834251,-0.213557439907336
ENSMUSG00000038467.16,0.6467066070596371,0.650585134281005
ENSMUSG00000027593.16,-0.0369594972116592,-0.03228224531605
ENSMUSG00000074656.14,-0.1732348375647052,-0.168429602113274
ENSMUSG00000027597.16,-1.1730781403665012,-1.16797477153689
ENSMUSG00000109877.2,0.1992689516888756,0.214926205468798
ENSMUSG00000027598.17,-0.261815855933382,-0.256850883379818
ENSMUSG00000047459.15,0.0345937472047788,0.0392314550942726
ENSMUSG00000027602.10,-1.1163499289690806,-1.11097953453824
ENSMUSG00000038383.17,0.5312663765317699,0.535515867613926
ENSMUSG00000038375.16,-0.0135482919188009,-0.0077628237565837
ENSMUSG00000038369.15,0.1151423915643097,0.119837246680605
ENSMUSG00000027605.19,0.3112224318986707,0.315255782907396
ENSMUSG00000086529.2,0.3739145678037048,0.380435661345455
ENSMUSG00000027610.18,-0.0643773676667597,-0.0603308961612489
ENSMUSG00000074652.4,-0.1546446860426708,-0.174924442552988
ENSMUSG00000038324.14,0.0521712466412668,0.0566733999687553
ENSMUSG00000038312.11,0.1054115561496756,0.110403715425259
ENSMUSG00000027611.13,1.35398724487871,1.35328101623958
ENSMUSG00000027612.8,0.0477411864008574,0.0520377382450096
ENSMUSG00000074649.7,0.073554848913748,0.0759858634629448
ENSMUSG00000027613.16,0.2894467371216887,0.293698451753194
ENSMUSG00000086754.3,0.3128858513081983,0.317236842324114
ENSMUSG00000005882.19,-0.0398950570443604,-0.0355068019508551
ENSMUSG00000038241.17,0.2546881067925572,0.259345378274862
ENSMUSG00000074646.12,-0.105219717783668,-0.0879908872831065
ENSMUSG00000005881.14,-0.054420552673604,-0.0497181131313318
ENSMUSG00000089824.11,0.4116668473624246,0.414587016942619
ENSMUSG00000027618.18,-0.1236604214452048,-0.119334808423741
ENSMUSG00000067847.14,-0.4615760656550349,-0.455990183574435
ENSMUSG00000027620.17,0.13015348913478,0.134471136640282
ENSMUSG00000038116.17,-0.218004238497234,-0.212791965456929
ENSMUSG00000046229.11,0.0634019205122716,0.0682579240256267
ENSMUSG00000038085.14,0.2394755482310491,0.248537523145761
ENSMUSG00000102869.4,0.1808833475373313,0.185490227907297
ENSMUSG00000027624.21,1.3500421051244946,1.33367631794556
ENSMUSG00000027628.11,0.1875761752353497,0.192075114097374
ENSMUSG00000061689.16,0.0098125260155293,0.0147192228608875
ENSMUSG00000067818.7,-0.08990188005303,-0.0742532901827527
ENSMUSG00000087179.10,0.8807234354856416,0.868875051263994
ENSMUSG00000062175.14,0.2253306821397303,0.22418592794521
ENSMUSG00000085741.10,0.137135932879729,0.138729883675342
ENSMUSG00000074629.4,0.7934303830294408,0.778307241437274
ENSMUSG00000027637.4,-0.2866661051533595,-0.28194337935285
ENSMUSG00000027636.12,-0.2958578689215991,-0.291071681945177
ENSMUSG00000027634.15,-0.4560581172311594,-0.450392619410188
ENSMUSG00000027635.16,-0.4168010584014716,-0.411534352620309
ENSMUSG00000055485.7,0.3277290794913945,0.323264043271673
ENSMUSG00000027639.17,1.7183737729841635,1.72311280649423
ENSMUSG00000027641.14,1.400926757236178,1.38822176075059
ENSMUSG00000074627.12,0.3985727044803143,0.395038639504788
ENSMUSG00000027642.16,0.0053704300591929,0.0101788622537541
ENSMUSG00000063019.6,0.4592358282082406,0.455617920059556
ENSMUSG00000027646.16,0.5399205118859777,0.550154446237766
ENSMUSG00000087445.2,0.5350707629422538,0.537697927327827
ENSMUSG00000067787.11,0.5687102630378438,0.572015679160637
ENSMUSG00000067786.17,0.8758700940937708,0.849401255615407
ENSMUSG00000027649.16,-0.2391985624799801,-0.233894226793954
ENSMUSG00000027650.13,0.2830867432795541,0.287420264361995
ENSMUSG00000027651.17,0.3327893310687475,0.337246037557702
ENSMUSG00000037820.16,0.969494613732301,0.974170504113478
ENSMUSG00000092283.2,0.8754456318815205,0.879386923950192
ENSMUSG00000016024.10,0.6398334313952324,0.644536132432503
ENSMUSG00000085385.9,0.2006363405280979,0.203709115639421
ENSMUSG00000044349.17,0.2158909828083426,0.214024060819595
ENSMUSG00000027652.16,0.176114931593488,0.181104251390315
ENSMUSG00000037761.17,0.0354422413322729,0.0410286126903412
ENSMUSG00000037754.14,-0.5002858929093619,-0.488605709980568
ENSMUSG00000027655.15,0.6188715951280706,0.61985329133317
ENSMUSG00000074623.5,-0.5056044792083919,-0.471696523707128
ENSMUSG00000074622.5,-0.3829562879186768,-0.374730843648977
ENSMUSG00000078956.5,-0.2022954478579116,-0.211877812976827
ENSMUSG00000070544.7,0.1685359806216051,0.173348333116961
ENSMUSG00000016933.18,-0.3741055822019191,-0.369086822488331
ENSMUSG00000098889.2,-0.3651180445290313,-0.364698096244317
ENSMUSG00000035877.18,0.0414101031488253,0.0456354390888769
ENSMUSG00000027412.13,1.2270716658902523,1.23206207665621
ENSMUSG00000057133.15,0.1359182709531368,0.140877595781157
ENSMUSG00000083567.4,-0.1809930360022668,-0.194308359130779
ENSMUSG00000016921.15,-0.2487664659879997,-0.243866052686265
ENSMUSG00000017868.17,-0.0379527065031707,-0.0345358612895696
ENSMUSG00000017858.13,0.1832279924345992,0.187453574148963
ENSMUSG00000035399.13,0.062048375347116,0.0659224701679964
ENSMUSG00000048486.7,-0.6552951660261667,-0.650579048057854
ENSMUSG00000053353.6,0.2939368479924167,0.299759351375932
ENSMUSG00000078949.3,-0.5899766209439699,-0.563706942158888
ENSMUSG00000046840.18,-0.8807219976558415,-0.877914136498659
ENSMUSG00000017950.17,0.0626695360765378,0.0679210563186393
ENSMUSG00000017679.17,-0.2666477272708377,-0.261082469535927
ENSMUSG00000017707.10,0.3393622506578748,0.344216583016002
ENSMUSG00000058812.3,0.249423118869537,0.257508562110937
ENSMUSG00000035268.15,0.2320917020018346,0.232143866368896
ENSMUSG00000017697.4,0.7951207051827716,0.804936052780386
ENSMUSG00000018326.10,0.2007467128223337,0.204418266071645
ENSMUSG00000018322.11,0.2218533407847895,0.221119345126412
ENSMUSG00000018209.16,0.2008735499711238,0.20515616470628
ENSMUSG00000017002.15,1.6863592723442429,1.73435337392865
ENSMUSG00000017009.4,-0.1272999607997627,-0.122506998942939
ENSMUSG00000045503.17,0.4363755991599423,0.441388731351761
ENSMUSG00000085760.2,-0.7471225317045912,-0.721763734566724
ENSMUSG00000017721.16,0.529259979271039,0.532963103686415
ENSMUSG00000017723.12,-0.0876557558068295,-0.102033871679908
ENSMUSG00000017299.14,0.2246901947446246,0.228307170000864
ENSMUSG00000086453.8,0.2937696704388807,0.297146545369354
ENSMUSG00000050373.14,-0.2465724554080109,-0.241064053755518
ENSMUSG00000017307.17,-0.3621603359253174,-0.358618919962898
ENSMUSG00000045822.5,0.0571072010272541,0.0939786323025403
ENSMUSG00000017764.3,0.0002763466888417,0.0089397685214351
ENSMUSG00000039873.5,-0.6890056035601232,-0.679075168560558
ENSMUSG00000017760.17,-0.1549137321130522,-0.149817500833763
ENSMUSG00000017754.14,-0.0388305496724729,-0.0386171932156918
ENSMUSG00000039849.7,0.2146153852479743,0.218828447361829
ENSMUSG00000039834.18,-0.0904679163052865,-0.0868073668142201
ENSMUSG00000085436.3,-1.0332903226233774,-0.98104494702327
ENSMUSG00000017740.18,-0.2144516483541141,-0.227622671712002
ENSMUSG00000039804.16,0.280800783794937,0.283993670128901
ENSMUSG00000017652.17,2.7011754817934945,2.68749118899338
ENSMUSG00000017664.17,0.2534186554948949,0.258358629826325
ENSMUSG00000017670.17,0.3092085925505793,0.313728115093329
ENSMUSG00000017667.10,-0.3845901606480874,-0.362907191010762
ENSMUSG00000018459.16,1.0604862235074854,1.04548096025551
ENSMUSG00000039725.7,0.4627154796246001,0.465726010141768
ENSMUSG00000039671.19,1.339501433464238,1.34474106657322
ENSMUSG00000027678.18,0.1572581797827495,0.162089653560686
ENSMUSG00000006800.15,0.3472672022235714,0.351072627977058
ENSMUSG00000039621.14,0.4360918412728407,0.443058355671496
ENSMUSG00000042854.10,0.211734440586321,0.213056761367075
ENSMUSG00000074582.11,-0.0256237407337279,-0.020746397365767
ENSMUSG00000002718.15,-0.0137453150015078,-0.0095527798091688
ENSMUSG00000039536.17,0.1978248729240596,0.201884669416007
ENSMUSG00000017999.17,-0.0310728741449419,-0.0257050429923013
ENSMUSG00000039501.15,2.009749903526382,2.01390165009509
ENSMUSG00000074578.16,0.688203996134957,0.697378339456181
ENSMUSG00000050556.10,-0.5630773872632915,-0.534005633833448
ENSMUSG00000017969.14,-0.4168022423291835,-0.398454862523119
ENSMUSG00000017929.14,-0.2087128800688088,-0.206351241174084
ENSMUSG00000039463.16,0.2282323915733844,0.232610633115504
ENSMUSG00000047030.16,0.2042427961891087,0.206460587739896
ENSMUSG00000006418.18,0.2880425883891852,0.293074380084477
ENSMUSG00000042821.8,0.2490623799786485,0.251623659463396
ENSMUSG00000120653.1,-0.6005551121744759,-0.571973271612777
ENSMUSG00000090213.2,-0.5907595837384009,-0.586049520746845
ENSMUSG00000056501.4,-0.1015722764153837,-0.0946434607428984
ENSMUSG00000027540.14,0.2273044841579811,0.231775458757957
ENSMUSG00000074577.10,-1.0842576025195128,-1.06799360952793
ENSMUSG00000044641.8,0.1257169424833426,0.130490751386081
ENSMUSG00000078919.11,-0.1039084335985656,-0.0930734235572986
ENSMUSG00000074576.5,0.4475288192810573,0.453732291813443
ENSMUSG00000027546.16,0.2639656142294735,0.269231845682823
ENSMUSG00000027551.16,0.1955130658955633,0.199642961471686
ENSMUSG00000047907.12,-0.287250486713589,-0.278094338327804
ENSMUSG00000052056.15,0.0837638078124047,0.088833836580846
ENSMUSG00000084013.2,-0.0196272812473454,-0.0987723054946922
ENSMUSG00000052033.14,0.3386328335399807,0.338334082589595
ENSMUSG00000085495.2,0.1199857309589485,0.107020626898911
ENSMUSG00000027495.5,-0.4417756504119189,-0.436878604862551
ENSMUSG00000027496.16,-0.8881365106980336,-0.886950297780457
ENSMUSG00000027498.15,0.183814524464295,0.188663078088808
ENSMUSG00000027502.12,0.0155091643544513,0.0200013061558617
ENSMUSG00000081344.6,-0.6235382954018052,-0.610945263097718
ENSMUSG00000027509.12,-0.0865879778355496,-0.0812610817549917
ENSMUSG00000027510.18,-0.77952820474907,-0.759667653190468
ENSMUSG00000087442.2,-1.7145250118436597,-1.67026569918318
ENSMUSG00000070495.13,0.210732117057868,0.173506754321635
ENSMUSG00000087382.9,-0.5757032466219516,-0.570502737627411
ENSMUSG00000120918.1,-1.309335114893115,-1.27779676166619
ENSMUSG00000027513.12,-1.3611897263500703,-1.35596697741669
ENSMUSG00000027514.15,5.1849022542135925,5.18170764651431
ENSMUSG00000038400.16,0.3966832482049977,0.384533659737013
ENSMUSG00000121504.1,0.1429741214703667,0.146533148247128
ENSMUSG00000055897.16,0.196383951697548,0.196682497245135
ENSMUSG00000027519.11,-0.1796082502803118,-0.174507038517768
ENSMUSG00000098588.3,0.2683031483940724,0.275395027409711
ENSMUSG00000054455.6,-0.3500299333193871,-0.345073475623498
ENSMUSG00000027522.17,-0.0145710050935648,-0.010178760430649
ENSMUSG00000039263.17,-0.266323286620233,-0.261091538495684
ENSMUSG00000027523.21,0.0014384264289134,0.0062080481062628
ENSMUSG00000016253.13,-0.1884573036525391,-0.183891713473175
ENSMUSG00000016256.11,0.5591638575825189,0.564043519666566
ENSMUSG00000016252.8,-0.638213386516231,-0.634183580414783
ENSMUSG00000016257.16,-0.1166958111372663,-0.112013467732945
ENSMUSG00000090093.10,-0.4401532913324029,-0.431804405635694
ENSMUSG00000078878.10,-0.2466323758199774,-0.237957333859943
ENSMUSG00000078877.12,-0.2001437313156455,-0.164518137535869
ENSMUSG00000078870.11,-0.1696647152411622,-0.171979049369209
ENSMUSG00000078867.11,-0.3217630570878409,-0.343191194432323
ENSMUSG00000078866.11,-0.2593703688897076,-0.256861552475483
ENSMUSG00000094786.3,-0.8495841669369767,-0.849325412450812
ENSMUSG00000095362.8,0.1673795694451284,0.174619323639879
ENSMUSG00000074521.11,0.3183090780903173,0.33011336535391
ENSMUSG00000074529.12,0.2184624612286679,0.214686983162125
ENSMUSG00000078862.11,-0.1307715256043636,-0.12455832610016
ENSMUSG00000074519.12,-0.1489091533004981,-0.151510159511543
ENSMUSG00000078861.9,-0.0782082940603983,-0.0755648454314166
ENSMUSG00000061897.6,0.0875191237384294,0.0622022324277651
ENSMUSG00000039117.17,-0.2679826214538462,-0.263739162924082
ENSMUSG00000085704.3,1.0397549917350164,1.05201092613559
ENSMUSG00000039108.15,-0.2026169475037424,-0.198258589885781
ENSMUSG00000027566.16,0.283372232357559,0.287909495580353
ENSMUSG00000039086.10,-0.3659116121728146,-0.362896753468867
ENSMUSG00000039069.20,0.2153861034974905,0.221144928043292
ENSMUSG00000039050.9,-0.3507978850070214,-0.346001594069774
ENSMUSG00000039041.16,0.0163263444296931,0.0211311269150083
ENSMUSG00000015647.10,0.5026790465237825,0.515765046553454
ENSMUSG00000039001.13,-0.6743475330997938,-0.672582483667193
ENSMUSG00000038990.15,-0.6319940524754535,-0.626913046326316
ENSMUSG00000027569.16,0.2469414860150199,0.251774170314542
ENSMUSG00000049401.11,1.27669630560284,1.28170845145987
ENSMUSG00000038914.16,-0.0386068702961008,-0.034076801971992
ENSMUSG00000027573.12,0.0406491167751543,0.0450130180967401
ENSMUSG00000121095.1,-0.5833251744537655,-0.580204734143313
ENSMUSG00000023393.16,-0.1162434471839026,-0.120353968166921
ENSMUSG00000038848.15,-0.14361408294174,-0.138626961970028
ENSMUSG00000027575.20,0.2106390603568755,0.214522485046555
ENSMUSG00000070461.4,-0.6105457048551391,-0.607656188110511
ENSMUSG00000016356.19,0.1979148995480502,0.204349812869378
ENSMUSG00000027577.15,3.357419270507141,3.37263504263385
ENSMUSG00000016344.15,-0.4456477395970862,-0.439023042545516
ENSMUSG00000038751.6,0.3665087052145852,0.362571970385746
ENSMUSG00000027580.18,1.3817853209760889,1.38577466044582
ENSMUSG00000038705.14,0.1342043079689113,0.137932222975654
ENSMUSG00000038685.19,-0.046422343861661,-0.0414857006607161
ENSMUSG00000038671.16,0.3035164873997784,0.307990231107643
ENSMUSG00000027582.17,0.2523032040743582,0.254643562028129
ENSMUSG00000090077.10,-0.1713521994404706,-0.166467471334574
ENSMUSG00000121871.1,0.1014842005860801,0.110792557736136
ENSMUSG00000027583.14,0.3284624646198386,0.327895094325061
ENSMUSG00000000827.19,0.0237849984153217,0.0283244740273964
ENSMUSG00000000826.17,0.0250226477404228,0.0285519879851566
ENSMUSG00000089917.8,0.1353717691950716,0.139268920434545
ENSMUSG00000010492.11,-0.1129355581514536,-0.104178903045002
ENSMUSG00000000823.17,-0.0109032559973191,-0.0061819892616046
ENSMUSG00000002455.15,0.0641980583211027,0.068818321334059
ENSMUSG00000038605.12,0.917877145156702,0.928721457395387
ENSMUSG00000046470.6,0.4754928801325845,0.507151442678466
ENSMUSG00000059540.16,0.4570527377693497,0.460421897674058
ENSMUSG00000002458.14,0.5526995252859714,0.557059196866504
ENSMUSG00000027589.15,-0.1685541322324336,-0.164034992465566
ENSMUSG00000121225.1,0.3050759128105579,0.314343203141097
ENSMUSG00000038628.9,0.1597003144433162,0.162004418963707
ENSMUSG00000025255.19,0.4752711327445305,0.480910368770155
ENSMUSG00000040374.14,0.0977766423631066,0.102253752621844
ENSMUSG00000103034.2,-0.040824951503109,-0.0174008348971052
ENSMUSG00000027499.13,0.2282285084823843,0.209419576423936
ENSMUSG00000043542.13,0.2980168023969687,0.306482557920965
ENSMUSG00000040329.15,2.5507950345203003,2.52197828113981
ENSMUSG00000040269.6,-0.1309643355472806,-0.128827204965367
ENSMUSG00000027506.16,0.2632270708063947,0.267721773201535
ENSMUSG00000069114.9,-0.3096143199042295,-0.30383425189795
ENSMUSG00000040209.13,0.1092658781091067,0.11543557793914
ENSMUSG00000027508.16,0.3032473108763993,0.31207436215847
ENSMUSG00000027533.11,-1.0715526325316864,-1.07302451525371
ENSMUSG00000049230.9,-0.4393027416608918,-0.450017678298751
ENSMUSG00000062515.4,-0.2259673273440194,-0.218295266942778
ENSMUSG00000027531.17,-0.1575297814325346,-0.152565763098735
ENSMUSG00000058921.4,-0.1893533024461345,-0.184478981076905
ENSMUSG00000039795.15,-0.1446017060715919,-0.140348831441373
ENSMUSG00000121077.1,-0.2206186496519546,-0.244797211704309
ENSMUSG00000027536.7,0.9077807734709014,0.907659922052736
ENSMUSG00000027534.17,0.0840552651351478,0.0842534663440419
ENSMUSG00000027550.15,0.5901891467923523,0.583991406059187
ENSMUSG00000027552.16,0.0702322807446919,0.0759447078587075
ENSMUSG00000078784.9,0.2609103612229401,0.265002471671361
ENSMUSG00000027555.9,0.6699692013080126,0.673067408840828
ENSMUSG00000027556.16,-0.5037138110721134,-0.494727271931564
ENSMUSG00000120173.1,-0.9896931775721444,-0.984961113458158
ENSMUSG00000027559.6,-1.0064423641296,-1.00164997459156
ENSMUSG00000027562.13,-0.6160543360005943,-0.615699405994376
ENSMUSG00000078780.8,1.028342116778897,1.00901590461441
ENSMUSG00000047213.15,-0.1307365840196466,-0.126534374277698
ENSMUSG00000039519.7,-1.0270915886105176,-1.0218696047282
ENSMUSG00000104918.2,-0.1206584189185451,-0.110598527487351
ENSMUSG00000027599.10,-0.045631032168039,-0.0408545813526979
ENSMUSG00000027601.14,-0.2053670702841752,-0.200731742774471
ENSMUSG00000069094.13,-0.4968514449174224,-0.491095990633164
ENSMUSG00000121477.1,0.3050470059480072,0.31030057285195
ENSMUSG00000003617.17,0.0827069693956342,0.0873133449334224
ENSMUSG00000027615.15,0.1395875740038759,0.145998960985853
ENSMUSG00000002428.13,0.1624559441415863,0.166972756140304
ENSMUSG00000019528.19,0.3337646528863528,0.329899572282779
ENSMUSG00000106019.3,0.4590543585304442,0.460758998590649
ENSMUSG00000027630.14,-0.22081920835068,-0.215901367091731
ENSMUSG00000102758.4,-0.8632387314376859,-0.860701674054089
ENSMUSG00000057036.8,-0.4261677337053011,-0.418843179113792
ENSMUSG00000104295.2,-0.0609469532337189,-0.0444264496699292
ENSMUSG00000027699.20,-0.3612375058967261,-0.370179471293436
ENSMUSG00000027698.15,-0.9668229576774432,-0.963300307927344
ENSMUSG00000039304.12,2.5079238145276976,2.50582249145414
ENSMUSG00000039286.13,0.2052699782683638,0.209890148519701
ENSMUSG00000027695.17,0.932407719493772,0.947533281946894
ENSMUSG00000027692.17,-0.2803771257134667,-0.276516482949546
ENSMUSG00000027690.14,-0.5359108680668979,-0.531040388217386
ENSMUSG00000039221.11,-1.5549217924169618,-1.55132444723624
ENSMUSG00000104444.2,-1.5300731142964537,-1.52549299737091
ENSMUSG00000063600.15,-0.2178812331871238,-0.201689776810883
ENSMUSG00000037730.14,0.2650337837968159,0.269245844242933
ENSMUSG00000097786.4,-0.3481602792308582,-0.344613563416904
ENSMUSG00000027706.9,-0.0986089589743235,-0.0935192904453719
ENSMUSG00000037652.16,0.3033033061313684,0.307496046425172
ENSMUSG00000037643.15,0.3125014560223798,0.316694696497181
ENSMUSG00000027660.17,0.7289875035867159,0.733591746612227
ENSMUSG00000027663.14,1.0298606281808025,1.03134672615703
ENSMUSG00000027665.14,-0.1796800399149858,-0.175150009862217
ENSMUSG00000103039.2,-0.8030017489652354,-0.772204931777995
ENSMUSG00000027667.14,-0.3864076241101395,-0.381259015933325
ENSMUSG00000027668.14,-0.2821329896180554,-0.277679182091653
ENSMUSG00000027669.15,0.5378607544046815,0.540429162308182
ENSMUSG00000027671.15,-0.2001947212172713,-0.195709886747316
ENSMUSG00000037531.9,-0.2614730297655202,-0.257041262363623
ENSMUSG00000027673.13,-0.4706669865919856,-0.465659894565714
ENSMUSG00000027677.18,-0.2764919287306763,-0.271963134882606
ENSMUSG00000027676.12,-0.3375825479457701,-0.333529759747423
ENSMUSG00000027680.16,-0.041639832792431,-0.0374363360782071
ENSMUSG00000105135.2,-2.0709417100508376,-2.06226504305777
ENSMUSG00000027679.14,-0.4091120391063366,-0.404365551465595
ENSMUSG00000105176.2,-0.1217600939310386,-0.119753972144134
ENSMUSG00000037400.18,-0.4100837388113513,-0.405335377649844
ENSMUSG00000027708.15,-0.0829251998641848,-0.0786317447456004
ENSMUSG00000085655.6,-0.8678416163990057,-0.841807689952101
ENSMUSG00000105095.2,-0.6827413687076204,-0.685692200626246
ENSMUSG00000027709.10,-0.2602442095181878,-0.255569274329887
ENSMUSG00000105556.2,0.3515113592931654,0.365779795467462
ENSMUSG00000106096.2,-0.3039717689739942,-0.291235544953186
ENSMUSG00000086392.10,0.0199928903471886,0.0694409262178103
ENSMUSG00000027710.15,0.1908519216593449,0.195318001688507
ENSMUSG00000033883.12,-0.0014649501824022,0.0041591312438047
ENSMUSG00000027712.14,0.9972195443418924,1.00157895906393
ENSMUSG00000027714.12,0.4930164917044535,0.496695715220921
ENSMUSG00000027715.10,0.5608835389112081,0.562687634760273
ENSMUSG00000037325.11,-0.6060814492862049,-0.606463699062416
ENSMUSG00000037270.19,-0.7095307357348452,-0.704463716960745
ENSMUSG00000086090.2,-0.9803772458711418,-0.971239562448949
ENSMUSG00000037225.14,-0.4720478500242183,-0.465094346174178
ENSMUSG00000050174.16,-0.7563528716183058,-0.756130511122794
ENSMUSG00000027722.15,0.3495958263230306,0.360164363457892
ENSMUSG00000037211.13,-0.2958132731574803,-0.300745646585307
ENSMUSG00000058174.8,-0.5804497013037722,-0.581073090097728
ENSMUSG00000100755.2,-0.545810777516126,-0.52499076745558
ENSMUSG00000044864.17,0.1415992685207713,0.146090903834695
ENSMUSG00000046743.7,-0.517603747756605,-0.53197142057966
ENSMUSG00000060798.8,-0.0249463197018133,-0.017917996523823
ENSMUSG00000025757.14,0.8133902340487011,0.818553860196525
ENSMUSG00000025758.11,-0.3736078386743937,-0.374013290368318
ENSMUSG00000025759.12,0.0896425777625379,0.0951138222856708
ENSMUSG00000121347.1,-0.4282646294812604,-0.421270181260697
ENSMUSG00000037818.18,-0.2794584189598184,-0.274654096735207
ENSMUSG00000107741.4,-0.011663302001794,-0.0148500245618487
ENSMUSG00000025762.17,-0.1120624901042307,-0.107168156044918
ENSMUSG00000105517.2,-0.4623577499392085,-0.456025084829325
ENSMUSG00000049940.8,0.0194476025888806,0.0240071006614681
ENSMUSG00000097639.4,0.0704907495264904,0.0352184149503347
ENSMUSG00000105260.2,0.3687882310537326,0.388206400999673
ENSMUSG00000104616.2,0.2858873561393785,0.337180218028927
ENSMUSG00000025764.15,-0.2615745514011687,-0.256929222919643
ENSMUSG00000059834.13,-1.0087220979437437,-1.00222505660519
ENSMUSG00000025766.15,-0.1720568162525858,-0.168154693992858
ENSMUSG00000037892.14,0.5561432384430004,0.580624305182891
ENSMUSG00000023087.17,-0.4325582498326709,-0.421357907714073
ENSMUSG00000103313.2,-0.4672387742424518,-0.455501089644373
ENSMUSG00000037174.19,-0.064280989802815,-0.0595945689129941
ENSMUSG00000087440.3,-0.0507571004351721,-0.0537203030960782
ENSMUSG00000037152.12,-0.6007960417793992,-0.595350570934523
ENSMUSG00000063273.12,0.1623192371459252,0.167477078420658
ENSMUSG00000027739.10,-0.0014564369070932,0.0081932546455298
ENSMUSG00000037111.10,-0.852532727187516,-0.838595566230435
ENSMUSG00000061143.16,-0.1313995084470372,-0.135424881136412
ENSMUSG00000044167.7,-0.0099553840218748,-0.0047600073221406
ENSMUSG00000092405.2,-0.4389674627716726,-0.414100200749337
ENSMUSG00000120422.1,1.515213160167483,1.51795065642246
ENSMUSG00000027742.14,0.0228587965274263,0.0275632334354042
ENSMUSG00000048332.14,0.3826511559116675,0.389288319730047
ENSMUSG00000042997.14,0.1570638033711262,0.160809992242565
ENSMUSG00000085174.2,0.4304814960261653,0.439005776157818
ENSMUSG00000049504.13,0.146290988311236,0.148012675786291
ENSMUSG00000105879.2,-0.144273172765246,-0.142367065131506
ENSMUSG00000027746.14,-0.406300739764327,-0.40111181390089
ENSMUSG00000027750.17,-0.0154799440486699,-0.0018215646717088
ENSMUSG00000027751.15,0.2613221217741061,0.265859862518341
ENSMUSG00000027752.16,0.3562487733482465,0.357448736197066
ENSMUSG00000036632.10,-0.0249994089765139,-0.0210678698186162
ENSMUSG00000027796.3,-0.7577756765837972,-0.762883688171072
ENSMUSG00000036615.8,-0.4668199410708934,-0.46280500178254
ENSMUSG00000036580.16,0.1401875409002652,0.145026116921782
ENSMUSG00000027799.13,0.2370465748892971,0.240283866150081
ENSMUSG00000027800.15,-0.4069563927503627,-0.41037020177505
ENSMUSG00000119987.1,-0.4287049273444731,-0.426736679639358
ENSMUSG00000027801.8,-0.4335384261515788,-0.429061236374006
ENSMUSG00000027803.15,-0.2657517599377058,-0.26197606807775
ENSMUSG00000104965.2,-1.6998255992137157,-1.65467776075594
ENSMUSG00000036513.16,-0.0957273688909162,-0.091120163783607
ENSMUSG00000036503.14,-0.1915372770349369,-0.186724794004807
ENSMUSG00000027805.17,-0.1911403114906523,-0.178327557474667
ENSMUSG00000027806.10,-0.416540975959583,-0.411431102868078
ENSMUSG00000027808.9,-0.575688935849784,-0.570673392717171
ENSMUSG00000027810.15,0.0770927236264846,0.0810176391661634
ENSMUSG00000120969.1,-0.4193037160793645,-0.407355200118002
ENSMUSG00000075700.11,0.1195114540151659,0.124238487379321
ENSMUSG00000036432.9,-0.4305581901128055,-0.424585776183435
ENSMUSG00000056476.14,-0.4489698045063121,-0.439707935028731
ENSMUSG00000036381.14,1.1996653515649118,1.1936682186694
ENSMUSG00000036362.3,0.2170991900689052,0.229380790389
ENSMUSG00000036353.14,-1.557594543222373,-1.55215156789379
ENSMUSG00000036334.13,-0.3446642176692189,-0.334842994774072
ENSMUSG00000027761.5,-0.4653782233160511,-0.460757964028932
ENSMUSG00000027762.7,1.7690763044405051,1.7709524570905
ENSMUSG00000027763.14,-0.2945547782074528,-0.289808874346553
ENSMUSG00000102564.2,-1.0407441879152883,-1.04846824065969
ENSMUSG00000027765.7,-1.1895116315328695,-1.18885801665229
ENSMUSG00000036894.4,1.0841965249152572,1.07525410156311
ENSMUSG00000103502.2,0.2650489349351851,0.258940913740212
ENSMUSG00000036885.15,0.1325079518895912,0.135287813532758
ENSMUSG00000027770.6,-0.0798769158153831,-0.0760444012152567
ENSMUSG00000027820.13,-0.8889153871879543,-0.904369066722311
ENSMUSG00000048581.13,0.8131146161298151,0.811564333139831
ENSMUSG00000027822.17,-0.4213249519271229,-0.416503283408759
ENSMUSG00000097724.3,-0.2126795080688543,-0.201853491790695
ENSMUSG00000027823.10,-0.3714711537606471,-0.366159345182575
ENSMUSG00000027827.18,1.0208322475243257,1.01405960695419
ENSMUSG00000027828.13,-0.5554493360244687,-0.550793238792759
ENSMUSG00000048916.8,-0.2883326218164166,-0.266083237512272
ENSMUSG00000034640.10,0.0056740575572048,0.0059583482844417
ENSMUSG00000027829.16,0.0683732426657888,0.072672882579452
ENSMUSG00000103041.2,0.0476240001520119,0.0694225475227425
ENSMUSG00000034544.18,-0.1944041505722884,-0.189906329462171
ENSMUSG00000027774.17,0.0721847959203806,0.076756007599447
ENSMUSG00000047557.3,0.0164792493147142,0.0086073265695503
ENSMUSG00000049404.8,-0.5477416997963733,-0.544923249974895
ENSMUSG00000027775.10,-0.4876376607816929,-0.482439249134723
ENSMUSG00000103206.2,-0.2373461740530307,-0.218738119590342
ENSMUSG00000027778.17,-0.4665243376631044,-0.464380784582304
ENSMUSG00000034349.15,-0.3286084958698191,-0.323377497525213
ENSMUSG00000027782.11,0.0329915448420995,0.0375825705103929
ENSMUSG00000120717.1,-0.2751243093027318,-0.266122841514253
ENSMUSG00000027784.11,-0.8717431826480229,-0.866261351980521
ENSMUSG00000043300.3,1.0021416047354266,0.997033376609437
ENSMUSG00000027787.15,0.0157086179256549,0.0202122917303422
ENSMUSG00000027792.12,-0.3517198289264201,-0.346970183875613
ENSMUSG00000027835.12,0.1558108365212482,0.160943266948716
ENSMUSG00000027834.16,1.6441976994129592,1.60865756838158
ENSMUSG00000034109.17,0.1860017338632817,0.190627616608629
ENSMUSG00000104448.2,0.0117417112783419,0.017321706100395
ENSMUSG00000037096.7,0.249402207459657,0.279054281453127
ENSMUSG00000062232.15,0.1354861438243839,0.139934398973314
ENSMUSG00000102545.2,1.6108086837180065,1.58159924430615
ENSMUSG00000061175.13,-0.2474013555441583,-0.242874218161991
ENSMUSG00000027804.14,0.1178365912881248,0.124866326040089
ENSMUSG00000027809.15,-0.5432733950177091,-0.538433077773179
ENSMUSG00000027811.10,-0.581190202064255,-0.587250489742337
ENSMUSG00000027956.12,0.1169494780974919,0.11979697544437
ENSMUSG00000027955.17,0.5992129118209208,0.609020388411955
ENSMUSG00000028019.10,0.7082257564681869,0.681279109255055
ENSMUSG00000028015.4,0.5180879597640148,0.523049641678933
ENSMUSG00000028011.17,-0.2057388999297043,-0.200852094054299
ENSMUSG00000028008.11,-0.7462857816098123,-0.739206648901809
ENSMUSG00000028005.14,0.2732193234093785,0.283280375960104
ENSMUSG00000033910.14,0.3710352513826871,0.377258408975824
ENSMUSG00000033900.14,-0.1543184810373143,-0.151968549844729
ENSMUSG00000028003.7,-0.6416661447717432,-0.636304089727276
ENSMUSG00000102595.2,-0.3383124904230097,-0.33370868351762
ENSMUSG00000033860.14,-0.3450183572715216,-0.340353059337502
ENSMUSG00000028001.17,-0.1163618666087702,-0.111720595849774
ENSMUSG00000033831.6,-0.0739193992477525,-0.0692459265059368
ENSMUSG00000027998.12,0.2214296405317575,0.226343049537869
ENSMUSG00000027995.11,2.1441415969722,2.12793122748915
ENSMUSG00000033767.15,4.745016422142386e-05,0.0015576577646764
ENSMUSG00000033752.8,-0.8584306041997181,-0.841697241242244
ENSMUSG00000027993.17,0.5672819231145891,0.577216067856955
ENSMUSG00000074513.10,0.4975537684214604,0.496182011766006
ENSMUSG00000028086.16,-0.0668448910209469,-0.0632921647413665
ENSMUSG00000085527.2,-0.1909802815767234,-0.209309207450345
ENSMUSG00000028085.13,-0.210500277814026,-0.205571555428345
ENSMUSG00000051000.18,0.6178391042197413,0.612312352776926
ENSMUSG00000031286.7,-0.8828989712233039,-0.889700140688485
ENSMUSG00000028082.15,0.0449596290203787,0.0494852310772298
ENSMUSG00000028081.7,-0.550546416932457,-0.545631453510558
ENSMUSG00000028080.17,0.2867751806668644,0.291220466538485
ENSMUSG00000028078.15,-0.4679216347485956,-0.474112037158638
ENSMUSG00000041750.15,-0.0296632523118684,-0.0358103905972198
ENSMUSG00000028076.13,-0.0230348100031092,-0.0182431968056837
ENSMUSG00000041734.16,0.8693922236287353,0.86946775825987
ENSMUSG00000015854.8,0.0477819335549702,0.0475298256897389
ENSMUSG00000003382.19,0.0235960778448374,0.028267678408774
ENSMUSG00000041977.19,0.1754994157923719,0.18028951137901
ENSMUSG00000023084.12,0.1861377851601359,0.186330919108597
ENSMUSG00000028073.17,0.1043921085979158,0.108135073123803
ENSMUSG00000004895.10,0.0420947425406141,0.0471733047787398
ENSMUSG00000004897.18,-0.149531562734959,-0.144604490106563
ENSMUSG00000019710.14,-0.1367118565445263,-0.131986448613816
ENSMUSG00000004896.17,0.018976500988314,0.0237123127767437
ENSMUSG00000048039.9,-0.2849355261746086,-0.280481207749687
ENSMUSG00000004891.17,0.1692216010581347,0.165257336543183
ENSMUSG00000028069.17,0.5140746660543998,0.517824814663057
ENSMUSG00000028070.8,-0.1329092635438852,-0.128134576752969
ENSMUSG00000001419.18,0.1876421305840979,0.193138589220014
ENSMUSG00000096935.7,-0.4652375704674558,-0.459027315592446
ENSMUSG00000104445.2,0.8339749487738493,0.852085935250967
ENSMUSG00000010538.15,-0.94108488673154,-0.915284943577123
ENSMUSG00000001416.14,0.4281562970825124,0.432768167009242
ENSMUSG00000001418.14,0.0880652614214804,0.0929568490774087
ENSMUSG00000001420.14,-0.1098032103912233,-0.132793903159798
ENSMUSG00000001415.11,0.1498161072777219,0.153904049088796
ENSMUSG00000074489.10,0.5955360549310933,0.522807121032375
ENSMUSG00000028066.16,0.288149309368864,0.290484812372624
ENSMUSG00000050144.14,0.709751280513329,0.714904493093781
ENSMUSG00000028064.18,0.2356791903985371,0.240160291164227
ENSMUSG00000028063.16,0.4955111893752846,0.500604705972643
ENSMUSG00000028062.16,-0.3515691039453695,-0.346414471871025
ENSMUSG00000008604.12,-0.3564233460268622,-0.350412798220779
ENSMUSG00000041355.14,-0.2092144834520082,-0.204491122084587
ENSMUSG00000028059.17,0.6408798733207505,0.647651936092076
ENSMUSG00000105512.2,-0.2026631265090632,-0.188344138715232
ENSMUSG00000028060.15,-0.2038757278533809,-0.199329718737105
ENSMUSG00000028057.15,0.4582387798541254,0.457693589672717
ENSMUSG00000068923.15,-0.3942045385200483,-0.422377231780613
ENSMUSG00000078684.9,0.5262474297431334,0.558424323971753
ENSMUSG00000098912.9,0.3668119341124005,0.362521663699989
ENSMUSG00000054199.19,0.4883656893530639,0.493880113837986
ENSMUSG00000068922.15,0.240123217494858,0.244410381775775
ENSMUSG00000068921.15,0.1574333798334332,0.162284936209596
ENSMUSG00000028053.14,-0.1152887853102592,-0.110684241946455
ENSMUSG00000041263.15,0.7620714790399481,0.767973162436584
ENSMUSG00000059743.13,0.2708285554572845,0.275792441020137
ENSMUSG00000077148.3,1.248393912543081,1.21187143854813
ENSMUSG00000041237.13,0.1352887714057277,0.14003843438246
ENSMUSG00000028051.11,0.0124850945908963,0.0162070201318352
ENSMUSG00000068917.13,0.0206331937608123,0.0247812064605791
ENSMUSG00000028049.16,0.06951434279849,0.0751072476089689
ENSMUSG00000086718.2,0.144897040557287,0.14903062449873
ENSMUSG00000032657.16,0.2364378469085336,0.235111160993748
ENSMUSG00000028048.12,0.0826405234573659,0.0875396017826901
ENSMUSG00000064068.16,-0.1304766438729635,-0.125911265234437
ENSMUSG00000105692.2,0.0361834616707363,0.0407493321939673
ENSMUSG00000042747.13,-0.6228136807320028,-0.617542620277661
ENSMUSG00000042737.10,-0.8486355016555168,-0.845663051459001
ENSMUSG00000027953.14,1.0422179950915096,1.04426550250734
ENSMUSG00000027954.10,-1.1503005775365525,-1.13719040388243
ENSMUSG00000028039.12,1.4101859905606966,1.39373530178071
ENSMUSG00000086389.2,1.1122127963758517,1.09956969994779
ENSMUSG00000097004.2,0.8587336121483984,0.885702094927
ENSMUSG00000028041.18,1.1303210663923349,1.13787650629752
ENSMUSG00000028042.16,0.2676489845807467,0.271998911287899
ENSMUSG00000074466.14,-0.5211843528756476,-0.511357789291621
ENSMUSG00000042642.14,0.1635431801576604,0.168914740468388
ENSMUSG00000028044.7,-0.4997128356133029,-0.495194703373688
ENSMUSG00000042626.14,0.3038243300999644,0.3074775256001
ENSMUSG00000047824.14,-0.1653944056841852,-0.157983173498649
ENSMUSG00000042613.10,0.6750093970259983,0.679187404833359
ENSMUSG00000027952.17,0.543791875718837,0.548778313006556
ENSMUSG00000027951.17,1.7432939167701167,1.74724988810219
ENSMUSG00000027950.8,0.9697065740788876,0.973018253737916
ENSMUSG00000042579.4,-0.8232237891934823,-0.818020477188226
ENSMUSG00000042572.13,0.0521056138974878,0.0567905363869774
ENSMUSG00000046280.10,0.536975327485556,0.552354132783842
ENSMUSG00000027947.12,-0.135419178418091,-0.127674348121075
ENSMUSG00000060671.13,0.7762458818782324,0.78394788803366
ENSMUSG00000027944.14,-0.2745604953992139,-0.269971608086297
ENSMUSG00000105552.2,0.3968459120195267,0.402108210815677
ENSMUSG00000042520.17,0.1529175770430417,0.156475675850966
ENSMUSG00000027942.18,0.2589317903954565,0.263299175813597
ENSMUSG00000027940.19,0.8391284332336911,0.842978494155698
ENSMUSG00000090733.7,-0.6211485074111485,-0.617130520785557
ENSMUSG00000027935.15,0.4464741160736435,0.450742953101699
ENSMUSG00000027937.16,-0.7562009154091007,-0.751160882703673
ENSMUSG00000052310.10,-0.1062403606846247,-0.100759103796159
ENSMUSG00000027936.19,-0.1679373368418474,-0.163028265499343
ENSMUSG00000042404.17,0.2976329987419267,0.298255769976657
ENSMUSG00000042390.10,0.1698856828868709,0.174278534011631
ENSMUSG00000027932.15,0.2347489459744787,0.226707790466138
ENSMUSG00000027933.12,0.4211127541729894,0.425025964234508
ENSMUSG00000027931.13,-0.3444190424091636,-0.333643569268866
ENSMUSG00000087411.2,-0.1701348826705412,-0.149699115337241
ENSMUSG00000001016.13,0.2251582934566956,0.230291413188747
ENSMUSG00000001018.16,-0.0811243588098106,-0.0765364246662529
ENSMUSG00000001017.17,-0.0202506078246343,-0.0151000312745326
ENSMUSG00000120231.1,0.181164958779115,0.174806017244989
ENSMUSG00000044080.10,-0.4585506271151264,-0.453880690354726
ENSMUSG00000042312.11,-0.767844115736073,-0.759800713280664
ENSMUSG00000074457.11,0.0500158914152282,0.0542641713262692
ENSMUSG00000056071.13,1.4267071421551407,1.4015864695782
ENSMUSG00000042165.10,0.3254137111219641,0.308935083525502
ENSMUSG00000091421.4,0.3735213563506938,0.398992012969148
ENSMUSG00000027907.5,1.604215509404492,1.60749723082643
ENSMUSG00000041959.15,1.56094654819985,1.56050667846259
ENSMUSG00000028145.10,-0.366983372866335,-0.36164860642301
ENSMUSG00000028150.15,-0.0205488208539532,-0.0161889705101825
ENSMUSG00000105391.2,-0.0350345145655538,-0.0296396581893016
ENSMUSG00000044505.6,0.4818749861143622,0.488282472593505
ENSMUSG00000041912.13,0.401259249855829,0.403930392612891
ENSMUSG00000028141.14,-0.2678258439096396,-0.257372561792261
ENSMUSG00000028140.14,-0.1940953050680281,-0.189428233246154
ENSMUSG00000028136.16,-0.2143100895128916,-0.20904910237499
ENSMUSG00000005968.15,0.2223143925113449,0.225420854794948
ENSMUSG00000085006.9,0.2652607441643067,0.27447696473128
ENSMUSG00000068877.13,0.3528037355298248,0.358269237830256
ENSMUSG00000068876.17,0.7136046060703902,0.719254861079339
ENSMUSG00000038902.16,0.0821354103856585,0.0874379728257029
ENSMUSG00000005779.13,0.3671529838877709,0.371962228843719
ENSMUSG00000068874.14,0.2165974347153183,0.221028878411524
ENSMUSG00000005774.13,0.5593380124616973,0.563280835471939
ENSMUSG00000087660.2,0.5083195307175099,0.509510629092483
ENSMUSG00000038861.15,-0.0214599629205964,-0.0174338362812306
ENSMUSG00000084846.2,0.3936570201467828,0.391921294467412
ENSMUSG00000086288.2,0.0454264618852009,0.0494679599638338
ENSMUSG00000019338.14,0.2446360129666182,0.246795851904289
ENSMUSG00000005625.16,0.5504730601849204,0.55482098567003
ENSMUSG00000028126.17,-0.0093605749045498,-0.0030457467244701
ENSMUSG00000008958.15,0.3302769397285556,0.331763490517572
ENSMUSG00000005628.13,-0.0609179273745078,-0.0537401291765146
ENSMUSG00000092607.10,0.454476282364176,0.460377694648573
ENSMUSG00000053769.6,0.0418778501839133,0.0422419372766641
ENSMUSG00000038777.20,-1.3232481441479278,-1.30110893187117
ENSMUSG00000038766.17,-0.5960867754957776,-0.591664142025721
ENSMUSG00000097167.3,-0.6008746361057904,-0.583715554116867
ENSMUSG00000053192.10,0.0008795833206921,0.0045564687164602
ENSMUSG00000046722.15,0.1957017527059867,0.200057426131937
ENSMUSG00000015711.9,0.3577511614137803,0.362310785080475
ENSMUSG00000038712.17,0.2010513957997121,0.205735268122377
ENSMUSG00000120920.1,0.4171521579563938,0.42352920756747
ENSMUSG00000015702.15,0.384341280575587,0.386534476329271
ENSMUSG00000015714.12,0.1692481667195902,0.173798039745851
ENSMUSG00000015697.15,0.030062575714222,0.0337974880879514
ENSMUSG00000015522.20,0.1248163137001663,0.129139068115335
ENSMUSG00000028111.5,-0.8643802816930812,-0.854374576759226
ENSMUSG00000038642.11,0.703897570000445,0.704756764948966
ENSMUSG00000046519.17,0.0714732951210956,0.0744238747087687
ENSMUSG00000060438.6,-0.1138553421451789,-0.0954204601116849
ENSMUSG00000038619.13,0.0384517146254337,0.0426624541124468
ENSMUSG00000038612.17,0.1983061754914358,0.203728203525427
ENSMUSG00000015850.12,-0.4012027576790114,-0.407796466424459
ENSMUSG00000028108.17,-0.1264400003635862,-0.119036282463828
ENSMUSG00000028107.15,0.0756352693164685,0.0802613333816995
ENSMUSG00000028106.14,-0.0093256604604105,-0.0052342396808628
ENSMUSG00000015748.14,0.4887889793002953,0.492371416509343
ENSMUSG00000054312.7,-0.5436381805149284,-0.539659069565827
ENSMUSG00000080727.4,-0.7418169385043925,-0.738893893681269
ENSMUSG00000038550.11,-0.6283447056918282,-0.616208242540986
ENSMUSG00000038543.14,-0.1784291470233163,-0.187572802344952
ENSMUSG00000015750.16,-0.4847194776537388,-0.479713535093547
ENSMUSG00000038526.15,-1.5269791684936214,-1.51709885254333
ENSMUSG00000015749.13,0.5696709647476577,0.573417422879135
ENSMUSG00000015745.10,-0.1094812506239737,-0.113338733177387
ENSMUSG00000015747.6,0.3881935048168127,0.382307722849769
ENSMUSG00000038495.15,0.2157421538375732,0.219708880222515
ENSMUSG00000045934.16,0.4847706161243601,0.465196574150179
ENSMUSG00000097204.4,0.0901036560682989,0.081950799526056
ENSMUSG00000068856.4,0.7418951131275685,0.7485567977856
ENSMUSG00000015943.12,-0.2028085126860956,-0.205411316350392
ENSMUSG00000068854.8,-0.0467887873749654,-0.0383289568163573
ENSMUSG00000093577.2,0.3027590107735853,0.275290370781313
ENSMUSG00000063954.8,1.1517889917375297,1.13617821073293
ENSMUSG00000093553.2,0.7099847627277869,0.69702639881371
ENSMUSG00000093507.2,0.3663865294774271,0.342819702268087
ENSMUSG00000050936.6,2.6935241093553364,2.67281249011961
ENSMUSG00000015947.11,1.805401634902796,1.80375821724197
ENSMUSG00000038403.11,1.3213743118209864,1.32222848564505
ENSMUSG00000074398.7,-0.4763668930059535,-0.459627577765142
ENSMUSG00000038393.15,-0.5207311772247727,-0.515185168864493
ENSMUSG00000087610.2,1.0412202822990615,1.04556339373068
ENSMUSG00000028104.15,0.666259381537861,0.670972731869049
ENSMUSG00000049288.5,0.3594394017510711,0.354263358599048
ENSMUSG00000121819.1,0.2602061433979911,0.264334214009077
ENSMUSG00000038374.11,0.2241504446534395,0.228726313330468
ENSMUSG00000028102.16,0.1029181240529424,0.108112856789474
ENSMUSG00000090210.8,-0.7621894909137081,-0.755646526821249
ENSMUSG00000028101.19,-0.2915466572354057,-0.286951699603911
ENSMUSG00000028099.9,0.2678106397247051,0.272210454692251
ENSMUSG00000028098.14,0.3748027537777397,0.379063504739456
ENSMUSG00000038298.15,0.0124026203286324,0.0169087112591707
ENSMUSG00000087223.3,-0.0131845418593532,-0.0065580327227691
ENSMUSG00000028096.14,-0.1085072809074132,-0.103582365659584
ENSMUSG00000057123.15,0.0913875946436667,0.0999384811830769
ENSMUSG00000028093.16,-0.435982487861291,-0.431341899117275
ENSMUSG00000038256.16,0.3908249587277987,0.394900297054859
ENSMUSG00000028089.6,0.9223800197684024,0.931533443607808
ENSMUSG00000028088.15,0.2090687706366322,0.21484566116753
ENSMUSG00000038205.13,-0.1192253195956718,-0.1124090575179
ENSMUSG00000038170.16,0.0322514590900354,0.0370472907895804
ENSMUSG00000027879.10,-0.0153708752766319,-0.0106910544772136
ENSMUSG00000027878.12,0.4993913320210338,0.503738741213455
ENSMUSG00000027875.13,-1.0074415211478531,-1.00244111874835
ENSMUSG00000105909.2,-0.770533432288571,-0.801916244283726
ENSMUSG00000120153.1,0.0769642335022765,0.0804589317608071
ENSMUSG00000050064.16,0.8061630099936241,0.796701621841862
ENSMUSG00000038092.7,-0.5160691006718745,-0.511178014587547
ENSMUSG00000063730.14,-0.7790211612539834,-0.773984868767338
ENSMUSG00000062410.15,0.041811326173713,0.0463209963468413
ENSMUSG00000004233.15,-0.2143443973448919,-0.208134092913346
ENSMUSG00000027867.11,-0.4603034053673107,-0.454938418337372
ENSMUSG00000033285.16,0.0205746706938093,0.0248897902424791
ENSMUSG00000027865.11,0.4085354710870634,0.412448522470581
ENSMUSG00000044468.15,-0.3701343161873076,-0.360315333503844
ENSMUSG00000008763.17,-0.2336953668590826,-0.229058177073856
ENSMUSG00000051076.9,1.0850053229936685,1.07844436313563
ENSMUSG00000033233.18,0.6804103122420401,0.676001144017579
ENSMUSG00000033222.17,0.801320341598738,0.779786223040505
ENSMUSG00000027864.10,-0.1583892553856324,-0.140936843562187
ENSMUSG00000042035.12,-0.2909200789378513,-0.268368178906461
ENSMUSG00000033161.11,-0.228431093836829,-0.223650998231715
ENSMUSG00000033147.17,0.5369517253098244,0.545952032202739
ENSMUSG00000027860.17,1.007354827409738,1.01023739906406
ENSMUSG00000027859.11,0.193713334071351,0.204073638475057
ENSMUSG00000027858.14,-1.3362536204410302,-1.33137961852696
ENSMUSG00000027855.14,0.5648402445622199,0.569566709452672
ENSMUSG00000048938.13,-0.9308871453664,-0.926391628628231
ENSMUSG00000027854.13,0.0085531575064212,0.0108017981177613
ENSMUSG00000068823.11,-0.29971721900881,-0.295170192877101
ENSMUSG00000027852.15,-0.0874788431657976,-0.0842434415274123
ENSMUSG00000007379.16,0.3169304808331838,0.296106351820482
ENSMUSG00000005687.15,0.0801854378143124,0.08454646173835
ENSMUSG00000033014.13,-0.0835260092224367,-0.0793949489145769
ENSMUSG00000027848.14,0.6661402340395204,0.669622237766251
ENSMUSG00000008730.18,-0.2013301126502386,-0.197047861779879
ENSMUSG00000085754.8,-0.4158306307995321,-0.393959643380932
ENSMUSG00000027845.16,0.1290391407461576,0.119254918782268
ENSMUSG00000084997.8,0.0018846558446961,0.0214722236181447
ENSMUSG00000032952.12,0.2406192914177746,0.255536254179331
ENSMUSG00000044098.15,-0.0588827775621551,-0.0538383935169628
ENSMUSG00000089998.3,-0.2297809625993723,-0.225097813201393
ENSMUSG00000058388.15,0.4134578544872778,0.417146473695641
ENSMUSG00000052539.16,0.0306893757902863,0.0351016084787509
ENSMUSG00000120952.1,0.7271040774385492,0.682504252040929
ENSMUSG00000032913.14,0.2890952623563074,0.28986395524886
ENSMUSG00000104973.2,-0.0859036108137551,-0.0588511008338865
ENSMUSG00000032902.2,0.1536425909666887,0.158135116988569
ENSMUSG00000002233.14,1.6903237397249105,1.69476648507533
ENSMUSG00000002227.16,1.798414002654906,1.80282519321468
ENSMUSG00000070372.12,0.4430214693909359,0.447088939972281
ENSMUSG00000045576.17,-0.0849013421528355,-0.0802684904255603
ENSMUSG00000027840.6,-0.0651968896306874,-0.0869719567203629
ENSMUSG00000062127.12,0.409707229691222,0.40781326138651
ENSMUSG00000027905.16,-0.0249648520166077,-0.02260995680192
ENSMUSG00000068798.11,-0.1021674170285436,-0.0969895714500272
ENSMUSG00000105677.2,1.7858293792269306,1.75930625860505
ENSMUSG00000074342.5,0.7481495474925733,0.756944723844431
ENSMUSG00000000563.18,-0.2072059406049315,-0.202523213782023
ENSMUSG00000000561.15,-0.0671737527066665,-0.0624200657025567
ENSMUSG00000074340.10,-0.9451082070224704,-0.912187811669673
ENSMUSG00000091575.3,0.3278348119069751,0.321032928386778
ENSMUSG00000027901.13,0.8292908172476496,0.831418552163587
ENSMUSG00000040774.16,-0.0926633018834133,-0.0882779575614302
ENSMUSG00000027900.16,0.1361928576626695,0.141045175828611
ENSMUSG00000105272.2,0.7442162643109859,0.755617502867065
ENSMUSG00000056260.16,0.309951205757569,0.31417302674242
ENSMUSG00000102780.2,-0.2683754714827134,-0.239560037448846
ENSMUSG00000040747.10,0.730650754259699,0.717415575769292
ENSMUSG00000040724.6,-2.140842996058012,-2.12486894571824
ENSMUSG00000094613.3,0.793860731281061,0.792465205797952
ENSMUSG00000070368.10,0.9242353163040248,0.924500777346126
ENSMUSG00000087260.6,0.1889235092002971,0.193523642874253
ENSMUSG00000027896.16,-0.0401041390351056,-0.035797878885735
ENSMUSG00000048109.11,-0.180380935113063,-0.16429018198576
ENSMUSG00000014601.14,0.306576747484907,0.311188941227256
ENSMUSG00000027893.15,-0.0729063628504376,-0.0686360423457045
ENSMUSG00000014599.11,0.8048508436750111,0.804980384730735
ENSMUSG00000040600.10,0.155262199196868,0.152315565263878
ENSMUSG00000086968.10,0.0410212266717177,0.0440602827078006
ENSMUSG00000004032.11,-0.1657022896094335,-0.163087335608319
ENSMUSG00000004035.13,0.3377437859972177,0.342746682413741
ENSMUSG00000068762.12,0.1756512157830395,0.179847663129036
ENSMUSG00000089664.3,1.183867421434953,1.14982906132783
ENSMUSG00000004038.10,1.6240259588489476,1.62753758782424
ENSMUSG00000040562.13,0.7727619690935614,0.777125941027492
ENSMUSG00000058135.13,-0.2002040185499282,-0.19592185879117
ENSMUSG00000027890.18,0.6699636656661001,0.674301502145662
ENSMUSG00000027889.18,0.067985798417411,0.0726209407035182
ENSMUSG00000056411.3,-0.1189549212196759,-0.143130710071682
ENSMUSG00000009108.16,0.2667732996820693,0.263689839816752
ENSMUSG00000000001.5,-0.0156156426185164,-0.0111691071922185
ENSMUSG00000050947.10,-0.5698834729624664,-0.565979526018704
ENSMUSG00000048796.8,0.3287166201645101,0.332484935585653
ENSMUSG00000048997.18,-0.8008701517124663,-0.77241769135754
ENSMUSG00000068749.10,0.2667351381080086,0.271298187911333
ENSMUSG00000068747.15,-1.0077308334078776,-1.01602913967121
ENSMUSG00000068744.13,7.738664586505438,8.51974100469314
ENSMUSG00000068739.14,-0.2650535457115533,-0.260543909359278
ENSMUSG00000120945.1,-0.2844067054012278,-0.282362754258886
ENSMUSG00000040412.18,-0.2407242683867071,-0.219312457425139
ENSMUSG00000105810.2,-0.1238381793585245,-0.120325793374099
ENSMUSG00000068732.6,-0.0092444188992001,-0.0049064914919344
ENSMUSG00000048100.14,-0.4269930284028884,-0.42135128619361
ENSMUSG00000040389.16,-0.0062268595387968,-0.0144123681398498
ENSMUSG00000027884.17,0.1752030150557001,0.179836883647576
ENSMUSG00000027883.16,0.2908311721526761,0.295961361502755
ENSMUSG00000027882.19,0.3484743109916068,0.352786574124546
ENSMUSG00000027881.15,4.499024202077577e-05,0.0043149871124086
ENSMUSG00000040339.11,-0.5712246767784572,-0.566610466440754
ENSMUSG00000040322.11,0.9342527841208482,0.91723163660203
ENSMUSG00000033721.17,0.3047179299293493,0.301682294061981
ENSMUSG00000049300.12,-0.0096596849138712,0.0019412662016542
ENSMUSG00000105509.2,0.1330696532667373,0.13825731512688
ENSMUSG00000074264.13,-0.6472695009027766,-0.642834942386401
ENSMUSG00000027981.15,-0.3017421985173483,-0.298806189710154
ENSMUSG00000121018.1,0.2005394272613142,0.190844626445428
ENSMUSG00000027965.16,1.0653785544836183,1.06338295139098
ENSMUSG00000120078.1,3.23929169611509,3.10136607614167
ENSMUSG00000045092.9,0.2640088059510684,0.268147240511252
ENSMUSG00000054426.13,-0.3245592443201397,-0.325212961616046
ENSMUSG00000033554.18,0.1687777561279884,0.17245641297068
ENSMUSG00000054414.5,-0.6492137377818625,-0.644650727005053
ENSMUSG00000104723.2,-1.2973200836679692,-1.24267302264846
ENSMUSG00000105645.2,-0.7270867320545583,-0.709150703693335
ENSMUSG00000027963.15,0.219458681696756,0.224642521345532
ENSMUSG00000027962.15,0.6004714088146547,0.608112178144599
ENSMUSG00000104653.2,1.371199687318133,1.34688858159965
ENSMUSG00000033502.16,0.4206521949166325,0.408288999988105
ENSMUSG00000000339.15,0.0670576774185529,0.069770788789864
ENSMUSG00000000340.11,-0.0935841201759004,-0.0886609238458379
ENSMUSG00000027961.8,0.1707966895080814,0.161900015853296
ENSMUSG00000033439.13,-0.141814081122728,-0.144452345994129
ENSMUSG00000027959.15,0.1910550639313504,0.174337638648371
ENSMUSG00000106415.2,-0.755844929297853,-0.754482309534683
ENSMUSG00000089911.5,0.1027177374196103,0.106958521400901
ENSMUSG00000105339.2,0.0231373023124714,0.0278846518400927
ENSMUSG00000027957.14,-0.5218282852787975,-0.51703805054737
ENSMUSG00000033400.15,-0.8714825878312111,-0.866577873772915
ENSMUSG00000033386.11,-0.3158738413968363,-0.310405723725302
ENSMUSG00000033377.15,0.3977456159393872,0.402221428907075
ENSMUSG00000106073.2,-0.2995026118306073,-0.317287984357389
ENSMUSG00000080907.2,0.1584090364325953,0.156343596015566
ENSMUSG00000028007.14,0.0481782548798823,0.0529661962918237
ENSMUSG00000033308.17,-1.501318811982174,-1.49657468686798
ENSMUSG00000106037.2,0.1404681597998234,0.133640623153675
ENSMUSG00000028134.12,-0.1931815191629791,-0.189753794857615
ENSMUSG00000105572.2,0.5315805097397476,0.536038262451416
ENSMUSG00000028133.18,0.5328303374506063,0.531712320608152
ENSMUSG00000028132.16,-1.6457109194939985,-1.64137692087996
ENSMUSG00000039887.12,0.2130023340335682,0.217736648484652
ENSMUSG00000105813.2,-0.6602230928230852,-0.653592089507263
ENSMUSG00000053931.12,-0.5550405260021556,-0.54998542004236
ENSMUSG00000039865.9,0.4339863835670446,0.437150680955642
ENSMUSG00000097124.3,0.9084254802988306,0.913489067204752
ENSMUSG00000028128.14,-0.67149558896867,-0.677017304018271
ENSMUSG00000028127.11,-1.071636603139025,-1.06690088389322
ENSMUSG00000106087.2,-1.419454439786647,-1.40191718159679
ENSMUSG00000039831.17,-0.410597774927155,-0.406332384275387
ENSMUSG00000028124.17,-0.4223435365988344,-0.417517653937351
ENSMUSG00000057359.8,-1.2748097801043017,-1.3073234078042
ENSMUSG00000093392.2,-0.2924354257790428,-0.294448547892339
ENSMUSG00000039756.13,0.0051221247362616,0.0096625979413918
ENSMUSG00000028121.9,-0.0766477545020301,-0.0708542739317038
ENSMUSG00000104574.2,0.0191383467008235,0.0297778486824389
ENSMUSG00000039735.17,0.4447141541934026,0.449371520661797
ENSMUSG00000053965.11,-0.7814445832879383,-0.763979181359581
ENSMUSG00000023057.6,-0.4002783808297041,-0.396633309184682
ENSMUSG00000054091.10,-0.0907315268934089,-0.0861258238745521
ENSMUSG00000039701.12,-0.4727099310102861,-0.469045071250931
ENSMUSG00000039234.12,-0.2875159529996656,-0.282890218101781
ENSMUSG00000028114.17,0.2500355119498545,0.25391702419294
ENSMUSG00000104960.3,-1.3586251217937084,-1.35403083420574
ENSMUSG00000096544.3,0.1578797610212337,0.14155614494291
ENSMUSG00000053819.17,0.1119087669128991,0.118432706713064
ENSMUSG00000027968.12,0.229376205636598,0.229874050992523
ENSMUSG00000051278.13,1.028489715005157,1.02034514243658
ENSMUSG00000028028.12,1.0301387306636365,1.02725797132459
ENSMUSG00000046688.15,0.755878679476748,0.733194087630951
ENSMUSG00000074238.7,0.0272297549052045,0.0309575000052679
ENSMUSG00000050549.9,0.0851480805499621,0.0826719152004891
ENSMUSG00000028024.15,-0.2899085319060037,-0.284926541142908
ENSMUSG00000105837.6,-1.0963086556243802,-1.05610255351375
ENSMUSG00000041220.11,-0.2877345180063271,-0.281542345580721
ENSMUSG00000028017.8,0.5443249741316604,0.511981051313636
ENSMUSG00000028010.17,0.0854284352491576,0.0804274007534551
ENSMUSG00000058952.13,-0.1866455977438247,-0.181887868684897
ENSMUSG00000120149.1,-0.3030266247296035,-0.307311513614226
ENSMUSG00000027999.16,-1.0786028187386305,-1.07451982742559
ENSMUSG00000027997.10,-0.198029479911877,-0.196125183927595
ENSMUSG00000001052.16,0.3552922414695416,0.358349043769714
ENSMUSG00000058897.19,0.6659858313579117,0.617013856499012
ENSMUSG00000019232.15,-1.3019609970760024,-1.29668900429093
ENSMUSG00000041084.9,-0.0584666997708857,-0.0539430688981812
ENSMUSG00000062006.13,-0.5190039469255874,-0.513866852107712
ENSMUSG00000027984.9,-0.4516235305885285,-0.446778926449803
ENSMUSG00000027983.14,0.892863997611542,0.898643892124962
ENSMUSG00000097761.2,0.7070510661661991,0.725784125943333
ENSMUSG00000050931.8,-0.199526522027355,-0.195253266014882
ENSMUSG00000028032.14,-0.0146895603557105,-0.0120833281783319
ENSMUSG00000091721.5,0.1410196234936686,0.157848056600722
ENSMUSG00000028029.12,0.1848965351631391,0.189147104882857
ENSMUSG00000028030.13,0.8927395189014581,0.897115893003713
ENSMUSG00000028018.16,0.3818052412769308,0.388173952806058
ENSMUSG00000028016.10,0.7081426327241827,0.712226210950987
ENSMUSG00000105957.2,0.204763124861344,0.221378979508234
ENSMUSG00000028013.17,-0.1964903622932345,-0.191288727614731
ENSMUSG00000040943.13,0.4824973310493066,0.484352190207814
ENSMUSG00000028167.16,-0.2885223326159742,-0.287571299143981
ENSMUSG00000028165.10,-0.2663257157153724,-0.26110280867237
ENSMUSG00000105449.2,-0.1380238659995269,-0.136758701575944
ENSMUSG00000097032.4,-0.0633543748268548,-0.0562710341468029
ENSMUSG00000078578.10,-0.0090276971263019,-0.0040231608555576
ENSMUSG00000028164.16,-0.1573230128794171,-0.152692196135039
ENSMUSG00000028163.18,0.4241995181353535,0.428911187601911
ENSMUSG00000053897.16,-0.4412738901208087,-0.437331516438159
ENSMUSG00000106290.2,-1.6456206461309455,-1.61717786683239
ENSMUSG00000037922.14,-1.0668707817384078,-1.0777157575653
ENSMUSG00000028161.18,-0.4435708817907999,-0.438906664630314
ENSMUSG00000054690.18,-0.4743554056136778,-0.468312264948036
ENSMUSG00000046818.8,3.0848309620936245,2.95026345782557
ENSMUSG00000037894.14,-1.1281634577340465,-1.12356587209058
ENSMUSG00000074212.8,-0.3834765794615586,-0.379186195436664
ENSMUSG00002076447.1,-0.2727973565266189,-0.26416870211615
ENSMUSG00000091512.6,-0.1366506517177138,-0.132365885750186
ENSMUSG00000028159.15,0.3979309205469811,0.387056472792036
ENSMUSG00000028158.15,-0.0194604099671316,-0.0145269490437593
ENSMUSG00000104776.2,0.064417225119575,0.0691153482463166
ENSMUSG00000004127.13,-0.7032273428128023,-0.696210188927039
ENSMUSG00000012042.10,1.2934746560004409,1.23131631171694
ENSMUSG00000099146.8,-0.6935630324357152,-0.688960797814802
ENSMUSG00000055301.9,-0.4971869150120665,-0.493214773665039
ENSMUSG00000074207.11,-0.4017970383970008,-0.397181765231925
ENSMUSG00000089635.2,-0.3795128285362469,-0.374865543414101
ENSMUSG00000121473.1,-1.1694922609495095,-1.16273961549554
ENSMUSG00000090306.8,-0.6099866434011021,-0.609787907056818
ENSMUSG00000037797.15,0.2523244654077948,0.256546147307565
ENSMUSG00000120904.1,-0.0850657971425427,-0.0877409816530672
ENSMUSG00000028138.9,-0.1818997585880799,-0.177156694840985
ENSMUSG00000005813.13,0.0378222036628464,0.0424208426396984
ENSMUSG00000028156.13,0.1893530600785404,0.194209815013321
ENSMUSG00000028152.11,-0.022383326309772,-0.0194658831755274
ENSMUSG00000028149.13,-0.1728790161571356,-0.167946396687783
ENSMUSG00000028273.17,0.2178951272542794,0.222651373654036
ENSMUSG00000105504.5,3.341024209085103,3.3314678522855
ENSMUSG00000040253.16,2.836695019408261,2.83974659323103
ENSMUSG00000028268.15,5.281102484614998,5.28174336460201
ENSMUSG00000040264.11,5.187584827409091,5.18929155465554
ENSMUSG00000028270.13,4.873158785392536,4.87430319825626
ENSMUSG00000098871.3,4.731595274920435,4.66852502379376
ENSMUSG00000040213.14,-2.0232753209552445,-2.01721831260083
ENSMUSG00000120786.1,-1.206837231783206,-1.20995896178887
ENSMUSG00000086561.2,-1.7771178434293604,-1.76653384898797
ENSMUSG00000028271.10,0.0283431560152398,0.0332708390469981
ENSMUSG00000004591.17,0.0796713652425669,0.0840334339209482
ENSMUSG00000028266.18,0.2075432861065594,0.209678846258159
ENSMUSG00000040151.10,0.0016340379316905,0.0052934764812032
ENSMUSG00000037072.17,-0.2000237648227964,-0.19528017278537
ENSMUSG00000037062.14,-0.0598513085312403,-0.0548898029893308
ENSMUSG00000056025.13,0.485859816518816,0.499819824965792
ENSMUSG00000106424.2,0.0794237508758538,0.0993027504006025
ENSMUSG00000028256.17,-0.0737402875340294,-0.069589585827157
ENSMUSG00000074182.9,0.0760448658682869,0.0808465192049031
ENSMUSG00000028195.5,-0.7306743947254851,-0.726125342174629
ENSMUSG00000028194.16,0.5431128873342075,0.547501627521164
ENSMUSG00000105388.2,-0.3244760133456104,-0.302963102711546
ENSMUSG00000028191.12,0.2373533207409712,0.241627243229442
ENSMUSG00000036873.14,0.2032354487294659,0.205656746568533
ENSMUSG00000036863.13,-0.926494921605178,-0.915779003517697
ENSMUSG00000036825.13,-0.1587991060218509,-0.154858148362338
ENSMUSG00000028189.13,0.4723267291281817,0.473480424467219
ENSMUSG00000028188.14,0.4312451050270322,0.439545585303465
ENSMUSG00000068523.13,-0.3419873197716614,-0.336911193855806
ENSMUSG00000028187.11,-0.2241829205268294,-0.218789171667423
ENSMUSG00000028186.15,-1.4710957906917808,-1.46636940017783
ENSMUSG00000028185.13,-0.5916732134042767,-0.586898013146707
ENSMUSG00000005034.16,-0.2047362958063835,-0.200056077525208
ENSMUSG00000070343.4,-0.3972803808559676,-0.378646926860383
ENSMUSG00000036745.16,0.1789315385767971,0.163579237158504
ENSMUSG00000028184.14,0.3830041608763325,0.387323122729046
ENSMUSG00000047676.7,-0.1634594998242067,-0.147023711971316
ENSMUSG00000039167.13,-0.1943766604100445,-0.191476838604136
ENSMUSG00000028037.14,6.0257230048750285,6.02655131022299
ENSMUSG00000039146.6,2.621279433115191,2.61956530581949
ENSMUSG00000028035.14,0.1507073021869995,0.155011012986348
ENSMUSG00000028034.16,0.2676393146328961,0.272702799647009
ENSMUSG00000039103.13,0.8271638143494623,0.810927006924153
ENSMUSG00000054942.14,0.5013083329189939,0.514018329103132
ENSMUSG00000025437.16,0.1527893209677914,0.157556889199414
ENSMUSG00000104822.2,0.0601359735185275,0.0653241712302605
ENSMUSG00000105710.2,0.1976676470520725,0.182728370433902
ENSMUSG00000104546.2,-0.1181817841625151,-0.116056564798273
ENSMUSG00000104548.2,0.0830018081564046,0.0873973712825078
ENSMUSG00000039068.17,-0.4322576601944442,-0.427062621114636
ENSMUSG00000039047.18,0.0550827506519052,0.0596525555173649
ENSMUSG00000052544.10,-0.8929408189311544,-0.88909785975753
ENSMUSG00000038975.15,-0.484790382788775,-0.480414085240375
ENSMUSG00000062908.13,-0.5998940221924054,-0.595004190111836
ENSMUSG00000047583.10,-0.366446901361326,-0.337504924447939
ENSMUSG00000028199.19,-0.6568025235527316,-0.652212936657742
ENSMUSG00000053870.8,-0.088515468214764,-0.0842716038516085
ENSMUSG00000028182.15,-0.0131468098967212,-0.0054665261079798
ENSMUSG00000028180.19,-0.353007604557132,-0.34849630316971
ENSMUSG00000065431.3,-1.3438878130653735,-1.32559301934234
ENSMUSG00000028179.13,-0.0018025742490442,0.0028959390853818
ENSMUSG00000104528.2,0.1951432339810964,0.222014205142576
ENSMUSG00000039988.16,0.2190730013818162,0.223545764089413
ENSMUSG00000055436.19,-0.0063453285653047,-0.0018585979083008
ENSMUSG00000063052.10,0.4645972071347815,0.469056665192468
ENSMUSG00000104597.2,-0.0241912560960893,-0.0394061980535856
ENSMUSG00000028173.11,0.4682271303371629,0.480549339940393
ENSMUSG00000028232.14,0.165522810853777,0.170963065480139
ENSMUSG00000028233.7,0.1615845999730444,0.165743466991687
ENSMUSG00000042228.15,0.0843373445368864,0.0889451278196692
ENSMUSG00000028234.7,0.1681745463473435,0.172701588189518
ENSMUSG00000042198.13,-0.6650953256108187,-0.65601316557545
ENSMUSG00000068240.6,-0.4691074128538662,-0.443213650354729
ENSMUSG00000066324.3,-0.5531701910512161,-0.548736437054636
ENSMUSG00000028243.6,0.2655816451655669,0.274469441497377
ENSMUSG00000028240.3,-0.9242777598798206,-0.918495970887297
ENSMUSG00000028249.16,0.2819546123770217,0.286805783111073
ENSMUSG00000028245.16,0.0724034960923769,0.0772655999653124
ENSMUSG00000041272.12,-0.2437495689962263,-0.209294250698426
ENSMUSG00000041261.10,-0.5529578864073945,-0.54766535157509
ENSMUSG00000047187.10,-0.061805055848472,-0.0566530870601564
ENSMUSG00000041235.13,-0.0351939955836171,-0.0227929750019138
ENSMUSG00000041216.16,0.0549778119219361,0.0570976005672271
ENSMUSG00000028207.19,0.408208193451559,0.412709638186102
ENSMUSG00000066315.10,-0.7932287506937058,-0.740535246097938
ENSMUSG00000059482.16,0.1234790664348458,0.126548258795576
ENSMUSG00000049969.4,-0.0214783684938306,-0.017092535538498
ENSMUSG00000050323.15,-0.1700830110022963,-0.165213663837068
ENSMUSG00000086765.9,2.4827898458214794,2.44069921487503
ENSMUSG00000028211.12,1.702728903039067,1.71302562849198
ENSMUSG00000028212.17,-0.4013646316333955,-0.394556157316435
ENSMUSG00000040738.11,-0.2327062866212534,-0.228078271092674
ENSMUSG00000045205.17,0.0111191040285565,0.015577745266979
ENSMUSG00000040720.16,0.1494423839182593,0.154448884842121
ENSMUSG00000078773.12,-0.1919572598504138,-0.199523322899341
ENSMUSG00000086103.3,0.8955458906686353,0.891295143529931
ENSMUSG00000028214.14,2.7161793138211747,2.72677214447764
ENSMUSG00000049225.16,0.4960635615905741,0.515690567906881
ENSMUSG00000085467.2,1.2213352180561363,1.22923916452505
ENSMUSG00000049488.15,0.465965131385052,0.473465364023326
ENSMUSG00000052137.12,0.317566426252489,0.309099200561878
ENSMUSG00000082676.2,1.644423411553953,1.63505718938268
ENSMUSG00000046667.15,0.5062519825779217,0.503934478914689
ENSMUSG00000028218.20,0.6736361336588106,0.677993080806531
ENSMUSG00000040550.18,-0.9024729223647412,-0.897514095750227
ENSMUSG00000028221.4,0.1657561160031135,0.16991505655101
ENSMUSG00000086587.9,-0.0489749948782665,-0.0438590992471677
ENSMUSG00000040536.16,0.0935360439873554,0.0986296374163851
ENSMUSG00000043252.9,-0.7652126839067718,-0.760377503016244
ENSMUSG00000028223.9,-0.7967110521778568,-0.791690293479464
ENSMUSG00000028224.15,-0.2101941770087818,-0.205907221243613
ENSMUSG00000041153.10,0.3412147172526099,0.336210855908698
ENSMUSG00000041135.16,-0.0925165396531057,-0.0895778804645224
ENSMUSG00000085112.3,0.3795864959379781,0.378592231825027
ENSMUSG00000050550.8,0.1421123109620108,0.145077459687922
ENSMUSG00000028228.6,0.3508054501642003,0.355164946973762
ENSMUSG00000028229.12,-0.1806745925605321,-0.176037601270648
ENSMUSG00000078772.3,-1.1572490688478865,-1.14948995864677
ENSMUSG00000041058.16,-0.7345599153449038,-0.729867056191891
ENSMUSG00000086071.8,-0.0212940664116793,-0.0167873649015814
ENSMUSG00000028238.7,0.4934705619475411,0.501847730932987
ENSMUSG00000121863.1,0.0650103392026205,0.0646279912706271
ENSMUSG00000073988.14,-0.3864563411652983,-0.381799362330929
ENSMUSG00000073987.5,-0.2845801088572897,-0.280523061255473
ENSMUSG00000028252.21,0.5598294868923493,0.562984502848282
ENSMUSG00000028251.6,0.4895813707616356,0.494452264276515
ENSMUSG00000040455.18,-0.3932648272671024,-0.388423491487443
ENSMUSG00000028248.16,-0.3232518229154018,-0.318863959257127
ENSMUSG00000028247.3,-0.0112283392618047,-0.0063853515548931
ENSMUSG00000040410.15,0.0421512914582784,0.0467548470642717
ENSMUSG00000082876.2,-0.4380841105455231,-0.436813733484606
ENSMUSG00000045751.17,-0.3175792633585925,-0.319780792272486
ENSMUSG00000028261.14,-0.6311242623666915,-0.626066059671816
ENSMUSG00000085885.2,-0.119980772083281,-0.114614810807908
ENSMUSG00000040359.15,-0.0724527963555803,-0.0676812214297955
ENSMUSG00000040520.8,-0.0761208749697958,-0.0720738873048475
ENSMUSG00000096105.2,1.203696271766275,1.22193285404034
ENSMUSG00000082674.2,0.0444060524487554,0.0470005329434737
ENSMUSG00000028289.13,0.2560443682645664,0.257963393322014
ENSMUSG00000028284.14,-0.731167182910967,-0.726462056854301
ENSMUSG00000040270.17,-0.5236704301462434,-0.508275568195657
ENSMUSG00000086150.2,0.3014392977363373,0.296005011767595
ENSMUSG00000028282.13,-0.0874451478944519,-0.0840795170888492
ENSMUSG00000058006.13,-0.4959111715875471,-0.487094528113395
ENSMUSG00000045854.5,0.3397908920482009,0.340689424008523
ENSMUSG00000040183.14,1.0178667849354124,1.01066148112708
ENSMUSG00000094344.2,-0.1773473380595628,-0.173352807876639
ENSMUSG00000028278.15,-0.5688544138784329,-0.540825322201603
ENSMUSG00000085037.2,-0.4966205974518557,-0.490695090140749
ENSMUSG00000028277.14,0.0363993394454592,0.0409916748884274
ENSMUSG00000054659.14,-0.2956412839471574,-0.284787763830438
ENSMUSG00000040128.10,-0.039554555398272,-0.0316273947201968
ENSMUSG00000028274.18,0.3705590875723413,0.375274750558936
ENSMUSG00000062554.8,-0.4566834410625576,-0.45296101511918
ENSMUSG00000095588.2,-0.2005136571573805,-0.192336697503524
ENSMUSG00000028291.8,-0.0468489102137979,-0.0426583087659261
ENSMUSG00000040044.12,0.4337989293871561,0.438206582456654
ENSMUSG00000028292.15,-0.0900743507475696,-0.0854443992176303
ENSMUSG00000028293.15,0.1052136105961399,0.109653677432159
ENSMUSG00000028295.15,-0.0525508401876425,-0.0489376044637837
ENSMUSG00000039967.15,-0.2219849377154815,-0.21675947994477
ENSMUSG00000073910.11,0.3193249235132605,0.323640359051345
ENSMUSG00000028300.15,-0.3117246138005961,-0.30661094794278
ENSMUSG00000028405.10,-0.3718073666341253,-0.367097009279435
ENSMUSG00000040296.16,2.3235983601165686,2.32725340707954
ENSMUSG00000036822.7,-0.4776567508871964,-0.472857748556739
ENSMUSG00000028407.5,-0.2615147910587019,-0.257537840194653
ENSMUSG00000071014.11,-0.3460693007111239,-0.340593542556349
ENSMUSG00000028411.16,-0.0687084993331266,-0.0639553263611277
ENSMUSG00000120686.1,-0.4211151526788588,-0.410248819543284
ENSMUSG00000028410.14,0.2949879694615771,0.300339086407706
ENSMUSG00000028409.12,0.1205368576843265,0.125139063803027
ENSMUSG00000028413.14,-0.0400091719399035,-0.0377941284297057
ENSMUSG00000028416.14,-0.2194689689239636,-0.214392550729292
ENSMUSG00000028419.6,0.0866607460351096,0.0913619337593899
ENSMUSG00000028423.16,0.0880611820047378,0.0919600626258518
ENSMUSG00000028430.15,0.4767054276531749,0.481402270109719
ENSMUSG00000036241.4,-0.3134118121850451,-0.308577782928475
ENSMUSG00000028433.15,0.2165382929398641,0.220909210931648
ENSMUSG00000028436.9,-0.0858638659188204,-0.0817857980132255
ENSMUSG00000120740.1,0.3687753479457747,0.327404881510429
ENSMUSG00000028437.15,0.2705476935974613,0.27488960120965
ENSMUSG00000028438.17,-0.9148297147793628,-0.858123773562769
ENSMUSG00000028443.7,-0.173021233478405,-0.171498219295552
ENSMUSG00000046312.5,-0.3875232949214798,-0.383233343049517
ENSMUSG00000036162.4,0.302804725472953,0.286121976112366
ENSMUSG00000028439.15,0.620124932475908,0.619713685698157
ENSMUSG00000061322.16,1.076734886977588,1.095433148855
ENSMUSG00000028445.8,-0.4187417506395061,-0.41398506741481
ENSMUSG00000028444.18,-0.7290539546101227,-0.686557917787212
ENSMUSG00000073889.11,0.3300376558898041,0.335113932913892
ENSMUSG00000036114.4,0.1145318337031726,0.118996016277666
ENSMUSG00000028447.12,0.0919355927871416,0.094217698778621
ENSMUSG00000036078.17,0.4535456266566885,0.457382269142436
ENSMUSG00000036073.19,0.3684836823874294,0.372669661132868
ENSMUSG00000036052.15,-0.559901123006615,-0.55052233509491
ENSMUSG00000028452.8,-0.1376558754215514,-0.132978890983677
ENSMUSG00000028453.11,0.6333771243884853,0.637071410619314
ENSMUSG00000028454.17,0.5265286641741094,0.530930134358891
ENSMUSG00000028455.16,-0.0728491772499006,-0.0681442067486077
ENSMUSG00000036002.13,-0.3043338184587021,-0.300247834559225
ENSMUSG00000028456.19,-0.6935349591242095,-0.699137461282875
ENSMUSG00000028457.19,2.1116070147268573,2.09986732281519
ENSMUSG00000035969.16,0.0768986913618544,0.0821022579481477
ENSMUSG00000028458.13,-0.138092159023784,-0.133147346332575
ENSMUSG00000028459.12,0.1360548938037666,0.140497856969851
ENSMUSG00000028461.13,-1.027383997764817,-1.02242981920803
ENSMUSG00000028465.17,0.3521927094209347,0.356330235139989
ENSMUSG00000028466.17,0.0186656651334026,0.0230378471213109
ENSMUSG00000028467.16,0.198445210873428,0.203020136906945
ENSMUSG00000028468.16,0.169694284281794,0.174427442915239
ENSMUSG00000078719.3,-0.0168116931320518,-0.0130013166721659
ENSMUSG00000086043.2,0.7430799145162351,0.749945384889204
ENSMUSG00000028469.16,0.2688255204824898,0.27337073643937
ENSMUSG00000028470.11,-0.1210971900210365,-0.116843638978155
ENSMUSG00000043770.11,-1.0895218097925836,-1.07506516264555
ENSMUSG00000078716.11,0.5164575513908389,0.529148410786247
ENSMUSG00000028476.14,-0.086249600778838,-0.0949762999897068
ENSMUSG00000028480.15,2.494062347589048,2.4539241754381
ENSMUSG00000028478.19,-0.0891518655883133,-0.0837733352308139
ENSMUSG00000028479.19,-0.8198553384373913,-0.814762197995657
ENSMUSG00000035696.16,-0.0244688167675363,-0.020778142167541
ENSMUSG00000035649.18,-0.1430772408750981,-0.137762037491492
ENSMUSG00000035637.15,-0.0098905729751093,-0.0051920352557238
ENSMUSG00000049657.10,-0.1075359228071482,-0.101578924008491
ENSMUSG00000070997.5,-0.4302970298665746,-0.397422133240853
ENSMUSG00000028318.15,0.4548619077526321,0.46717827707109
ENSMUSG00000048232.13,0.2055377361126076,0.237550909938854
ENSMUSG00000078713.9,-0.2890681333977206,-0.284202088291188
ENSMUSG00000035615.13,-0.6442587288579786,-0.637545957803715
ENSMUSG00000035601.10,0.2581298965982869,0.263532208180831
ENSMUSG00000028322.12,0.3202017981787126,0.324464986821354
ENSMUSG00000035572.17,-0.6151057798764497,-0.610121602140646
ENSMUSG00000045973.19,0.0298454958889197,0.0369977237181174
ENSMUSG00000044813.16,-0.0067408783360949,0.0013377149320091
ENSMUSG00000035561.6,1.1335741173044136,1.13685178248607
ENSMUSG00000028327.15,1.1365674934573082,1.14092872084125
ENSMUSG00000035517.18,1.3822873900158743,1.38739458071749
ENSMUSG00000028328.14,-0.0304478173354098,-0.0257855197988288
ENSMUSG00000035495.16,0.1136426524804501,0.118250666734348
ENSMUSG00000028330.9,-0.0028689550912316,0.0013961683008338
ENSMUSG00000028329.14,0.1347943357696079,0.137470452498341
ENSMUSG00000028331.13,0.8088684461860677,0.811425830369938
ENSMUSG00000028333.11,-0.0079602145257064,-0.0025938604592084
ENSMUSG00000028334.11,0.0189925276471372,0.0226557727116227
ENSMUSG00000039853.19,1.3673893603645495,1.37053147785755
ENSMUSG00000085990.3,0.8634643084561607,0.864950360864747
ENSMUSG00000028337.15,0.8055842330077703,0.793820874769119
ENSMUSG00000039813.15,0.5937977065475673,0.613947188681472
ENSMUSG00000039809.11,0.1272878488133384,0.129517902031038
ENSMUSG00000028339.18,1.2357914895162787,1.23598826438141
ENSMUSG00000007613.16,-0.0365531355059082,-0.0325704307232337
ENSMUSG00000039740.7,-0.2129339888443371,-0.207193864597642
ENSMUSG00000053317.12,-0.7703473639174137,-0.765417362433305
ENSMUSG00000061455.14,0.0330974753321704,0.0377014914642544
ENSMUSG00000028343.11,-0.1528417883201036,-0.14789916301234
ENSMUSG00000028344.13,0.1697322492597662,0.1707386457526
ENSMUSG00000028345.16,0.1365900606700723,0.140456845264742
ENSMUSG00000060317.10,2.5183322957963057,2.51163664536855
ENSMUSG00000070985.4,0.6962424110888075,0.702796683083226
ENSMUSG00000039653.10,-0.0487894416370922,-0.0445006484411912
ENSMUSG00000044018.4,-0.13891205601904,-0.134334585897143
ENSMUSG00000039634.13,0.0902312091695332,0.0947468788934636
ENSMUSG00000028307.10,-0.011676045224241,-0.006798638628139
ENSMUSG00000028309.15,0.1363333064759325,0.140760193585058
ENSMUSG00000028312.20,0.2061993800087369,0.211300638250154
ENSMUSG00000015247.11,-0.0637627388601589,-0.0590452525581834
ENSMUSG00000015243.5,0.2179499783014473,0.222612735916747
ENSMUSG00000028412.18,0.4084553288241292,0.413023825960896
ENSMUSG00000084970.2,0.5374314001633653,0.565574476522326
ENSMUSG00000054752.18,-0.5462713879847212,-0.548740336776064
ENSMUSG00000028414.18,-0.0312115656183155,-0.026707856762551
ENSMUSG00000028420.14,0.1417980720926789,0.146804407236293
ENSMUSG00000028426.11,0.4754930606995708,0.479957097166737
ENSMUSG00000028431.12,0.4478964495363839,0.452008643393207
ENSMUSG00000038827.12,0.2748740013440093,0.278352331223763
ENSMUSG00000038816.15,0.0863307100277169,0.0895432169461031
ENSMUSG00000055296.15,-0.586089000758178,-0.58070920256803
ENSMUSG00000028434.13,-0.3782783670243724,-0.373377209948722
ENSMUSG00000038764.15,-0.0039665666506036,0.0012601843130776
ENSMUSG00000038729.25,0.3614238257503918,0.371511400427304
ENSMUSG00000052117.6,-0.1642103876483615,-0.163613465409979
ENSMUSG00000028367.6,0.7559403115143216,0.760813933937376
ENSMUSG00000050812.19,-0.1541399574441087,-0.149645921266815
ENSMUSG00000028378.7,0.41759929473543,0.419761050466847
ENSMUSG00000070972.14,0.0604935344799161,0.0654384114951872
ENSMUSG00000038607.13,0.3692445080943998,0.371352014298723
ENSMUSG00000028381.9,-0.3400781148395164,-0.33838845756371
ENSMUSG00000038578.16,-1.203075721154256,-1.19835019547871
ENSMUSG00000028382.16,-0.0877259448104245,-0.0826566798448314
ENSMUSG00000028383.18,-0.3122281376376645,-0.30737712537713
ENSMUSG00000045071.15,-0.248401260495358,-0.243120558700069
ENSMUSG00000038544.15,0.6339033786129284,0.62243322203853
ENSMUSG00000028385.15,-0.3410159442884807,-0.336341265183362
ENSMUSG00000078689.9,-2.006455057755836,-1.97182680659722
ENSMUSG00000073842.11,-1.8185450276577544,-1.81346096482422
ENSMUSG00000078688.12,-1.7636078062160343,-1.75207383194131
ENSMUSG00000073840.7,-0.4435054312959297,-0.443127033202976
ENSMUSG00000078687.10,-2.097632347248463,-2.11796859998572
ENSMUSG00000078686.12,-2.087086537825323,-2.08148233229587
ENSMUSG00000078685.7,-1.5788672806589614,-1.55997649229266
ENSMUSG00000078683.10,-1.642590121455417,-1.63503953304524
ENSMUSG00000078680.4,-2.009762292759457,-2.02064621014792
ENSMUSG00000073834.11,-2.071283360262227,-2.05620439086414
ENSMUSG00000094793.2,-1.693472263642149,-1.68780010383911
ENSMUSG00000110439.2,-1.811715894895361,-1.80679546376823
ENSMUSG00000082173.2,0.2840843435925465,0.292190832156687
ENSMUSG00000073835.6,-1.9206695064519532,-1.88332872480295
ENSMUSG00000078675.10,-2.454237128747711,-2.43664997692989
ENSMUSG00000095532.2,-1.480298656524371,-1.46161865305843
ENSMUSG00000096688.2,-1.8720780816746947,-1.86700060004993
ENSMUSG00000078674.3,-2.4019496943391285,-2.36336709659582
ENSMUSG00000078673.11,-3.003975260220796,-2.93561029531607
ENSMUSG00000081207.5,-1.5533225741633097,-1.51809323194053
ENSMUSG00000082644.2,1.6659155035214626,1.67283706622045
ENSMUSG00000078672.3,-0.5677032440916158,-0.562018550635483
ENSMUSG00000066154.13,-1.06371085278136,-1.05910957460748
ENSMUSG00000085404.2,-0.7993259709776082,-0.796836566150796
ENSMUSG00000066153.3,-0.6454574617207941,-0.640630342615586
ENSMUSG00000028389.13,0.5796394154710031,0.583709206529605
ENSMUSG00000066152.12,0.155795098300305,0.156032056075967
ENSMUSG00000066151.13,0.4338208982616195,0.438143720439852
ENSMUSG00000066150.13,-0.420916755799623,-0.416349741327323
ENSMUSG00000066149.12,-0.1493102501218081,-0.144397701183709
ENSMUSG00000066148.4,-0.1754713375495812,-0.170199811610918
ENSMUSG00000038422.3,0.1974307605756849,0.201136890979329
ENSMUSG00000028393.11,-0.2325538507906822,-0.22812575191909
ENSMUSG00000028394.10,-0.0531939800100375,-0.0489930782428663
ENSMUSG00000059810.19,-0.4227139520063523,-0.424714705548364
ENSMUSG00000028358.16,1.2681648232654303,1.28557252664292
ENSMUSG00000028356.5,0.0049373990425196,0.0095316949157723
ENSMUSG00000045672.16,-1.041385089090071,-1.03564660580446
ENSMUSG00000039196.3,0.9776443615370004,0.981226720477905
ENSMUSG00000028359.5,1.0984188295692157,1.08599838710603
ENSMUSG00000061540.4,2.593717023492193,2.59405781736845
ENSMUSG00000039158.12,0.4403224876577744,0.449030961242335
ENSMUSG00000039105.7,0.060773554784102,0.0655002893916075
ENSMUSG00000045917.18,0.7098829928622616,0.710775877815532
ENSMUSG00000028373.17,-0.0406676093765173,-0.0252187847464669
ENSMUSG00000051675.14,-0.0768823879129631,-0.0806027811285032
ENSMUSG00000039005.14,0.3385624482684683,0.345336007954005
ENSMUSG00000121059.1,-0.267807490474223,-0.2657667729551
ENSMUSG00000039298.17,0.6222328820271575,0.621690266597418
ENSMUSG00000039270.10,0.7663886013237994,0.771952153623949
ENSMUSG00000008305.20,0.0500636220760221,0.0543554596725218
ENSMUSG00000084910.3,-0.2880837685532234,-0.284484319891013
ENSMUSG00000028397.14,0.3145717468349656,0.318813642461675
ENSMUSG00000028398.9,-0.298977282273347,-0.294375066683942
ENSMUSG00000028399.19,-0.4809019444896837,-0.476149260531959
ENSMUSG00000082179.2,-0.6932517174404608,-0.686091281265556
ENSMUSG00000083219.2,-3.004975489374893,-2.944065553484
ENSMUSG00000048706.4,0.287540117017358,0.293616149017446
ENSMUSG00000028402.20,0.2747061855007781,0.279070578568305
ENSMUSG00000008575.18,-0.8949636654542805,-0.890032864005323
ENSMUSG00000087413.3,0.1502125832338775,0.130555111927286
ENSMUSG00000028403.16,0.0275396273881369,0.0349611425498031
ENSMUSG00000059049.16,-1.6786066447409829,-1.63721224782703
ENSMUSG00000038172.15,-0.957303573204074,-0.952285124635646
ENSMUSG00000028483.14,0.2134884046202162,0.229229276097154
ENSMUSG00000028484.17,-0.2805220169642726,-0.275802448356393
ENSMUSG00000038070.16,-0.148344588937677,-0.131575313729354
ENSMUSG00000070934.7,0.0845524721420082,0.0889174312106124
ENSMUSG00000038047.19,-0.0454442080446041,-0.0452507281786753
ENSMUSG00000028494.13,0.1621352982475518,0.166265565513131
ENSMUSG00000038024.18,0.0930606124934661,0.0976793731259433
ENSMUSG00000028495.15,-0.4915053499534446,-0.486722843140497
ENSMUSG00000038007.15,0.7519335146524058,0.755678168848506
ENSMUSG00000028496.18,-0.0363146320632701,-0.0216488846800114
ENSMUSG00000038368.17,-0.137606305542466,-0.132827059080544
ENSMUSG00000070923.5,-0.3110605089306701,-0.306013380366456
ENSMUSG00000085569.3,1.1150916729906886,1.10523839007764
ENSMUSG00000062937.8,0.1017760347634381,0.105498107649924
ENSMUSG00000100863.2,0.5244990460775211,0.51322876070804
ENSMUSG00000054000.6,0.1510216581430432,0.179086990564113
ENSMUSG00000087128.9,-0.1743362223514169,-0.193571464537379
ENSMUSG00000028578.9,-0.1209036651776115,-0.120519016861357
ENSMUSG00000028577.14,0.1164399563274037,0.120970067168762
ENSMUSG00000028576.13,-0.8272130064134541,-0.814441821887369
ENSMUSG00000006386.16,0.3662055235015654,0.369640242533193
ENSMUSG00000062627.10,-0.240677292239991,-0.236012975918751
ENSMUSG00000052684.6,1.0024126074498936,0.997238007206909
ENSMUSG00000087366.9,-0.4370360227004522,-0.40899288155351
ENSMUSG00000028573.19,-0.5587469887400242,-0.553518567123633
ENSMUSG00000044125.8,-0.758601263462599,-0.742666235742408
ENSMUSG00000028572.14,-0.6662859266111812,-0.661410204837953
ENSMUSG00000052914.5,0.3685758443097647,0.373018078907014
ENSMUSG00000015224.11,-1.3032555499719414,-1.30899504362462
ENSMUSG00000052520.8,-0.0791961866689078,-0.0744945613918855
ENSMUSG00000028565.19,-0.0649454876683724,-0.0611522780445633
ENSMUSG00000028563.17,0.1850602074170865,0.189274751593546
ENSMUSG00000061859.18,0.5859681191846158,0.595026114051264
ENSMUSG00000028560.12,0.1866786465380325,0.191438188235575
ENSMUSG00000028556.16,0.0345759902141403,0.0385241481376737
ENSMUSG00000028553.13,0.1264286216777113,0.131124125277207
ENSMUSG00000028550.16,-0.2754416730191698,-0.269860464596726
ENSMUSG00000073792.12,-0.2482365315545111,-0.244426995344165
ENSMUSG00000028549.18,0.4368906307578523,0.435601037755918
ENSMUSG00000073791.14,0.24805430096502,0.184340915748191
ENSMUSG00000025791.19,-0.435407006570998,-0.430316025625766
ENSMUSG00000035305.6,0.0652763837827821,0.0631404546008293
ENSMUSG00000028532.15,0.4517415153913713,0.453788337009553
ENSMUSG00000028530.15,0.2576602009263107,0.26242183969973
ENSMUSG00000120569.1,1.8909602072325,1.83963852621503
ENSMUSG00000086782.4,-0.3204846513737434,-0.312087557546923
ENSMUSG00000087361.8,0.6234695135111156,0.626238959323485
ENSMUSG00000028527.19,-1.6420770143076229,-1.63789711779596
ENSMUSG00000035212.15,0.4124124705846546,0.416742988455876
ENSMUSG00000057722.18,-1.050684963734768,-1.01119740049384
ENSMUSG00000028525.17,-0.6991484263463178,-0.70056767456979
ENSMUSG00000035126.21,-0.5515389443613286,-0.528104446615555
ENSMUSG00000028522.17,0.2269535668491421,0.231056727039472
ENSMUSG00000028521.18,-0.0980161516233145,-0.0932742297347774
ENSMUSG00000028520.13,2.012446031691097,1.96797994900789
ENSMUSG00000035069.4,0.3046746825516239,0.308537276219221
ENSMUSG00000086136.2,0.5434047081070821,0.543478649257806
ENSMUSG00000059195.11,-0.1762798751157412,-0.193444649730949
ENSMUSG00000028519.17,-0.3385682055758428,-0.337113624151066
ENSMUSG00000029656.14,0.0344331160889256,0.0394017704799324
ENSMUSG00000035031.16,-0.6273386615857482,-0.62258856551105
ENSMUSG00000078612.10,1.2562480683954491,1.25363048876916
ENSMUSG00000028518.9,-1.2612812927173338,-1.25653069837643
ENSMUSG00000028517.9,-0.5617171715175472,-0.557181086194432
ENSMUSG00000028514.17,-0.4670764638366335,-0.462380504448247
ENSMUSG00000044254.7,-0.4175044653131227,-0.411209213205925
ENSMUSG00000034926.4,-0.1407056777710936,-0.135944207920913
ENSMUSG00000085023.2,-0.1555380419124003,-0.150908750810148
ENSMUSG00000043572.8,0.725625284716297,0.728500143414404
ENSMUSG00000025413.14,0.2626928501966167,0.267382126662158
ENSMUSG00000061887.15,0.2274522609481235,0.231922629988412
ENSMUSG00000028622.12,-0.1387255992398097,-0.13311398981018
ENSMUSG00000028621.18,-0.5234574398153589,-0.520620776995351
ENSMUSG00000085304.2,-0.2050649700837209,-0.2190194498332
ENSMUSG00000028619.16,-0.0338653292986167,-0.0289888964887337
ENSMUSG00000028618.12,-0.2406395438348524,-0.235630348376906
ENSMUSG00000028617.11,-0.5340522623489636,-0.52955255832895
ENSMUSG00000063172.14,-0.2952834104485846,-0.290760541265414
ENSMUSG00000034785.16,-1.7804450950089885,-1.76754524998157
ENSMUSG00000057375.14,0.1393645686955943,0.143226366575244
ENSMUSG00000028614.15,-0.2830432721293824,-0.278252255622549
ENSMUSG00000028609.7,0.1258672643848861,0.130308629931265
ENSMUSG00000028608.16,0.0439880768047223,0.0487539836730503
ENSMUSG00000028607.17,-0.3935426303925532,-0.388728796997859
ENSMUSG00000028600.17,-1.3716237375745526,-1.33233459932858
ENSMUSG00000028603.16,-0.830232529928521,-0.82536804141363
ENSMUSG00000098980.3,-1.684687944370738,-1.63910524219739
ENSMUSG00000028601.19,-0.4565787195824792,-0.451595597319155
ENSMUSG00000034645.15,0.045917645278631,0.0375398073334855
ENSMUSG00000034636.10,-0.787384069477135,-0.78224625706373
ENSMUSG00000048351.15,-0.3463551581934538,-0.341803831790966
ENSMUSG00000028597.12,1.0834404262667012,1.06251748268334
ENSMUSG00000034610.15,0.5615776742034405,0.563713290172121
ENSMUSG00000063800.6,0.6073679653588828,0.610995661498448
ENSMUSG00000028582.15,0.6171007078118756,0.620236072468409
ENSMUSG00000102912.2,0.3706921018960209,0.362520191598311
ENSMUSG00000091985.2,0.2688717214278694,0.2831930415598
ENSMUSG00000034557.15,-0.4163731336939423,-0.410320824933627
ENSMUSG00000028568.17,-0.2659038051721086,-0.261642023408675
ENSMUSG00000028567.9,-0.1110933629009523,-0.106290214406724
ENSMUSG00000073775.5,-0.3515242359421494,-0.348329017673243
ENSMUSG00000053510.13,-0.1257793730401488,-0.121435707773724
ENSMUSG00000028559.18,-0.2299529898798124,-0.225027387668382
ENSMUSG00000028552.14,0.0834730572863166,0.0880895038607776
ENSMUSG00000085873.3,-0.187518448681301,-0.179697551870852
ENSMUSG00000028555.16,-1.1274122394040835,-1.08910867866985
ENSMUSG00000028557.11,-0.2429627393159553,-0.238462462629762
ENSMUSG00000087641.2,-0.3843283908798541,-0.385679013809421
ENSMUSG00000059027.16,-0.4984136801850816,-0.492514036393103
ENSMUSG00000028551.15,-0.8461920890957481,-0.835913125823873
ENSMUSG00000010517.8,0.112593018401653,0.117226321494076
ENSMUSG00000034401.17,0.2942430649780655,0.296539320562757
ENSMUSG00000028719.9,-0.0702991748368622,-0.0655742355870744
ENSMUSG00000028717.13,0.1428786529118453,0.123985011459463
ENSMUSG00000028716.16,0.2233221845333964,0.2152433410598
ENSMUSG00000066071.7,0.3479483991539441,0.352641656859131
ENSMUSG00000083190.2,-0.3949800667112055,-0.380479781246722
ENSMUSG00000078597.3,-0.1142628803769635,-0.10173272090831
ENSMUSG00000028715.3,-0.920333705781842,-0.883062034452823
ENSMUSG00000066072.14,-1.321338801467043,-1.30040920896156
ENSMUSG00000063929.7,-0.9655183984459582,-0.9612418197343
ENSMUSG00000028713.18,-0.2446451806114339,-0.245816180421651
ENSMUSG00000034210.15,0.3255154997668398,0.329986619972257
ENSMUSG00000028710.19,0.4267238817474574,0.433203127182557
ENSMUSG00000028709.4,-0.3221890435036847,-0.317258724244508
ENSMUSG00000028708.17,-0.069404494775647,-0.065394455924264
ENSMUSG00000100081.2,-0.118523448675844,-0.119835462745734
ENSMUSG00000034171.14,-0.0451148804045619,-0.0403308940108058
ENSMUSG00000028706.15,0.0692142107249342,0.0730520081921354
ENSMUSG00000121130.1,-0.1972465555749019,-0.199358549594558
ENSMUSG00000063882.13,-0.4885652633423379,-0.483940478599561
ENSMUSG00000078238.5,-0.4160440122771716,-0.40348769585616
ENSMUSG00000028703.15,0.625027788245625,0.629592136981721
ENSMUSG00000028702.16,0.7371645626835357,0.73382517903441
ENSMUSG00000028700.15,0.0044517113693033,0.008960983137151
ENSMUSG00000028698.14,0.6096047875554986,0.62114571541716
ENSMUSG00000003810.15,0.4471583921154513,0.451862247544606
ENSMUSG00000028696.13,-0.0890804514684031,-0.0843422599227496
ENSMUSG00000087299.2,-0.1153035271388361,-0.110816847271333
ENSMUSG00000055900.16,-0.0986552849239651,-0.0939249860335302
ENSMUSG00000034042.17,-0.1380050259603968,-0.132892046350992
ENSMUSG00000085408.3,-0.2339561289147561,-0.229272071856225
ENSMUSG00000034035.19,-0.070559805369088,-0.0665242801577317
ENSMUSG00000028693.16,-0.1305798073353018,-0.125829292251008
ENSMUSG00000028692.15,0.0060526318218872,0.010906990853052
ENSMUSG00000028691.13,-0.3292244072689704,-0.324508167032454
ENSMUSG00000028690.5,-0.0160748866675207,-0.0117505216847476
ENSMUSG00000028689.15,-0.1917540876753938,-0.183691900041142
ENSMUSG00000033985.18,-0.0264181492058649,-0.0209643240838921
ENSMUSG00000028688.14,-0.156406243864583,-0.15200339269682
ENSMUSG00000033948.4,0.0723146662662331,0.0787631232363557
ENSMUSG00000028684.15,-0.4209473736248439,-0.416324472444968
ENSMUSG00000046861.10,-0.3216946442728418,-0.31708362911139
ENSMUSG00000086890.2,-0.314078031673205,-0.309624710688289
ENSMUSG00000028683.15,0.1973901627010678,0.209438300549958
ENSMUSG00000028681.12,0.9303346713272176,0.917194105109505
ENSMUSG00000073771.12,1.0444933291586542,1.02382069891384
ENSMUSG00000121149.1,0.6293800935075669,0.637824646727712
ENSMUSG00000047671.9,0.2367924653739866,0.267341260252648
ENSMUSG00000028680.15,0.3676761417756684,0.373828537847016
ENSMUSG00000047675.16,-0.488836619356374,-0.484093288002937
ENSMUSG00000048772.16,0.0700274551532204,0.0735341344479206
ENSMUSG00000028677.20,0.2933471208838681,0.29649312550281
ENSMUSG00000033423.17,-0.3794829432158618,-0.374553051031028
ENSMUSG00000009640.12,0.3633286045661647,0.365024976795653
ENSMUSG00000120084.1,0.4911931154672084,0.492018843499371
ENSMUSG00000028542.18,-0.5896002263159923,-0.587261906394854
ENSMUSG00000091237.2,-0.8366564658949436,-0.820834132903079
ENSMUSG00000078588.11,-0.5994721023537656,-0.599191236076492
ENSMUSG00000085278.2,-0.3277768917480286,-0.323137732288859
ENSMUSG00000033379.14,-0.4736426458723898,-0.470319175171414
ENSMUSG00000028540.7,0.208239292410557,0.216621839655478
ENSMUSG00000033365.15,0.2545936335694986,0.259435861377983
ENSMUSG00000028538.13,-0.1973632824351209,-0.192480306336874
ENSMUSG00000033326.16,0.5735397572990325,0.57893037028769
ENSMUSG00000033295.15,0.2084017795903807,0.213052506481
ENSMUSG00000006395.18,-0.3504193785883666,-0.345897519932559
ENSMUSG00000033253.19,0.528561544941563,0.533061200678148
ENSMUSG00000006392.17,0.3769926205914783,0.380928990281153
ENSMUSG00000006390.16,0.4345323779734823,0.438947763710145
ENSMUSG00000033191.15,-0.5145024923239768,-0.508714932867773
ENSMUSG00000028536.13,0.0455897595386072,0.0416134666842834
ENSMUSG00000050854.10,0.3579910986630725,0.359995871908796
ENSMUSG00000028729.16,0.0475134729903977,0.0520778511195072
ENSMUSG00000028645.12,-0.2443319836564106,-0.245082557704128
ENSMUSG00000085505.2,-0.2007229801616621,-0.209336174727348
ENSMUSG00000045268.14,0.1045226998505749,0.101948284414316
ENSMUSG00000028643.12,0.4350436612849197,0.435350104540266
ENSMUSG00000078584.10,-0.2228178644605797,-0.218151417912462
ENSMUSG00000085626.2,-0.4737507330599747,-0.473551062720095
ENSMUSG00000028641.17,0.0390348885673169,0.043599676804994
ENSMUSG00000028639.15,-0.3053558764012656,-0.300216618158135
ENSMUSG00000060288.14,-0.3943029969253733,-0.393044599885884
ENSMUSG00000028636.15,-0.1781019043517014,-0.173283972749338
ENSMUSG00000087385.9,-1.0140211364060274,-1.00786563588814
ENSMUSG00000032998.17,-0.0131357791956529,-0.0085351886728586
ENSMUSG00000000085.17,0.3560772984233137,0.360944993426558
ENSMUSG00000028633.8,-0.1603948220444199,-0.150172812699063
ENSMUSG00000032897.18,-0.1862032553186015,-0.181640995940974
ENSMUSG00000032890.18,-0.1244591494503,-0.114934394213517
ENSMUSG00000028629.10,0.5672649283274848,0.563237670389783
ENSMUSG00000064141.15,-0.0537770344101747,-0.047545008508961
ENSMUSG00000032870.9,0.1665653383486159,0.171381694880309
ENSMUSG00000043207.11,0.2693062058949237,0.273889878640241
ENSMUSG00000049878.14,0.3738186143314928,0.379927270059171
ENSMUSG00000028657.15,0.3853863437689647,0.389383204194436
ENSMUSG00000028656.15,0.3535126717867665,0.35772908844413
ENSMUSG00000028655.12,-1.8266214479710372,-1.83345716755825
ENSMUSG00000028654.14,-0.5997290495204516,-0.56168216159337
ENSMUSG00000028653.17,0.0814869501637271,0.0859035405039984
ENSMUSG00000028651.13,0.1973440910902517,0.201959673750072
ENSMUSG00000032744.5,0.8474787754558905,0.83143665322168
ENSMUSG00000011257.20,-0.874438390935292,-0.869227436549995
ENSMUSG00000120655.1,-0.7568587828520991,-0.754246168828065
ENSMUSG00000028649.23,-0.4020132324753692,-0.397581986748388
ENSMUSG00000028648.14,-0.1416212729165003,-0.136977982351335
ENSMUSG00000023075.10,0.0011512053327632,0.0054137536356771
ENSMUSG00000028647.14,-0.0076587210664796,-0.0027985623346628
ENSMUSG00000085875.4,0.0757782364790555,0.0985347483951189
ENSMUSG00000028646.17,-0.1659784224081122,-0.161344017899567
ENSMUSG00000028907.8,0.0820991761135693,0.0866646122071475
ENSMUSG00000028902.5,0.3860263337998994,0.39013468335468
ENSMUSG00000086589.2,0.1111360663927353,0.124498257705225
ENSMUSG00000028894.19,0.4148016072016202,0.419335590260195
ENSMUSG00000028890.14,0.0569434141589523,0.0616391783165656
ENSMUSG00000078570.11,-0.3546993773188514,-0.346145977115878
ENSMUSG00000028889.18,-0.0656022140445471,-0.0583325692696842
ENSMUSG00000028873.17,-0.2448371612840904,-0.246445881108569
ENSMUSG00000044730.18,0.2720154449882935,0.272968531484983
ENSMUSG00000028869.14,0.1243556355338894,0.128856593475354
ENSMUSG00000050213.7,0.0169832550758699,0.0207255991969779
ENSMUSG00000028863.14,0.1410197586958498,0.144273087602326
ENSMUSG00000042677.8,1.0113975948151332,1.01013790408914
ENSMUSG00000028859.15,0.718327579731741,0.72397737579826
ENSMUSG00000028861.14,0.056161421760503,0.0606790411396125
ENSMUSG00000079942.6,-0.3773779761596196,-0.350596890285824
ENSMUSG00000050188.9,-0.3645332905647866,-0.359248569023336
ENSMUSG00000042608.16,0.1977863068670896,0.200907539979089
ENSMUSG00000050212.5,-0.2009291206222347,-0.193357231455865
ENSMUSG00000073758.11,1.2835468391761022,1.27762702924968
ENSMUSG00000043962.17,0.2598419428969987,0.264379443919888
ENSMUSG00000028849.18,-0.014267736669333,-0.0097903309393131
ENSMUSG00000028847.9,0.1305925985276118,0.135094453685404
ENSMUSG00000042558.17,0.2736680696231781,0.282390893634304
ENSMUSG00000028842.16,-0.5583011285627053,-0.552929926686549
ENSMUSG00000041530.18,-0.2459894693725459,-0.241115900836754
ENSMUSG00000042500.12,0.2237021122747661,0.226490645519234
ENSMUSG00000073755.5,-0.0243154229365241,-0.0219088115292452
ENSMUSG00000028837.9,0.3415379279226989,0.347004461919547
ENSMUSG00000028833.14,0.135730167112116,0.142910816350534
ENSMUSG00000028830.15,0.477329918524075,0.480205177286344
ENSMUSG00000042446.17,0.3104654962289728,0.314440845949893
ENSMUSG00000028820.15,0.01926631306911,0.0243784766790257
ENSMUSG00000085334.8,-0.0467565205458607,-0.0437669375829866
ENSMUSG00000043872.15,0.3892377994592115,0.391018898368208
ENSMUSG00000042408.14,0.2437499158550913,0.249704109373085
ENSMUSG00000088982.3,0.7724413938241703,0.71164657575128
ENSMUSG00000070737.11,0.362652496778337,0.36316847844409
ENSMUSG00000042380.9,-0.236104081775586,-0.231359207924266
ENSMUSG00000050234.8,1.0015049684215145,1.00591366683316
ENSMUSG00000087470.4,-2.0321339687335955,-2.01889197310505
ENSMUSG00000061894.16,0.480121953926042,0.469822044005151
ENSMUSG00000062545.5,0.4269075115055498,0.39272642435975
ENSMUSG00000028796.18,0.6932455869540343,0.69977304723429
ENSMUSG00000028799.16,0.6634229098556356,0.66453354300141
ENSMUSG00000041000.9,-0.2818215146960702,-0.259453190373186
ENSMUSG00000028789.17,-1.264279477332361,-1.27497629181277
ENSMUSG00000028792.15,-0.8086337148736736,-0.804309305757394
ENSMUSG00000028793.16,-0.1789786229276276,-0.175040155800301
ENSMUSG00000040928.16,-0.2366587954998529,-0.231914186460678
ENSMUSG00000028811.13,-0.049849484237562,-0.0435026709678922
ENSMUSG00000050390.13,-0.1719524971916533,-0.167224601194119
ENSMUSG00000001333.10,-0.7277411647528576,-0.717920508028132
ENSMUSG00000057236.11,-0.2888099296224523,-0.284082590043536
ENSMUSG00000057572.16,-0.1697523730480233,-0.164802094758985
ENSMUSG00000028807.3,-0.5995267085638639,-0.556310338501544
ENSMUSG00000040859.15,0.0071349432528485,0.011361363684687
ENSMUSG00000047945.7,0.3556457606142164,0.364576378742392
ENSMUSG00000028800.16,0.3185144095745668,0.323243129393791
ENSMUSG00000000409.15,1.4417010722613093,1.40507501721377
ENSMUSG00000050493.9,-0.056155935534014,-0.05179805471549
ENSMUSG00000028798.17,-0.4977855569510391,-0.492347326677143
ENSMUSG00000028797.21,-0.3994743276675574,-0.394411621600884
ENSMUSG00000078552.11,-0.3535248525651943,-0.348419404634758
ENSMUSG00000040795.13,0.3576197051261622,0.360751718678013
ENSMUSG00000028795.16,-0.0931960705664212,-0.0893451295036486
ENSMUSG00000053841.16,0.0408159399437412,0.0456203587494854
ENSMUSG00000003731.14,0.0740506506700016,0.0784279870714869
ENSMUSG00000053730.16,-0.2074741148343663,-0.213359461411864
ENSMUSG00000028790.14,0.2919902251836239,0.296578508770808
ENSMUSG00000028788.15,-0.4352615283433204,-0.430539873931637
ENSMUSG00000070729.6,-1.2774445761840951,-1.27213216103238
ENSMUSG00000040690.16,-0.0879285318319175,-0.0782787987208169
ENSMUSG00000028779.17,0.2394517259645269,0.243496876713985
ENSMUSG00000028776.15,0.3206719267170594,0.322619604984127
ENSMUSG00000023232.18,1.28864036010008,1.29264917438312
ENSMUSG00000028772.20,0.5827373687393272,0.587644697680518
ENSMUSG00000074088.7,0.0899807530802847,0.092900500057268
ENSMUSG00000028580.16,-0.1745863555658957,-0.169813216044168
ENSMUSG00000025743.15,0.3729125985362463,0.377261475899724
ENSMUSG00000097224.2,0.3971510064409962,0.39678797744345
ENSMUSG00000028581.18,1.0640787094928286,1.05864386581872
ENSMUSG00000028910.13,-0.2633234646535051,-0.258622241671929
ENSMUSG00000028911.17,0.1403853344493065,0.146131501479835
ENSMUSG00000102602.2,0.3432507136789317,0.349020197415935
ENSMUSG00000085667.2,0.0853962580698579,0.0889765487773989
ENSMUSG00000028906.18,-0.6247811340853919,-0.619772590210305
ENSMUSG00000070717.2,-0.6513589854058172,-0.62968591846794
ENSMUSG00000040025.18,0.221151965691807,0.224921024775899
ENSMUSG00000028901.14,0.0917782133715741,0.0917798664420899
ENSMUSG00000028899.12,0.240319539629986,0.245766144791493
ENSMUSG00000086290.11,0.1637066296088154,0.16376683601082
ENSMUSG00000028898.16,0.1423768085516338,0.14486364702369
ENSMUSG00000028896.14,-0.2811416705955295,-0.273606253854255
ENSMUSG00000085241.8,-0.3470173134522077,-0.356571114507808
ENSMUSG00000091021.2,0.0947533383994709,0.0989696992135999
ENSMUSG00000064387.3,0.3072086760472354,0.302848835333847
ENSMUSG00000066043.14,0.0404518996088877,0.0448587947843168
ENSMUSG00000066042.5,-0.0444808049279532,-0.037756635466675
ENSMUSG00000028893.9,0.548199494778374,0.55762486474682
ENSMUSG00000054428.13,0.1014698573232492,0.103923116772382
ENSMUSG00000087352.3,0.2517370464911902,0.249554462231077
ENSMUSG00000054405.15,0.3038716450955435,0.308241107446903
ENSMUSG00000056529.8,1.2615377626425368,1.23612789849699
ENSMUSG00000028886.16,-0.0036592979931237,0.0014087436047374
ENSMUSG00000037752.5,0.3723919795623102,0.389795055834503
ENSMUSG00000028884.15,-0.1199450370178422,-0.113679398893006
ENSMUSG00000037731.6,1.629158587973225,1.61319159949288
ENSMUSG00000028882.14,0.2241404948136793,0.22819836872268
ENSMUSG00000028879.5,0.2119662618939353,0.216732393448216
ENSMUSG00000028878.12,-0.5135358373004149,-0.506558811219631
ENSMUSG00000028874.15,0.7719354891316622,0.767081286452974
ENSMUSG00000037692.15,0.0344496621406899,0.0403964960384275
ENSMUSG00000028868.14,0.8024476060840138,0.807021321136494
ENSMUSG00000028862.7,0.823652865950657,0.829675692306147
ENSMUSG00000028860.14,-0.1772548324594059,-0.210483821871382
ENSMUSG00000028857.17,0.137534893458533,0.142176821272265
ENSMUSG00000037622.15,-0.0957033844984652,-0.0909002845414724
ENSMUSG00000028854.10,0.769978020250967,0.773491123062425
ENSMUSG00000037600.17,0.9247950627205754,0.956746507697261
ENSMUSG00000028851.7,0.1919143669694452,0.197342941536527
ENSMUSG00000037583.3,-0.5223994081284516,-0.522215494859035
ENSMUSG00000028850.3,0.3349385775462101,0.34408109795589
ENSMUSG00000028848.14,-0.0483330510519342,-0.0433463977278347
ENSMUSG00000037553.15,0.3449128345728882,0.349438840438006
ENSMUSG00000043257.16,0.2539751492477434,0.258039586193558
ENSMUSG00000007880.17,0.3153276379798582,0.319890693240888
ENSMUSG00000003644.18,-0.207388544887381,-0.20329998135107
ENSMUSG00000085009.2,0.0990075993075392,0.0939030783489096
ENSMUSG00000003038.16,0.9187754694686052,0.910044897450685
ENSMUSG00000012117.14,0.0886344759016751,0.0929095783611102
ENSMUSG00000012123.18,0.2588485245258634,0.251254499314666
ENSMUSG00000000682.8,3.175984247778676,3.10672367256651
ENSMUSG00000012126.17,1.0796894453570196,1.09141750522057
ENSMUSG00000028843.9,1.1310266282094117,1.12768181277195
ENSMUSG00000037443.14,0.1142942056986076,0.119458518706281
ENSMUSG00000028840.11,0.187815945335338,0.171086199027694
ENSMUSG00000086322.8,0.2939858479158629,0.297080070414517
ENSMUSG00000050890.16,0.1015094251545966,0.104958930622724
ENSMUSG00000028838.12,-1.2452351175456111,-1.23881515396807
ENSMUSG00000037366.15,0.3055753686753445,0.310174605942857
ENSMUSG00000028832.12,-0.7131690120489553,-0.707715180206328
ENSMUSG00000037348.16,-0.534059814369287,-0.530283700769472
ENSMUSG00000046671.19,-0.2526828747343722,-0.248444670651914
ENSMUSG00000050989.11,0.2053648029575195,0.216493170519619
ENSMUSG00000037306.15,0.3152899253585116,0.325890086916613
ENSMUSG00000037295.8,-0.0449625082949105,-0.0404782650985907
ENSMUSG00000028826.15,-0.4064989705664623,-0.401535864326226
ENSMUSG00000028822.12,-0.489103862637729,-0.484459687320079
ENSMUSG00000037266.19,-0.1157356813220284,-0.110906527229118
ENSMUSG00000028821.9,-0.1131022734000706,-0.108128448806912
ENSMUSG00000037242.9,0.7853915483524968,0.790019900436467
ENSMUSG00000028809.17,0.3767010080092137,0.380965129091604
ENSMUSG00000059713.13,0.5481438577374158,0.528706938634447
ENSMUSG00000028803.19,0.685487347188578,0.689640950393571
ENSMUSG00000103955.2,0.8150036227531616,0.817801724541348
ENSMUSG00000083678.4,0.0837259066880576,0.078023211166617
ENSMUSG00000037157.9,0.7813103372916198,0.798403889117391
ENSMUSG00000037139.16,1.6633667613919991,1.63385637410978
ENSMUSG00000028676.18,0.0632622409938261,0.0674700616779761
ENSMUSG00000028675.13,0.4500272421562503,0.453751151157889
ENSMUSG00000062585.12,-0.2128760388345892,-0.205748950011105
ENSMUSG00000028673.11,-0.3073747892263498,-0.302569603485393
ENSMUSG00000028672.14,-0.8498423262775778,-0.845107431141854
ENSMUSG00000028671.17,0.8913822109040674,0.893606211493677
ENSMUSG00000028670.15,0.1904166063518623,0.195077162452006
ENSMUSG00000028669.16,-0.4236260410762304,-0.421778970826851
ENSMUSG00000028668.6,0.1349354050983413,0.139673935622874
ENSMUSG00000085714.2,0.1348964778833186,0.136194225682144
ENSMUSG00000059291.16,-0.3987650950502454,-0.394128926807488
ENSMUSG00000007872.4,0.254223014697126,0.24202114061776
ENSMUSG00000018983.10,0.705073988620696,0.754181992376608
ENSMUSG00000036995.8,0.8767192215775191,0.878903781811896
ENSMUSG00000001604.15,0.4243575687397855,0.429001353139793
ENSMUSG00000051351.15,-0.1972708959057046,-0.18996490780263
ENSMUSG00000066037.15,0.381821640243134,0.386128631745968
ENSMUSG00000001089.15,0.325463757776763,0.330087969443897
ENSMUSG00000036940.16,0.1581584207678729,0.162632821085406
ENSMUSG00000036905.9,-0.0384069517491274,-0.0410782228369709
ENSMUSG00000036896.6,0.1107697862716291,0.109490340657673
ENSMUSG00000036887.6,-0.1188880046309332,-0.114793083667725
ENSMUSG00000060862.11,0.0901532587925379,0.10056161229667
ENSMUSG00000036856.5,-1.0366357497431251,-1.02018703967262
ENSMUSG00000006699.18,0.2089324373167218,0.213707401251495
ENSMUSG00000028763.19,0.3986624289044351,0.403050642934118
ENSMUSG00000043411.16,-0.0186609091667184,-0.0146251109494336
ENSMUSG00000041351.17,0.4367196691931981,0.44097115232635
ENSMUSG00000028766.11,0.5863493995227778,0.593655746530591
ENSMUSG00000057530.15,0.0265173048601406,0.0311655778237754
ENSMUSG00000028760.18,0.251835254350239,0.256000950808055
ENSMUSG00000028759.14,0.0117939541090969,0.016055785676736
ENSMUSG00000028757.5,0.2955979698765598,0.300325225859067
ENSMUSG00000028756.13,-0.6130370192689321,-0.608235304658367
ENSMUSG00000028755.4,0.2846548452415842,0.279011595088646
ENSMUSG00000041241.13,0.1036447250459713,0.108042106211944
ENSMUSG00000046447.4,-0.4959102834630143,-0.491259797879792
ENSMUSG00000041161.9,-0.705887122647121,-0.693766626657281
ENSMUSG00000070661.8,-1.4752879385085118,-1.48318406134221
ENSMUSG00000041143.17,-0.1355316291334802,-0.131458296280354
ENSMUSG00000050608.12,-0.3844338945008249,-0.380005429190746
ENSMUSG00000028745.19,0.176826362865502,0.181309113638773
ENSMUSG00000028744.16,-0.2725986069778084,-0.265852262178303
ENSMUSG00000028743.8,-0.4629750008999973,-0.458420779735892
ENSMUSG00000028741.14,0.058430141233,0.0628856924944972
ENSMUSG00000078517.14,0.4295534001756629,0.434270112555637
ENSMUSG00000066036.15,0.3596049544934143,0.364370791205064
ENSMUSG00000041025.16,-0.1965941744129917,-0.190311892071126
ENSMUSG00000028737.16,-0.7302608799253204,-0.725450959036526
ENSMUSG00000078234.7,-0.0854901329044758,-0.0809410106694847
ENSMUSG00000086960.2,1.0143641978364708,1.01763923446125
ENSMUSG00000086437.3,0.2433591213222639,0.27356196840037
ENSMUSG00000040964.17,0.0458217818596489,0.049795013113089
ENSMUSG00000040945.14,-0.5925689508725391,-0.585905685812179
ENSMUSG00000009863.15,-0.3788309812574652,-0.374322315015315
ENSMUSG00000036622.16,-0.1658626657574899,-0.161876928821262
ENSMUSG00000040860.17,0.0069355204107249,0.0169368355217395
ENSMUSG00000028923.15,0.2846603971800684,0.277792550573277
ENSMUSG00000040842.18,0.0520672046705639,0.0568328808197655
ENSMUSG00000097620.9,0.2742698627505425,0.278616370225115
ENSMUSG00000121088.1,0.3028690481739747,0.291928434392473
ENSMUSG00000028920.10,0.1372177586496731,0.141678906414224
ENSMUSG00000028919.12,1.1767173649948166,1.18163239496496
ENSMUSG00000006445.4,0.6408056150178713,0.640244507833138
ENSMUSG00000006218.5,1.318069216654576,1.33128391849643
ENSMUSG00000006215.13,0.3550519079562695,0.358939339645526
ENSMUSG00000040761.17,0.3519147661103005,0.356498175801608
ENSMUSG00000006219.13,1.0791915114623771,1.10787654787736
ENSMUSG00000043085.15,0.0872834748703759,0.0933582686605281
ENSMUSG00000073731.13,0.2963849860756637,0.294712193490985
ENSMUSG00000040740.8,-0.5961193994669983,-0.591770788195101
ENSMUSG00000028917.15,0.2672476715343059,0.27169387048255
ENSMUSG00000078515.5,-0.00045115252345,0.0042023810295859
ENSMUSG00000040706.5,-0.000228994386887,0.0044012380947146
ENSMUSG00000040697.11,0.1782734111927884,0.182511273243313
ENSMUSG00000028914.14,0.469058382348838,0.474005731772881
ENSMUSG00000040659.4,-0.4555988353858999,-0.449247059974059
ENSMUSG00000051435.12,0.0372627702916809,0.0502386383277628
ENSMUSG00000040616.4,0.3316407765370069,0.322001804866186
ENSMUSG00000040606.15,-0.0361676860434399,-0.031510196755651
ENSMUSG00000057637.14,0.2329558223048986,0.236929154794518
ENSMUSG00000082575.2,-0.4691925113083535,-0.488036538895968
ENSMUSG00000046862.15,0.5721713710094078,0.580804841190986
ENSMUSG00000066026.15,0.5730027042549368,0.577178585508585
ENSMUSG00000020220.17,-0.388837648861855,-0.384363068861993
ENSMUSG00000028599.11,0.4347716544495116,0.448162205845368
ENSMUSG00000058186.14,-0.173456788947924,-0.154666524861381
ENSMUSG00000082334.2,1.2357061728557936,1.22774676878642
ENSMUSG00000084350.2,1.264117638671418,1.25833988949111
ENSMUSG00000066009.9,-1.4497099099638069,-1.42150707227207
ENSMUSG00000066007.16,1.4480968306249504,1.39756168311445
ENSMUSG00000070605.5,0.9644284930377632,0.956507442920762
ENSMUSG00000078496.10,-1.2286523135892378,-1.20158501134587
ENSMUSG00000078495.11,0.9694212689897684,0.953267684371994
ENSMUSG00000080059.5,-0.9740336087513048,-0.933304461629846
ENSMUSG00000059423.14,0.0177397845973058,0.0164983601384398
ENSMUSG00000029022.19,-0.3393862975002884,-0.338270459561913
ENSMUSG00000070583.2,-0.3625177409535852,-0.370330319966019
ENSMUSG00000029020.14,0.524307028912974,0.528824744569136
ENSMUSG00000019055.16,0.013631946209025,0.0185281357556528
ENSMUSG00000044496.7,0.0838229158899819,0.0882633131512752
ENSMUSG00000029016.14,0.8567212116024406,0.869354384840889
ENSMUSG00000029009.18,1.898593521966,1.89166114021726
ENSMUSG00000029007.9,0.058655997123715,0.0816800716184703
ENSMUSG00000029003.12,1.1869623437375263,1.18798402923205
ENSMUSG00000055401.15,1.0119643141331067,1.01910591581617
ENSMUSG00000029001.16,0.1380862992054833,0.132669012067084
ENSMUSG00000047719.3,0.2539776370828865,0.258238714376327
ENSMUSG00000028991.16,-0.1132058953945484,-0.108532510983406
ENSMUSG00000017264.17,0.4746671798855019,0.478917126281078
ENSMUSG00000006442.11,-0.6933578763171356,-0.681586085949663
ENSMUSG00000028979.18,-0.2146075179945681,-0.209854259727835
ENSMUSG00000041459.16,-0.2145806690883275,-0.209908196818649
ENSMUSG00000087273.2,3.584154178359333,3.47743403206503
ENSMUSG00000086740.2,-0.0273673891697959,-0.0228899699828851
ENSMUSG00000028975.17,0.0101140546515242,0.0147944826111849
ENSMUSG00000028974.14,-0.4447786644946508,-0.439562210374439
ENSMUSG00000028961.16,1.0916095781829052,1.09540120917503
ENSMUSG00000063077.16,-0.411979483458414,-0.407239529724981
ENSMUSG00000028960.21,-0.3093235932774284,-0.304630654204339
ENSMUSG00000085286.2,-0.1816942441599246,-0.171804940793657
ENSMUSG00000085819.8,-0.2267128945388008,-0.220561128709678
ENSMUSG00000028992.14,-0.1454151610382497,-0.143589111781838
ENSMUSG00000028990.14,0.9051688642416432,0.906825649632461
ENSMUSG00000028988.14,-0.4009139588814616,-0.403353011502778
ENSMUSG00000086949.2,-0.646764041567853,-0.655315739598727
ENSMUSG00000039953.14,-0.1248666056907377,-0.128160155658237
ENSMUSG00000039936.19,0.1608866805021275,0.160456289648598
ENSMUSG00000044700.16,-0.2042004699806951,-0.19897900934955
ENSMUSG00000028982.10,-0.9459967298814614,-0.942107875065583
ENSMUSG00000085403.2,-0.7823553304380093,-0.781215689449518
ENSMUSG00000039911.14,0.5922458803628446,0.598153266037593
ENSMUSG00000028980.15,-0.1939006424525728,-0.189434719508937
ENSMUSG00000102813.2,6.289679459430544,5.99051495363395
ENSMUSG00000047875.7,-0.4709971683246945,-0.487896194907498
ENSMUSG00000028976.11,0.2074653008352756,0.208605576305454
ENSMUSG00000063524.14,-0.2358632376355527,-0.231032775470686
ENSMUSG00000039852.18,0.3280018847835411,0.332472995497766
ENSMUSG00000078492.4,0.701116334858923,0.72378786298241
ENSMUSG00000028967.11,-0.568035560905636,-0.562781381745696
ENSMUSG00000028964.15,-0.3632410277168057,-0.357877997753361
ENSMUSG00000028957.13,-1.0867533614265894,-1.0801580922902
ENSMUSG00000028955.4,-0.0223298355143206,-0.0200199773943932
ENSMUSG00000014592.23,-0.4247574638185104,-0.42255506072967
ENSMUSG00000039768.17,0.1481730662080043,0.152886779006902
ENSMUSG00000039759.11,0.7520458355100877,0.75880654660522
ENSMUSG00000047777.10,0.2114814692919215,0.215034978827987
ENSMUSG00000108391.2,-1.6901861562556002,-1.64914588284645
ENSMUSG00000073700.4,-0.8358022097833206,-0.830463990988936
ENSMUSG00000028952.13,-0.3498606519740095,-0.344436757464
ENSMUSG00000028948.17,0.0805000244856576,0.0868668513847597
ENSMUSG00000039713.18,-0.2646801417865355,-0.272547890286787
ENSMUSG00000028937.15,-0.6548931037948241,-0.651045686411391
ENSMUSG00000042804.14,-0.3675100894009146,-0.344527428093246
ENSMUSG00000039662.17,-0.3569868357620326,-0.352429888131966
ENSMUSG00000028936.16,-0.2269654895376048,-0.222478366597917
ENSMUSG00000028931.13,0.7477074101783286,0.752831426991501
ENSMUSG00000047613.11,-0.425261738848657,-0.422890580704344
ENSMUSG00000029027.10,-0.8227436798706933,-0.811967136252981
ENSMUSG00000039523.17,-0.0818717225603086,-0.081474989566327
ENSMUSG00000029028.15,0.1053850363053902,0.110151914852597
ENSMUSG00000078350.12,-0.0414257299912301,-0.0370905355143425
ENSMUSG00000029029.15,0.2934256420528228,0.298637011056564
ENSMUSG00000029030.15,-0.0353095253803193,-0.0306612222768291
ENSMUSG00000029032.13,2.0117003641526323,2.00358895774598
ENSMUSG00000029059.10,-0.5348527303477563,-0.532736277439203
ENSMUSG00000042333.17,1.0855444487039154,1.08754478740839
ENSMUSG00000029056.14,-0.384284270141263,-0.379880588283212
ENSMUSG00000029047.14,0.061757748373583,0.0693211243429822
ENSMUSG00000029048.4,0.0846696769706503,0.0900173187086535
ENSMUSG00000029049.15,0.0215840868000842,0.0308384347804654
ENSMUSG00000029050.16,0.5367715192587378,0.541231803998325
ENSMUSG00000073684.14,1.0270018419155422,1.03290803837629
ENSMUSG00000029053.17,-0.1414310279904776,-0.137745056704768
ENSMUSG00000029064.16,0.2116058384306952,0.216782472715312
ENSMUSG00000029063.17,-0.0169269426539566,-0.0122315208893394
ENSMUSG00000120844.1,-0.5687913394168497,-0.540472206629424
ENSMUSG00000042202.16,0.2650596421268705,0.269411117141206
ENSMUSG00000086682.3,0.2079330786608494,0.221003950516794
ENSMUSG00000029062.15,0.3004369743499236,0.304792597465375
ENSMUSG00000029060.18,0.0063097775725468,0.0106324586435194
ENSMUSG00000029038.10,0.09686720305566,0.102325515613719
ENSMUSG00000096221.4,0.18930181852465,0.193560172316652
ENSMUSG00000029036.19,-0.1180797877908762,-0.114139892385088
ENSMUSG00000073680.3,-1.6337230012796329,-1.6173343606538
ENSMUSG00000029066.13,-0.4768268384121589,-0.471322812994152
ENSMUSG00000029068.17,-0.2386582180519193,-0.23421339141227
ENSMUSG00000065990.13,-0.0625714283067759,-0.0579875204185924
ENSMUSG00000029070.10,0.2015636561179096,0.206588202813773
ENSMUSG00000029071.17,0.0939933140064361,0.0985521252400183
ENSMUSG00000029072.4,0.6470580721426361,0.632606587425109
ENSMUSG00000029073.10,0.2049760890401331,0.209423219457016
ENSMUSG00000029034.10,0.0652862052783982,0.0693321786974825
ENSMUSG00000051557.16,-0.6240795053124016,-0.622015056093919
ENSMUSG00000029033.17,-0.1405460965341035,-0.13679253134971
ENSMUSG00000023286.17,-0.0271029435305404,-0.0224702595833593
ENSMUSG00000023571.5,-1.2000207277881654,-1.18713937052404
ENSMUSG00000050796.5,0.0360261874499302,0.0412701136368794
ENSMUSG00000029076.15,0.0627706234071494,0.0676192808547529
ENSMUSG00000103183.2,-0.2055975749113845,-0.208222771946991
ENSMUSG00000059939.14,-0.1956809486341002,-0.193330946377328
ENSMUSG00000041936.19,0.6686099635830831,0.672959485164572
ENSMUSG00000035692.8,5.951527318302518,5.95139312183571
ENSMUSG00000078349.5,1.9267262383532164,1.93809380865177
ENSMUSG00000078485.5,2.199299583915652,2.15626795686283
ENSMUSG00002076083.1,0.4429466532782527,0.444877508896222
ENSMUSG00000095567.9,0.0016213768177756,0.0063990879219482
ENSMUSG00000096351.3,-0.0299162143859863,-0.0192924781198489
ENSMUSG00000062353.7,-0.4135290172360706,-0.408526516001485
ENSMUSG00000040274.12,-0.9792883838447162,-0.977929002154312
ENSMUSG00000058503.12,-0.0056544956167606,-0.0007687576142585
ENSMUSG00000008307.12,-0.0230073491191376,-0.0082557225230959
ENSMUSG00000040302.18,0.1884439660745749,0.193238731993799
ENSMUSG00000005907.15,-0.2446789328923894,-0.239967418129589
ENSMUSG00000104950.2,-0.4432519264709876,-0.438621796252313
ENSMUSG00000007415.16,-0.3468291074273166,-0.342218756433048
ENSMUSG00000040351.12,-0.1595383778923564,-0.155744699937918
ENSMUSG00000000600.16,0.3330433833062506,0.337529793203288
ENSMUSG00000040429.7,0.0106807604518081,0.0053692636470896
ENSMUSG00000040407.19,-0.1781430912776479,-0.173294851289459
ENSMUSG00000106535.2,-1.923619690771517,-1.88980733331534
ENSMUSG00000001467.6,-0.2284299286323949,-0.223173165358576
ENSMUSG00000053178.6,0.7535490348965977,0.767545723303096
ENSMUSG00000044674.7,-0.2730079712117842,-0.265175057197453
ENSMUSG00000028926.16,0.4883033456084591,0.507222698060619
ENSMUSG00000046798.15,-0.2261682403278505,-0.221623654046082
ENSMUSG00000040464.16,-0.0545214602105664,-0.0496844470208381
ENSMUSG00000015653.14,-1.607723523904952,-1.61490553504783
ENSMUSG00000100801.2,-0.0147938043490988,-0.0075956277822076
ENSMUSG00000012428.10,0.5988511759225901,0.603156552257355
ENSMUSG00000003161.16,0.6214382760393362,0.626130421174582
ENSMUSG00000002297.17,-0.9354351397655614,-0.923982697155436
ENSMUSG00000054099.12,0.0714936787436751,0.0706366683732284
ENSMUSG00000040584.9,0.4194129229490076,0.418586605548286
ENSMUSG00000104535.2,0.7944718748826295,0.782573236621478
ENSMUSG00000028970.10,-0.6757020016030026,-0.659758523889138
ENSMUSG00000042476.13,-0.3859016927593233,-0.381058000698744
ENSMUSG00000003623.5,-0.6018419248955803,-0.597406200849141
ENSMUSG00000084923.2,-2.2362510704814764,-2.2355386352007
ENSMUSG00000114430.2,-0.5954428257405966,-0.589686224634729
ENSMUSG00000079659.6,0.0878608373157923,0.0923264841926286
ENSMUSG00000042508.17,0.1031471843678698,0.107538470320126
ENSMUSG00000040254.12,0.7209153997185092,0.735096028657069
ENSMUSG00000028864.8,0.303779546576065,0.309932758259877
ENSMUSG00000002944.16,0.5195100866170892,0.520353189472104
ENSMUSG00000039987.16,-0.534865046236649,-0.531846185907373
ENSMUSG00000045435.10,-0.4294460982472445,-0.426447407287112
ENSMUSG00000039968.10,-0.13235893538593,-0.127844177602844
ENSMUSG00000101013.2,-0.1645319342237456,-0.161973783594511
ENSMUSG00000028771.14,-0.0009774489799413,0.003554288359546
ENSMUSG00000039934.13,0.2523304322493709,0.256636286696384
ENSMUSG00000039899.6,2.0072199544972444,1.99537032086836
ENSMUSG00000047221.6,-0.3898114279071376,-0.387548436458457
ENSMUSG00000038525.17,0.1054074311337953,0.109085086787445
ENSMUSG00000044968.17,0.5027922579405979,0.500000509841218
ENSMUSG00000029017.14,-0.2754603222051056,-0.270749270744851
ENSMUSG00000029014.15,0.233901414856465,0.238765636864457
ENSMUSG00000028932.9,0.549853361208015,0.554613471639711
ENSMUSG00000042453.15,-1.6496691275474935,-1.64596167767837
ENSMUSG00000073152.5,-1.4789042317636534,-1.48306780467872
ENSMUSG00000029012.12,0.4431071371946301,0.444949314988486
ENSMUSG00000097207.9,1.0260509905532718,1.00868704685545
ENSMUSG00000081855.5,0.0103453291737155,0.004847741831988
ENSMUSG00000073147.5,-0.5955744559898764,-0.595423273707022
ENSMUSG00000119996.1,-0.6548291943570246,-0.63974863599966
ENSMUSG00000120367.1,-0.3457251955227025,-0.33134105390093
ENSMUSG00000029004.16,0.3740019261407895,0.380688803485759
ENSMUSG00000062604.12,0.1984446454438201,0.202733181345325
ENSMUSG00000057541.15,-0.1353745399604476,-0.129549888934536
ENSMUSG00000028999.16,-0.0629921070334512,-0.0558845518135937
ENSMUSG00000086697.3,0.172214081165745,0.162545703903762
ENSMUSG00000028998.7,-0.3370063327143886,-0.333881629604457
ENSMUSG00000028995.15,0.0576947008567735,0.0643361939787844
ENSMUSG00000028986.13,-0.0499379693741941,-0.0438971466539502
ENSMUSG00000048439.16,0.5590607705642037,0.561667221974639
ENSMUSG00000028978.13,0.3923715718825808,0.364282715331523
ENSMUSG00000028973.19,0.0558208785459108,0.0605576080183773
ENSMUSG00000028969.11,-0.1328424225908904,-0.12770879378201
ENSMUSG00000028962.15,0.0594922007799147,0.0643648366822944
ENSMUSG00000028959.15,-0.0157439115365391,-0.0110454780802065
ENSMUSG00000028958.16,-0.1519711244706025,-0.137811094232783
ENSMUSG00000023353.15,-0.2231964562760303,-0.218391988938481
ENSMUSG00000028953.11,-0.0997858060561856,-0.0953598125767603
ENSMUSG00000067719.6,-0.7675906489161538,-0.735736933542319
ENSMUSG00000038181.17,-0.1323693520199582,-0.128344322848311
ENSMUSG00000028949.14,-0.0314079941741234,-0.0192130763703783
ENSMUSG00000028954.12,0.7226206478838062,0.727401140156456
ENSMUSG00000097275.2,0.6936672752792133,0.697709210151453
ENSMUSG00000028945.10,0.2114800860400474,0.216173359059219
ENSMUSG00000028944.15,-0.1353717409539171,-0.130577153945916
ENSMUSG00000087314.2,-0.2473493815200925,-0.237531882818351
ENSMUSG00000043833.8,-0.0967482941527803,-0.0905922531152028
ENSMUSG00000038072.15,0.2464190169301485,0.253186077250851
ENSMUSG00000038056.16,-0.2502763478563704,-0.241036430659548
ENSMUSG00000101856.2,-0.6959119479631183,-0.67933840344785
ENSMUSG00000028933.12,-0.1112776230407106,-0.107620598718663
ENSMUSG00000002221.12,-0.5016959178126303,-0.496412563324659
ENSMUSG00000097673.3,-0.172337977757623,-0.166901114480346
ENSMUSG00000106030.2,-0.0236580440255086,0.0084595318121216
ENSMUSG00000045294.12,-0.4074764284310832,-0.402135751975915
ENSMUSG00000048271.15,-0.6717848421647986,-0.665274449228609
ENSMUSG00000010721.16,-0.1088736592534362,-0.103796512542801
ENSMUSG00000105741.2,-0.3680570641415318,-0.343786432536921
ENSMUSG00000001569.11,-0.0436194705362624,-0.0391709967798828
ENSMUSG00000039000.9,-0.1900579783251405,-0.185133549767015
ENSMUSG00000029131.15,-0.3062659076634225,-0.301511661478386
ENSMUSG00000025747.13,0.023154107404509,0.026927217214999
ENSMUSG00000025745.13,-0.481979184509794,-0.476999733118542
ENSMUSG00000059447.14,-0.5014995435883987,-0.496790197050593
ENSMUSG00000120241.1,-0.0344250087780483,-0.0170443436283573
ENSMUSG00000075703.17,-0.2746068420602298,-0.269438422820234
ENSMUSG00000073102.8,1.7002594968464189,1.69482847826846
ENSMUSG00000029175.18,0.0648435960193715,0.0692387603358061
ENSMUSG00000029177.10,-1.0161041074743962,-1.00792913072505
ENSMUSG00000029166.15,0.1863214662434255,0.191707846249807
ENSMUSG00000038828.14,0.147269254667968,0.151876843146459
ENSMUSG00000107086.2,0.0158642444455725,0.021081878615407
ENSMUSG00000029165.18,-0.0554485634208102,-0.0503669825227545
ENSMUSG00000107201.2,0.7413497552129376,0.744256256662297
ENSMUSG00000038803.8,-0.2275164342583266,-0.222951626953541
ENSMUSG00000029163.10,1.2090673588866925,1.21698957312436
ENSMUSG00000029162.16,0.0580689332862688,0.0626753324787247
ENSMUSG00000029161.9,-0.6545552189050502,-0.602068000936112
ENSMUSG00000006638.17,0.1490123761006946,0.154466635818529
ENSMUSG00000045302.14,-0.1322443090816567,-0.127434254324569
ENSMUSG00000006641.13,-1.2104776423138084,-1.20562536778549
ENSMUSG00000013622.16,-0.1456205518790425,-0.1409582563281
ENSMUSG00000013629.17,0.359958763823382,0.365923604440711
ENSMUSG00000107283.4,-0.2966918287605751,-0.295129290126296
ENSMUSG00000106864.4,-0.191757266787388,-0.187064844087701
ENSMUSG00000029145.13,0.1040159239090089,0.110857634647171
ENSMUSG00000029146.15,0.0895348262960453,0.0938667260735566
ENSMUSG00000043059.17,0.5154613530474507,0.52067178796125
ENSMUSG00000029147.12,-0.0906337897211782,-0.0860791184841555
ENSMUSG00000029148.16,-0.1424249793726016,-0.137944440477685
ENSMUSG00000029149.15,0.4631993788099866,0.451171705918097
ENSMUSG00000038564.12,0.0710843819203684,0.0756652943824511
ENSMUSG00000038552.15,0.1984057994738253,0.202919067020718
ENSMUSG00000059434.10,0.1100336539229858,0.114502640696678
ENSMUSG00000062761.8,0.317680812286754,0.321952372710475
ENSMUSG00000107142.3,0.2681453103544943,0.256233509411107
ENSMUSG00000064037.14,0.2745079930407925,0.280234103510365
ENSMUSG00000053134.14,0.4168796932029766,0.42244291606245
ENSMUSG00000029141.17,0.2055638596051522,0.209682433357997
ENSMUSG00000107352.2,-0.6962940143478901,-0.663431406360373
ENSMUSG00000106918.4,-0.0732662986560128,-0.0687829232369292
ENSMUSG00000029136.10,0.230854457938443,0.234531164078276
ENSMUSG00000052139.19,0.1930774616368878,0.197381734332852
ENSMUSG00000106894.2,0.2159740009434313,0.203081177686642
ENSMUSG00000029135.11,0.3709471723447338,0.379229461941338
ENSMUSG00000014956.16,-0.2116343059706201,-0.206787143092638
ENSMUSG00000107277.2,-0.2789459571292702,-0.274579086675765
ENSMUSG00000014932.16,-0.2000453202106708,-0.195385384702256
ENSMUSG00000023452.20,-0.3273375453632525,-0.322520225527566
ENSMUSG00000054280.15,0.3153840979187209,0.32007787151482
ENSMUSG00000037426.19,-0.2596890396130003,-0.255665743641337
ENSMUSG00000018965.12,0.3886168482497647,0.393180917599212
ENSMUSG00000011034.7,-0.499650326439439,-0.498386693269245
ENSMUSG00000037379.8,2.1877081170256787,2.19126101930907
ENSMUSG00000037373.13,-0.1417966990508181,-0.1373219565771
ENSMUSG00000079562.8,0.520825889501791,0.525146997295146
ENSMUSG00000037355.15,-0.3173951873424879,-0.313871342127473
ENSMUSG00000037339.18,-0.2858033949022171,-0.281120887314977
ENSMUSG00000004642.14,0.0703808652251675,0.0745627587762396
ENSMUSG00000106834.2,-0.3675883565373127,-0.354029267103491
ENSMUSG00000019295.9,-0.0279388288864032,-0.0232826300810323
ENSMUSG00000037313.17,0.0835124997347366,0.0918993782471965
ENSMUSG00000054252.19,-0.1009656300859877,-0.0978378897270678
ENSMUSG00000005299.7,0.0089244932580988,0.0132981392592226
ENSMUSG00000057406.17,-0.1016113838849887,-0.096893515917842
ENSMUSG00000029111.8,0.4511791137391311,0.45505861468593
ENSMUSG00000045102.13,-0.3789555845877394,-0.374247558026787
ENSMUSG00000079555.3,-0.5815763156207684,-0.570831227622939
ENSMUSG00000037235.14,-0.231486749585102,-0.226787529193786
ENSMUSG00000106702.2,-0.4268219991163403,-0.421566245957944
ENSMUSG00000120013.1,-1.522208845718258,-1.51316855344481
ENSMUSG00000029110.14,0.0146294945108699,0.019302968044948
ENSMUSG00000037210.17,0.1963927620705276,0.200731039088665
ENSMUSG00000059866.14,0.5963491295797968,0.598215069558505
ENSMUSG00000054520.16,0.1699231687436523,0.174386366833922
ENSMUSG00000029106.15,0.6420004666313316,0.645970642917661
ENSMUSG00000001082.13,0.5701471530059378,0.555710843894999
ENSMUSG00000036693.13,0.0406075171121145,0.0462112910096899
ENSMUSG00000085166.2,0.3660678766695937,0.374335151287981
ENSMUSG00000052783.17,-1.1640063792605124,-1.17546538039063
ENSMUSG00000029104.16,0.5549461268345028,0.559169798152247
ENSMUSG00000029101.17,1.952547425480946,1.94536158960098
ENSMUSG00000107040.2,2.484064558647583,2.4603618248811
ENSMUSG00000029102.10,-0.1558637672210774,-0.151116208582309
ENSMUSG00000029103.17,0.2078217718911112,0.212924047546613
ENSMUSG00000106928.2,-1.1274334626226834,-1.00254234371705
ENSMUSG00000083907.3,0.1094805162714555,0.0564248507839779
ENSMUSG00000029097.12,0.1878009944863924,0.197147615019203
ENSMUSG00000055061.6,-0.0541747586199222,-0.0538392369518604
ENSMUSG00000029098.18,-0.54677542619421,-0.541737652939294
ENSMUSG00000036553.17,-0.2165492687703902,-0.231298710245687
ENSMUSG00000029095.18,-0.2874289393964698,-0.297530345090366
ENSMUSG00000029094.13,0.7380306484833494,0.725394933412467
ENSMUSG00000029198.4,-0.2050785269244082,-0.200175358971615
ENSMUSG00000029196.10,-0.0967952454559704,-0.0924294731179269
ENSMUSG00000029192.18,0.2464965998337451,0.251791861635334
ENSMUSG00000029190.20,0.6416160969534366,0.646407197806542
ENSMUSG00000107168.2,0.7856903875703555,0.771629670552661
ENSMUSG00000120374.1,1.5451740045583566,1.53607601690584
ENSMUSG00000060708.5,0.2597575777035542,0.261946173381784
ENSMUSG00000107081.2,0.843060158965082,0.818724252388176
ENSMUSG00000055302.6,0.0430974490760928,0.047345384393876
ENSMUSG00000029119.10,0.5940647392116553,0.59810838365421
ENSMUSG00000039474.14,0.5104156968211547,0.518652747223703
ENSMUSG00000029122.12,-0.6876433762719493,-0.653408256054017
ENSMUSG00000029125.15,0.4326263034124448,0.43510425651008
ENSMUSG00000107276.2,0.3789163660739713,0.38551940069779
ENSMUSG00000029126.8,0.2249558756343241,0.223955788270031
ENSMUSG00000029127.16,0.4216551474776754,0.420931719051432
ENSMUSG00000067367.10,0.0005861548860326,0.0057168725742899
ENSMUSG00000067365.12,0.3769086326260353,0.379993349296538
ENSMUSG00000005107.14,0.3074681822458073,0.312288038382274
ENSMUSG00000005103.13,0.6448003670049924,0.649507933198494
ENSMUSG00000046572.11,1.136621444872549,1.13416517610918
ENSMUSG00000083261.5,0.0444510092586522,0.0906601031740312
ENSMUSG00000029128.13,-0.0881545845635475,-0.0836101346903787
ENSMUSG00000061755.11,0.2110281312260177,0.215830685584851
ENSMUSG00000039782.16,-0.0908799037501988,-0.0878040446045736
ENSMUSG00000039765.16,1.1057069116094216,1.10268718627456
ENSMUSG00000039753.17,0.1062585323336736,0.110336992523517
ENSMUSG00000029082.18,0.6258909816848087,0.691328083863226
ENSMUSG00000029084.6,0.7155296750845633,0.716660299625785
ENSMUSG00000105263.2,-1.0242897076399526,-1.01011241071949
ENSMUSG00000046985.12,-0.2841721921868507,-0.279653148255173
ENSMUSG00000104784.2,0.0786029444699546,0.0619785571638081
ENSMUSG00000039706.12,-0.2343409252923125,-0.211552755714684
ENSMUSG00000015806.13,0.3413192933412531,0.345713851915872
ENSMUSG00000105255.2,0.3645379338963889,0.368965601414771
ENSMUSG00000039682.13,-0.0191763274374005,-0.014519070905803
ENSMUSG00000015804.15,0.5879003856027563,0.592975206925003
ENSMUSG00000015880.14,-1.8168200372341603,-1.79576447746435
ENSMUSG00000015882.19,-1.0214801914810776,-1.01546710992223
ENSMUSG00000029089.9,0.2288676286193045,0.231640788544674
ENSMUSG00000029088.17,-0.2650987262486217,-0.254829436397179
ENSMUSG00000029090.13,-0.0106238114524615,-0.0065906273090932
ENSMUSG00000029167.14,-0.359890581789293,-0.356124849331387
ENSMUSG00000029169.12,-0.0742113303652955,-0.0702681483733765
ENSMUSG00000097145.7,1.8100128428757143,1.81331923984404
ENSMUSG00000106464.2,0.4910267028092677,0.50185795670265
ENSMUSG00000072941.6,0.963017479800432,0.96845766808122
ENSMUSG00000045790.11,-0.4881937845752335,-0.480764246546586
ENSMUSG00000029173.13,-0.1782198035205852,-0.173211949060493
ENSMUSG00000029186.13,-0.1190529623840624,-0.114787964063871
ENSMUSG00000029179.15,0.3276777607633145,0.331037288831512
ENSMUSG00000029176.14,0.5344816473368085,0.53872650964923
ENSMUSG00000106352.6,-0.4079648134015927,-0.402833216434683
ENSMUSG00000106538.2,0.4228212763893723,0.401393013181033
ENSMUSG00000029189.11,-0.9205207584345736,-0.915677478207766
ENSMUSG00000061461.12,-0.1567631628477649,-0.152222388278139
ENSMUSG00000106981.2,-1.349613038379995,-1.33474654614361
ENSMUSG00000039191.13,0.369082781981809,0.373724949741374
ENSMUSG00000039178.10,0.8091395017035302,0.809697714909264
ENSMUSG00000039156.20,-0.5156305914967805,-0.510902750392015
ENSMUSG00000083902.3,0.3987630090619984,0.386236327738058
ENSMUSG00000037999.14,-0.0413201701749673,-0.0363248889264821
ENSMUSG00000060512.8,-0.4103896109486461,-0.40499658803567
ENSMUSG00000047881.15,0.3456019123955858,0.348701530474075
ENSMUSG00000087552.3,-0.1696797723096551,-0.164568871213344
ENSMUSG00000029171.13,0.951035636166027,0.950133453615237
ENSMUSG00000029174.19,-0.0198148827544,-0.0045675775474501
ENSMUSG00000029178.16,0.3220762726228406,0.329375226781244
ENSMUSG00000044827.11,1.5110467692682437,1.51280611605611
ENSMUSG00000051498.8,0.7751575018477805,0.766893946274435
ENSMUSG00000029185.15,0.2535333050100123,0.258587714332695
ENSMUSG00000054920.13,0.2322712664336397,0.236292072921804
ENSMUSG00000037890.14,-0.0660121971696567,-0.0709338870833825
ENSMUSG00000029191.17,0.363493067460345,0.367911627515586
ENSMUSG00000029195.11,-0.5714406675210867,-0.565982836701884
ENSMUSG00000047215.15,-0.2332414981365619,-0.228472575910543
ENSMUSG00000029199.12,-0.0991455801792867,-0.0948618945774239
ENSMUSG00000105896.2,0.4886172449469652,0.489191408315206
ENSMUSG00000029201.15,0.6623731547730406,0.667020459468782
ENSMUSG00000037822.13,-0.2951269043847711,-0.290535010014991
ENSMUSG00000029203.17,0.2287335639116617,0.233173288075866
ENSMUSG00000029202.13,0.0002898571148448,0.0049138070747387
ENSMUSG00000106767.2,-0.0548603469649057,-0.0479352238258152
ENSMUSG00000106696.2,0.1239636370293675,0.142326741632758
ENSMUSG00000037795.15,-0.7760231115078173,-0.771359760490987
ENSMUSG00000070780.12,-0.3588683266212138,-0.35448651309163
ENSMUSG00000029206.14,-1.404616992537239,-1.39231925281886
ENSMUSG00000029207.18,-0.0481774216937797,-0.0420481701292519
ENSMUSG00000107319.2,0.3690765458851352,0.371033576025968
ENSMUSG00000037720.17,0.1943937416147471,0.198737929922103
ENSMUSG00000029221.16,0.2379176215488584,0.242407153442824
ENSMUSG00000092060.5,-0.2708633329404104,-0.282211146756222
ENSMUSG00000037685.16,0.0406743241047763,0.0447836433579225
ENSMUSG00000029208.17,-0.211517540381474,-0.207276040182639
ENSMUSG00000029209.16,0.1028502249752738,0.0865896552443389
ENSMUSG00000029213.12,0.027369552926603,0.0324206214700926
ENSMUSG00000046808.19,0.6634877552539098,0.673373536504465
ENSMUSG00000072889.10,-0.4919343949592974,-0.484614877577531
ENSMUSG00000067219.10,0.9990398985132832,0.992126911609345
ENSMUSG00000029217.17,0.2061353878345255,0.210478262386444
ENSMUSG00000052154.6,-0.0002975920638607,0.0027154724770344
ENSMUSG00000036087.19,0.0731486017663839,0.0776835499087305
ENSMUSG00000063656.7,-0.1252285147542863,-0.10809163492881
ENSMUSG00000070733.14,-0.1021197510887079,-0.0976661496242936
ENSMUSG00000029152.14,0.2739547059452581,0.27901577102389
ENSMUSG00000107292.2,-0.225914543325719,-0.23803950180546
ENSMUSG00000107331.2,-0.1424009794322314,-0.141719478236845
ENSMUSG00000029153.12,-0.2468263579271903,-0.24211908232731
ENSMUSG00000082039.3,3.197000404147726,3.05277958350046
ENSMUSG00000051674.16,-0.563981942829386,-0.559270617101175
ENSMUSG00000029156.12,2.4740839058147994,2.46561702352838
ENSMUSG00000054814.15,-0.4186389431685714,-0.4172352323312
ENSMUSG00000086234.4,-0.0331367006319832,-0.0995469712928911
ENSMUSG00000106943.4,-0.5596213857726589,-0.540559991114583
ENSMUSG00000049907.9,-1.119675749108216,-1.08850912653139
ENSMUSG00000062110.15,0.0567163200873948,0.0564425276250205
ENSMUSG00000029227.16,0.349264459054416,0.353456097852563
ENSMUSG00000029228.16,0.2982432532812439,0.312655374371459
ENSMUSG00000121106.1,-0.91123719033378,-0.872419861939723
ENSMUSG00000029229.9,-0.2308847734737227,-0.225917048053656
ENSMUSG00000029231.16,-0.1117403917772647,-0.1190258728155
ENSMUSG00000005672.13,-0.4318687532054204,-0.433809540987286
ENSMUSG00000062960.11,-0.2271398128858884,-0.222244345182973
ENSMUSG00000029233.16,0.4403102837060211,0.443260943201941
ENSMUSG00000029234.14,0.3807145295207638,0.384831255859814
ENSMUSG00000029238.12,0.0987551977095742,0.101921254125146
ENSMUSG00000036435.14,0.6201626171692851,0.624173094558578
ENSMUSG00000036403.16,0.0289484753557312,0.030795897432892
ENSMUSG00000055923.17,0.3484665486971801,0.352809178191711
ENSMUSG00000029246.15,-0.4065717486868195,-0.401692992267101
ENSMUSG00000029247.18,-0.1853976326392201,-0.180743590271312
ENSMUSG00000036323.15,0.0673176338109008,0.072043825578292
ENSMUSG00000059325.15,0.5730383193753279,0.577304643202096
ENSMUSG00000087541.2,0.798796311253935,0.790285547223709
ENSMUSG00000029249.16,-0.0160825499637422,-0.0118565830371152
ENSMUSG00000036285.11,-0.4028147516444657,-0.396348975642505
ENSMUSG00000029250.6,-0.2218233152571625,-0.216994928341044
ENSMUSG00000036256.14,-0.4606047870288411,-0.455389500927144
ENSMUSG00000029253.13,-0.1323061217809165,-0.123919424706953
ENSMUSG00000029254.17,0.4208062434941499,0.39986123412426
ENSMUSG00000035898.14,0.0092633527852032,0.0131167664191643
ENSMUSG00000035851.15,0.1635457845416459,0.168103156471677
ENSMUSG00000029260.16,-0.270001698773815,-0.265160135187791
ENSMUSG00000035836.3,-1.0156382271495008,-1.01063306726618
ENSMUSG00000104798.2,0.7447477695920087,0.695887902142722
ENSMUSG00000106185.2,-0.4960811471529662,-0.507287250677935
ENSMUSG00000104802.2,-0.1509577852408841,-0.141870797590091
ENSMUSG00000035811.11,-0.1651897616016535,-0.160767943849498
ENSMUSG00000105315.2,-0.4710476578205319,-0.492882140315668
ENSMUSG00000070704.11,-0.4193588412378127,-0.414699491516061
ENSMUSG00000054630.8,-0.8056565955484595,-0.80087289761683
ENSMUSG00000057425.4,-0.8929665968224721,-0.909538784418825
ENSMUSG00000035780.3,-0.8285789874566576,-0.82407746882059
ENSMUSG00000106303.2,-0.6077256261582092,-0.629757940984187
ENSMUSG00000105192.2,-0.3764486110367959,-0.402615242678478
ENSMUSG00000104664.2,-0.0481392665364705,-0.0656538288815015
ENSMUSG00000106397.2,-0.0825085844513488,-0.0965672502274375
ENSMUSG00000061906.6,-2.02590299930301,-2.01401555560623
ENSMUSG00000029269.12,0.3181567331953908,0.322775975454836
ENSMUSG00000029273.11,0.1703088392180609,0.174718720285904
ENSMUSG00000067149.7,-0.6121052622602513,-0.600684555972065
ENSMUSG00000070697.5,-0.1022950181300094,-0.0975980044152682
ENSMUSG00000029291.12,-0.1814870506929037,-0.176690658340125
ENSMUSG00000044221.15,-0.4537144425950481,-0.448903794477826
ENSMUSG00000006262.16,-0.9196112808380849,-0.91486706821117
ENSMUSG00000029366.11,0.7995427035553653,0.802107290479576
ENSMUSG00000060961.17,-0.8688418449422519,-0.864361986411477
ENSMUSG00000035540.13,-0.3118218459848156,-0.307163759575145
ENSMUSG00000035505.15,0.6676025871935898,0.67090678494838
ENSMUSG00000055204.17,0.016258467125123,0.020942690779266
ENSMUSG00000054945.6,-0.1801428265028955,-0.171821859184614
ENSMUSG00000029368.11,-0.5079224794306051,-0.503474538458051
ENSMUSG00000054932.7,0.2890475016726307,0.298266361802351
ENSMUSG00000029369.18,-0.6796473162976929,-0.674945131667246
ENSMUSG00000106863.4,-0.5306802596006971,-0.526685819979075
ENSMUSG00000106705.2,-1.4718933571705692,-1.46168193820693
ENSMUSG00000070690.8,0.2204782685827588,0.223787867995953
ENSMUSG00000029370.11,-0.0936130006832132,-0.0912748319753458
ENSMUSG00000029380.12,-0.0718239987059296,-0.0677403246625169
ENSMUSG00000029376.9,-0.2929341372562511,-0.303535443363421
ENSMUSG00000107198.3,2.58393189881257,2.57717091139355
ENSMUSG00000082361.7,1.7181555637721608,1.71904467926225
ENSMUSG00000029397.16,0.3654427899354489,0.369795760507835
ENSMUSG00000029403.15,-0.4459843726886919,-0.441360774916356
ENSMUSG00000029405.17,1.028705059428997,1.03314268982296
ENSMUSG00000029407.11,-0.0946118420022389,-0.0895953212345357
ENSMUSG00000084111.5,-0.3944849230317975,-0.375474919072032
ENSMUSG00000029413.15,0.3330327569419606,0.335649961305358
ENSMUSG00000029415.5,0.1155643960683896,0.119902348617609
ENSMUSG00000106698.2,0.0925042494183073,0.126400963342185
ENSMUSG00000029417.10,7.271954113616564,7.27369257039948
ENSMUSG00000034842.17,1.164096946113856,1.16210302547048
ENSMUSG00000034855.14,3.7853036620242553,3.77499333257135
ENSMUSG00000060183.8,2.2900631650402974,2.26955500560759
ENSMUSG00000082068.2,1.0396667570392435,0.986011759661537
ENSMUSG00000034826.15,0.1091829591493016,0.113646022327569
ENSMUSG00000029426.9,-0.0437420489221744,-0.0388604355513151
ENSMUSG00000057068.16,-0.0426367896072652,-0.0369719077915667
ENSMUSG00000047963.8,-0.2071960600233547,-0.20158920298064
ENSMUSG00000050050.18,0.5342188938324195,0.522979061766814
ENSMUSG00000029381.17,1.0078910899975333,0.994048176849531
ENSMUSG00000045314.6,0.7640002972462497,0.753252805084703
ENSMUSG00000107194.3,1.245640158760812,1.23631982738587
ENSMUSG00000058013.12,1.0681894033958863,1.07205201922554
ENSMUSG00000063015.13,-0.1348875278474704,-0.130148457460437
ENSMUSG00000106870.2,0.8973382486503054,0.863581506616943
ENSMUSG00000029385.15,-0.4837650042110453,-0.477818509567992
ENSMUSG00000023078.7,0.9315325464715668,0.875132564902797
ENSMUSG00000107092.2,0.1181671822438664,0.126256617650145
ENSMUSG00000034724.19,-0.0807599435606492,-0.0761695357065612
ENSMUSG00000029486.15,0.01383199004693,0.0184417754356105
ENSMUSG00000034687.9,-1.0208614025376692,-1.02239857447321
ENSMUSG00000106526.2,-0.3445854554685635,-0.333312264715329
ENSMUSG00000029484.13,-0.2745263625619706,-0.257047369655897
ENSMUSG00000034663.14,-0.2036976756554785,-0.199506311435188
ENSMUSG00000055725.12,-0.5285177900045726,-0.5200693284652
ENSMUSG00000067161.7,-0.779382240496861,-0.762947461029851
ENSMUSG00000029338.14,-0.1553069645576947,-0.151769520387129
ENSMUSG00000105814.3,-0.269337703934704,-0.239304320369946
ENSMUSG00000089809.10,0.7411386099787135,0.762521234945626
ENSMUSG00000000568.16,-0.1575168657350021,-0.152779165840675
ENSMUSG00000091623.3,-0.3132709940680862,-0.310677590469428
ENSMUSG00000029328.16,0.0536214070653231,0.0583602342547989
ENSMUSG00000029326.14,0.266921050150604,0.271643420860937
ENSMUSG00000035325.17,0.209019100984424,0.21382176936708
ENSMUSG00000097772.9,-0.2915522570681166,-0.294641197767184
ENSMUSG00002076301.1,0.1624012133159419,0.172366916635975
ENSMUSG00000118665.1,-0.4096518743715282,-0.404719258080546
ENSMUSG00000035297.15,0.3759565467642201,0.380702698468527
ENSMUSG00000029322.13,2.5309256222938785,2.53282752866228
ENSMUSG00000029319.9,0.2013692522548475,0.2051121852238
ENSMUSG00000035273.15,1.6292268481413044,1.63454201394826
ENSMUSG00000035266.17,0.0862319574212398,0.0927663687429197
ENSMUSG00000016833.15,0.1538638446083933,0.158106656034516
ENSMUSG00000104761.2,0.0761425946225417,0.108509862802749
ENSMUSG00000035234.19,0.008637884706691,0.0133989935061715
ENSMUSG00000087611.3,0.2688982814763837,0.257651514788556
ENSMUSG00000029314.15,0.2565937576394445,0.261539582881212
ENSMUSG00000043940.16,-0.5285983971746184,-0.523757203984835
ENSMUSG00000092354.8,-0.7370204309473746,-0.712455081005976
ENSMUSG00000057315.15,0.9741557665892384,0.96418668825752
ENSMUSG00000034573.15,0.4389671064997837,0.447440891556834
ENSMUSG00000029313.19,0.4894870930631884,0.493827420840635
ENSMUSG00000029312.13,0.2432226425543236,0.235668425581214
ENSMUSG00000034528.16,-0.2772330984469905,-0.27315475388078
ENSMUSG00000029311.17,-0.7659046406616332,-0.761139603835662
ENSMUSG00000106035.2,-0.3514956754927243,-0.340081524828103
ENSMUSG00000029310.14,0.2629404448367616,0.267627589578578
ENSMUSG00000029309.8,-1.105516722757143,-1.08555401843829
ENSMUSG00000029304.15,0.1260465232059829,0.130534241040177
ENSMUSG00000034462.10,0.0934450920286212,0.0969503194292203
ENSMUSG00000097392.5,-0.2175640586021916,-0.212937851602373
ENSMUSG00000072774.11,0.5793597365675898,0.581123199650528
ENSMUSG00000029299.15,-0.3889441834871806,-0.397933861072035
ENSMUSG00000034438.17,1.7780496524261045,1.77450244114673
ENSMUSG00000029298.16,4.341538350298871,4.3383440306012
ENSMUSG00000079363.8,3.484787368732412,3.48292617958871
ENSMUSG00000119978.1,3.302541015360685,3.10319761194847
ENSMUSG00000079362.6,3.638196814772293,3.5838226516451
ENSMUSG00000105096.2,4.67016935409826,4.66998521678811
ENSMUSG00000104713.5,3.816401208108067,3.80755652989362
ENSMUSG00000092021.10,2.002009792446206,2.00489796780736
ENSMUSG00000070639.6,-0.9513149331523916,-0.923566528160332
ENSMUSG00000054720.13,-0.1424836119482292,-0.135422740498329
ENSMUSG00000046079.17,0.4936250949817278,0.497959248222074
ENSMUSG00000084878.2,0.5172186257381448,0.518521101343219
ENSMUSG00000029290.13,-0.0624182139075646,-0.0575854310967878
ENSMUSG00000049606.17,-0.1061265226088973,-0.101158362557071
ENSMUSG00000029287.15,-0.3270000648466802,-0.321866424537115
ENSMUSG00000029279.16,0.0559485434329009,0.0687286601656979
ENSMUSG00000111375.6,0.7651528590722321,0.761896526040568
ENSMUSG00000029276.14,0.1160636029859455,0.118580628859389
ENSMUSG00000033773.15,-0.1452164957930408,-0.141156735108955
ENSMUSG00000011831.17,0.2245079068810778,0.229127955064337
ENSMUSG00000106288.2,-0.1179817522377624,-0.144572768755555
ENSMUSG00000058558.13,-0.5348143315959842,-0.530079357234055
ENSMUSG00000029270.11,0.5213922161723944,0.525978637020248
ENSMUSG00000029267.18,0.0496735658466772,0.0541276904806811
ENSMUSG00000063406.12,-0.930294706952019,-0.925061688201917
ENSMUSG00000029265.5,0.089833086655681,0.0938290807317996
ENSMUSG00000029263.16,-0.0440369290939138,-0.039157195428907
ENSMUSG00000050856.17,-0.7231099457277934,-0.717897305090813
ENSMUSG00000029490.5,0.7904500414775419,0.786192806474613
ENSMUSG00000033623.14,0.1018185079786282,0.106049200732484
ENSMUSG00000062234.15,0.094778450043842,0.0993195293256578
ENSMUSG00000013495.16,0.0185807194531861,0.023251462247327
ENSMUSG00000004815.13,-0.3063524169777163,-0.301592911292077
ENSMUSG00000033540.19,0.1536124676511815,0.158394296267937
ENSMUSG00000046959.17,0.2629212254697907,0.267804288754851
ENSMUSG00000008090.15,-0.9167308895050544,-0.915723090144166
ENSMUSG00000033467.13,0.3743997955677934,0.383871600591931
ENSMUSG00000072763.3,0.6285193358163291,0.632729750419531
ENSMUSG00000072762.10,-0.0115678528974396,-0.0069804096095226
ENSMUSG00000121596.1,0.5692815302816627,0.568042353933948
ENSMUSG00000090015.10,0.4202545785475526,0.423514156808624
ENSMUSG00000066613.15,0.7512636051553803,0.696822136144556
ENSMUSG00000090963.3,0.5986266110214884,0.61170283098914
ENSMUSG00000109771.3,-1.0360353540211078,-1.02598871483742
ENSMUSG00000033434.16,0.0857886964974603,0.0899918315354391
ENSMUSG00000023284.16,0.3590237891772239,0.357643659294153
ENSMUSG00000014668.16,0.1253250757308911,0.129940642031381
ENSMUSG00000086247.9,0.0942367160545457,0.102404832303192
ENSMUSG00000029502.15,-0.1261351309099672,-0.120184237777151
ENSMUSG00000029501.16,0.3128158653608714,0.317352171401229
ENSMUSG00000029500.17,0.0385778907751655,0.04295137442854
ENSMUSG00000087439.2,-0.1327434025366068,-0.127926949700609
ENSMUSG00000029499.12,-0.1314644307082436,-0.126578150425456
ENSMUSG00000007080.15,-0.2423064353413137,-0.220852023582471
ENSMUSG00000043323.18,0.0878630452358435,0.0924269475527703
ENSMUSG00000033294.12,0.2360177903779733,0.237565811806234
ENSMUSG00000029504.6,0.0480239073407582,0.0527848883619253
ENSMUSG00000105161.2,-0.4876052269570456,-0.499832803164598
ENSMUSG00000029505.19,0.2734229527170937,0.277678978926408
ENSMUSG00000086401.2,0.2138005771327178,0.216217670703299
ENSMUSG00000029507.17,0.0702394273830949,0.0779886244105435
ENSMUSG00000029512.12,-0.0111919378165859,-0.0051147422833155
ENSMUSG00000043510.13,0.4902316251320976,0.487604327121187
ENSMUSG00000029521.8,-0.0014147989381627,0.0064853368758215
ENSMUSG00000033209.18,-0.1524609022900215,-0.182250891676418
ENSMUSG00000050017.12,-0.1920601832326227,-0.188002112544917
ENSMUSG00000104559.2,-0.2595157658288848,-0.255508913277723
ENSMUSG00000120465.1,-0.7684710779754722,-0.727846918641354
ENSMUSG00000070576.5,-0.623149928094017,-0.623158488871
ENSMUSG00000029344.16,0.5456163177450827,0.550187343972087
ENSMUSG00000029345.14,0.2681282841548307,0.272430432925623
ENSMUSG00000029346.13,0.3158598936841311,0.320300195698424
ENSMUSG00000042328.14,0.333088870090054,0.335476111952263
ENSMUSG00000105368.2,0.7668067171651112,0.755014170326059
ENSMUSG00000093637.2,0.1659017539192193,0.138288304256792
ENSMUSG00000042249.12,0.1125834554517077,0.116291918523102
ENSMUSG00000029352.15,1.1453352865062942,1.12106758243603
ENSMUSG00000051339.11,-0.3786871532672227,-0.372316800873282
ENSMUSG00000042216.14,0.8810547287545885,0.880730182902998
ENSMUSG00000042190.13,0.5606567631461079,0.55586951725418
ENSMUSG00000053334.7,-0.2922597501078019,-0.288039769009972
ENSMUSG00000018974.8,0.0282549075679714,0.0337154330519945
ENSMUSG00000025825.13,-0.3271163994714551,-0.322333722250041
ENSMUSG00000048163.14,1.4142371439138095,1.38232247612145
ENSMUSG00000004530.13,0.3892254794362332,0.394477110377548
ENSMUSG00000090458.2,-0.0854191972045274,-0.080493319694536
ENSMUSG00000042121.17,0.116133653481103,0.122236391508848
ENSMUSG00000029592.12,-0.183655047828089,-0.178869499367192
ENSMUSG00000044339.13,-0.3330096090160805,-0.332672447186566
ENSMUSG00000029591.15,-1.7617191029053392,-1.76143394880844
ENSMUSG00000042010.17,0.8895274429344304,0.893272877169439
ENSMUSG00000066952.12,0.0790425449936646,0.0844131434481077
ENSMUSG00000001098.16,0.2872065989706283,0.290904812640401
ENSMUSG00000029577.14,-0.3031124523807821,-0.298827366124888
ENSMUSG00000029575.18,0.3440953781890947,0.348366520188612
ENSMUSG00000041939.15,0.3560064509772174,0.360500999195723
ENSMUSG00000041930.8,-0.7268771398357144,-0.723914752519666
ENSMUSG00000011884.14,0.68032323181183,0.668043194003312
ENSMUSG00000002486.16,0.2178092352178989,0.220180965448478
ENSMUSG00000041890.18,0.1325304560480973,0.136790042890673
ENSMUSG00000041870.18,-0.0684847376046632,-0.0638642918986191
ENSMUSG00000072694.9,0.4024678475694389,0.427207543117035
ENSMUSG00000029561.18,5.928152648582889,5.92760393467783
ENSMUSG00000087477.3,4.522417897566046,4.24455608290291
ENSMUSG00000041827.16,5.172902847174342,5.1654705600078
ENSMUSG00000029559.16,0.0248935678620938,0.0290371263039824
ENSMUSG00000029556.13,0.0370377063563032,0.0389953083374943
ENSMUSG00000086054.4,-0.2031784316053289,-0.197025585953262
ENSMUSG00000086140.2,0.4784371892210136,0.496476700318128
ENSMUSG00000106838.2,0.0123562507754339,0.0262171739055654
ENSMUSG00000029550.12,0.0111840809026403,0.0158545650731237
ENSMUSG00000029545.14,-0.3692662600132557,-0.36461950713019
ENSMUSG00000046562.6,-0.1477504283549529,-0.142772598183154
ENSMUSG00000048578.12,-0.067462199668946,-0.0625509493523778
ENSMUSG00000060152.15,0.0929403839092425,0.0951150947329356
ENSMUSG00000041740.17,0.1192316111307396,0.123605033712324
ENSMUSG00000041733.11,0.0793236065375781,0.0837501224122229
ENSMUSG00000009013.6,0.8792289152947385,0.884692433240134
ENSMUSG00000029538.15,-0.0812659901994688,-0.0765084092671799
ENSMUSG00000029536.9,-0.1536506449401564,-0.149671001455386
ENSMUSG00000029535.5,0.4627003358263211,0.467617973116776
ENSMUSG00000041697.10,-0.4414546595740415,-0.436771554921703
ENSMUSG00000029524.17,-0.2721193432370861,-0.26739518921692
ENSMUSG00000029528.20,0.1989017590503603,0.203621670375671
ENSMUSG00000067274.11,-0.3482779234351643,-0.343605221174209
ENSMUSG00000041638.19,0.2765886617896034,0.281162164128785
ENSMUSG00000029518.16,0.1993061301810806,0.203682314755985
ENSMUSG00000041609.17,1.187786850161502,1.18654949317023
ENSMUSG00000083833.5,-0.3191903421364748,-0.315432212641037
ENSMUSG00000085376.2,0.3207642416778243,0.320867427555833
ENSMUSG00000029513.15,0.3495871306643771,0.35532490193183
ENSMUSG00000041548.5,0.5240951868782356,0.528972518526773
ENSMUSG00000086219.9,1.1180250959244318,1.09401224075031
ENSMUSG00000063919.12,0.8594210363149973,0.887654806414738
ENSMUSG00000107369.2,-0.5140392421549633,-0.506342051718311
ENSMUSG00000066900.12,-0.7350625569228105,-0.730370472493379
ENSMUSG00000061288.14,-0.2105414019370967,-0.206725339416102
ENSMUSG00000032959.13,-0.4176885294124136,-0.412944269798515
ENSMUSG00000066894.15,1.2828859890819937,1.28009597771412
ENSMUSG00000029364.16,-0.2586323360229346,-0.254088677730471
ENSMUSG00000029363.15,-0.1848088391602301,-0.180605725703762
ENSMUSG00000032898.10,-0.8542085802623628,-0.85039075025227
ENSMUSG00000032867.9,0.3351163403809092,0.3396126219637
ENSMUSG00000029360.4,0.4100070528747507,0.414632429832913
ENSMUSG00000032840.8,0.2152376383700953,0.221732794376946
ENSMUSG00000018076.13,0.2011648146149398,0.210847669091708
ENSMUSG00000087516.9,-0.4887250116271148,-0.476128487717944
ENSMUSG00000085708.2,0.2429657359138213,0.187935303013463
ENSMUSG00000018604.19,-0.5263511067768064,-0.513014737473898
ENSMUSG00000029594.13,0.6352043231537406,0.636839831887773
ENSMUSG00000097368.3,1.0826340259622231,1.08370995925015
ENSMUSG00000029596.14,0.2561576487431941,0.263618483730061
ENSMUSG00000029597.15,-0.3172913070508483,-0.311517614643262
ENSMUSG00000086165.2,-0.2943900600964604,-0.288745594365814
ENSMUSG00000029598.13,-0.1723326302713708,-0.166944067279716
ENSMUSG00000032754.15,-0.4929702875781954,-0.487751513860903
ENSMUSG00000032741.10,-0.1750121457649402,-0.170549734712482
ENSMUSG00000106825.2,0.0363301984974281,0.0223691229803631
ENSMUSG00000029600.11,0.0082829475122779,0.0067080080128221
ENSMUSG00000029599.14,0.1687389976480754,0.172529518936393
ENSMUSG00000107191.2,-0.0059891736859719,0.0069143650334294
ENSMUSG00000032690.17,2.690804216268415,2.68527562552336
ENSMUSG00000032661.10,5.158742913560988,5.15388076182269
ENSMUSG00000107179.2,3.997803630702176,3.92405949568278
ENSMUSG00000001166.18,2.774714247707411,2.76349608163424
ENSMUSG00000029605.18,2.8684550681288448,2.85600211801995
ENSMUSG00000066861.15,5.8604926883809965,5.84876655099161
ENSMUSG00000052776.11,5.185023531475471,5.18732451961817
ENSMUSG00000043733.15,-0.2315714646829693,-0.226803000295945
ENSMUSG00000029614.14,-0.4019459916441014,-0.397161655256144
ENSMUSG00000042744.17,-0.263612426757311,-0.258701258935384
ENSMUSG00000042726.15,1.899410668578119,1.90137975534191
ENSMUSG00000104985.2,2.0290687124228235,2.03012895029518
ENSMUSG00000042719.18,0.4736506141009931,0.477939861567851
ENSMUSG00000029616.10,0.1815657348809165,0.18559755930104
ENSMUSG00000029452.19,0.6278471531249088,0.623968694488849
ENSMUSG00000029455.15,-0.4103605983592839,-0.40569750945247
ENSMUSG00000106590.2,0.8338070792090002,0.855361627328052
ENSMUSG00000042647.14,0.2471115743856639,0.251747076528817
ENSMUSG00000029456.13,-0.2985474256781026,-0.293783655533208
ENSMUSG00000029458.15,-0.7853686863391203,-0.780567797315535
ENSMUSG00000042605.17,-0.1376665380875421,-0.132738211911617
ENSMUSG00000042594.17,-0.3700621119825512,-0.364357514888147
ENSMUSG00000044134.10,0.2365129118806991,0.235840343812174
ENSMUSG00000004455.17,-0.4217622300491356,-0.416478731412136
ENSMUSG00000064267.14,0.4263113921339472,0.430492730074047
ENSMUSG00000038593.19,0.7540519210134594,0.756717203395257
ENSMUSG00000038582.16,-0.1286897544382715,-0.123052951823318
ENSMUSG00000038569.14,-0.1456173274380901,-0.142498805648766
ENSMUSG00000029462.19,-0.177440522010184,-0.172279865666861
ENSMUSG00000029463.6,-0.5576247364661404,-0.555671894540119
ENSMUSG00000029464.11,-0.2381849222439355,-0.232471038951463
ENSMUSG00000029465.15,0.018893200895555,0.0235416672438943
ENSMUSG00000120495.1,-0.1005148314039773,-0.0960000156087004
ENSMUSG00000029466.12,0.2920467883319979,0.296297059684056
ENSMUSG00000029467.16,0.2849592068916959,0.289689591422439
ENSMUSG00000106375.2,0.1981747526215006,0.207940781574817
ENSMUSG00000029469.15,0.2889994148581672,0.291881658648731
ENSMUSG00000029468.18,0.1540344101951896,0.159563607191675
ENSMUSG00000029470.16,0.302838344267419,0.307462267399891
ENSMUSG00000029471.14,-0.704349066729802,-0.699187437061717
ENSMUSG00000029472.14,-0.4567262150412328,-0.45164349893844
ENSMUSG00000029474.8,-0.1854350618186191,-0.18116814784755
ENSMUSG00000029475.18,0.0913944984821881,0.0959744355537619
ENSMUSG00000056735.7,1.3872851294009936,1.36390313130857
ENSMUSG00000049686.16,-0.4289874806980646,-0.4222473202552
ENSMUSG00000054434.15,-0.5718390995929253,-0.567778218499559
ENSMUSG00000029449.12,-0.0320757933744118,-0.0369747912032357
ENSMUSG00000090086.9,-0.4246997056945224,-0.418307892235953
ENSMUSG00000104156.3,-0.010313985987581,-0.0028503889065502
ENSMUSG00000105881.3,-0.066588612041365,-0.0613652457454922
ENSMUSG00000038384.17,-0.3269451815601802,-0.321242081210555
ENSMUSG00000029440.16,-0.1291188402889151,-0.123618802377909
ENSMUSG00000029445.14,-0.6655398457971282,-0.66081495319037
ENSMUSG00000029442.20,0.5512725516429389,0.546925048730974
ENSMUSG00000029438.10,-0.1594044741799056,-0.154702707628494
ENSMUSG00000038342.16,0.3551034857344524,0.359092939259448
ENSMUSG00000086753.2,0.2108123414010601,0.214048303185254
ENSMUSG00000029433.17,0.2900996873154212,0.288965689036161
ENSMUSG00000029434.13,0.0386084944981906,0.0440946579783075
ENSMUSG00000049550.18,0.175565943384696,0.180181175214359
ENSMUSG00000029427.13,0.4302878450758832,0.43485327789861
ENSMUSG00000029422.16,-0.0224629747691936,-0.0178940568553338
ENSMUSG00000023106.16,-0.0094007803119231,-0.0047010710958596
ENSMUSG00000061882.14,-0.5038130212308883,-0.495967998232565
ENSMUSG00000000915.16,-0.0983499481235443,-0.092209991101627
ENSMUSG00000066278.7,0.246780590087981,0.255481788576712
ENSMUSG00000102725.3,0.4962033525061602,0.525750248395199
ENSMUSG00000029408.14,0.0868082536815257,0.0869020942865494
ENSMUSG00000023707.14,-0.2844600890449041,-0.279775742052429
ENSMUSG00000029404.16,-0.1230809506860771,-0.118492969506925
ENSMUSG00000029406.16,-0.0867923775269664,-0.080703503274841
ENSMUSG00000038126.18,-0.3681041360613199,-0.364445875687192
ENSMUSG00000047635.7,0.2123685841347394,0.219966702425541
ENSMUSG00000029394.12,-0.0005474076233737,0.0041733321495575
ENSMUSG00000038095.16,-0.3997968594909869,-0.396004492776265
ENSMUSG00000049327.18,-0.2498301101604095,-0.244331361779987
ENSMUSG00000029401.9,-0.5383919465202147,-0.535265873762375
ENSMUSG00000029402.9,0.2112007868271667,0.22092212816729
ENSMUSG00000029392.13,-0.1103786215231169,-0.103803611063537
ENSMUSG00000029390.14,-0.2779935002944498,-0.272901697280969
ENSMUSG00000029389.18,0.2238718328037142,0.229451596898252
ENSMUSG00000029388.15,-0.0476097125078857,-0.0440383376108436
ENSMUSG00000029387.11,0.3352333233433778,0.340293781656182
ENSMUSG00000118662.2,-0.0420816594663322,-0.0372141707900726
ENSMUSG00000038023.13,-0.2006460176732702,-0.195858342639644
ENSMUSG00000106082.5,-0.3154797742653,-0.310814128443581
ENSMUSG00000079215.9,0.0068591193150478,0.0115206041166238
ENSMUSG00000029478.17,0.2474081423853942,0.253733625527083
ENSMUSG00000106663.2,0.6624718966001544,0.67448474119452
ENSMUSG00000037936.16,-0.1469533340420123,-0.142155171389735
ENSMUSG00000008348.10,1.1882453126918762,1.19019746422747
ENSMUSG00000029480.14,0.4903641034022531,0.493642569224237
ENSMUSG00000037905.14,-0.8923887847217398,-0.887931182739327
ENSMUSG00000029482.5,-0.3625454064181768,-0.359582822430222
ENSMUSG00000029416.18,-0.4428286354458838,-0.436085951027971
ENSMUSG00000105362.2,-0.2072143284001505,-0.179526934118417
ENSMUSG00000049971.18,-0.1793242019723174,-0.174643539629183
ENSMUSG00000029428.14,0.0315370741600207,0.0360542314541906
ENSMUSG00000029430.14,0.2625723978643722,0.268122839466016
ENSMUSG00000060419.9,-0.148108723900944,-0.132138771281853
ENSMUSG00000029439.15,-0.0453796336069713,-0.0399841788722571
ENSMUSG00000104814.2,1.2310629024348383,1.23063634007634
ENSMUSG00000051034.8,0.0696949298658196,0.0679556784079586
ENSMUSG00000034211.15,-0.400534865534391,-0.395413167210146
ENSMUSG00000029432.13,0.0172170646237089,0.0228901466625921
ENSMUSG00000029446.15,-0.2101516903764888,-0.205230121116551
ENSMUSG00000029447.14,0.052294269095582,0.057194376882641
ENSMUSG00000025538.16,0.3835780282755218,0.386318758949799
ENSMUSG00000070493.4,-0.3606850596982121,-0.355786705877844
ENSMUSG00000034173.14,-0.3371588238618849,-0.349234536616911
ENSMUSG00000066735.9,-0.1035870594928051,-0.0988042210296705
ENSMUSG00000025534.18,-0.3872146519517546,-0.382293794501902
ENSMUSG00000025533.16,-0.2385086081095448,-0.232918028747815
ENSMUSG00000025532.14,0.0596315743640852,0.0640363792414682
ENSMUSG00000034118.16,-0.2432002710699125,-0.238384772921407
ENSMUSG00000034110.9,-0.2286864924884272,-0.218368991914201
ENSMUSG00000025340.15,0.306842783036753,0.309068936420005
ENSMUSG00000080893.2,-0.5089065509428994,-0.511100847133322
ENSMUSG00000053094.16,-0.188766414353446,-0.18424262327174
ENSMUSG00000107143.2,-0.7686072093786551,-0.759393517998542
ENSMUSG00000025337.11,-0.0693186982846723,-0.0648528010812598
ENSMUSG00000056310.15,0.0376381800290885,0.0425825769366723
ENSMUSG00000060371.13,-1.714407129273916,-1.68317196579785
ENSMUSG00000015944.10,0.143536898569149,0.143297224948825
ENSMUSG00000061979.9,-0.06725264108541,-0.0609548915431445
ENSMUSG00000104195.2,-0.1975019761664971,-0.166201879482478
ENSMUSG00000015942.10,-0.7170385755596481,-0.709971805709393
ENSMUSG00000015950.14,0.0931004845395701,0.0800793504129623
ENSMUSG00000060261.17,-0.2568619517668299,-0.252564599280172
ENSMUSG00000107000.2,0.5722252259022467,0.587619968495087
ENSMUSG00000023079.15,0.4566406164588162,0.462775759805167
ENSMUSG00000063146.12,0.4078330355655174,0.40794603814783
ENSMUSG00000023104.10,0.1628802471209731,0.167325813371823
ENSMUSG00000040751.13,-0.4740046253015786,-0.435516029442747
ENSMUSG00000040731.14,0.1367911669367001,0.141686705250271
ENSMUSG00000029674.14,0.6124592407647752,0.629742247960743
ENSMUSG00000040557.15,-0.2218347692355151,-0.222426259072511
ENSMUSG00000070473.5,0.132167026642568,0.136824233763486
ENSMUSG00000054909.12,0.0015602773024172,0.0116530576187295
ENSMUSG00000107335.2,-0.0921132086431277,-0.0860127424404447
ENSMUSG00000040532.15,-0.2127971778263745,-0.207791247257245
ENSMUSG00000121867.1,-0.1160175946337086,-0.112319817251107
ENSMUSG00000005378.18,0.133410366077537,0.137926291650176
ENSMUSG00000061118.9,-0.1927137717727575,-0.188119048224582
ENSMUSG00000005373.14,-0.3483108597109263,-0.343606087221925
ENSMUSG00000107296.2,-0.1573995641370235,-0.151099800845002
ENSMUSG00000005374.14,-0.1100623816277756,-0.10428737237905
ENSMUSG00000029681.13,-0.0344787238120756,-0.02965302681886
ENSMUSG00000002748.8,-0.1786310314424817,-0.173279216424556
ENSMUSG00000000916.16,0.1175893719875841,0.123228376865241
ENSMUSG00000053293.10,0.6148880892876064,0.619305103510443
ENSMUSG00000039959.14,0.5880534319115593,0.590568802263498
ENSMUSG00000004814.11,-1.4509601208876954,-1.48577531823522
ENSMUSG00000039917.11,0.0205435671952145,0.0258025145046227
ENSMUSG00000005514.15,-1.4630383628294346,-1.45660460558623
ENSMUSG00000039886.9,-0.0309519481306906,-0.02547555302379
ENSMUSG00000019179.11,-0.1923525217473294,-0.187806062307763
ENSMUSG00000004951.11,3.3046818008524923,3.29447965085914
ENSMUSG00000051391.10,0.1321237930139484,0.136666616628564
ENSMUSG00000029699.14,1.6439206822103445,1.64337696672754
ENSMUSG00000004947.16,0.2789669813537799,0.290691018308266
ENSMUSG00000042985.8,-0.1151198929704126,0.0266557905668165
ENSMUSG00000004952.14,0.7506768107339362,0.749744794226782
ENSMUSG00000039771.14,-0.059190262565128,-0.0553659138338823
ENSMUSG00000029703.11,-0.109927808441876,-0.106092241068884
ENSMUSG00000039754.11,0.0108336613617689,0.0227486578215334
ENSMUSG00000039747.12,-1.24988396776676,-1.24227574495746
ENSMUSG00000039737.12,0.4382837957800629,0.440490568692715
ENSMUSG00000005057.14,0.2907693560476044,0.285608286080818
ENSMUSG00000029705.18,0.1006157272135228,0.104934188642692
ENSMUSG00000007987.13,0.6508463789867853,0.649203492856267
ENSMUSG00000097908.9,-0.4436530934064558,-0.443138252299868
ENSMUSG00000019054.14,-0.0722230183509608,-0.0676297484326052
ENSMUSG00000059518.15,-0.0673354276526041,-0.0628163785857745
ENSMUSG00000004846.11,0.0124880606374897,0.0168089100283179
ENSMUSG00000004849.15,0.2999992911286346,0.304262491824522
ENSMUSG00000037411.12,0.9323822078842228,0.923765236128986
ENSMUSG00000043279.10,-0.0877423268672559,-0.0828433550072433
ENSMUSG00000051502.8,-0.8461337600680394,-0.837747514495304
ENSMUSG00000037364.14,0.0005278884574338,0.005016299706249
ENSMUSG00000023348.12,0.917645940347926,0.921508674722836
ENSMUSG00000037344.15,-0.5034369029642795,-0.499924931222503
ENSMUSG00000105802.2,-1.0373884000423292,-1.02736715720462
ENSMUSG00000029710.16,-0.2043355196120017,-0.198494947628399
ENSMUSG00000029715.6,0.3293818731589172,0.311345177964535
ENSMUSG00000106237.2,-0.260586996170378,-0.244483839072364
ENSMUSG00000029714.12,0.0196501336779173,0.0242558474458165
ENSMUSG00000029713.16,-0.1143299606009563,-0.109607246252437
ENSMUSG00000029716.14,-0.6340454427197336,-0.629202957195513
ENSMUSG00000037221.14,-0.5465878512148413,-0.538189711599417
ENSMUSG00000105408.2,-0.1200229138637208,-0.118678406345699
ENSMUSG00000029718.15,0.1741047907452441,0.188168596768431
ENSMUSG00000106617.2,0.2523533706521952,0.23161780453763
ENSMUSG00000081228.2,-0.5818014700815628,-0.568433436423898
ENSMUSG00000029722.16,-0.4694394224368982,-0.464101542819964
ENSMUSG00000029723.17,0.5662498039780813,0.566790183244864
ENSMUSG00000029725.11,0.2043783537930401,0.203427963422522
ENSMUSG00000029726.17,-0.0993137527491486,-0.0946278716314782
ENSMUSG00000037108.14,-0.6934764958331187,-0.692699165648562
ENSMUSG00000046245.14,0.296344556029153,0.26952749571758
ENSMUSG00000066684.11,0.2260403552929273,0.230403754870946
ENSMUSG00000066682.12,-0.5373452542021766,-0.532462863915267
ENSMUSG00000120510.1,0.0050004922046866,0.0130607591115605
ENSMUSG00000029727.8,-0.1092000806762089,-0.104200420510386
ENSMUSG00000083813.2,-0.005944654281246,-0.0085996638789085
ENSMUSG00000056966.8,0.1158520485663018,0.126151956913681
ENSMUSG00000037053.7,-0.3864251591804169,-0.381633497561153
ENSMUSG00000029729.13,0.0423487160158633,0.0474852921281517
ENSMUSG00000121004.1,0.447160838218532,0.446479203093839
ENSMUSG00000037017.16,0.1932720747725439,0.199206804462918
ENSMUSG00000037007.18,0.1094927232931465,0.112346504916999
ENSMUSG00000019494.15,-0.0781398855951911,-0.0736699503098874
ENSMUSG00000029730.17,-0.1083375168316682,-0.104035251434621
ENSMUSG00000019518.12,-0.1861532396012745,-0.181496252751428
ENSMUSG00000036980.14,0.1548156266379902,0.159524526576038
ENSMUSG00000036968.16,-0.3480691387241724,-0.339022262576865
ENSMUSG00000049285.5,0.7610042352366064,0.741855231630391
ENSMUSG00000047592.18,2.6588493356645784,2.53339067636004
ENSMUSG00000050552.9,-0.7539517143752225,-0.748562556444181
ENSMUSG00000036948.18,0.3688631980816891,0.37302415340015
ENSMUSG00000085227.3,1.460429759161068,1.44950836124195
ENSMUSG00000036928.15,0.7104436996073068,0.744545759184763
ENSMUSG00000075591.3,-0.4410311526467273,-0.436674001678859
ENSMUSG00000080935.4,0.0723438010254346,0.0745379276381515
ENSMUSG00000112214.2,-1.1566958851385547,-1.13677229006525
ENSMUSG00000036898.17,-0.0610787374518919,-0.0589226393956065
ENSMUSG00000058291.15,0.351999673814583,0.356357718404572
ENSMUSG00002075951.1,0.1851719331417105,0.187658705676624
ENSMUSG00000056014.17,0.033696444586158,0.0088419017114214
ENSMUSG00000025854.16,-0.2999440291254721,-0.294724099323584
ENSMUSG00000025856.16,0.2229868572164284,0.224612467886741
ENSMUSG00000075585.4,0.0177970950095037,0.0212938851647736
ENSMUSG00000025857.11,0.1955817667271228,0.202235742302082
ENSMUSG00000036817.15,-0.1723944599808427,-0.167511182660488
ENSMUSG00000025858.13,0.1722370401331935,0.17671941144537
ENSMUSG00000056413.17,0.9655928540005256,0.942454040685184
ENSMUSG00000045438.13,-0.0682659029259814,-0.0637749844647061
ENSMUSG00000053553.12,-0.6510042962967613,-0.647067578312807
ENSMUSG00000044197.9,-1.1807608833783152,-1.17728056934744
ENSMUSG00000053581.14,0.8424655231170475,0.846475432944091
ENSMUSG00000036718.18,0.696691447630406,0.704579213535652
ENSMUSG00000029547.11,0.720345612808023,0.724525603349419
ENSMUSG00000018143.11,0.1780872706581404,0.179933384832078
ENSMUSG00000036687.14,-0.2186519143283865,-0.21537753583595
ENSMUSG00000029551.14,-0.1717072934728339,-0.159619865757066
ENSMUSG00000029554.16,0.3080173653086759,0.312551183255078
ENSMUSG00000087606.2,0.5500017171778996,0.555169990719234
ENSMUSG00000036639.13,0.2354625793209152,0.237499182470776
ENSMUSG00000029557.8,0.3016792181637487,0.30490290001079
ENSMUSG00000029560.13,0.0755529925284941,0.0835504815449011
ENSMUSG00000056076.14,0.156034919204085,0.160798195421649
ENSMUSG00000029570.6,-0.1567528344515483,-0.150762647941546
ENSMUSG00000036565.8,-0.2826348512223838,-0.283180176924109
ENSMUSG00000036555.15,-0.04103515523165,-0.0357506934943339
ENSMUSG00000000148.18,0.3843122436079681,0.389554721553271
ENSMUSG00000000149.11,-0.5150338845157497,-0.510168210780186
ENSMUSG00000036526.9,2.076834306109975,1.94682037209754
ENSMUSG00000056493.10,-0.1453837019332177,-0.139745220820076
ENSMUSG00000039623.14,0.0344811577331965,0.0387747993561263
ENSMUSG00000039533.9,-1.923036834581279,-1.92894524112647
ENSMUSG00000029578.16,-0.1995898607354589,-0.194797522732914
ENSMUSG00000039477.17,0.21668042490737,0.224274493776879
ENSMUSG00000066640.12,0.1824392909981189,0.188388188897396
ENSMUSG00000029580.15,0.632454362701912,0.637049597522778
ENSMUSG00000029581.15,0.1736713720603278,0.172429437420137
ENSMUSG00000045078.13,0.224818020460369,0.230110455232556
ENSMUSG00000061898.11,-0.11325503037027,-0.111565594599523
ENSMUSG00000029587.17,-0.2559284129611257,-0.2509843320321
ENSMUSG00000046658.17,0.4901896638308237,0.488680153056714
ENSMUSG00000039244.11,-0.117238399200563,-0.114534166823743
ENSMUSG00000105609.2,-0.1967153304027722,-0.183584899434751
ENSMUSG00000001844.11,0.2382717652070389,0.242612022567954
ENSMUSG00000089889.4,-0.615289410752987,-0.588588326109615
ENSMUSG00000079111.4,-0.0895207817788284,-0.0847811223038609
ENSMUSG00000039206.14,0.0937015072931936,0.0984900438773229
ENSMUSG00000001847.15,-0.0455834119745831,-0.041256429539517
ENSMUSG00000118332.2,-0.816636891029273,-0.799911055951286
ENSMUSG00000018001.19,0.4658874835504023,0.470030929692065
ENSMUSG00000051306.8,0.343542374919131,0.347275277323482
ENSMUSG00000097287.5,0.2174049903807171,0.216633147438174
ENSMUSG00000029613.16,-0.1432998482915511,-0.138543905311577
ENSMUSG00000029607.15,-0.1489366185354887,-0.141583658608371
ENSMUSG00000029610.14,-0.0344562011157436,-0.0199516948049615
ENSMUSG00000079109.12,0.5658124709261176,0.580367886482845
ENSMUSG00000029617.11,0.0907199485408916,0.0952369640897573
ENSMUSG00000038970.8,0.4947383679458035,0.500387156473824
ENSMUSG00000066621.13,0.3401312285756928,0.343116315393492
ENSMUSG00000087484.2,-0.6456058272856273,-0.645361756864322
ENSMUSG00000047843.17,-0.4652016939906817,-0.460812829839444
ENSMUSG00000038859.8,-0.3468210310651244,-0.339249782033784
ENSMUSG00000086894.3,-0.1978826631527584,-0.17725428339721
ENSMUSG00000104600.5,0.0803846323348908,0.0931503650204331
ENSMUSG00000045482.17,-0.0638750602351409,-0.0591731949906837
ENSMUSG00000038780.15,0.1985365902939159,0.202810947723203
ENSMUSG00000029621.15,-0.0382013015017582,-0.0337563863534465
ENSMUSG00000029622.17,0.3258270606421575,0.330023888355356
ENSMUSG00000029623.15,-0.0371923068505068,-0.0324970371975867
ENSMUSG00000038722.18,-0.0096199870019148,-0.0049655965384949
ENSMUSG00000029624.11,0.2107190673708486,0.214833952924952
ENSMUSG00000029625.17,-0.404338589871946,-0.399351108401187
ENSMUSG00000038690.16,-0.4764327246479368,-0.471778256591883
ENSMUSG00000029627.13,-0.5923354454505894,-0.588571993964535
ENSMUSG00000055991.16,-0.0090224894108765,-0.0042749980455198
ENSMUSG00000007812.17,0.0188595142696113,0.0225659648319453
ENSMUSG00000070420.5,0.0106197258715227,0.0113087415884744
ENSMUSG00000056035.9,-0.6773693507726293,-0.672432642438386
ENSMUSG00000029630.16,-0.4103962683196124,-0.405909465666628
ENSMUSG00000061292.11,0.8788172523761091,0.879441779927644
ENSMUSG00000029634.16,-0.0446946577962385,-0.0401624352437697
ENSMUSG00000029635.16,-0.1005629334674953,-0.0960836536709667
ENSMUSG00000041468.8,-0.5060686774406996,-0.505109668756381
ENSMUSG00000105907.2,-0.552091387654548,-0.556679824694591
ENSMUSG00000120417.1,1.372244243586142,1.38201613763244
ENSMUSG00000029640.18,-0.6405257031189264,-0.636957061582682
ENSMUSG00000041453.13,-0.40094589047022,-0.396028392154888
ENSMUSG00000016503.19,-0.3163071117865951,-0.311793043394535
ENSMUSG00000016510.12,-0.3729858040240983,-0.368117599560825
ENSMUSG00000016520.8,0.6603777891808895,0.662261616041883
ENSMUSG00000029642.12,-0.2189875859819829,-0.214405191558342
ENSMUSG00000075543.5,-0.1402620646510062,-0.133865724386575
ENSMUSG00000029647.16,-0.14894935634113,-0.14399238478808
ENSMUSG00000029648.14,-0.089952408436787,-0.0828354126014283
ENSMUSG00000029649.11,0.2606010245125397,0.265614407324934
ENSMUSG00000029650.11,-0.8284166213022139,-0.823463976638032
ENSMUSG00000029651.17,1.274011397136791,1.26988440778534
ENSMUSG00000041313.15,0.7442482551468724,0.710737353241148
ENSMUSG00000001687.16,-0.219820847317468,-0.215751940184032
ENSMUSG00000086494.3,0.1225947597745557,0.12606912696436
ENSMUSG00000041298.17,0.2719261995672053,0.276650535647449
ENSMUSG00000108207.3,-0.921531200654096,-0.916000100329896
ENSMUSG00000087272.2,-0.4027585259322533,-0.377205721216185
ENSMUSG00000106951.2,-0.1393875205075709,-0.138738424842918
ENSMUSG00000085971.6,-0.3744627580403716,-0.372398488767379
ENSMUSG00000086610.3,0.9495864524151532,0.949861335453811
ENSMUSG00000066551.13,-0.2798200015577624,-0.275038405932849
ENSMUSG00000041264.17,0.4789203229432833,0.483550639722383
ENSMUSG00000060063.10,0.686358268833541,0.734065024510732
ENSMUSG00000107317.2,1.3860941237522717,1.32642980524946
ENSMUSG00000029657.16,0.4335334829123486,0.442228733040352
ENSMUSG00000051950.11,-0.4092248709111124,-0.410399059139906
ENSMUSG00000056602.14,0.4229895952860876,0.413912311605638
ENSMUSG00000041147.11,-1.4236086634058824,-1.39446581842288
ENSMUSG00000041132.12,-1.1668630788053358,-1.15903174793779
ENSMUSG00000107096.4,-1.4061280225522763,-1.39316224471043
ENSMUSG00000029655.18,0.3447413760574125,0.348846799665571
ENSMUSG00000034021.16,-0.1789334443799636,-0.173456894901103
ENSMUSG00000016128.15,0.2832285979534873,0.287631562239663
ENSMUSG00000097321.7,-0.3012738373836527,-0.297643221860896
ENSMUSG00000033970.16,0.4351421190542153,0.436822143163948
ENSMUSG00000107017.2,1.0878294857524664,1.0846464537604
ENSMUSG00000106734.5,2.267129087640386,2.26786011485
ENSMUSG00000107222.2,2.6143378500622525,2.60425655285666
ENSMUSG00000107215.2,3.166372278429481,3.13629688080314
ENSMUSG00000047735.15,3.28904004373689,3.29114902300998
ENSMUSG00000001376.18,0.0115754713247734,0.0159968131943404
ENSMUSG00000029664.11,0.4202777392089301,0.424978155520372
ENSMUSG00000032766.10,0.6781879223748456,0.672149705016444
ENSMUSG00000032757.7,-0.2802387673985643,-0.27579476484986
ENSMUSG00000029661.17,0.148651551996477,0.169043674344954
ENSMUSG00000015189.13,-0.3555310265770629,-0.351012285059725
ENSMUSG00000004631.16,0.4121252362692842,0.399714895832466
ENSMUSG00000032827.16,-1.3572682885040157,-1.33585295453125
ENSMUSG00000002588.14,-0.8198257000689023,-0.815060296105511
ENSMUSG00000107881.2,-0.595943945187547,-0.590881076080796
ENSMUSG00000029759.10,0.4663060551500321,0.471201417424159
ENSMUSG00000032667.18,-0.3909324042494864,-0.386086479085214
ENSMUSG00000019577.7,1.0527648528213651,1.05300857776924
ENSMUSG00000015112.16,-0.7675420670361509,-0.762638348487067
ENSMUSG00000042541.11,-0.1718305814058602,-0.167117681869823
ENSMUSG00000042505.7,-0.3206501620212287,-0.318860507539726
ENSMUSG00000029752.13,0.5996235613981322,0.587850236586842
ENSMUSG00000042460.6,-0.5692223584204735,-0.564531819067702
ENSMUSG00000096403.3,0.2583423106022092,0.26371861410822
ENSMUSG00000042447.14,-0.1457322426226295,-0.136851102598664
ENSMUSG00000012483.5,-0.7005772175525815,-0.700494495695317
ENSMUSG00000089862.9,-0.1118601597381823,-0.10672706335464
ENSMUSG00000087305.10,-0.4749300219980594,-0.475324411415575
ENSMUSG00000107724.2,-0.3114736269047143,-0.306325199131432
ENSMUSG00000062995.13,0.2629657438339555,0.253454371022253
ENSMUSG00000029632.8,-0.7326503972002112,-0.727941743736417
ENSMUSG00000029629.18,0.15269790525242,0.157119522914322
ENSMUSG00000029571.15,-0.8070087609523527,-0.802372690257958
ENSMUSG00000029569.10,0.3936791164314444,0.398242238546469
ENSMUSG00000042742.8,0.0958189444720769,0.100518039862238
ENSMUSG00000052419.8,0.2770954380718992,0.280663860887689
ENSMUSG00000097616.9,0.0533771428745509,0.067245740046319
ENSMUSG00000029563.17,-0.104488060651398,-0.101844542532486
ENSMUSG00000041390.19,0.0398261905581159,0.0426982904423562
ENSMUSG00000029553.11,0.1372435005097871,0.137352541349896
ENSMUSG00000029552.20,-0.8374326091502072,-0.809332109448779
ENSMUSG00000000058.7,-0.4806433882815206,-0.475097841107029
ENSMUSG00000007655.17,-0.7445812893545021,-0.713378229253657
ENSMUSG00000009376.16,-0.2755222545665871,-0.270791121176369
ENSMUSG00000015733.14,-0.1251864795484844,-0.120524337716704
ENSMUSG00000029534.18,0.2615713630310917,0.266253085354767
ENSMUSG00000097700.2,0.8216618684845064,0.82516190630684
ENSMUSG00000010797.7,-0.7091636171000016,-0.688789413782907
ENSMUSG00000106874.3,0.9923507768908346,1.02276945300665
ENSMUSG00000044155.12,0.1360111694537202,0.137908406814671
ENSMUSG00000029669.15,-0.5831706508173462,-0.57827010224211
ENSMUSG00000106709.2,-0.4158612100153072,-0.410985046471459
ENSMUSG00000029670.13,-0.2216779191782666,-0.211193880759627
ENSMUSG00000062980.16,-0.5711006769153474,-0.566432852079862
ENSMUSG00000029672.17,-0.0296323127279285,-0.0255742915794085
ENSMUSG00000029695.14,-0.5670129966660151,-0.562281511127997
ENSMUSG00000017978.20,-0.5081241156166211,-0.503747831899845
ENSMUSG00000023089.13,-0.3059245535256183,-0.301177127244617
ENSMUSG00000029683.8,0.5817058234720417,0.610529463983862
ENSMUSG00000029684.15,0.2010555832103107,0.205473083715266
ENSMUSG00000048022.12,-0.2741719057941099,-0.332499385534073
ENSMUSG00000029676.16,0.457358999754797,0.467196804409696
ENSMUSG00000106990.2,-0.307869836365486,-0.29515201133416
ENSMUSG00000039841.15,0.2772350423083987,0.282354374497329
ENSMUSG00000029708.10,0.1772735812513792,0.183619020602895
ENSMUSG00000020440.15,0.0890803480878417,0.0935821019256451
ENSMUSG00000001424.15,-0.5600037437244586,-0.554669335611295
ENSMUSG00000029701.16,0.1290241470685231,0.133122145201252
ENSMUSG00000003500.14,-0.0283844784429342,-0.0245517076982982
ENSMUSG00000043421.9,-0.1125947589390062,-0.135323993153031
ENSMUSG00000029767.17,0.0196468576591139,0.0245413158398407
ENSMUSG00000004285.13,-0.2979195559783323,-0.292992205923882
ENSMUSG00000059022.16,-0.3469786314706506,-0.335209756150005
ENSMUSG00000029771.13,-0.1345110567102523,-0.131898856985068
ENSMUSG00000012535.15,-0.2150112510131957,-0.210239463495235
ENSMUSG00000106904.2,0.2145436267023176,0.173621176766047
ENSMUSG00000001763.15,-0.3948303585650174,-0.389411649173372
ENSMUSG00000001761.8,1.1295939126164167,1.13429714563652
ENSMUSG00000029772.18,0.2801622371628307,0.284366802059236
ENSMUSG00000107012.2,0.3165997239996647,0.327318129136238
ENSMUSG00000058440.15,0.0278656487547521,0.0371008878424835
ENSMUSG00000039159.17,-0.2534299879171327,-0.248660931192195
ENSMUSG00000039130.19,0.5584893948969388,0.565325486167307
ENSMUSG00000029775.15,-0.6455899374330931,-0.641209799249946
ENSMUSG00000029782.21,0.8336251510959554,0.837245579475985
ENSMUSG00000029790.17,0.7832481294716084,0.78174026610481
ENSMUSG00000051855.16,0.2173078567676412,0.219200973305226
ENSMUSG00000025607.16,0.1876607254150737,0.191950321555891
ENSMUSG00000121179.1,-2.7125514321602284,-2.67554670531639
ENSMUSG00000044471.14,-0.7985078958460001,-0.773676768895297
ENSMUSG00000086922.3,-0.095888460607217,-0.0896064216104862
ENSMUSG00000087380.9,-0.4335024746804239,-0.430104498016831
ENSMUSG00000086212.9,-0.4050563783454992,-0.35872096896884
ENSMUSG00000025609.16,-0.2501872480006475,-0.245729568093966
ENSMUSG00000025608.10,0.0133067107227257,0.0215985604864593
ENSMUSG00000029765.13,-0.5366081392924351,-0.551789549298406
ENSMUSG00000053768.14,-0.2261822878842234,-0.221630859799788
ENSMUSG00000029763.18,2.1173366685615225,2.12061880792299
ENSMUSG00000087356.2,-0.4090032149913121,-0.408248914317646
ENSMUSG00000018999.15,-0.2883516383255951,-0.283773085594168
ENSMUSG00000001642.19,1.7351836522607191,1.74342843979241
ENSMUSG00000029762.7,1.05851542377782,1.05205091974684
ENSMUSG00000061758.14,0.3257643250379883,0.318196347726613
ENSMUSG00000052131.8,2.4695782821059056,2.39786023424266
ENSMUSG00000038871.6,-0.038597453528497,-0.0352434182136108
ENSMUSG00000029761.17,0.2472768000860732,0.252270736373464
ENSMUSG00000038836.16,-0.3357561277453533,-0.332900204109445
ENSMUSG00000057137.10,0.9707012459180628,0.971242476787382
ENSMUSG00000046806.14,1.124390262256429,1.12599139461753
ENSMUSG00000058486.12,-0.6129899683265466,-0.607726461779666
ENSMUSG00000038784.14,0.0800465577089992,0.0858538904573564
ENSMUSG00000038759.17,0.3561212041133315,0.360083202910843
ENSMUSG00000120276.1,-1.1166860278583108,-1.1112311384988
ENSMUSG00000073155.13,-1.0763443286534151,-1.07155847991131
ENSMUSG00000029843.5,-2.097350206213319,-2.04806845644612
ENSMUSG00000047420.9,0.3278722676214005,0.358482347748831
ENSMUSG00000029840.9,-0.1263968530854263,-0.121777663678746
ENSMUSG00000038648.6,-0.1753382074485245,-0.168314199020746
ENSMUSG00000120046.1,0.0780239211089388,0.0681294285950732
ENSMUSG00000038641.13,-0.0416996962959963,-0.036848347908487
ENSMUSG00000106889.2,0.356350838826063,0.348220602537563
ENSMUSG00000080242.6,-0.0126348822614815,-0.0052244252682433
ENSMUSG00000029833.18,0.1964805524639528,0.202297517870601
ENSMUSG00000063455.17,0.2265347977220506,0.234995229196751
ENSMUSG00000029826.15,0.8635134275289503,0.867779400660209
ENSMUSG00000056832.15,0.7588315443176008,0.744938155287848
ENSMUSG00000038538.18,-0.4052793640451823,-0.400324586016802
ENSMUSG00000019689.5,-0.8851330294083385,-0.875275766251568
ENSMUSG00000029823.17,-0.3447833097788946,-0.339857972185579
ENSMUSG00000120732.1,-0.3862884441549389,-0.382299588390406
ENSMUSG00000061436.16,-0.0171183151077852,-0.0098529633617452
ENSMUSG00000029925.14,-0.5415345023560174,-0.554704758876547
ENSMUSG00000038507.7,2.4245096543822724,2.42844908417435
ENSMUSG00000073144.6,0.6181306232270963,0.618274325759527
ENSMUSG00000042599.9,-0.2641135087016338,-0.259220917352949
ENSMUSG00000029924.13,-0.3006710959398113,-0.295119945312961
ENSMUSG00000029922.16,0.6352019472823099,0.639605570125303
ENSMUSG00000068601.3,0.7736073251107499,0.786793593247353
ENSMUSG00000038456.10,-0.0535193562151589,-0.0460894214303505
ENSMUSG00000046947.13,0.2810975925844332,0.285089445940756
ENSMUSG00000086582.2,-0.8201325028785337,-0.812448365091368
ENSMUSG00000002416.14,-0.6470928584990214,-0.643331126485248
ENSMUSG00000002413.16,-0.5173936586586653,-0.51172143935574
ENSMUSG00000029918.10,-0.0153659279780382,-0.0112473257772628
ENSMUSG00000029916.12,0.2606006546213934,0.258088311901075
ENSMUSG00000037172.15,-1.0712733944237816,-1.06793317777362
ENSMUSG00000029911.15,-0.3414323427085025,-0.336896519346976
ENSMUSG00000068587.11,-0.5515416878161058,-0.546536531414033
ENSMUSG00000029864.8,-0.542240521883106,-0.537867929465682
ENSMUSG00000029863.14,0.1857401660966201,0.193729828470039
ENSMUSG00000029860.17,0.1088008841154236,0.113353393681175
ENSMUSG00000029859.7,-0.196960875622099,-0.192245498163398
ENSMUSG00000036667.15,-0.5330510181280168,-0.524042598107037
ENSMUSG00000033542.14,1.0565688807000917,1.0606478839077
ENSMUSG00000029735.18,-0.1232116151795342,-0.119364146216416
ENSMUSG00000079575.4,0.6586634222096317,0.662984100849105
ENSMUSG00000029686.16,0.1336006512564551,0.138109708034064
ENSMUSG00000029687.17,0.2308475214074776,0.233792235173277
ENSMUSG00000025823.10,0.3794215855167173,0.384229664267289
ENSMUSG00000062519.14,0.07774571708934,0.0818804392735389
ENSMUSG00000025821.10,0.2839097092189471,0.286034350769159
ENSMUSG00000052763.8,-0.0533136628527916,-0.0467199184855993
ENSMUSG00000045466.19,-0.5590250542535613,-0.559685747547544
ENSMUSG00000071477.11,0.5828815278583042,0.587341231606506
ENSMUSG00000057691.9,0.545125009478273,0.549230320112531
ENSMUSG00000042810.15,0.1649319359757089,0.171609310336182
ENSMUSG00000068551.13,-0.1203259191747442,-0.116923094839891
ENSMUSG00000029797.15,-0.0920586279474912,-0.0787801238429228
ENSMUSG00000121879.1,0.0530457622332004,0.0591037871281448
ENSMUSG00000039347.8,1.075532779246763,1.07522866418665
ENSMUSG00000073096.12,0.2013866766131927,0.206061326293641
ENSMUSG00000009281.7,0.2857292826334293,0.290102942642146
ENSMUSG00000052751.17,0.004998038368724,0.0096280468074878
ENSMUSG00000007216.7,0.7021866243790842,0.683201664814202
ENSMUSG00000064262.8,0.5530338314938408,0.551473250184805
ENSMUSG00000051124.7,0.0026593629586694,0.0116916967108551
ENSMUSG00000054435.17,1.0246739804048757,1.02852217029807
ENSMUSG00000047867.12,0.1772977171395627,0.180996908328519
ENSMUSG00000090019.6,0.2012746931382861,0.222217556298234
ENSMUSG00000043505.9,1.5619977021198794,1.51529240201833
ENSMUSG00000108298.2,1.2321298881509857,1.24160481053472
ENSMUSG00000107481.2,1.2408316026362285,1.25157367640278
ENSMUSG00000039264.10,0.4523398145725026,0.464503660035625
ENSMUSG00000029810.16,0.852800573890592,0.857575763844659
ENSMUSG00000023367.15,0.7218196910181096,0.726471359724087
ENSMUSG00000029815.13,0.1625176320813495,0.166675086707797
ENSMUSG00000029814.11,0.0325650386351346,0.0160115664161215
ENSMUSG00000029817.12,0.3186549558397095,0.322840742301056
ENSMUSG00000107962.2,0.1985548267894296,0.189931000411807
ENSMUSG00000050786.9,0.124848443113634,0.128369375681226
ENSMUSG00000038388.15,-0.7130387172683081,-0.708039206065103
ENSMUSG00000029821.16,-0.5037389143694044,-0.498645748452122
ENSMUSG00000029822.16,-0.3752657106403412,-0.373307991375235
ENSMUSG00000063694.6,-0.0885606107344982,-0.0841514473643576
ENSMUSG00000085776.10,-0.6046648563924621,-0.632477237285739
ENSMUSG00000029832.17,-1.0483777065241051,-0.969036370000638
ENSMUSG00000004980.17,0.0816186917148983,0.0862566020438636
ENSMUSG00000029836.16,-0.26022884119768,-0.255759671650874
ENSMUSG00000038301.16,0.926632080169561,0.927920477469267
ENSMUSG00000059182.9,0.0032802700912283,0.0078405991355314
ENSMUSG00000029776.12,0.0456019908703041,0.0501235779219709
ENSMUSG00000108170.2,0.055219171598035,0.0652407466619065
ENSMUSG00000004535.13,0.1996158465298745,0.203702958467547
ENSMUSG00000004633.18,-0.488377714533027,-0.483525035936248
ENSMUSG00000073067.11,-0.4384845664576146,-0.434689938451051
ENSMUSG00000086040.9,-0.1974820953968108,-0.190509880595814
ENSMUSG00000038074.17,0.121180531696347,0.125510745995512
ENSMUSG00000005225.16,-0.3851088969800946,-0.380006504383813
ENSMUSG00000038065.14,-1.5788161888134122,-1.56427867901316
ENSMUSG00000058446.15,-0.5991214795136164,-0.594391435893812
ENSMUSG00000038058.15,0.5791617098462775,0.576347380610319
ENSMUSG00000002797.10,0.943987869293234,0.944198918726911
ENSMUSG00000029777.11,0.289516771853125,0.294339402762806
ENSMUSG00000003477.6,-1.2599381910593508,-1.25564903225418
ENSMUSG00000038022.12,-0.2935383230658004,-0.287933538554826
ENSMUSG00000004655.6,-0.1436927553075353,-0.138980466829385
ENSMUSG00000029778.13,0.3976374906464301,0.393862339074857
ENSMUSG00000091625.9,-0.4206736200159885,-0.41478866546992
ENSMUSG00000029787.11,0.0874659689004307,0.0929470342926254
ENSMUSG00000059486.12,-0.0297826240241341,-0.0277665315154856
ENSMUSG00000029781.8,-0.3824288197618801,-0.377397646172275
ENSMUSG00000029780.15,0.3907787653431955,0.395448510791182
ENSMUSG00000037826.6,-0.9060272953277664,-0.901558097128139
ENSMUSG00000029798.12,3.3692491894548566,3.37130459780721
ENSMUSG00000104204.2,-0.301115367503694,-0.303303144765274
ENSMUSG00000043162.8,-0.7774483637773272,-0.772847270411917
ENSMUSG00000062190.13,0.4658717590228169,0.463200698085234
ENSMUSG00000037788.15,0.3437896483425006,0.334636049806036
ENSMUSG00000029802.14,-0.355213459149189,-0.350508228369817
ENSMUSG00000029804.18,0.1124272797796584,0.115916909549308
ENSMUSG00000037709.14,-0.2659272538308415,-0.265944846386969
ENSMUSG00000108075.2,-0.3454806651984424,-0.367921726214506
ENSMUSG00000049232.4,-0.3271666422813891,-0.322605620164471
ENSMUSG00000045441.6,0.0763760776677544,0.0808361420296048
ENSMUSG00000108068.2,1.0154813955647928,0.985187174568524
ENSMUSG00000029920.10,0.0822146755894064,0.0872404804722321
ENSMUSG00000029919.6,-0.0401541139223611,-0.0328363076323372
ENSMUSG00000029910.15,-0.5352757434153123,-0.531751313398509
ENSMUSG00000107176.2,-0.545783261303236,-0.538829347783697
ENSMUSG00000053442.5,0.4731360981183969,0.476318290778466
ENSMUSG00000036402.14,-0.054925656047852,-0.0501918114903958
ENSMUSG00000036390.9,-0.401801350478382,-0.398927223732043
ENSMUSG00000087231.9,-0.3353061526618961,-0.340155068513601
ENSMUSG00000047905.11,-0.8920980886546931,-0.888814075690685
ENSMUSG00000036371.7,-0.0201591743666483,-0.0153869909852733
ENSMUSG00000018341.13,-0.1202984785267408,-0.0810318986273288
ENSMUSG00000076609.3,0.1136361812321937,0.113328954454722
ENSMUSG00000053604.6,0.4450726956116737,0.451565905195321
ENSMUSG00000031668.15,-0.1559257276258544,-0.151941024143599
ENSMUSG00000105776.2,-0.1735232117687923,-0.161076009562511
ENSMUSG00000054474.16,0.3583653171539703,0.363039816918655
ENSMUSG00000054422.8,-1.5585573469889178,-1.55360408596896
ENSMUSG00000055027.18,0.4370685048985994,0.439803068075037
ENSMUSG00000053012.18,-0.1100750956439937,-0.10507285436443
ENSMUSG00000107749.2,1.3587080040969108,1.34247568659231
ENSMUSG00000002222.15,-0.9753583294687876,-0.970699623434311
ENSMUSG00000052656.14,0.0412785727843976,0.0455513726505233
ENSMUSG00000107406.2,-0.5487595066697213,-0.552490839512058
ENSMUSG00000053119.12,-0.1185581123225091,-0.113390761961385
ENSMUSG00000053470.14,-0.3772271319106862,-0.371383877040932
ENSMUSG00000052852.9,-0.7298666787761031,-0.73950956451757
ENSMUSG00000052962.4,0.1929300112201355,0.197415378668366
ENSMUSG00000108466.2,-0.032019609354812,-0.0377152235341589
ENSMUSG00000052337.16,-0.1673827688634432,-0.163036133072538
ENSMUSG00000063884.7,-0.0409845416047106,-0.0363900981887996
ENSMUSG00000049553.12,0.3696798011841088,0.374738438603652
ENSMUSG00000097133.2,0.901567796793628,0.908744332065644
ENSMUSG00000056091.13,-0.4102660838719177,-0.403628464721927
ENSMUSG00000108709.2,-0.0282485111917265,-0.0245285363234481
ENSMUSG00000108371.2,2.9473888848077605,2.91048945192808
ENSMUSG00000037621.9,0.1586670244100757,0.163883966333008
ENSMUSG00000056305.5,-0.0299585177801698,-0.0275363102678853
ENSMUSG00000108435.2,-1.0409713387173976,-1.02634224241761
ENSMUSG00000058706.6,0.336305932077943,0.339555178640616
ENSMUSG00000055912.9,-0.0186983878927418,-0.013919759275666
ENSMUSG00000055850.13,0.0948218609878803,0.0992864753342704
ENSMUSG00000073002.10,0.2468793440394188,0.251721437837132
ENSMUSG00000050732.10,-0.1151052995981243,-0.110461881944942
ENSMUSG00000053460.9,0.1718020808484502,0.176435401766196
ENSMUSG00000053907.11,-0.0173270578717348,-0.0122788923337632
ENSMUSG00000108591.2,-0.0611537420131206,-0.0438874553973933
ENSMUSG00000056737.15,2.4575529384452546,2.43273176986262
ENSMUSG00000056698.12,-0.0797679928634911,-0.0753645436248608
ENSMUSG00000056666.14,-1.0718573308073194,-1.06677165480507
ENSMUSG00000108368.2,-1.0010260994183997,-0.995445333567989
ENSMUSG00000056429.5,-0.2287063216419546,-0.224098534206243
ENSMUSG00000092386.2,-0.192006275916006,-0.187466048503902
ENSMUSG00000055799.14,0.7113933335101147,0.728604422246061
ENSMUSG00000072999.10,1.559663513054223,1.5422995441356
ENSMUSG00000102577.2,2.2773512528022155,2.25491041440447
ENSMUSG00000121161.1,4.100951541182796e-05,0.0013232112170252
ENSMUSG00000104501.2,0.2857975608154266,0.302370631746257
ENSMUSG00000055239.11,-0.4354061018766658,-0.430818127207107
ENSMUSG00000079523.9,2.659455694857916,2.65923784886189
ENSMUSG00000052738.15,-0.5670967239455007,-0.562447508335604
ENSMUSG00000107951.2,-0.7783979525653846,-0.752848022293666
ENSMUSG00000035125.11,0.0464073877463779,0.0531312865751212
ENSMUSG00000030045.11,0.2219686664935703,0.226469948133648
ENSMUSG00000035104.15,-0.5122441888682518,-0.507061133075928
ENSMUSG00000030042.16,0.4230674186002411,0.42716619590918
ENSMUSG00000000628.11,0.5851881954236354,0.566101888220457
ENSMUSG00000068335.7,0.0475823165847797,0.0481602295073885
ENSMUSG00000000693.11,0.0730070465748328,0.0847964091991811
ENSMUSG00000068329.13,-0.1379016034321197,-0.134198708468932
ENSMUSG00000068328.11,-0.1085141830017618,-0.104261538988514
ENSMUSG00000009145.7,0.886082754481473,0.884335512278359
ENSMUSG00000069678.11,-0.0723228916916881,-0.0687714798806742
ENSMUSG00000107499.2,-0.7584108174298347,-0.754097272752563
ENSMUSG00000087578.2,-0.2022918225412135,-0.211634006246845
ENSMUSG00000030037.10,-0.0643174674431369,-0.0598549173942361
ENSMUSG00000030036.9,-0.1853939935700372,-0.180663273228729
ENSMUSG00000030035.15,0.1512912559836484,0.155333037336017
ENSMUSG00000030034.13,-0.1513330492001926,-0.145732722403473
ENSMUSG00000108109.2,-0.0512082485462027,-0.0525566852207041
ENSMUSG00000034930.17,0.3479880733884168,0.362045271263746
ENSMUSG00000030032.15,0.2316698498881152,0.234809804518912
ENSMUSG00000030030.6,-0.7746476995624197,-0.717296968875777
ENSMUSG00000031865.17,0.322014457093371,0.32618123943638
ENSMUSG00000005667.9,-0.4392604784971063,-0.406141272330595
ENSMUSG00000043131.15,-0.0957715931636584,-0.0911681516186346
ENSMUSG00000045160.15,-0.2287790978859852,-0.224060578258571
ENSMUSG00000034832.16,-0.449789624307555,-0.444731867996754
ENSMUSG00000014554.14,-0.1439166185063314,-0.139358911651457
ENSMUSG00000006906.11,0.46037591958024,0.464033097311948
ENSMUSG00000014542.4,-0.8914441690625207,-0.890054702140794
ENSMUSG00000014748.14,-0.0588503298510368,-0.0542914638122911
ENSMUSG00000034744.14,0.315938012730633,0.317343842616753
ENSMUSG00000045896.15,-0.0353262221411552,-0.0307399995694013
ENSMUSG00000030016.16,0.2915016919752151,0.296215939071242
ENSMUSG00000033788.16,0.2887737865912499,0.282605151733252
ENSMUSG00000063415.13,0.6306975215280066,0.619106277555158
ENSMUSG00000033769.17,0.4454835416352388,0.447671295472296
ENSMUSG00000033735.10,0.0247022467081572,0.0291497446026799
ENSMUSG00000033720.13,-0.4820095301191024,-0.477090158898471
ENSMUSG00000051343.12,0.7189362217650701,0.725238044400218
ENSMUSG00000033706.14,0.7184695897734302,0.72017167161841
ENSMUSG00000030008.10,-0.6462790085006382,-0.645137631314808
ENSMUSG00000030007.9,0.4846467738834532,0.489379755851834
ENSMUSG00000063810.8,0.4279375136990926,0.434322425134277
ENSMUSG00000089694.3,0.6635510353173522,0.710138584171129
ENSMUSG00000079495.3,0.0968068625217327,0.101372470564205
ENSMUSG00000079494.3,1.1695893204836505,1.1705757498617
ENSMUSG00000030004.7,-0.1622394427377259,-0.166724415889049
ENSMUSG00000040078.10,0.0318917489482458,0.0390635601785267
ENSMUSG00000033634.8,-0.1826138769396773,-0.177826751913332
ENSMUSG00000068299.12,0.2972122541694623,0.295282836327553
ENSMUSG00000057103.12,-0.9914176121434568,-0.98708566249761
ENSMUSG00000054226.14,-0.2650566792304696,-0.260213616050953
ENSMUSG00000030002.16,-0.4339496973264798,-0.429136253116854
ENSMUSG00000029999.15,0.1717057202413236,0.175247551812324
ENSMUSG00000107745.2,0.4971975951464701,0.524803612898936
ENSMUSG00000057497.9,-0.0811441940812786,-0.0763452674894933
ENSMUSG00000057278.9,-0.1287896898229855,-0.122336625351084
ENSMUSG00000029998.15,-0.3471990476292529,-0.342245895207872
ENSMUSG00000071337.12,-0.01817942332841,-0.0112672834639525
ENSMUSG00000046679.17,-0.4046918653290106,-0.399100188027318
ENSMUSG00000101655.3,0.0456379324657025,0.0644825451851716
ENSMUSG00000107876.2,-0.3356916392603209,-0.367942565464255
ENSMUSG00000101210.2,-0.1165337325293549,-0.129982434552049
ENSMUSG00000100174.2,0.0743109758216408,0.077923670813703
ENSMUSG00000051695.7,0.1520353190316115,0.156185531321421
ENSMUSG00000097048.9,-0.3715585957867195,-0.367047080790069
ENSMUSG00000001156.10,-0.4135709071831596,-0.410875094370917
ENSMUSG00000001158.14,0.0127989961202012,0.0167047755730527
ENSMUSG00000001157.14,-0.0231729692552965,-0.021313287680531
ENSMUSG00000107961.2,0.0389664699551828,0.0357386989299467
ENSMUSG00000029994.18,-0.0770959627039572,-0.072762990277516
ENSMUSG00000100164.2,0.4373255592880347,0.419402950068497
ENSMUSG00000057230.15,0.0896012845396754,0.0943582580561194
ENSMUSG00000029993.17,-0.0172416112856606,-0.0114140489319068
ENSMUSG00000029992.15,-0.0119827596757881,-0.0072188493254617
ENSMUSG00000033420.13,0.8273730415964987,0.818052100880879
ENSMUSG00000030046.7,0.4669161735784736,0.47171696869659
ENSMUSG00000030047.15,1.203327041697174,1.18997004521943
ENSMUSG00000030051.11,0.0872525026721437,0.0868306711366057
ENSMUSG00000030055.17,-0.9155982349867448,-0.902597750410697
ENSMUSG00000108064.2,-0.7647996162199605,-0.735540324984326
ENSMUSG00000030056.9,-0.1779373629591818,-0.173246765077521
ENSMUSG00000030057.16,-0.0906536929159255,-0.0859969728181656
ENSMUSG00000030058.18,0.389540293843319,0.394307393005353
ENSMUSG00000097763.2,0.5986936934247051,0.605915987976446
ENSMUSG00000030060.15,0.5194206355175497,0.52222920225061
ENSMUSG00000084950.8,0.2707579790762842,0.275374281943825
ENSMUSG00000079477.10,0.2471893235468784,0.251765887929267
ENSMUSG00000030062.8,0.5407495858387437,0.545508873629276
ENSMUSG00000015053.15,-0.0312980041488717,-0.0318811257873481
ENSMUSG00000033216.10,0.3160767978974115,0.320101222854642
ENSMUSG00000107561.2,0.6139525582536796,0.604915757043285
ENSMUSG00000030079.16,0.304923480826192,0.309191482126597
ENSMUSG00000030082.15,-0.347240519238891,-0.342168998332126
ENSMUSG00000107659.2,-0.4770934211600257,-0.472173280307702
ENSMUSG00000033182.13,0.4104188496071919,0.396191495342489
ENSMUSG00000097730.4,-0.440145045582712,-0.436667507743703
ENSMUSG00000033174.18,-1.0782732083767448,-1.07318142835016
ENSMUSG00000030083.12,-0.2344343522320455,-0.229707589323715
ENSMUSG00000002870.9,0.6663808689050824,0.655731880828129
ENSMUSG00000002871.15,-0.0082678588459186,-0.0042725754516968
ENSMUSG00000097816.2,0.7004274868399126,0.694757410533539
ENSMUSG00000030084.13,0.5802079794879025,0.583559615258339
ENSMUSG00000030086.17,0.1136604488952259,0.126538503035177
ENSMUSG00000000811.15,-0.8759125911033067,-0.870554814887549
ENSMUSG00000062818.8,-0.9626080527358032,-0.822669379680749
ENSMUSG00000049694.14,0.2641032440081949,0.304404148111022
ENSMUSG00000056643.6,0.4679847848172063,0.471232187755174
ENSMUSG00000034456.16,-0.2814930444861561,-0.276949103457412
ENSMUSG00000034430.17,0.1130441337211778,0.119520619909121
ENSMUSG00000108181.2,-0.0426888758680148,-0.0338867691380542
ENSMUSG00000107605.2,-0.903936547489919,-0.88005813250896
ENSMUSG00000030087.12,-0.2484972430027852,-0.242744947280314
ENSMUSG00000107451.2,0.3539503021707616,0.372414448798442
ENSMUSG00000030088.16,-0.2720655999078726,-0.267590552397625
ENSMUSG00000121030.1,1.798248630782754,1.77902997478093
ENSMUSG00000089781.3,-0.2844634738892339,-0.28000402149958
ENSMUSG00000030089.16,-0.1080814492830601,-0.106921848441886
ENSMUSG00000034312.16,0.2087478067406669,0.213311765081508
ENSMUSG00000107999.2,0.0739025251157566,0.0795050856816215
ENSMUSG00000030091.18,0.6903872943886264,0.694276128309429
ENSMUSG00000034245.11,-0.7451246197625444,-0.740291121014119
ENSMUSG00000085624.2,-1.1758817342063943,-1.17171419758366
ENSMUSG00000108158.2,-0.7691207532527106,-0.763832919853246
ENSMUSG00000064080.13,0.1432695110264158,0.170555686402134
ENSMUSG00000100680.3,-0.4788584997641453,-0.497159156740186
ENSMUSG00000034203.9,-0.656881618186899,-0.653022765396038
ENSMUSG00000030095.11,1.1682170799107356,1.16653034711467
ENSMUSG00000030094.9,0.4057074750843151,0.410530969892527
ENSMUSG00000034192.6,0.6301832808145459,0.625352619680341
ENSMUSG00000030096.9,0.526284363413278,0.530619859339336
ENSMUSG00000034083.17,-0.0619330555630912,-0.0582844546001071
ENSMUSG00000034037.15,0.0388586247478748,0.0488752002798264
ENSMUSG00000005893.15,-0.7354577677161234,-0.729901084381656
ENSMUSG00000014551.9,-0.3057660310385975,-0.301109789459027
ENSMUSG00000014550.15,0.2999826491779743,0.30423430844111
ENSMUSG00000030020.14,-0.2418810413643369,-0.225345174047201
ENSMUSG00000030022.15,1.394734921625164,1.40583642870345
ENSMUSG00000107655.2,-2.035106053297619,-1.99427176389742
ENSMUSG00000045095.17,-0.1964743472932353,-0.191727623011165
ENSMUSG00000045100.12,0.0729182136062095,0.0781102102463907
ENSMUSG00000030029.15,0.3685785716864123,0.373429973785022
ENSMUSG00000030031.15,0.1613252845713428,0.162533770699285
ENSMUSG00000061838.8,-0.4667176132771289,-0.461915561869194
ENSMUSG00000035245.13,0.0300423823693222,0.0359020567382419
ENSMUSG00000030059.16,-0.3216263996510474,-0.31670552274621
ENSMUSG00000030061.17,-0.0398055347768771,-0.0355476258715742
ENSMUSG00000121036.1,0.3103340230564599,0.311694048533866
ENSMUSG00000035199.7,0.3500940962938773,0.354438573789014
ENSMUSG00000030064.17,0.3882276166086345,0.399250642616715
ENSMUSG00000035158.16,0.4713527983717447,0.474982799970189
ENSMUSG00000030067.18,-0.3317123267900362,-0.326473437428732
ENSMUSG00000093661.2,1.9148578466683583,1.91398406032552
ENSMUSG00000084319.4,-0.1912965048072349,-0.186783664288098
ENSMUSG00000072872.4,0.2460895900886885,0.252277565428093
ENSMUSG00000035378.18,-0.0938618980357727,-0.0882645454230099
ENSMUSG00000052144.10,-0.0691404051999456,-0.0648664331117399
ENSMUSG00000035357.18,-0.4959271851330113,-0.49710842036336
ENSMUSG00000013736.17,-0.0348530398765385,-0.0302609541973188
ENSMUSG00000005362.15,0.179475059039873,0.183937026951811
ENSMUSG00000034639.8,-0.3111247007774115,-0.308190632230261
ENSMUSG00000030101.16,0.0810233427076918,0.0861328962469581
ENSMUSG00000091845.2,-1.174089422136531,-1.15905913001674
ENSMUSG00000030102.12,-0.3607699398661801,-0.354989680024845
ENSMUSG00000108219.2,-0.2362758078864227,-0.234781555184683
ENSMUSG00000107458.2,-0.2570325277555984,-0.252624463064251
ENSMUSG00000087341.5,0.2423835740314983,0.252405553087783
ENSMUSG00000030103.12,0.1805538558734833,0.185540374778968
ENSMUSG00000030105.9,-0.0859028586112206,-0.0820758227626604
ENSMUSG00000030104.10,0.1549265035351897,0.160052161136902
ENSMUSG00000030254.17,-0.0791539566355379,-0.112444761961961
ENSMUSG00000030264.15,0.0955263092606515,0.100101338322539
ENSMUSG00000086429.11,-0.2433408850690141,-0.239880845408292
ENSMUSG00000034269.13,-0.0986673122219145,-0.0941680622467588
ENSMUSG00000030269.15,-0.1806375708236933,-0.176225334165117
ENSMUSG00000001632.17,-0.0738853678823594,-0.0696028513655556
ENSMUSG00000085012.3,-0.2301718123745838,-0.212022507434269
ENSMUSG00000030271.15,0.1443716716052498,0.15201441989316
ENSMUSG00000030272.16,-0.0409577781418993,-0.0378708115595779
ENSMUSG00000048930.13,0.6485866990904083,0.652701059251136
ENSMUSG00000079426.14,-0.0949568456019582,-0.090532215340112
ENSMUSG00000051169.15,-0.3410869326410939,-0.336006429532233
ENSMUSG00000107944.2,-0.222975740861242,-0.219307149292152
ENSMUSG00000030278.12,-0.0964353151774906,-0.0912232702453453
ENSMUSG00000051256.11,-0.3312962319610332,-0.326658106638939
ENSMUSG00000030281.17,0.5119118729849306,0.516350593244821
ENSMUSG00000121097.1,0.574937926511904,0.573605673473683
ENSMUSG00000030284.14,-0.2877837571651047,-0.282676204176304
ENSMUSG00000030286.7,-0.1842839555229601,-0.180507268197342
ENSMUSG00000033940.9,-0.027851080416095,-0.0231235383761283
ENSMUSG00000033933.14,-0.1873577190397758,-0.182777588332985
ENSMUSG00000060477.15,0.2406186632288478,0.246479488104156
ENSMUSG00000107846.2,0.0207637288978602,0.0131386387107425
ENSMUSG00000056952.14,-0.3574529905149722,-0.352575813049244
ENSMUSG00000097994.2,-0.2650105533710676,-0.274071526938021
ENSMUSG00000030298.11,0.1276544675721964,0.13235987714376
ENSMUSG00000030314.17,0.3662229299483298,0.371066603628189
ENSMUSG00000030315.16,0.208534941306087,0.212974967174406
ENSMUSG00000030316.14,-0.0442280475383792,-0.0405117124048878
ENSMUSG00000000440.13,-0.0181998431961359,-0.0088860216533286
ENSMUSG00000042389.14,-0.2701529598401564,-0.26545196765474
ENSMUSG00000068011.5,0.4146204806572967,0.419552771053317
ENSMUSG00000000439.10,0.2530706864196451,0.257709075301339
ENSMUSG00000000441.18,0.3147505011831017,0.319420639678666
ENSMUSG00000107994.2,-0.0066125756254981,0.0005851766915826
ENSMUSG00000030319.9,-0.3917257046621112,-0.386379658036557
ENSMUSG00000057841.6,-0.5183062243649387,-0.513617464256337
ENSMUSG00000030322.13,0.1810410379654666,0.171243578907434
ENSMUSG00000030323.14,0.4054411289504029,0.403938338090885
ENSMUSG00000030123.16,-0.3845922505064893,-0.38121824485257
ENSMUSG00000030126.18,-0.0963631816738612,-0.0918515333859527
ENSMUSG00000108030.2,-1.9842344727794707,-1.94050367508328
ENSMUSG00000024104.12,0.0473117137667831,0.0519767887947509
ENSMUSG00000107577.2,0.2550221328643924,0.259744346657212
ENSMUSG00000042213.19,-0.0313448049624967,-0.0237216442556935
ENSMUSG00000025702.16,-0.6429248640647907,-0.638550576568857
ENSMUSG00000059878.13,0.2306092210931251,0.232769427831001
ENSMUSG00000042129.9,-0.2195932052575846,-0.232067375345723
ENSMUSG00000048489.13,-1.1609342569694057,-1.16531783745897
ENSMUSG00000061353.12,-1.191445829721303,-1.18653760990028
ENSMUSG00000107785.3,1.1768861765685048,1.16603471822449
ENSMUSG00000104222.2,0.462811542058882,0.466295668986589
ENSMUSG00000059689.16,0.0395733640351643,0.040841901568129
ENSMUSG00000120675.1,-1.2403124046726453,-1.22857506197387
ENSMUSG00000042079.14,-0.0363955378561376,-0.0319370490626576
ENSMUSG00000042087.6,0.0532396690965726,0.0621894632023519
ENSMUSG00000107608.2,0.1902012295667693,0.194502259290825
ENSMUSG00000082791.4,1.0000133957873838,1.00357546153609
ENSMUSG00000042042.15,0.1340674514142472,0.138506861205228
ENSMUSG00000030138.9,0.054563275687291,0.0599432786472034
ENSMUSG00000030145.15,1.5892782291481662,1.56204069938117
ENSMUSG00000072623.7,-0.4778736204059382,-0.462620056397453
ENSMUSG00000007827.11,-0.3203385675504122,-0.313181392984899
ENSMUSG00000041477.15,1.3038686560582369,1.30365082485116
ENSMUSG00000030168.14,0.0520520365159188,0.0566760282749614
ENSMUSG00000030170.15,-0.0064186937790734,-0.0078582691259721
ENSMUSG00000030019.7,-0.0077339169131395,-0.0010558865984815
ENSMUSG00000030172.16,0.0140897788880332,0.0209033615280618
ENSMUSG00000108282.2,0.0150914333445425,0.0240127803267364
ENSMUSG00000030166.15,0.1633811086968052,0.169325941278104
ENSMUSG00000045962.17,0.562401010435707,0.567082709584983
ENSMUSG00000041372.11,0.5992999001524753,0.591367147472003
ENSMUSG00000030177.15,0.1471260667625989,0.142746309394755
ENSMUSG00000030180.16,0.1651185531106232,0.169243355864024
ENSMUSG00000002897.6,0.3502335828795851,0.357771865707375
ENSMUSG00000058979.8,-0.0428241011320355,-0.0393167956297837
ENSMUSG00000071226.12,0.084453581710839,0.0899491534141516
ENSMUSG00000019210.11,-0.2596995981766504,-0.254585451089024
ENSMUSG00000009112.5,-0.4180079047159501,-0.413601046224813
ENSMUSG00000004446.13,-0.0006104520916238,0.001817502258825
ENSMUSG00000051586.18,0.0166011173498998,0.0210102728911723
ENSMUSG00000108232.2,-0.7669400914411376,-0.734706609318286
ENSMUSG00000119973.1,-0.452603218953849,-0.446341960860561
ENSMUSG00000067825.12,-0.8429929104385531,-0.845592517922037
ENSMUSG00000030137.9,3.2170454275047407,3.17298117304406
ENSMUSG00000086527.2,3.1746895182264185,3.0130961641912
ENSMUSG00000030107.11,4.465446620527352,4.46825232266482
ENSMUSG00000107736.3,4.932137930320905,4.92268982509135
ENSMUSG00000030108.15,-0.684501781389668,-0.679688450435134
ENSMUSG00000030109.16,0.2289229010101877,0.23338384842343
ENSMUSG00000059908.10,-1.378065635964919,-1.3730537923971
ENSMUSG00000030131.9,0.6079566117051052,0.60613512105273
ENSMUSG00000121497.1,0.040391403959042,0.0604631149219215
ENSMUSG00000121283.1,0.1898370527056023,0.194081174537328
ENSMUSG00000101397.8,0.3773858293282652,0.38175098493615
ENSMUSG00000007458.15,0.7282499842560716,0.732673838343727
ENSMUSG00000040669.15,-0.194658271495417,-0.181350464981495
ENSMUSG00000055093.11,-0.290291844119294,-0.297914645738104
ENSMUSG00000040613.15,0.3156551381464651,0.31813630483095
ENSMUSG00000003154.17,0.2353344619575011,0.242034169607137
ENSMUSG00000040552.9,0.587699124034236,0.555021776952616
ENSMUSG00000030327.9,0.3014107701780565,0.306220925973645
ENSMUSG00000049037.9,1.3335814747727923,1.32122309608983
ENSMUSG00000043832.14,1.4650901076723126,1.46256503927528
ENSMUSG00000030148.16,1.0567049624380729,1.05768640663143
ENSMUSG00000023349.15,0.6020709752153033,0.592667797595378
ENSMUSG00000008845.10,-2.45568005155605,-2.45612418999509
ENSMUSG00000005069.13,-0.0085957474538049,-0.0040068689566134
ENSMUSG00000008153.13,1.125559690479738,1.12383764195033
ENSMUSG00000107552.2,-0.8329645499642799,-0.832768536028576
ENSMUSG00000038527.10,0.4663369294599361,0.470922709428012
ENSMUSG00000055172.11,0.5403516504389739,0.545213757835269
ENSMUSG00000038521.18,0.1489347206514765,0.153609588356937
ENSMUSG00000089961.2,0.1462906243053716,0.151160242214476
ENSMUSG00000098470.2,0.2293011360987894,0.228337016274983
ENSMUSG00000079343.5,0.2104532386483967,0.214679194611244
ENSMUSG00000004270.14,-0.3771742192589232,-0.372382031105021
ENSMUSG00000004268.12,-0.1181390688571604,-0.112531718205339
ENSMUSG00000004264.18,-0.3953774318397495,-0.390622064975112
ENSMUSG00000087327.2,-0.4365293024044625,-0.431956960856003
ENSMUSG00000004266.16,0.8142973079163706,0.818332406269922
ENSMUSG00000092482.2,1.4321803356683651,1.43156432694734
ENSMUSG00000072772.4,-0.7572249189362927,-0.762728744805499
ENSMUSG00000004263.16,-0.0921792883408677,-0.0876190342607527
ENSMUSG00000038451.14,-0.1365836621796352,-0.131921151472835
ENSMUSG00000023456.17,0.409924546011656,0.414487261153279
ENSMUSG00000038429.11,0.1252292978524291,0.130034584973117
ENSMUSG00000023505.14,-0.9137071317653211,-0.9203911281197
ENSMUSG00000023191.10,-0.7947355075847783,-0.804088962713542
ENSMUSG00000038390.12,-0.3939001630272358,-0.374079878351616
ENSMUSG00000023274.15,0.5201087478682398,0.506887959909528
ENSMUSG00000030124.3,2.8224027202393467,2.76405105137098
ENSMUSG00000030122.14,-0.1954161658416537,-0.19069995033205
ENSMUSG00000055818.3,-0.5257061039987396,-0.493483453653462
ENSMUSG00000030120.15,-0.1109702865669707,-0.106436782081661
ENSMUSG00000030127.16,-0.0106134087647191,-0.0059808336465618
ENSMUSG00000030329.12,0.2579936217184673,0.259799814910519
ENSMUSG00000038346.20,0.350129535501973,0.354415899248534
ENSMUSG00000108034.2,0.52289096925981,0.508968694644772
ENSMUSG00000108037.3,0.1329987411104991,0.141688365630761
ENSMUSG00000072770.10,-0.0368295948644494,-0.014205075129929
ENSMUSG00000063870.13,0.07342117496233,0.0781834346181252
ENSMUSG00000038279.11,0.0385828249814967,0.0415353921437824
ENSMUSG00000038271.18,-0.3740119694125494,-0.371490946418432
ENSMUSG00000057666.19,0.0872518782407142,0.0919479710057642
ENSMUSG00000038252.14,0.038745155613559,0.0563789061166652
ENSMUSG00000030335.7,-0.1204160850472269,-0.115461950342322
ENSMUSG00000030337.17,-0.190151205875186,-0.184804373474019
ENSMUSG00000038213.8,0.6784957742399936,0.683121214241279
ENSMUSG00000030339.8,-0.0637791007231969,-0.0595195787452192
ENSMUSG00000030340.17,-0.7238506564509537,-0.719677712128468
ENSMUSG00000030341.18,0.7593073306087177,0.763771271305647
ENSMUSG00000038167.7,0.4311416406500279,0.435492115305331
ENSMUSG00000030342.9,0.3629113570477029,0.36739223651258
ENSMUSG00000101162.4,0.2670097447581073,0.252053009815189
ENSMUSG00000001930.18,-0.6732436151896252,-0.657274196273071
ENSMUSG00000000399.11,-0.3313899077638854,-0.326775921903134
ENSMUSG00000107368.2,-0.3467413829513262,-0.342002041827566
ENSMUSG00000030347.7,0.1268429870956503,0.132778809143572
ENSMUSG00000038028.10,-0.3380015040538777,-0.345470566524349
ENSMUSG00000107379.2,0.3061023558577888,0.307622399685061
ENSMUSG00000000184.13,0.3328046833209378,0.33662805226714
ENSMUSG00000037997.13,2.7351082027221194,2.72495143470375
ENSMUSG00000030352.16,0.5278300131809353,0.532241297239506
ENSMUSG00000107810.2,-0.1764519792663648,-0.107369527307522
ENSMUSG00000001521.13,1.0071274628404447,0.992294608284945
ENSMUSG00000097253.3,-0.2302493726055209,-0.235840295365102
ENSMUSG00000048668.17,-0.2081256510442974,-0.204441900709158
ENSMUSG00000107753.2,-0.2890267374108873,-0.268717952608933
ENSMUSG00000001518.13,0.3486462423580104,0.351778748504842
ENSMUSG00000030357.11,-0.1127117473766132,-0.107678246418979
ENSMUSG00000059659.9,-0.8732162635709679,-0.86840934590664
ENSMUSG00000107505.2,-0.1571453909199831,-0.142105256571417
ENSMUSG00000030359.15,-0.91535024103339,-0.910590544742157
ENSMUSG00000047228.10,0.7727583467494067,0.77604994622437
ENSMUSG00000030157.6,-0.1592169126391386,-0.157564366467806
ENSMUSG00000097354.9,-0.3427634416780664,-0.340706087678124
ENSMUSG00000112144.3,-1.0825498536694833,-1.07051280210277
ENSMUSG00000053063.12,0.8699730214269826,0.849130665156246
ENSMUSG00000030159.16,0.110014708860007,0.107448535849892
ENSMUSG00000046080.18,0.3870829645884235,0.388244288538593
ENSMUSG00000033082.11,0.847579761925737,0.847714334974267
ENSMUSG00000079293.13,0.3568708709899739,0.355785230163898
ENSMUSG00000097675.4,-0.7973718587036926,-0.791461087805196
ENSMUSG00000030161.9,-0.8359178431129332,-0.831456333960931
ENSMUSG00000107997.2,-0.8832078269071979,-0.892115491617249
ENSMUSG00000030165.18,3.555630249005183,3.3427462831307
ENSMUSG00000030149.16,1.174911069360561,1.13588031274601
ENSMUSG00000030187.16,1.7139462671214083,1.7170949572511
ENSMUSG00000030188.13,0.2862253748196061,0.282114433179965
ENSMUSG00000030189.16,-0.2084550262582802,-0.20232478139539
ENSMUSG00000072704.7,-0.3343806445206023,-0.329681685847122
ENSMUSG00000107838.2,-1.0171647760830975,-0.995072974508534
ENSMUSG00000030199.17,0.4137248944351639,0.420767961578139
ENSMUSG00000092134.2,0.7667112254161781,0.751056426149513
ENSMUSG00000030201.16,-0.6051241221462523,-0.600521817852361
ENSMUSG00000107728.2,-0.0258299681097153,-0.0261474080735204
ENSMUSG00000032718.5,0.6737312411134166,0.67624787267772
ENSMUSG00000042992.16,0.33257916951191,0.338973883973203
ENSMUSG00000030203.18,0.1418711739549377,0.148453800158642
ENSMUSG00000032652.14,-0.8360608190680175,-0.831491631553484
ENSMUSG00000032641.19,-0.3446002779987437,-0.339763210893303
ENSMUSG00000003031.15,-0.3915718152281634,-0.386447489751633
ENSMUSG00000090698.3,-0.216696858055015,-0.178419425140486
ENSMUSG00000030204.11,0.1041581593180557,0.108213491418608
ENSMUSG00000042770.9,-0.1269624808719937,-0.12223562765463
ENSMUSG00000030207.16,0.333930328889536,0.339134784367393
ENSMUSG00000030208.16,1.2528190660598404,1.25760662342068
ENSMUSG00000091408.4,0.0929990390658243,0.100897380218616
ENSMUSG00000071141.8,-0.2808413566343623,-0.302693913537176
ENSMUSG00000030213.13,0.6207922286058256,0.625652676515406
ENSMUSG00000030214.8,0.193240957715171,0.197800825127015
ENSMUSG00000042638.15,-0.803031875063738,-0.797246709921861
ENSMUSG00000060032.7,-0.572070501489358,-0.567149194380201
ENSMUSG00002076169.1,-0.572221877219001,-0.566359365971442
ENSMUSG00000030216.13,0.1605473737921628,0.164858271686159
ENSMUSG00000030217.3,-0.6295895630490745,-0.567155446241693
ENSMUSG00000030219.14,-0.1745818276543468,-0.138725211542706
ENSMUSG00000030220.14,0.7136915045174689,0.714500883837598
ENSMUSG00000030222.14,0.303965032281758,0.356316275413331
ENSMUSG00000015766.15,0.6755909083536061,0.686986811915749
ENSMUSG00000030224.11,-0.219559463122263,-0.215175428274895
ENSMUSG00000030225.12,-0.0010870045125797,0.0036505471638556
ENSMUSG00000044378.13,0.5321914717812637,0.53681323472763
ENSMUSG00000008540.12,-0.5478417607237523,-0.54319144455679
ENSMUSG00000030228.21,0.6435847280511847,0.648866288996522
ENSMUSG00000030231.12,0.1038451866244929,0.108510944180561
ENSMUSG00000030232.20,0.2143735061513191,0.220011329974591
ENSMUSG00000080921.5,-0.4903756668401112,-0.452722653175079
ENSMUSG00000041741.11,-0.3769891077860551,-0.374532894613986
ENSMUSG00000030236.11,-1.2396143869002358,-1.23480263022989
ENSMUSG00000030237.15,0.6866955733412489,0.68708888312497
ENSMUSG00000107516.3,1.131252206076342,1.140136858442
ENSMUSG00000041698.12,-0.911521036898312,-0.906548659184753
ENSMUSG00000079263.9,-0.9803210040575446,-0.928321335357676
ENSMUSG00000041671.14,0.2279335258807651,0.231443078447753
ENSMUSG00000030243.17,0.2946930733268667,0.29898440974449
ENSMUSG00000030245.11,0.2071747395895645,0.212269116345427
ENSMUSG00000030244.8,-1.5875828114715165,-1.58277957962339
ENSMUSG00000030246.13,-0.4098194225727864,-0.417970038584971
ENSMUSG00000030247.10,0.5603702888521943,0.548581937074743
ENSMUSG00000030249.16,-0.344352401164558,-0.338710023175118
ENSMUSG00000030282.15,-0.0346549890003468,-0.0300797394359563
ENSMUSG00000030279.16,0.1420847529383358,0.141890241044994
ENSMUSG00000030275.7,-0.4111444330761451,-0.40614377654964
ENSMUSG00000107802.2,-0.2196569959243485,-0.213821113559469
ENSMUSG00000041540.17,0.1192107520606212,0.113980496357582
ENSMUSG00000030263.14,-0.2901564959036395,-0.286026956238349
ENSMUSG00000040370.14,-0.550070696198624,-0.545839143621334
ENSMUSG00000030265.15,0.3699614904783316,0.374203103763904
ENSMUSG00000030259.13,-0.3509561746349096,-0.346253797934651
ENSMUSG00000030256.12,-1.1128257747118036,-1.1123415099256
ENSMUSG00000108126.2,-1.040189035349201,-1.0336468489729
ENSMUSG00000030255.14,-0.1879171326341926,-0.181380939481634
ENSMUSG00000030287.16,-0.2890195625147219,-0.284064090856982
ENSMUSG00000040250.15,-0.2966141771352222,-0.291894318592053
ENSMUSG00000040242.15,0.0198233383337709,0.0243283355102587
ENSMUSG00000040234.17,0.0723601857978458,0.0770409045004864
ENSMUSG00000030291.13,0.350049042877798,0.354926707904475
ENSMUSG00000001630.14,-0.1730740601480779,-0.170396978141911
ENSMUSG00000030292.11,3.500739874075216,3.39542546964267
ENSMUSG00000016487.16,0.8083326763514213,0.812547714304674
ENSMUSG00000107969.2,0.6760985676780327,0.694476817729034
ENSMUSG00000040112.10,-0.1774867261576615,-0.172434608889834
ENSMUSG00000040102.11,-0.2048130181524883,-0.19938821875417
ENSMUSG00000030301.18,-0.1395945990711475,-0.134999334316716
ENSMUSG00000030303.16,-0.4844223872047701,-0.478843619144285
ENSMUSG00000030304.12,-0.4529401229119045,-0.447985532886606
ENSMUSG00000030306.15,-0.8140810814671413,-0.816798370097634
ENSMUSG00000063171.7,0.2732893264926799,0.27706740588664
ENSMUSG00000040029.16,-0.5379484924314342,-0.533239766273722
ENSMUSG00000030309.17,1.2309720702696352,1.22581481753091
ENSMUSG00000039985.15,-0.1833878101066064,-0.172532297592989
ENSMUSG00000030313.16,-0.2952445945795678,-0.290687536581824
ENSMUSG00000107970.2,1.6351276802998127,1.61059268238442
ENSMUSG00000039958.18,-0.6164211437421504,-0.61115254785631
ENSMUSG00000068250.14,-0.0987741071863694,-0.0908038226766209
ENSMUSG00000032712.17,0.1395626666721258,0.14758910020327
ENSMUSG00000107470.3,0.1495641437814166,0.154007315476862
ENSMUSG00000068566.14,0.5296483421747828,0.537455634115328
ENSMUSG00000035674.14,-0.4579158981770905,-0.454121150202687
ENSMUSG00000006335.17,-0.0500420981398304,-0.0441467559410415
ENSMUSG00000008373.17,0.3417266320034065,0.346706420090424
ENSMUSG00000085039.3,0.373827185907817,0.371598180269517
ENSMUSG00000035632.17,0.0665160787781683,0.071175110510886
ENSMUSG00000078813.4,0.4000577405447102,0.401863833570122
ENSMUSG00000019734.17,-0.706823086351361,-0.704339024484818
ENSMUSG00000086032.2,-0.6940280882587633,-0.6848858622208
ENSMUSG00000035596.15,-0.2208993386402637,-0.216115229283236
ENSMUSG00000035585.17,-0.0260003959602264,-0.0218537692351164
ENSMUSG00000006333.15,-0.4918592087181164,-0.487080113978002
ENSMUSG00000058818.14,0.5439612226463096,0.53872820087997
ENSMUSG00000074417.10,0.5991144135399715,0.564138871394552
ENSMUSG00000030427.18,1.8024996399032869,1.78457182426511
ENSMUSG00000055541.20,0.916692447275028,0.907849357474988
ENSMUSG00000030428.17,-0.4756758581956243,-0.472129011752581
ENSMUSG00000035545.14,-0.3622259062094852,-0.357542861485449
ENSMUSG00000043432.8,-0.3241884931012799,-0.31948910246
ENSMUSG00000120885.1,-0.7635616918772706,-0.777944269007346
ENSMUSG00000063838.7,-0.6686553161666601,-0.671958521758772
ENSMUSG00000070873.6,-1.6117078439230783,-1.59635051265928
ENSMUSG00000081723.2,1.8723031183406784,1.86038692431608
ENSMUSG00000062524.5,3.525054993603637,3.3736534105581
ENSMUSG00000008435.16,-0.6905796028177734,-0.685847315580464
ENSMUSG00000019254.17,-0.0791639028634613,-0.0731758160142042
ENSMUSG00000108320.2,-0.2576731193626653,-0.257819873336025
ENSMUSG00000045282.8,0.3517183856906759,0.356758400009922
ENSMUSG00000052296.8,0.1062598146331579,0.110722821789516
ENSMUSG00000108477.3,-0.1381556650021553,-0.144160199825007
ENSMUSG00000063802.6,0.2143065057725327,0.221054920401777
ENSMUSG00000059851.16,-0.1442848096428067,-0.140051575814421
ENSMUSG00000051811.15,-0.0824911764024879,-0.0725706683272324
ENSMUSG00000092518.10,5.64208037658167,5.35760058156202
ENSMUSG00000030431.9,-0.3886824899505223,-0.387518101552457
ENSMUSG00000030432.13,-0.3919345411917778,-0.38719928471182
ENSMUSG00000060860.9,-0.2350186911083774,-0.230174692964276
ENSMUSG00000052605.13,0.2173667565941739,0.182322849247919
ENSMUSG00000086784.3,-0.4373993823602935,-0.431993955075778
ENSMUSG00000074406.6,-0.0701324569375173,-0.0557065455686902
ENSMUSG00000035279.9,1.4692891820296845,1.45838355457459
ENSMUSG00000051550.11,-0.1021008030769614,-0.0919426255734919
ENSMUSG00000061374.15,-0.1689714653360505,-0.16429583800083
ENSMUSG00000051184.8,0.0292068917928667,0.0318964988175636
ENSMUSG00000074405.9,0.4652635611953764,0.468889654848303
ENSMUSG00000043290.7,0.1220784697345934,0.127156962297968
ENSMUSG00000109274.3,-0.3828976161167554,-0.375597835247237
ENSMUSG00000030435.18,-0.0470263091018307,-0.0432317357175625
ENSMUSG00000035203.17,-0.1832373067691753,-0.178573467353263
ENSMUSG00000046792.9,-0.2335705155389555,-0.228692765143721
ENSMUSG00000108923.2,1.0371882341748435,1.01369239523083
ENSMUSG00000109108.2,-0.0029449875707061,-0.0179868098417122
ENSMUSG00000044876.16,0.462675963114167,0.4688997058645
ENSMUSG00000109165.2,0.8366358520141234,0.819694090506546
ENSMUSG00000054893.16,-0.3775869629875328,-0.380191667491214
ENSMUSG00000055150.16,0.2055219411776709,0.21861085268588
ENSMUSG00000062861.9,0.320237148887714,0.326350923861597
ENSMUSG00000002265.18,-0.903224368629328,-0.906604234391427
ENSMUSG00000062116.11,-0.0297768444769994,-0.0259721952041348
ENSMUSG00000034538.9,-0.2307576771280522,-0.224580248896457
ENSMUSG00000066838.8,-0.1234274068202189,-0.107847306110245
ENSMUSG00000000605.10,-0.6614316726491574,-0.656352912265623
ENSMUSG00000110243.2,-0.1990584783655314,-0.195469978079298
ENSMUSG00000034071.16,0.9013833164271148,0.893938787259378
ENSMUSG00000030386.20,-0.7056387099053156,-0.702148128227262
ENSMUSG00000057894.11,0.0260813524667299,0.0321970614998696
ENSMUSG00000058638.15,0.0438584126627984,0.0483555459923343
ENSMUSG00000060397.7,-0.1696421932000574,-0.166578774431739
ENSMUSG00000054715.12,0.4861262681697462,0.48666325905459
ENSMUSG00000012848.16,-0.1951481427760145,-0.190515540126537
ENSMUSG00000004500.10,0.5057012479154046,0.495213958712966
ENSMUSG00000033961.17,0.0086469504963838,0.0120915952290196
ENSMUSG00000030382.16,-0.6443974427759384,-0.639763228084882
ENSMUSG00000005566.15,-0.211180242614304,-0.206413763287962
ENSMUSG00000049600.10,-0.2476681548669349,-0.244456439877048
ENSMUSG00000033916.6,0.1390622805881364,0.143546521342603
ENSMUSG00000005575.17,-0.023255536021857,-0.0181483411815739
ENSMUSG00000070814.18,-0.044268673713449,-0.04665287304638
ENSMUSG00000056394.21,0.6224997257358473,0.596979722604111
ENSMUSG00000030378.16,-1.315888928994056,-1.31114693373765
ENSMUSG00000094156.3,0.8904617229112153,0.87220553713001
ENSMUSG00000098290.2,-1.0385308583268051,-1.01565073747587
ENSMUSG00000120336.1,-2.0867804197336475,-2.02856469329995
ENSMUSG00000099242.2,-0.2929033075939379,-0.296400963832889
ENSMUSG00000100586.3,-0.9907862782103612,-0.951521887686276
ENSMUSG00000099055.2,-1.4365466996700609,-1.38345908757905
ENSMUSG00000098330.2,-1.5341551258045083,-1.52685162504679
ENSMUSG00000041571.11,1.470332045251196,1.47428424201138
ENSMUSG00000041560.13,-0.1561577025023395,-0.1509903718748
ENSMUSG00000074364.7,0.4238615902750192,0.43561346167589
ENSMUSG00000070808.5,0.3356455635290705,0.340436568433719
ENSMUSG00000109984.2,0.2268030429812652,0.205572226957238
ENSMUSG00000120250.1,-0.1734028777101029,-0.180616980766408
ENSMUSG00000006024.14,-0.0136093865146013,-0.0087840900506901
ENSMUSG00000006021.6,-0.1654263833964818,-0.16245136974663
ENSMUSG00000041420.19,-0.0395025409161568,-0.0603780052647213
ENSMUSG00000006019.16,0.5655342004477589,0.570134725701507
ENSMUSG00000074361.12,-0.5707951257596742,-0.514965283056026
ENSMUSG00000049130.7,-0.1204197549166177,-0.106481415356697
ENSMUSG00000091811.3,-0.014713479716902,-0.0099060302888656
ENSMUSG00000041375.20,0.0365529904764777,0.0417917073997589
ENSMUSG00000002083.14,0.1294398361384816,0.149161494346042
ENSMUSG00000052833.10,0.4050078576563894,0.409307298382664
ENSMUSG00000059273.10,0.4165763523674118,0.421392592349075
ENSMUSG00000019158.10,0.215275530023323,0.219831013525428
ENSMUSG00000058230.14,0.0382691697120679,0.0423927943263151
ENSMUSG00000008036.12,-0.0871269015460921,-0.0823661383266697
ENSMUSG00000001918.18,1.482670825642319,1.47165930155033
ENSMUSG00000048920.9,0.3429422584454698,0.349890828894706
ENSMUSG00000030374.16,0.3376148210383591,0.342684798263853
ENSMUSG00000041187.17,1.3100191260123075,1.30890042038397
ENSMUSG00000019370.11,0.6399038621355083,0.64375901159411
ENSMUSG00000003099.12,0.0511926326690341,0.0559432674205295
ENSMUSG00000040987.16,1.7891503713189263,1.78205096061378
ENSMUSG00000074358.10,0.5223828426265078,0.524680603407927
ENSMUSG00000048481.16,-0.5031095010838791,-0.501181813200306
ENSMUSG00000086533.4,-0.5887011185196077,-0.583584150728956
ENSMUSG00000044030.5,0.008635030034458,0.0132973486350021
ENSMUSG00000040891.7,-0.2275552010184696,-0.221473920669726
ENSMUSG00000023118.16,0.3934497400723233,0.397439906897776
ENSMUSG00000030410.17,-0.0807452008426995,-0.0729056987180897
ENSMUSG00000030409.17,-0.7399271237032771,-0.740043623270569
ENSMUSG00000040841.6,0.3039181146866353,0.295699438772518
ENSMUSG00000050428.8,0.0241510895763688,0.0289109323691218
ENSMUSG00000030407.3,-0.1540905682365828,-0.151692841855076
ENSMUSG00000040824.4,-0.0079651917945097,-0.0033405905058964
ENSMUSG00000040811.16,0.8340768711072256,0.834145490040336
ENSMUSG00000052214.10,0.0552296778159058,0.0602710288777395
ENSMUSG00000030403.10,0.5669389367230001,0.572666534853793
ENSMUSG00000003549.10,0.3537369951366804,0.34997653070323
ENSMUSG00000047649.10,0.077084931657943,0.0835852577282072
ENSMUSG00000040734.15,-0.1260774867421072,-0.131219196578636
ENSMUSG00000030400.18,0.4201305101592583,0.422994654420513
ENSMUSG00000097231.3,0.2163160366954393,0.228761358625772
ENSMUSG00000040714.15,0.4725841377914071,0.477266927095639
ENSMUSG00000030397.12,0.0752851804206448,0.0800983616822497
ENSMUSG00000011263.18,-0.1198742603332974,-0.114509551575989
ENSMUSG00000057667.8,-0.1766060936152833,-0.175266798989853
ENSMUSG00000002043.18,0.0813772405535206,0.0888205262623095
ENSMUSG00000051403.10,-0.0146767224389678,-0.0103350803748428
ENSMUSG00000044709.7,-0.0128388649390409,-0.0078306331778198
ENSMUSG00000061028.8,0.0054180701905956,0.0117104885183927
ENSMUSG00000002983.19,1.57221623873444,1.5744337280325
ENSMUSG00000002981.11,0.2187165466404638,0.223685538725582
ENSMUSG00000002992.18,0.2572300832704226,0.263347622695955
ENSMUSG00000074336.6,-0.4769743703385981,-0.472310170856897
ENSMUSG00000040564.15,-0.4419380560814717,-0.437403437023295
ENSMUSG00000002985.17,-0.4883143739431733,-0.483706128209677
ENSMUSG00000002984.18,0.0104037301589503,0.0150701834745802
ENSMUSG00000092381.2,0.1703573333513527,0.177019099856226
ENSMUSG00000062300.15,0.0788659590003227,0.0828220368633409
ENSMUSG00000002980.15,0.7005717705344079,0.746951460983631
ENSMUSG00000040525.14,0.531853000007372,0.536523551118452
ENSMUSG00000053175.18,0.1126596669468599,0.123882594294297
ENSMUSG00000087206.2,0.1369495961022515,0.126494337722258
ENSMUSG00000087593.2,0.4607720307571915,0.450626156996124
ENSMUSG00000040511.15,-0.0442176261880498,-0.0361007046586607
ENSMUSG00000109325.2,1.2571008519717393,1.25840112095198
ENSMUSG00000057101.9,-0.360519513884633,-0.355861509974014
ENSMUSG00000052675.12,-0.3094092993306534,-0.341878086106443
ENSMUSG00000047603.10,-0.164476883383261,-0.164138014804853
ENSMUSG00000087598.10,-0.1887902943925702,-0.190425544318674
ENSMUSG00000074283.6,-0.4183404705674893,-0.394369997331961
ENSMUSG00000030486.10,-0.3910793226117527,-0.404784542478545
ENSMUSG00000055305.16,0.0831704586233733,0.0869085386919753
ENSMUSG00000074282.11,-0.4815225302655362,-0.487395321274317
ENSMUSG00000002210.12,-0.0105012947018886,-0.0028207003243501
ENSMUSG00000054793.9,0.242158596386608,0.23568714412363
ENSMUSG00000064264.15,-0.0979825125973116,-0.0776051837391517
ENSMUSG00000041037.9,0.1675594066543106,0.171142127084143
ENSMUSG00000051768.10,0.270605877676991,0.274085866696536
ENSMUSG00000064254.7,0.7659073088709455,0.770076893481633
ENSMUSG00000074277.5,0.4387817916043594,0.429735191827882
ENSMUSG00000091955.3,2.081843686037737,2.04382469692273
ENSMUSG00000040952.17,-0.2899846602718374,-0.285380971096348
ENSMUSG00000040940.19,0.1722843976917477,0.17673230757712
ENSMUSG00000003380.12,-0.8752179130411927,-0.869721077321563
ENSMUSG00000003378.10,-0.5759733018607616,-0.579929959499516
ENSMUSG00000045252.12,-0.254078852323824,-0.248543698703353
ENSMUSG00000008496.20,0.7452998881311547,0.747465092705049
ENSMUSG00000054499.10,-0.4417848539115771,-0.434162002310516
ENSMUSG00000108523.2,-0.2197223072989569,-0.204862582873449
ENSMUSG00000046541.10,-0.1458318281722751,-0.144163457341783
ENSMUSG00000057177.13,-0.0523891804681002,-0.0474558730088505
ENSMUSG00000090330.4,0.0480567817701115,0.0531487671558813
ENSMUSG00000040857.16,0.1332185334034204,0.138399738825241
ENSMUSG00000005442.14,0.3080221301890645,0.315796141837752
ENSMUSG00000005447.13,-0.1260334610731178,-0.141092606806671
ENSMUSG00000045039.10,0.7329540845638538,0.732080720634274
ENSMUSG00000053714.10,-0.0411050468718333,-0.0338326560852133
ENSMUSG00000003123.16,0.0015768386000408,0.0049763959692395
ENSMUSG00000074272.11,0.2559568509611888,0.260620889253475
ENSMUSG00000054385.15,1.9471441670853475,1.89179768241359
ENSMUSG00000057229.12,-0.628693911115499,-0.624035095224732
ENSMUSG00000060376.8,-0.6181063595377344,-0.613353220221503
ENSMUSG00000061286.8,-0.4287295274758493,-0.424217754537682
ENSMUSG00000063439.8,-0.8247303961903105,-0.809428039682217
ENSMUSG00000002603.16,-0.0230042034031652,-0.01297004345661
ENSMUSG00000002608.9,0.4635754789106605,0.46819775254559
ENSMUSG00000040725.14,0.2031671350210377,0.207463106384625
ENSMUSG00000002602.17,0.1949701675405866,0.200272252330587
ENSMUSG00000030483.15,2.826448391518335,2.85515002465204
ENSMUSG00000040660.7,1.5524652834273738,1.53680720858338
ENSMUSG00000074254.5,0.4486040556366832,0.490594403045732
ENSMUSG00000049685.9,-0.9167016731219042,-0.912847673057265
ENSMUSG00000005547.15,-1.3014734117464724,-1.29691225180569
ENSMUSG00000091867.3,-0.5752130709678859,-0.577920499989092
ENSMUSG00000060407.7,-0.2322216690734962,-0.227468797539787
ENSMUSG00000052974.9,-0.8232149495624931,-0.818255999212647
ENSMUSG00000086868.2,-0.7707615346880428,-0.765809285774682
ENSMUSG00000078787.10,-0.5460986922005985,-0.509063528138312
ENSMUSG00000058709.12,-0.1241956341342548,-0.120387469955966
ENSMUSG00000061479.16,0.2497928235182842,0.254304199588301
ENSMUSG00000078786.10,-0.3578751790595587,-0.35196283496773
ENSMUSG00000003752.10,-0.3103237087066082,-0.306318433896443
ENSMUSG00000003762.14,-0.014955705668946,-0.0120262830406983
ENSMUSG00000084974.2,0.0926455536134617,0.0904179772697913
ENSMUSG00000040488.20,-0.930929150713433,-0.922771160782855
ENSMUSG00000089832.9,1.078833707400461,1.08302637384297
ENSMUSG00000040466.17,-0.1706617677169417,-0.168213919059798
ENSMUSG00000082016.4,-0.3808382224412048,-0.372982179388025
ENSMUSG00000055200.8,0.1816369079732989,0.186718796566311
ENSMUSG00000008384.9,0.2533650329971648,0.254853290585133
ENSMUSG00000003363.16,0.1619572184240267,0.166779079466902
ENSMUSG00000049643.16,0.5548720373292063,0.553015640685287
ENSMUSG00000004056.17,-0.3135534915543339,-0.309435368050172
ENSMUSG00000040390.14,-0.7892189239975971,-0.784478183399413
ENSMUSG00000037640.16,0.0148206691473016,0.0197183389095982
ENSMUSG00000030604.10,-0.3148825803321753,-0.309289152811459
ENSMUSG00000078779.5,0.3734939295082944,0.374072011115034
ENSMUSG00000020420.9,0.0139721474238739,0.0189826047500485
ENSMUSG00000070709.13,0.4310254293380746,0.42745967281691
ENSMUSG00000063047.10,0.4479131435906973,0.451901545703771
ENSMUSG00000030603.17,0.4701076669860238,0.475340381006828
ENSMUSG00000109262.2,0.633365842931971,0.563976732219206
ENSMUSG00000047730.18,-0.1931548033660987,-0.197880162029889
ENSMUSG00000046865.8,-0.0679103078128195,-0.0631420581442321
ENSMUSG00000002409.19,-0.1143699343784248,-0.11454665295823
ENSMUSG00000070705.4,0.6043286052071153,0.619239610294773
ENSMUSG00000003438.18,0.1269274218433075,0.130934078166561
ENSMUSG00000003435.10,0.4391727309705526,0.442569249019905
ENSMUSG00000109168.2,0.3700837892656433,0.372554182827515
ENSMUSG00000037563.16,-0.5804621090882542,-0.575554886748163
ENSMUSG00000037552.18,0.2338766011602531,0.248078799817496
ENSMUSG00000044786.7,-0.1996006768880852,-0.195780506078028
ENSMUSG00000109455.2,-0.4388358980212176,-0.439146859740768
ENSMUSG00000003444.9,0.0954097029538715,0.09876582161359
ENSMUSG00000003437.15,0.1343945187581905,0.138859847640089
ENSMUSG00000109336.3,0.2439327864701203,0.249154805370938
ENSMUSG00000060791.16,-0.3982638788626942,-0.398714706312604
ENSMUSG00000030602.14,0.28403436320463,0.289968245678206
ENSMUSG00000030598.16,-0.652895152646507,-0.654488676941989
ENSMUSG00000045948.9,0.2574017354159406,0.262844541972358
ENSMUSG00000070699.6,-0.1390208667599861,-0.137001302360454
ENSMUSG00000030595.16,0.3822172889444856,0.386544015921053
ENSMUSG00000015149.15,-0.2219492995961616,-0.217089896229717
ENSMUSG00000051735.8,0.5594200935755829,0.548547698784768
ENSMUSG00000015165.17,0.0841102774774055,0.0888499952708859
ENSMUSG00000053898.13,-0.7760672897920942,-0.771175436711721
ENSMUSG00000053964.18,-1.1926297106271273,-1.18827026347433
ENSMUSG00000054083.9,0.4713525971590055,0.47558708845467
ENSMUSG00000054808.16,0.5901346069642704,0.594507325137557
ENSMUSG00000053565.11,-0.1305527186233275,-0.125666167476135
ENSMUSG00000037337.12,0.3192695453310588,0.304786522422032
ENSMUSG00000030589.17,-0.2497231565347868,-0.249512813588599
ENSMUSG00000030590.16,-0.1643672301175837,-0.160862997628912
ENSMUSG00000099098.6,-0.0872286698808919,-0.0528279711244571
ENSMUSG00000030591.18,0.1136621752573523,0.118408239689546
ENSMUSG00000046410.11,-0.4282836626878943,-0.431804332425612
ENSMUSG00000030588.13,-0.4302880252961074,-0.42493568171446
ENSMUSG00000030587.6,0.5117858321942319,0.513914314398787
ENSMUSG00000074227.13,0.1591970297391735,0.163753048169183
ENSMUSG00000037166.6,-0.0316315145909445,-0.0443037434446397
ENSMUSG00000030583.17,-0.2761167933235751,-0.269748287588391
ENSMUSG00000046185.11,0.1966192499468116,0.19603047915202
ENSMUSG00000047473.15,-0.3773265001969916,-0.381868371621775
ENSMUSG00000011427.17,0.0911816999426162,0.0971375772527459
ENSMUSG00000050855.17,-1.1958420949240842,-1.18463030485014
ENSMUSG00000058402.15,-0.5451324212674661,-0.550244507353239
ENSMUSG00000062040.15,0.6430330722010613,0.642036835057388
ENSMUSG00000099689.7,-0.3724103580105257,-0.370694962353865
ENSMUSG00000059975.16,0.6165575512809361,0.631643161706874
ENSMUSG00000074221.13,0.4298551000437048,0.433208248162206
ENSMUSG00000078768.3,0.4311316678056319,0.410766597616028
ENSMUSG00000049421.14,0.0090179008406511,0.0138683402076995
ENSMUSG00000037029.9,0.087720509429902,0.0915984382932662
ENSMUSG00000121377.1,-1.2297822575896291,-1.22815739593217
ENSMUSG00000001794.14,0.1699257530455243,0.174280542779612
ENSMUSG00000006095.13,0.450173391087144,0.45467132425089
ENSMUSG00000019738.16,-0.4968078600945076,-0.490316800104355
ENSMUSG00000037020.17,-0.4989679594253795,-0.49686084340792
ENSMUSG00000042831.14,0.2461428842271666,0.255491961830347
ENSMUSG00000121129.1,0.1241737637785935,0.130809910491307
ENSMUSG00000074211.5,-0.1423978781161545,-0.136451224472365
ENSMUSG00000036957.9,1.9304181198112724,1.93792395443069
ENSMUSG00000030579.11,0.1521841413236045,0.152535984639223
ENSMUSG00000036892.13,-0.7433963390969562,-0.738818964766464
ENSMUSG00000036864.17,-0.1350335355416936,-0.154754725595161
ENSMUSG00000036854.15,-0.4201753957768855,-0.417415611203529
ENSMUSG00000036845.13,0.4622108123754367,0.461245598824423
ENSMUSG00000036835.8,-0.2749509520147668,-0.27024767689064
ENSMUSG00000109378.2,-0.3747321769596513,-0.373412175485815
ENSMUSG00000006307.17,0.0531369158925877,0.0582351912306828
ENSMUSG00000006310.11,0.010780529421126,0.0123327252479609
ENSMUSG00000036751.8,-0.5183733275643171,-0.513688787153703
ENSMUSG00000078762.11,-0.1122850609955817,-0.118896097832851
ENSMUSG00000006315.10,-0.1880628627349737,-0.183275361747635
ENSMUSG00000097320.9,-0.414368693659674,-0.403650977420875
ENSMUSG00000061099.13,-0.7289785183852582,-0.711998964383262
ENSMUSG00000120950.1,-0.926866382501689,-0.921038535740803
ENSMUSG00000030577.15,0.1170554594724212,0.110263139179221
ENSMUSG00000108546.2,-1.054213482205582,-1.04900565543104
ENSMUSG00000056978.9,-2.9825129710901264,-2.92343743337848
ENSMUSG00000050440.9,0.132634590097728,0.135992451532894
ENSMUSG00000058239.14,-0.6816266301453667,-0.676793486268271
ENSMUSG00000090357.2,0.3029393959346874,0.306998027300175
ENSMUSG00000097750.3,0.7297966185040304,0.734112421571535
ENSMUSG00000001247.17,0.9674325433210862,0.971925377390498
ENSMUSG00000046826.8,1.428972541352309,1.42923456879524
ENSMUSG00000009687.15,1.3349663189042515,1.32879728236908
ENSMUSG00000036570.15,-0.2620183987792788,-0.256360548710999
ENSMUSG00000036560.15,2.3827694429972306,2.30674919737696
ENSMUSG00000057092.13,2.263361572727196,2.15101235906213
ENSMUSG00000001249.15,-0.0865804792858355,-0.0818723660039121
ENSMUSG00000019194.16,0.5004731667188581,0.500652423334957
ENSMUSG00000001248.16,-0.0661564221188214,-0.0608395782866381
ENSMUSG00000036459.16,0.207467494599636,0.197344095997309
ENSMUSG00000052997.16,0.2526979399717728,0.25695984102485
ENSMUSG00000002635.12,-0.0519512115220326,-0.0455077681189902
ENSMUSG00000036427.6,0.2691402224798215,0.273767687073986
ENSMUSG00000086526.3,-0.0046417775035614,-0.0048640764151348
ENSMUSG00000085105.3,0.0073816622429305,0.0088739289023584
ENSMUSG00000066571.14,0.1547669799746751,0.156812345548474
ENSMUSG00000066568.13,-0.0098709178777252,-0.0053308993970029
ENSMUSG00000030499.10,0.1371545545856837,0.14121312213953
ENSMUSG00000085923.3,0.1184914690517837,0.12097490972445
ENSMUSG00000063931.15,-0.08799591920102,-0.0836463931912229
ENSMUSG00000056216.10,-0.6852590029108083,-0.680325265393383
ENSMUSG00000108624.2,-0.3713848772618732,-0.365075507807274
ENSMUSG00000034957.11,-0.4458935065552213,-0.440867824032552
ENSMUSG00000108575.2,0.3117683303334541,0.299602389359905
ENSMUSG00000030495.13,-2.173685826901258,-2.14002170319072
ENSMUSG00000001802.17,-1.6286165646325343,-1.62217695110403
ENSMUSG00000063808.15,0.4160921908589889,0.420605936724282
ENSMUSG00000030494.15,-0.1201459810097,-0.113154657466557
ENSMUSG00000030493.14,0.5550877115438808,0.559033113889919
ENSMUSG00000023072.15,0.2898525259446873,0.295139145203278
ENSMUSG00000034875.6,-0.222534946491252,-0.217664417373305
ENSMUSG00000097509.2,-0.5349866952206779,-0.518801120005757
ENSMUSG00000034867.17,0.1597946554341635,0.16471562172818
ENSMUSG00000030417.16,-0.0822325112728664,-0.0778497960857383
ENSMUSG00000043671.15,0.2742275158410664,0.278796524289759
ENSMUSG00000044452.11,0.0196322922393365,0.0254774708747696
ENSMUSG00000021217.8,-0.1081764182472728,-0.100950972925417
ENSMUSG00000101342.2,-0.4666343860827779,-0.460418021222246
ENSMUSG00000100616.2,-0.0957777368398141,-0.12913127188416
ENSMUSG00000030421.10,-0.4844076430248297,-0.47931262133199
ENSMUSG00000002068.17,-2.2589340147689905,-2.23555488629673
ENSMUSG00000108332.2,-0.2321736325910665,-0.227716513130361
ENSMUSG00000054676.18,-0.1806296830506813,-0.175762080782084
ENSMUSG00000074170.6,-0.3431543910208434,-0.345029546104562
ENSMUSG00000030423.8,0.4185852915143978,0.415797828965806
ENSMUSG00000068959.7,0.1459844327212206,0.14366438430002
ENSMUSG00000108621.3,-0.4932442321836819,-0.488861961768862
ENSMUSG00000109083.3,-2.162269100596882,-2.15671938844723
ENSMUSG00000056383.11,0.0117683547121504,0.0162154936925709
ENSMUSG00000091864.2,-0.8304562068351178,-0.850265429441154
ENSMUSG00000066537.6,-0.4210810154923803,-0.424494322459116
ENSMUSG00000074166.8,0.0499013387465013,0.0471729829446279
ENSMUSG00000091474.3,-0.3746998346152797,-0.370294784829617
ENSMUSG00000074165.11,0.4297795252326126,0.432567809529215
ENSMUSG00000092416.3,-0.0647300919540533,-0.05706038410254
ENSMUSG00000092335.3,-0.6076071180177801,-0.603975382212189
ENSMUSG00000074158.10,0.2327575746802752,0.233598750795119
ENSMUSG00000069727.6,0.3580311048116532,0.366732188139888
ENSMUSG00000012640.17,-0.548666061287042,-0.543926845099299
ENSMUSG00000004610.5,-0.5152920341733548,-0.510227416705225
ENSMUSG00000070604.6,0.3349111887424452,0.33429468452316
ENSMUSG00000004609.12,-2.435192402402421,-2.35500016399161
ENSMUSG00000056592.15,-0.5280337317016139,-0.509803444590946
ENSMUSG00000030469.11,-0.1473771275040052,-0.1498921523981
ENSMUSG00000030474.10,1.3428226438792787,1.34639512067127
ENSMUSG00000038888.9,0.3145776044584858,0.321284608893016
ENSMUSG00000066513.5,0.9905290214640732,1.00926942642477
ENSMUSG00000045411.17,-0.3727319407192621,-0.374243957569271
ENSMUSG00000004473.11,-0.5730536598970611,-0.576514423745775
ENSMUSG00000030731.14,-1.945479131078441,-1.93177758824749
ENSMUSG00000038704.13,-0.0928553423219889,-0.0882127443057853
ENSMUSG00000038695.14,0.3389096328611453,0.343654529697888
ENSMUSG00000098661.3,0.1868694705378749,0.166367115094659
ENSMUSG00000008140.19,-0.1317101370379145,-0.127124815844424
ENSMUSG00000038644.15,0.2880501071003407,0.29117036894007
ENSMUSG00000060601.14,0.0139571112720197,0.0186948494254456
ENSMUSG00000062785.15,-0.6573162898240404,-0.649611793392751
ENSMUSG00000108832.2,0.1900580548077277,0.215102131723944
ENSMUSG00000030739.20,1.0538855242540175,1.05682679673956
ENSMUSG00000002205.17,-0.1905015816172185,-0.18588148815732
ENSMUSG00000038539.16,0.1647527142521928,0.169934219389549
ENSMUSG00000109511.2,-0.0142626385537761,-0.0109927897207451
ENSMUSG00000074141.14,1.0713854813591877,1.06846980360632
ENSMUSG00000038520.16,-0.1726824910033367,-0.168216759569811
ENSMUSG00000011096.18,-0.2480893069655753,-0.243733739802197
ENSMUSG00000120971.1,-0.2176563539332824,-0.213694975556435
ENSMUSG00000002963.18,0.4981572638916081,0.502900911985838
ENSMUSG00000038502.18,-0.4719658444606345,-0.466916659168073
ENSMUSG00000002968.10,0.111455545031846,0.116376744622509
ENSMUSG00000109198.2,-0.0374291065776976,-0.0383473042791494
ENSMUSG00000011658.17,0.0696909765860029,0.0739348405235849
ENSMUSG00000060279.16,0.0970181739858628,0.10208263918581
ENSMUSG00000109324.3,0.2554234964486604,0.258429972209173
ENSMUSG00000087138.3,-0.8185531927169415,-0.812748186365583
ENSMUSG00000003190.13,-0.0675452666294341,-0.0614223149076432
ENSMUSG00000003184.16,0.1518043117481634,0.156841656111452
ENSMUSG00000038406.18,0.3704544902557817,0.374292994370351
ENSMUSG00000038387.10,1.0885837918371628,1.09277808892681
ENSMUSG00000046574.9,0.3562308070045903,0.36597435178721
ENSMUSG00000007837.12,-0.104902366431967,-0.100560655952797
ENSMUSG00000003421.14,0.7303202867301795,0.734130632858138
ENSMUSG00000019539.12,-0.4884548462886642,-0.48595426845457
ENSMUSG00000109947.2,-0.5034813767492077,-0.477279797924705
ENSMUSG00000003420.9,-0.571530020940366,-0.566626547100204
ENSMUSG00000110279.2,-0.3981784808051725,-0.393450976144792
ENSMUSG00000003429.12,-0.4448016975791632,-0.439969958134862
ENSMUSG00000074129.15,-0.1354309900794379,-0.12707658529956
ENSMUSG00000110206.2,0.6148499889005815,0.617641435736502
ENSMUSG00000007833.16,-0.5869834056695263,-0.582487985841478
ENSMUSG00000003423.16,-0.796146641956846,-0.790974410257482
ENSMUSG00000030798.16,-0.8120619647906235,-0.808196079003982
ENSMUSG00000046721.12,-0.7905729988969868,-0.784660424721415
ENSMUSG00000063511.12,-0.1112009500084802,-0.106318662561739
ENSMUSG00000003868.15,0.2023146424440031,0.210246993537036
ENSMUSG00000003865.17,0.2744866628059801,0.264986120265074
ENSMUSG00000050708.17,-0.1330935243817262,-0.128526518956555
ENSMUSG00000110350.2,-0.1159685370334201,-0.111320632739911
ENSMUSG00000003873.12,1.2150547989922271,1.21546007150104
ENSMUSG00000011382.9,-0.4418989462752246,-0.437116540942353
ENSMUSG00000023467.19,-0.1055108109541439,-0.11647650359032
ENSMUSG00000030824.18,-0.0661530606680912,-0.0616616395805562
ENSMUSG00000040435.13,-0.2662717320192907,-0.263315223077021
ENSMUSG00000040428.20,1.7476197910963152,1.72776086744323
ENSMUSG00000109644.3,-0.9458041753328398,-0.941053683028421
ENSMUSG00000030826.20,-0.7547393954241031,-0.750133867586766
ENSMUSG00000030827.6,-2.3903101346906586,-2.38333407567823
ENSMUSG00000044562.13,0.1891881350669972,0.19847313428179
ENSMUSG00000110357.3,-0.2101147071563628,-0.195781078637754
ENSMUSG00000059824.13,-1.0781163265529563,-1.07281866297971
ENSMUSG00000057342.16,-0.2011179761401907,-0.196384412039044
ENSMUSG00000059070.17,-0.2612275004715911,-0.256259939905786
ENSMUSG00000003269.20,-0.4164411982234474,-0.411415465693495
ENSMUSG00000110197.2,-0.4865423427139481,-0.472945706069243
ENSMUSG00000053801.19,0.2294017677575432,0.237760877457373
ENSMUSG00000002778.15,-0.1142104267978671,-0.109661727842132
ENSMUSG00000002781.20,-0.4233871337619456,-0.417879162527282
ENSMUSG00000040212.13,0.3231956868874213,0.313300894969891
ENSMUSG00000030834.8,-0.400359119194945,-0.395487141811869
ENSMUSG00000109702.2,0.0526399841736478,0.0659050910272807
ENSMUSG00000030835.7,-0.0888807088950463,-0.0840318224874163
ENSMUSG00000030839.13,0.2578155698558033,0.259527119817553
ENSMUSG00000006763.15,0.2885756430322612,0.292421321597109
ENSMUSG00000040026.9,7.243561753525403,7.23226006329847
ENSMUSG00000040017.9,0.2902425265251096,0.29556150451238
ENSMUSG00000074115.6,0.4379775319040937,0.442182106092018
ENSMUSG00000057465.6,0.6935532616074245,0.697680030351214
ENSMUSG00000014418.17,0.2618862544899433,0.266274009906797
ENSMUSG00000006599.14,-0.2243891490006505,-0.219647137843893
ENSMUSG00000087298.4,0.2518482972330901,0.260689996950817
ENSMUSG00000063229.16,-0.2656063675920496,-0.260838336825926
ENSMUSG00000014402.16,0.0432187351342795,0.0479066294705656
ENSMUSG00000043262.17,-0.5015416831956884,-0.496627699658902
ENSMUSG00000049516.10,0.0848055352779049,0.0860088779053969
ENSMUSG00000010307.8,-0.0809017367738902,-0.0864137835288049
ENSMUSG00000099889.2,4.9667768760546345,4.82171457256529
ENSMUSG00000030471.18,-0.0384183654789916,-0.0387178199553904
ENSMUSG00000030470.16,0.8826130192011316,0.886497409288855
ENSMUSG00000046179.18,-0.9380670511744256,-0.934511812831242
ENSMUSG00000085995.4,-0.756700768979758,-0.748742186769483
ENSMUSG00000052512.19,0.563952079776086,0.569882658598429
ENSMUSG00000039745.9,0.3726255133612067,0.37596060074579
ENSMUSG00000030505.18,-0.3308040910930399,-0.325927566559281
ENSMUSG00000108957.2,-0.843529998699613,-0.84080274302842
ENSMUSG00000092118.2,0.0746968819526704,0.0718113731507899
ENSMUSG00000030498.16,-0.0218596708394781,-0.0176898978851272
ENSMUSG00000074093.5,-0.8301619450625034,-0.828528189636289
ENSMUSG00000033790.12,0.0644682389030748,0.0694749757348745
ENSMUSG00000030447.16,0.164543061547229,0.16893787731233
ENSMUSG00000108701.2,0.4851056437657459,0.489554990215878
ENSMUSG00000030452.17,-0.2880232887094378,-0.282482215731128
ENSMUSG00000087178.9,0.5525716751691112,0.536376440189516
ENSMUSG00000108358.2,0.2414413846195634,0.220960794794142
ENSMUSG00000047037.6,0.6280429262030063,0.624934096767717
ENSMUSG00000108659.2,0.8463162971790459,0.882192886778644
ENSMUSG00000030451.17,-0.5295823323057954,-0.521785650154154
ENSMUSG00000025324.9,1.95522862835877,1.94096919754531
ENSMUSG00000109536.2,-0.6889888530098002,-0.68959590395958
ENSMUSG00000025326.13,-0.3519373130924615,-0.347811706118348
ENSMUSG00000108880.2,-0.2879341967625814,-0.282987371642828
ENSMUSG00000100826.7,-0.205765374327525,-0.200997144264433
ENSMUSG00000102252.6,0.1728048351265549,0.174830507028957
ENSMUSG00000109222.2,-0.7266531329561345,-0.697884922201885
ENSMUSG00000081788.3,-0.0415949032733272,-0.0323363647494399
ENSMUSG00000052040.11,-0.3739713271139828,-0.367654961463144
ENSMUSG00000098708.9,0.4204756138846033,0.404598821795327
ENSMUSG00000030522.15,0.0628956391310334,0.0677560024662175
ENSMUSG00000092187.2,0.1765257449416321,0.176130148209825
ENSMUSG00000033458.18,0.2641799452894435,0.267949301097845
ENSMUSG00000030521.12,0.1630093706252862,0.167274740134972
ENSMUSG00000033429.11,-0.2630165544584168,-0.258002520970507
ENSMUSG00000070520.5,-0.2186070135247944,-0.212398778538599
ENSMUSG00000030516.15,0.1946074505773924,0.199175088224102
ENSMUSG00000030515.10,-0.494378069465283,-0.489768481230544
ENSMUSG00000078681.11,0.0685885392433023,0.0712741937537893
ENSMUSG00000100094.3,-0.7426912845232216,-0.738404770226947
ENSMUSG00000093405.2,-1.1142401480929285,-1.0934714775645
ENSMUSG00000030513.15,-0.8745490042464743,-0.869503425982386
ENSMUSG00000030512.14,0.008271254542504,0.0111342766190511
ENSMUSG00000075701.11,-0.2212261687100266,-0.2159990380627
ENSMUSG00000032640.11,0.0792713767448894,0.0925263749838211
ENSMUSG00000015133.18,0.6115278695561333,0.616942448736441
ENSMUSG00000030509.18,-0.2365993136741201,-0.232749172191275
ENSMUSG00000053091.17,0.4939573919451747,0.499337926068298
ENSMUSG00000043831.13,0.2671266991921652,0.272064751803825
ENSMUSG00000030557.18,-0.0873085714381817,-0.0822587329084923
ENSMUSG00000030556.14,-0.2284054482646877,-0.222941825650199
ENSMUSG00000030555.17,0.2326538461018345,0.236994595921525
ENSMUSG00000109115.2,-0.2022241545851255,-0.195784189169938
ENSMUSG00000030554.17,-1.0639772749923582,-1.06865295402432
ENSMUSG00000005533.11,-0.4720679649132484,-0.461634234084472
ENSMUSG00000086628.9,-1.639820868705878,-1.63356396611685
ENSMUSG00000074071.13,0.0526260654097569,0.0585661220265823
ENSMUSG00000042659.16,0.0650742099178404,0.0782485398281115
ENSMUSG00000030551.15,-0.5182657543814507,-0.513687404411889
ENSMUSG00000100005.9,-0.5134093262199254,-0.500219031268406
ENSMUSG00000032776.10,-0.0946631040804668,-0.0907405639735131
ENSMUSG00000081895.4,-0.3978818899325367,-0.411917692946949
ENSMUSG00000078671.12,0.0754265649515793,0.0805157838875527
ENSMUSG00000101970.10,0.2447732559908668,0.249614070556369
ENSMUSG00000078670.4,-0.0924516593537125,-0.0942273955280883
ENSMUSG00000025790.15,2.2925818557221294,2.2809772129176
ENSMUSG00000066406.17,-0.0189772005878271,-0.013755949011288
ENSMUSG00000097415.4,0.485502147097074,0.48858508530881
ENSMUSG00000055652.15,-0.1258894638445298,-0.119989785269057
ENSMUSG00000030612.7,0.2894231552798016,0.291963854213712
ENSMUSG00000030611.11,-0.0256386706031008,-0.0212193395760172
ENSMUSG00000030610.14,0.1289416386572618,0.135541519779372
ENSMUSG00000030609.19,1.430413400925774,1.43464512301743
ENSMUSG00000039236.19,3.190065748157102,3.17432696590981
ENSMUSG00000030605.16,0.2014577493319956,0.208695853635682
ENSMUSG00000039202.13,-0.4602958550287007,-0.454622759594802
ENSMUSG00000039187.17,-0.3419364288521805,-0.334732567818828
ENSMUSG00000039176.18,-0.445202698213219,-0.439991802299595
ENSMUSG00000030545.10,-0.1943012585885489,-0.18940841581687
ENSMUSG00000108425.2,0.2295280068179697,0.230288465133251
ENSMUSG00000039099.8,0.9166647000761332,0.893847662945164
ENSMUSG00000039062.16,0.0584850622237671,0.063594290908096
ENSMUSG00000063801.8,0.2330599398828674,0.236465021149755
ENSMUSG00000097685.3,0.6918171995893906,0.698475932704669
ENSMUSG00000108350.2,-0.086485638957421,-0.0765288355995728
ENSMUSG00000039043.6,1.209258931996697,1.21359283889492
ENSMUSG00000048897.16,0.0283355635188237,0.033336047483913
ENSMUSG00000108655.2,-0.3798640264765967,-0.374096277289243
ENSMUSG00000030541.17,-0.4755711762782078,-0.470361345775742
ENSMUSG00000030539.14,0.3448701879910127,0.342787852256607
ENSMUSG00000030538.16,-0.075865970426742,-0.0707658640909085
ENSMUSG00000050973.12,0.2463727953572947,0.244383177590306
ENSMUSG00000045467.14,-1.190223927346349,-1.21072044945424
ENSMUSG00000047084.9,0.0647334976330622,0.0683141365182617
ENSMUSG00000030534.14,0.440752884733951,0.443455486308133
ENSMUSG00000038930.12,0.6007756816600482,0.603447821708027
ENSMUSG00000030533.17,0.4962004917497248,0.501152336066235
ENSMUSG00000030532.7,0.4236396496866114,0.425471402669012
ENSMUSG00000038886.11,-0.8870462256145056,-0.882223219120206
ENSMUSG00000053158.11,0.8576518780586206,0.864878014499532
ENSMUSG00000030530.16,0.1678872456004873,0.172430152920241
ENSMUSG00000108436.2,-0.0591096789943055,-0.0386779961139804
ENSMUSG00000030528.13,0.2467778463777661,0.256254049243758
ENSMUSG00000030527.16,0.417539715234067,0.416956420453757
ENSMUSG00000030536.11,1.0036685066467972,1.00676745547547
ENSMUSG00000038797.14,-0.0253030509403378,-0.0299366630526385
ENSMUSG00000025722.17,-0.4105192342133824,-0.40648587163993
ENSMUSG00000025724.13,-0.1042346946590512,-0.0996035658336107
ENSMUSG00000109367.2,1.422522928145822,1.39054631005935
ENSMUSG00000005621.12,0.138905436080384,0.142739658960951
ENSMUSG00000025584.18,-0.362094663887878,-0.357262492811578
ENSMUSG00000061787.16,-0.6498395206913794,-0.644719675948245
ENSMUSG00000025586.18,1.00275614293369,0.993694657421565
ENSMUSG00000097277.9,0.265926682132477,0.254627856428694
ENSMUSG00000104453.2,-0.3039032975442617,-0.294097463601571
ENSMUSG00000045795.11,0.3961230324726942,0.400543091008592
ENSMUSG00000109428.2,-0.583877388502932,-0.579189865518328
ENSMUSG00000025813.15,-1.2075634245639986,-1.20097480412327
ENSMUSG00000109194.2,-1.1165141365559477,-1.10612577166067
ENSMUSG00000038646.14,0.0145664737877185,0.0190113731689743
ENSMUSG00000025102.15,0.3306183973527041,0.333498177451172
ENSMUSG00000025103.9,-0.6417543121847388,-0.636795903387273
ENSMUSG00000038623.10,0.4631150932742683,0.483051708282781
ENSMUSG00000025104.14,0.3539427501072366,0.36006349849306
ENSMUSG00000038563.15,0.2400083803414079,0.244281747338462
ENSMUSG00000038540.15,-0.1198120134527137,-0.153143036722947
ENSMUSG00000087088.4,0.2021802701747191,0.217419040873141
ENSMUSG00000046027.18,-0.0323525804777625,-0.0275753189376173
ENSMUSG00000108825.2,-0.3502877157399935,-0.34106935713721
ENSMUSG00000001741.13,-0.536612892360858,-0.52495650290547
ENSMUSG00000063902.14,-0.0125916430605261,-0.0054190325656391
ENSMUSG00000070462.5,0.1831493159510204,0.181268220636612
ENSMUSG00000038503.16,-0.0383797088531606,-0.0342047859842558
ENSMUSG00000038459.11,0.028678420656649,0.0330371104632245
ENSMUSG00000097016.3,-0.1099528127429187,-0.117974719535842
ENSMUSG00000030630.17,-0.135506447188702,-0.130937229416032
ENSMUSG00000030629.16,-0.3910335345072385,-0.386346136742028
ENSMUSG00000085236.4,-0.3813761650281914,-0.370019508840097
ENSMUSG00000030562.18,-0.6504131214176114,-0.646085817079877
ENSMUSG00000030560.18,-0.0146738728329204,-0.0132138215930962
ENSMUSG00000109244.2,-1.183176521686801,-1.17112036140385
ENSMUSG00000039428.12,0.1944827416923568,0.199235048119343
ENSMUSG00000109327.2,0.072267739309534,0.114444582356122
ENSMUSG00000049791.5,-1.1055012344059785,-1.10215501684475
ENSMUSG00000039405.8,-0.2904503857089825,-0.267609620934204
ENSMUSG00000062797.15,0.3838754614721686,0.387639234607547
ENSMUSG00000030619.11,0.134816304539855,0.138779814043228
ENSMUSG00000097585.4,0.1098098498576987,0.122472062122078
ENSMUSG00000097162.4,-1.1721829543019395,-1.17177144881112
ENSMUSG00000039361.12,0.0199972875114944,0.0244726403644048
ENSMUSG00000109498.2,0.1274741533820201,0.110197113588261
ENSMUSG00000051451.7,-0.1299905293909931,-0.125180518152205
ENSMUSG00000030615.13,-0.0891156061916553,-0.0847347741205959
ENSMUSG00000030614.9,-0.1341179600454168,-0.129603582399739
ENSMUSG00000030613.14,0.3366955998564458,0.339996447678086
ENSMUSG00000041343.20,-0.0382180936831774,-0.0390345465082355
ENSMUSG00000098066.3,-0.0917403380665684,-0.0904644259790838
ENSMUSG00000102555.2,-0.1374386038606807,-0.129258329867122
ENSMUSG00000041328.17,-0.2205894161441191,-0.218293901574938
ENSMUSG00000098041.2,-0.3425540413890052,-0.32201695864046
ENSMUSG00000074024.7,-0.5529933816962659,-0.559628666046199
ENSMUSG00000030643.15,-1.0901974001321744,-1.09604197243624
ENSMUSG00000030641.11,2.592578001983695,2.58146471659719
ENSMUSG00000061119.8,0.1699121063405282,0.171147876078094
ENSMUSG00000018995.13,0.4052036714350402,0.410847360175849
ENSMUSG00000004508.7,0.7101724091233425,0.706598368185296
ENSMUSG00000035713.16,-0.2688507384431588,-0.278229741087249
ENSMUSG00000044952.6,-0.3026936568554251,-0.301468772379739
ENSMUSG00000035704.18,0.0577558610219872,0.0618702383976616
ENSMUSG00000030647.9,-0.3395166388096217,-0.334970472276864
ENSMUSG00000035686.9,-0.8792906272049082,-0.873758749676394
ENSMUSG00000025133.10,0.3739830584375064,0.378014865447559
ENSMUSG00000035642.17,-0.6062109777141144,-0.60596176659852
ENSMUSG00000035623.15,-0.0003450680836036,0.0040670909556959
ENSMUSG00000086993.2,0.5420458933681499,0.5423305350256
ENSMUSG00000025439.6,0.0488829714970094,0.0535054300005757
ENSMUSG00000042797.10,-0.2794067073039201,-0.27350660268149
ENSMUSG00000030774.14,0.6285072775908773,0.641729063828126
ENSMUSG00000030761.17,0.2618577847632568,0.265947529202513
ENSMUSG00000035547.15,1.0610941210160214,1.05497258369833
ENSMUSG00000030760.15,-0.4192878227341091,-0.416559178647008
ENSMUSG00000049580.13,-0.076158481212204,-0.0677265049355539
ENSMUSG00000090958.3,-0.225332767981092,-0.220579938806285
ENSMUSG00000035401.10,0.1354646976664196,0.140357779967647
ENSMUSG00000120382.1,-0.740896983022135,-0.724322058180276
ENSMUSG00000030753.16,-0.3015837830526661,-0.297043077825602
ENSMUSG00000035354.10,-0.15375620758833,-0.148454730575098
ENSMUSG00000109130.2,-0.1313868316913615,-0.126754569265348
ENSMUSG00000030747.6,-0.6084062713101526,-0.603507175839772
ENSMUSG00000070436.13,1.6024150416522582,1.60689510825279
ENSMUSG00000035314.11,1.2868182171959552,1.26388716534955
ENSMUSG00000030744.14,-0.5258170524198248,-0.521040747831173
ENSMUSG00000018909.16,-0.0977922958402772,-0.0863004701916028
ENSMUSG00000096606.3,0.7435428141488506,0.750292300743469
ENSMUSG00000097974.3,0.1222338335013952,0.156464336693529
ENSMUSG00000030737.18,0.1352328746909009,0.140005806107901
ENSMUSG00000085095.3,0.2445969619425209,0.247737009754704
ENSMUSG00000035239.7,1.218918555493372,1.23856289206419
ENSMUSG00000035227.8,0.0564483091780924,0.0609855009514977
ENSMUSG00000058761.6,0.2329664291757602,0.237873066681656
ENSMUSG00000030726.17,0.6325476124409527,0.63665319858166
ENSMUSG00000030725.5,-0.6329267052681669,-0.625725391791358
ENSMUSG00000030729.18,-1.680717960687239,-1.6698251644471
ENSMUSG00000030718.10,0.2934325459391492,0.297795592073269
ENSMUSG00000047248.21,-0.1679968176375038,-0.164037292631562
ENSMUSG00000099137.2,-0.2844486655634934,-0.295726441253008
ENSMUSG00000033685.14,0.4384515193081457,0.442091519320079
ENSMUSG00000044881.8,0.0984720079496192,0.104657518225964
ENSMUSG00000030706.18,-0.2092371125126772,-0.204609264332031
ENSMUSG00000030704.15,0.1848536920565202,0.189699590749582
ENSMUSG00000030701.18,-0.5739397885623329,-0.572311553339862
ENSMUSG00000029461.18,-0.0115340449793679,-0.0072047340785212
ENSMUSG00000032875.9,0.7281979434019688,0.737270689713585
ENSMUSG00000048779.6,-0.4211607218968602,-0.415793182994801
ENSMUSG00000032860.6,-0.4190823213979702,-0.408771610718918
ENSMUSG00000030691.16,-0.3555368439466557,-0.349879843570715
ENSMUSG00000047767.18,0.9065236292830836,0.911119356066608
ENSMUSG00000030688.16,-0.2626188175805292,-0.257950602166996
ENSMUSG00000110099.2,0.6446866587427518,0.63531320984358
ENSMUSG00000032812.19,0.5749189716208233,0.5794220866311
ENSMUSG00000109656.3,2.205036059886272,2.20780055614632
ENSMUSG00000001829.18,-0.5456564282990031,-0.540866492203643
ENSMUSG00000032737.14,0.0565748401524056,0.0622807106366913
ENSMUSG00000073985.4,-0.4956841490002494,-0.481398801684521
ENSMUSG00000032725.11,-0.3721485647412084,-0.389163076218496
ENSMUSG00000030649.19,-0.2503735139575613,-0.244991600217939
ENSMUSG00000078630.9,-0.3454248393037329,-0.339750040673478
ENSMUSG00000030842.13,0.1161404228897066,0.120105325888447
ENSMUSG00000064307.14,0.3405254458095206,0.331555980404574
ENSMUSG00000066306.14,0.1174888170888263,0.121937625660986
ENSMUSG00000070427.5,3.350708704024552,3.35357629498703
ENSMUSG00000070426.13,0.4479104913907205,0.452914531587038
ENSMUSG00000099481.7,0.8324687281194263,0.830084884173232
ENSMUSG00000063550.9,0.5633284638373663,0.570315101007907
ENSMUSG00000030990.19,0.6459080651238915,0.650007663634849
ENSMUSG00000073982.12,0.2005376055523061,0.204190842591683
ENSMUSG00000030987.6,0.314773340716119,0.319168367035017
ENSMUSG00000030978.11,0.0409936874645321,0.0430905454476119
ENSMUSG00000030966.14,1.5345147180053873,1.53543606073713
ENSMUSG00000073968.5,0.1962593955689893,0.176829484368855
ENSMUSG00000073940.4,-1.6538116620111905,-1.66096668904675
ENSMUSG00000052305.7,-1.1622264331784,-1.16337422429754
ENSMUSG00000072244.12,0.3856301195505696,0.391968882646563
ENSMUSG00000056144.15,1.480250928915796,1.47884374640546
ENSMUSG00000090215.11,2.283202563491039,2.27679725855148
ENSMUSG00000057143.16,1.7088476972576463,1.7095553203459
ENSMUSG00000052749.11,2.170825121988446,2.09906030948752
ENSMUSG00000030921.18,4.039094749467675,4.04194604323839
ENSMUSG00000057596.14,1.936858001860556,1.92168512269961
ENSMUSG00000094685.3,-0.8744134428349752,-0.857551243510499
ENSMUSG00000044465.20,-0.1945920487264953,-0.190004323797849
ENSMUSG00000078611.4,-0.998561146335094,-0.977224182475573
ENSMUSG00000037049.10,0.1145608541283311,0.119283562753692
ENSMUSG00000030895.10,1.2698389669467602,1.27446013518232
ENSMUSG00000036989.17,-0.2216298013415292,-0.216570821917942
ENSMUSG00000030881.16,-0.4931458554873378,-0.487488845935097
ENSMUSG00000089847.9,0.062056366176733,0.0654443877580683
ENSMUSG00000030882.20,-0.8921049854894937,-0.888190974717768
ENSMUSG00000030888.15,-0.2388090401843746,-0.234853193374966
ENSMUSG00000030890.17,-0.5294676330273869,-0.524515907451594
ENSMUSG00000043866.12,-0.4156371124893428,-0.41064536472818
ENSMUSG00000030894.6,0.0089603346090093,0.0134527449778863
ENSMUSG00000036862.16,-0.5277825442763591,-0.505023583811932
ENSMUSG00000030879.11,0.0139112589551468,0.0190446919299794
ENSMUSG00000086513.4,2.6819454511843,2.62700612405481
ENSMUSG00000078606.9,5.609245955446602,5.58177302257385
ENSMUSG00000053541.4,0.7793689761707525,0.76971037260649
ENSMUSG00000063286.10,3.1991622194803115,3.19111093003437
ENSMUSG00000051041.9,0.3260421550001648,0.331681334810109
ENSMUSG00000036528.17,0.395316210498453,0.396914055911135
ENSMUSG00000031029.7,-0.1941570897380012,-0.189815782263604
ENSMUSG00000046364.15,-0.5166145038755722,-0.511974257330461
ENSMUSG00000031024.14,1.8114609636438077,1.80680574203324
ENSMUSG00000031023.6,0.1387422715386108,0.144561880761341
ENSMUSG00000031021.14,0.3093021449856884,0.314081710041314
ENSMUSG00000035901.15,0.3157458385230786,0.320255841381366
ENSMUSG00000047554.15,-0.0076672445901208,-0.002270101467216
ENSMUSG00000066232.5,-0.155794540187743,-0.150862216047514
ENSMUSG00000073867.3,0.0123878107898461,0.0463872897798334
ENSMUSG00000061079.15,-0.1377863552117241,-0.137786804608479
ENSMUSG00000109904.2,-2.301132509112471,-2.26542045894823
ENSMUSG00000031016.10,-1.3802446556312546,-1.36949830819281
ENSMUSG00000031015.9,-0.2327491047213449,-0.235908263971388
ENSMUSG00000109799.2,-0.3490082120298609,-0.341467083812788
ENSMUSG00000038371.16,0.2180821050393174,0.223467629563566
ENSMUSG00000030790.16,1.9905057635005845,1.97686496272506
ENSMUSG00000119986.1,0.4625656536864992,0.426234910402047
ENSMUSG00000005686.18,-0.1473843397263859,-0.142718483902563
ENSMUSG00000030788.17,0.3899651872457237,0.394072332570509
ENSMUSG00000030787.5,1.5770552894722674,1.58012065321233
ENSMUSG00000005611.16,0.4149306628413919,0.418869580405704
ENSMUSG00000005609.17,0.3757834220252476,0.38012283396395
ENSMUSG00000005610.18,-0.0534897638082889,-0.0487836743681793
ENSMUSG00000038296.15,-0.0331145358429441,-0.0235939817111439
ENSMUSG00000059263.10,-0.011551417399109,-0.0067071673014316
ENSMUSG00000030772.7,0.8088532606317873,0.820947675336336
ENSMUSG00000038244.15,0.7788934977717605,0.78651373540403
ENSMUSG00000030770.16,-0.2965148534847257,-0.290951791003081
ENSMUSG00000055320.19,0.9165096652411272,0.915183268490579
ENSMUSG00000055116.9,2.85489022202552,2.86918226653393
ENSMUSG00000109959.2,3.391494380130847,3.26472279872159
ENSMUSG00000038187.15,0.20036601713847,0.215011132047954
ENSMUSG00000030759.17,-0.020063922383634,-0.0143728831189079
ENSMUSG00000038156.17,2.1248761939208523,2.1324197190446
ENSMUSG00000055723.7,0.0971121514262087,0.101696246622347
ENSMUSG00000030754.10,0.114674565444708,0.119255347530207
ENSMUSG00000030751.19,0.5131597826521852,0.517821022878901
ENSMUSG00000087475.5,-0.4001108193408628,-0.40356297920566
ENSMUSG00000030671.10,-0.103129866527723,-0.0982340414313367
ENSMUSG00000030670.17,-0.010918543757406,-0.0079678227256695
ENSMUSG00000048782.17,1.4961861657728757,1.49750872816075
ENSMUSG00000051910.14,-0.1524276150950247,-0.147730964027415
ENSMUSG00000030663.13,0.2978351944782639,0.30223297315908
ENSMUSG00000091900.4,-0.5681306813911973,-0.564702256253449
ENSMUSG00000045659.19,0.7618809846723226,0.769853630478596
ENSMUSG00000108650.2,6.011554007456599,6.79952863851516
ENSMUSG00000090862.4,-0.3299000642194983,-0.325194873476496
ENSMUSG00000108738.2,-0.1899496316476524,-0.185113975262581
ENSMUSG00000030660.10,-0.0244755185999357,-0.0195997656837268
ENSMUSG00000030659.15,0.5169835244429973,0.508371747891208
ENSMUSG00000107383.2,-0.1900538703300111,-0.188445913998906
ENSMUSG00000008683.17,-0.4245606177756543,-0.419907495046382
ENSMUSG00000030654.10,-0.1497612851814884,-0.145009144808984
ENSMUSG00000030655.16,-0.0590494912257091,-0.0539890683817722
ENSMUSG00000095115.3,0.2907938817518382,0.313735045127606
ENSMUSG00000030652.12,-0.098460519320861,-0.0991519822719668
ENSMUSG00000042246.6,1.0845030687025108,1.11080888966042
ENSMUSG00000109357.2,-0.2896990824838331,-0.274693182448435
ENSMUSG00000033917.16,-0.4089775790997817,-0.401650904420683
ENSMUSG00000033904.17,-0.0238922415269717,-0.0192265879861601
ENSMUSG00000030982.20,0.2532968559155256,0.257101071038886
ENSMUSG00000108979.2,0.5864145417538494,0.588773394566232
ENSMUSG00000030980.19,-0.1710368989223177,-0.16594333625254
ENSMUSG00000030968.4,0.0515481874645683,0.0552122001828638
ENSMUSG00000103258.2,0.3362834863219228,0.34338076205706
ENSMUSG00000098014.2,-1.10744062119522,-1.09011947782233
ENSMUSG00000030972.7,-0.2190159061927565,-0.21448298225146
ENSMUSG00000030945.18,-0.6870030152827457,-0.679949347778724
ENSMUSG00000033533.15,-0.209328485093987,-0.204521371820175
ENSMUSG00000109093.2,-0.1628650739253736,-0.1606764035433
ENSMUSG00000108884.2,-0.2297714188102749,-0.220179693557305
ENSMUSG00000030942.9,0.6308661157530506,0.63404859474131
ENSMUSG00000030935.16,-0.5949403331370114,-0.590172072238243
ENSMUSG00000030929.18,-0.5937047176666927,-0.588705067946295
ENSMUSG00000030924.17,0.2271722606162,0.232485816123145
ENSMUSG00000048787.14,0.3735525339279079,0.373817272282418
ENSMUSG00000030922.13,-0.1040044935629091,-0.104530123462822
ENSMUSG00000030917.14,0.3120561145701582,0.266482504985747
ENSMUSG00000030909.7,0.216298869278295,0.220943188096175
ENSMUSG00000030905.6,-0.0805535724442112,-0.0777778555362901
ENSMUSG00000030884.13,-0.3264527833668982,-0.32189901195761
ENSMUSG00000030887.5,-0.2621024923125827,-0.25699747868702
ENSMUSG00000108935.2,0.4873553889787252,0.469518070944804
ENSMUSG00000097343.3,0.3703312951122169,0.385360115402369
ENSMUSG00000046096.8,-0.4043479198720722,-0.399414094816322
ENSMUSG00000035064.18,-0.8534201694646005,-0.847938449778417
ENSMUSG00000085118.3,-1.37589594236947,-1.3221246854807
ENSMUSG00000030880.15,0.029004125665428,0.0338234563959321
ENSMUSG00000053358.3,-0.0221298156101006,-0.0139721330715737
ENSMUSG00000030876.8,-0.128030138624709,-0.123496676227991
ENSMUSG00000035004.4,0.279228438856546,0.280459948619111
ENSMUSG00000063317.8,-0.2934255378355595,-0.292230578070839
ENSMUSG00000034951.11,0.1130979017631468,0.117022259289807
ENSMUSG00000108511.2,0.5530942183047264,0.552686763262233
ENSMUSG00000030872.15,0.3567043165833912,0.361025095410475
ENSMUSG00000030871.12,0.1832754073393772,0.199470381431024
ENSMUSG00000030870.13,0.1535659966481531,0.157800633395853
ENSMUSG00000030869.12,-0.0373374767025835,-0.032666022144945
ENSMUSG00000108573.2,-0.1787799249727865,-0.17430656043515
ENSMUSG00000030868.7,0.3690278729625519,0.373320517890469
ENSMUSG00000030865.5,-2.2716258606694324,-2.26583825528474
ENSMUSG00000052889.12,-0.5804633843637732,-0.5873441079773
ENSMUSG00000030779.17,-0.1241217962247939,-0.119616407111165
ENSMUSG00000108452.2,-1.1262196243486589,-1.11389452938349
ENSMUSG00000052707.9,0.3669209165886853,0.371472818552861
ENSMUSG00000030766.16,0.0992213965707134,0.103819522151114
ENSMUSG00000030763.8,0.2642182499281088,0.26689350135844
ENSMUSG00000030762.12,0.9199817576304118,0.918851341203107
ENSMUSG00000108799.2,-0.53017776680059,-0.512508604438038
ENSMUSG00000030752.9,-0.5428185068882554,-0.535360110785029
ENSMUSG00000030750.14,0.7239172439740006,0.727807685253967
ENSMUSG00000030748.10,0.5320237797368972,0.536151320622089
ENSMUSG00000108524.2,0.6586592174642367,0.66855223519036
ENSMUSG00000032777.10,0.5395655818373382,0.544216180481243
ENSMUSG00000032743.16,0.0180047847686176,0.0244847922274687
ENSMUSG00000000131.16,0.1743372127968643,0.179056706454498
ENSMUSG00000042978.12,-0.1130616912864957,-0.101472988365948
ENSMUSG00000030741.16,-0.2723007423452219,-0.267156734652315
ENSMUSG00000030722.8,0.0557217807147077,0.0632673670655873
ENSMUSG00000030727.13,-0.8203681205108581,-0.816796678161381
ENSMUSG00000030733.11,0.0715634783069899,0.0761528169743178
ENSMUSG00000073838.11,0.0307620971609229,0.0347574498790999
ENSMUSG00000032637.16,-0.1096074447202178,-0.104735643090548
ENSMUSG00000030738.12,-0.1037582447555833,-0.0991477182354419
ENSMUSG00000030720.17,-0.092983784433816,-0.088695735959829
ENSMUSG00000042759.13,1.067001052364122,1.08170091946893
ENSMUSG00000066175.4,-0.934925199735804,-0.921648414605945
ENSMUSG00000030714.15,-0.0883700181369402,-0.0833409769728417
ENSMUSG00000030711.17,0.3570110561081581,0.361873615183461
ENSMUSG00000059772.13,-0.5103921284299264,-0.507769467362491
ENSMUSG00000047721.9,-0.4489695447294727,-0.446977924821696
ENSMUSG00000030707.16,1.6236845370987505,1.63660620366167
ENSMUSG00000063065.14,0.0948922749382718,0.0996014456810117
ENSMUSG00000042675.16,-0.7157709968356296,-0.710929542289202
ENSMUSG00000030697.8,0.1695166636832539,0.174178606531328
ENSMUSG00000030695.17,0.1381545387773178,0.14289106589729
ENSMUSG00000058966.14,0.3632199442976219,0.366147568845896
ENSMUSG00000052301.15,0.0141767679424568,0.0264060753049665
ENSMUSG00000030689.16,0.3779048530572751,0.380648552958795
ENSMUSG00000042606.10,-0.6006403067481243,-0.595930875551588
ENSMUSG00000059981.13,-0.0912290284336458,-0.0868098680754616
ENSMUSG00000060538.15,-0.3255022944985328,-0.321235789220851
ENSMUSG00000093768.2,-0.2822598753231524,-0.276852311544093
ENSMUSG00000030685.6,0.6306352519430855,0.603294576070838
ENSMUSG00000030682.5,0.112445387896104,0.116897345428004
ENSMUSG00000030681.19,1.0604428013050606,1.06496286894068
ENSMUSG00000030678.8,-0.290470413962765,-0.285188545679806
ENSMUSG00000030674.6,0.3621166180256381,0.366591819156857
ENSMUSG00000051457.8,1.5532179772821952,1.50716020460369
ENSMUSG00000042502.11,0.1536059057953464,0.158002087100941
ENSMUSG00000042492.13,0.2071442693250576,0.21106592268518
ENSMUSG00000000486.14,0.1672134916122094,0.125830394209895
ENSMUSG00000045598.11,0.1550225844465476,0.154714930934568
ENSMUSG00000054716.5,-0.623305136593213,-0.620799233323225
ENSMUSG00000042462.5,-0.6132087123721341,-0.607687907600716
ENSMUSG00000049091.8,0.0664027388841739,0.0711487101727245
ENSMUSG00000108806.2,0.1253034971069707,0.129964664836151
ENSMUSG00000030830.20,0.2295404020974205,0.233026584255507
ENSMUSG00000047371.8,0.1858661790472422,0.190003147241661
ENSMUSG00000054381.6,-0.1255820758992435,-0.125669838021599
ENSMUSG00000030823.7,-0.0392718661824368,-0.0281634632177634
ENSMUSG00000078580.4,-0.0784235588940811,-0.0736019484307925
ENSMUSG00000045757.7,-0.0365018095605387,-0.0327872129784737
ENSMUSG00000045251.14,0.511735683581754,0.502512782540824
ENSMUSG00000048921.12,0.4708041597604233,0.474148854026868
ENSMUSG00000086502.3,-0.2987182799208059,-0.308930180478784
ENSMUSG00000030822.16,-0.0846771389916463,-0.0791872796793682
ENSMUSG00000042423.10,0.1621397243788223,0.166086565277952
ENSMUSG00000101225.2,-0.3997019913664121,-0.425591544495515
ENSMUSG00000053877.14,0.1959980422675811,0.199625156085193
ENSMUSG00000107023.3,-1.1703517742039384,-1.18052793418427
ENSMUSG00000101845.2,0.0712706456340811,0.0757420347319889
ENSMUSG00000030815.12,0.0659950562737253,0.0706566956380778
ENSMUSG00000057176.5,-0.0871111934122486,-0.0828383845017013
ENSMUSG00000030816.9,0.5258280437919608,0.530199331340189
ENSMUSG00000108677.2,0.4060866037543482,0.432398853691245
ENSMUSG00000045639.15,0.1563501506505548,0.161189215914301
ENSMUSG00000030814.18,-0.0884700060224415,-0.0958081024067793
ENSMUSG00000042340.7,-0.1055924548250111,-0.0945187647574284
ENSMUSG00000030811.15,0.7252675717370998,0.728727444356223
ENSMUSG00000043964.15,0.2689439287931777,0.27319366892026
ENSMUSG00000042308.15,-0.0813138710794492,-0.0756208457119097
ENSMUSG00000108402.2,0.1626264784834625,0.167457976363585
ENSMUSG00000042289.12,0.0111881357910213,0.0144720041775332
ENSMUSG00000030806.7,0.8058041437349349,0.813402062802473
ENSMUSG00000030805.15,0.2916850643820166,0.294668562766845
ENSMUSG00000049728.15,0.3899364857104271,0.40077921156106
ENSMUSG00000049739.11,0.0795804351579328,0.0838708889574416
ENSMUSG00000044139.13,-0.6512417901707906,-0.65529054302118
ENSMUSG00000096145.3,-0.8398707019576686,-0.840671984510873
ENSMUSG00000030802.15,-0.0021204279921413,0.0018479717446862
ENSMUSG00000030801.11,-0.3531686313967971,-0.350072289593175
ENSMUSG00000030800.11,0.1432504566796634,0.17705924775642
ENSMUSG00000070371.12,0.3192490357794951,0.324314428266333
ENSMUSG00000030795.19,0.8158829656213049,0.819418652574296
ENSMUSG00000030793.5,2.3110274649713234,2.29100888424415
ENSMUSG00000042828.13,3.0380286786113366,2.98687445730188
ENSMUSG00000030786.19,1.9518425869297695,1.94233704384967
ENSMUSG00000030789.10,2.3483610745672703,2.31059886849733
ENSMUSG00000062944.5,0.5981485326156387,0.60154076271367
ENSMUSG00000042178.7,0.3247497773806194,0.328623451721178
ENSMUSG00000030782.18,1.1084126662812424,1.09731196475449
ENSMUSG00000030781.14,0.2835471447639419,0.285070619419694
ENSMUSG00000030780.16,0.3552130063215916,0.359054090682672
ENSMUSG00000030844.12,-0.3044039748299086,-0.322269520919756
ENSMUSG00000030846.17,-0.2306376224858204,-0.225929912222513
ENSMUSG00000030847.9,0.5032510298086182,0.508437341729103
ENSMUSG00000042105.19,0.0610653249595844,0.0654777443021769
ENSMUSG00000048170.15,-0.1353572006175835,-0.130615191314689
ENSMUSG00000108720.2,-0.7496642809162946,-0.747034719269229
ENSMUSG00000055319.9,-0.0214872963464224,-0.0166506861022591
ENSMUSG00000042055.14,0.2387854095072577,0.243249046358664
ENSMUSG00000030849.19,-0.2077554670774004,-0.20233133937168
ENSMUSG00000030850.18,0.1887075760574337,0.193546422693592
ENSMUSG00000040331.17,-0.1941994044611762,-0.190663520849545
ENSMUSG00000030852.19,0.7379359905901381,0.740584008034299
ENSMUSG00000040268.18,0.7138061545696275,0.718347306876493
ENSMUSG00000006205.14,-0.2318662731210633,-0.217545902738473
ENSMUSG00000040177.11,0.5163204104155513,0.524580666871412
ENSMUSG00000063179.14,-0.2067560048995876,-0.202711487598338
ENSMUSG00000040167.17,0.2139876808873123,0.216235653939061
ENSMUSG00000030861.16,-0.509760610210162,-0.505097613229086
ENSMUSG00000066979.7,0.1859635240743225,0.19103535321549
ENSMUSG00000030930.15,-0.2431523325954103,-0.226383919975734
ENSMUSG00000030934.10,-1.3218617816328886,-1.3170817712294
ENSMUSG00000030946.14,-0.6919311572443982,-0.685914341266477
ENSMUSG00000030956.16,0.9438440829659804,0.944634852014774
ENSMUSG00000030960.17,0.245933308153965,0.239773038846364
ENSMUSG00000030965.20,0.2042253129278104,0.208891745942505
ENSMUSG00000097595.3,-0.0301248972384409,-0.0217833037773395
ENSMUSG00000030967.16,-0.2509008552124243,-0.246007620051491
ENSMUSG00000030970.17,-0.2676647848147553,-0.265989673185134
ENSMUSG00000039990.17,-0.482414122400534,-0.476691563836399
ENSMUSG00000030979.14,0.5496668927464311,0.553937772899808
ENSMUSG00000030983.5,-0.0937735118053054,-0.0888729659912902
ENSMUSG00000030986.14,0.1154696682783617,0.120122358046203
ENSMUSG00000058325.7,0.1987476894865597,0.204363567057787
ENSMUSG00000041836.11,0.2751851409885764,0.275154613056378
ENSMUSG00000031004.9,0.0052731989338227,-0.0001152362216334
ENSMUSG00000054612.5,0.8496171780952528,0.84488140332305
ENSMUSG00000040139.15,-0.7939677793208684,-0.784560633106685
ENSMUSG00000031068.9,0.250104406737149,0.254571160441746
ENSMUSG00000041775.8,-0.0493966146052908,-0.0484846172854232
ENSMUSG00000041769.14,-0.4390539347311153,-0.434680153482698
ENSMUSG00000078566.9,-0.8078803765466617,-0.802920947218628
ENSMUSG00000109881.2,-0.8469771036307812,-0.841837461922366
ENSMUSG00000060260.14,0.0345822261684405,0.0362361838728052
ENSMUSG00000025477.15,-0.1058003181792052,-0.101024285073076
ENSMUSG00000025474.10,0.5641389987539835,0.568063961646192
ENSMUSG00000025470.12,-0.91383098091964,-0.905777185991368
ENSMUSG00000025466.20,-0.3434282600826396,-0.336390872544753
ENSMUSG00000025465.14,-0.0970766679931132,-0.0925072159735745
ENSMUSG00000025464.16,0.2009552723970166,0.205892833350342
ENSMUSG00000039018.16,-0.3432177471025625,-0.338482807219697
ENSMUSG00000025479.10,-1.787925170357029,-1.78307934574359
ENSMUSG00000060314.14,-0.084135675667507,-0.0587664183107614
ENSMUSG00000025481.13,-0.1970005441226162,-0.191904541191952
ENSMUSG00000099590.2,-0.2327043040235021,-0.227895892114174
ENSMUSG00000025484.10,0.0342130235036093,0.036964318349281
ENSMUSG00000025485.14,-0.0172782900662555,-0.0130305499054891
ENSMUSG00000025486.18,-0.2031033313973933,-0.197989846894008
ENSMUSG00000025487.16,0.3313966521168357,0.335069941726207
ENSMUSG00000083396.2,0.3092839567793662,0.314805025642016
ENSMUSG00000109628.3,-0.845132369887577,-0.840678151223278
ENSMUSG00000038745.16,-0.2479826419179155,-0.24322202386489
ENSMUSG00000062031.14,0.2936505325036174,0.298223082818224
ENSMUSG00000060591.10,0.7739400192175638,0.778240464294512
ENSMUSG00000025491.15,0.9411968987283368,0.948680770085765
ENSMUSG00000025492.7,1.7658726846051565,1.77051657020157
ENSMUSG00000059108.5,4.337003424511106,4.07243187953872
ENSMUSG00000054065.13,0.4996699036864407,0.49941579923185
ENSMUSG00000025494.9,0.2825833028542657,0.286507992165805
ENSMUSG00000025495.16,-0.3433028711474879,-0.339230429760262
ENSMUSG00000038650.16,0.0590352369927872,0.0636416434458299
ENSMUSG00000120837.1,0.1390575413041493,0.136983640853971
ENSMUSG00000110275.2,-0.4284539397903659,-0.433563391144038
ENSMUSG00000025499.19,-0.3972765493619072,-0.392401687040221
ENSMUSG00000038637.16,-0.385897642247456,-0.387985620231213
ENSMUSG00000025500.13,0.3976635014642674,0.392031997357113
ENSMUSG00000038618.13,0.0612609361229002,0.0675914554096202
ENSMUSG00000038611.18,0.0838578130091517,0.0901672678243773
ENSMUSG00000025498.16,4.393063312583689,4.39714008806036
ENSMUSG00000025497.16,0.9771809466140192,0.981434500945965
ENSMUSG00000058886.10,-0.0747036038991701,-0.0690741177030493
ENSMUSG00000025505.17,0.1599929036192355,0.161285900865357
ENSMUSG00000025504.15,0.9503826103068518,0.955866137280926
ENSMUSG00000086844.3,0.922233616057104,0.929699351156271
ENSMUSG00000025503.6,0.0298605835763395,0.035016286511025
ENSMUSG00000051007.16,-0.1677767108614379,-0.161763808450651
ENSMUSG00000019082.19,-0.2425366502201421,-0.237200693515784
ENSMUSG00000025507.14,0.0126920835150799,0.0138733547275453
ENSMUSG00000025508.14,-0.4110740717674663,-0.406438403863892
ENSMUSG00000025509.16,-0.6009277740696733,-0.596244059092801
ENSMUSG00000048200.13,-0.6170296350631229,-0.593040339884254
ENSMUSG00000073787.5,0.4592804502313199,0.46663209827894
ENSMUSG00000025510.15,0.5995933031678328,0.603955075834857
ENSMUSG00000038489.9,-0.1644623277632619,-0.160144034163711
ENSMUSG00000025511.16,-0.7361196966465607,-0.731818110104833
ENSMUSG00000025512.16,-0.0746847233985527,-0.0699106024790233
ENSMUSG00000002957.12,0.3975282814570357,0.402137068674145
ENSMUSG00000097170.2,0.5156588028036985,0.519499329719613
ENSMUSG00000025139.15,-0.384898187975105,-0.379978814814132
ENSMUSG00000025147.8,-0.1889776714499179,-0.184402695080639
ENSMUSG00000037887.12,2.078026722575034,2.05088277277226
ENSMUSG00000007891.17,0.1485172381424286,0.153715991831256
ENSMUSG00000018819.11,0.3599240865752493,0.373805672609544
ENSMUSG00000037772.14,0.0571409055339646,0.0572220634001764
ENSMUSG00000059277.14,0.2297649450344903,0.233733663646538
ENSMUSG00000037706.18,0.2525397384565119,0.257194200915345
ENSMUSG00000045752.14,0.082096613015497,0.0897415919975426
ENSMUSG00000009545.15,-0.4586565749299849,-0.446559743806744
ENSMUSG00000101609.4,0.0609361806525441,0.070083854396766
ENSMUSG00000037664.14,-0.5832713995956849,-0.552009040056906
ENSMUSG00000000154.17,0.2557895796575821,0.259687813779456
ENSMUSG00000059119.10,0.0443770283368411,0.0488124131153569
ENSMUSG00000010755.18,-0.2549865405118782,-0.24809398485189
ENSMUSG00000010751.16,1.611773127683277,1.62684022927232
ENSMUSG00000037613.17,3.775359617577101,3.65172158225963
ENSMUSG00000037606.19,-1.0884229424869336,-1.09502834692065
ENSMUSG00000048965.10,0.6041925991568632,0.603302567487041
ENSMUSG00000031090.15,-0.2430844050519729,-0.237992651796684
ENSMUSG00000058454.16,0.984845734376562,0.989452601761293
ENSMUSG00000037541.23,0.6499743428185768,0.651135231008638
ENSMUSG00000031078.16,0.0567652871984185,0.0604593315248748
ENSMUSG00000037519.18,0.2268811796395727,0.231570237392693
ENSMUSG00000073778.3,-0.2562732871806016,-0.254883796882362
ENSMUSG00000031077.8,0.0629723861097275,0.0663773830452445
ENSMUSG00000031075.20,-0.3322900463899736,-0.287295440719035
ENSMUSG00000031072.15,-0.1683761022773789,-0.1660583443396
ENSMUSG00000070348.6,-0.4090184526347933,-0.408738952275838
ENSMUSG00000048677.10,0.662595647885279,0.670396819074875
ENSMUSG00000005534.11,-0.0809994516372801,-0.0763435690251624
ENSMUSG00000004568.14,0.3617976720750313,0.367037068228455
ENSMUSG00000069633.13,-0.3101082560464749,-0.30551350669529
ENSMUSG00000108955.2,-0.3112410733119034,-0.306806481028521
ENSMUSG00000047264.9,-0.557733357473527,-0.548322981568973
ENSMUSG00000004567.17,-0.1853973588020484,-0.1806537117231
ENSMUSG00000004565.16,-0.3111185556149868,-0.306060650163168
ENSMUSG00000065952.14,-0.6160372300737933,-0.607816389112604
ENSMUSG00000066902.8,-0.8424483777636128,-0.832621875722384
ENSMUSG00000044433.17,0.144128389815827,0.147974807540787
ENSMUSG00000019470.13,0.5774983510697923,0.581622968853645
ENSMUSG00000087687.4,-0.4932932871416088,-0.490038407392297
ENSMUSG00000004630.19,1.120740515113673,1.09605914052758
ENSMUSG00000004626.15,0.3345560264119414,0.339098488725643
ENSMUSG00000108888.2,0.1069014390032153,0.114407319180357
ENSMUSG00000040236.5,0.0811682731278241,0.0854968832937456
ENSMUSG00000074491.11,-0.2700747541743685,-0.265504412581949
ENSMUSG00000089956.2,-0.2626736257454563,-0.257274466750513
ENSMUSG00000051906.16,-4.0081136127547845,-3.9518342686977
ENSMUSG00000079168.5,-4.8783812252136896,-4.65758829858393
ENSMUSG00000011832.17,0.4002826697031601,0.396817591902743
ENSMUSG00000002948.20,0.0327460532757563,0.0367938459405864
ENSMUSG00000109061.2,0.3924069274849132,0.393542687005617
ENSMUSG00000089736.3,0.6297431089298555,0.613832642081472
ENSMUSG00000011837.5,0.1390244674437028,0.134499368947134
ENSMUSG00000002949.16,-0.1511815737810262,-0.147260348774529
ENSMUSG00000040028.11,0.2709574050087499,0.275933541935446
ENSMUSG00000023235.15,0.0279087929916907,0.0281114583280187
ENSMUSG00000008206.17,-0.6412277407206187,-0.620027657606228
ENSMUSG00000058748.10,0.7207375706283492,0.724712820485381
ENSMUSG00000023073.3,0.122525033558943,0.125452339231279
ENSMUSG00000043192.5,-0.0073842612251832,-0.0018738125023873
ENSMUSG00000108852.2,2.8944989451143988,2.8086140931335
ENSMUSG00000001300.17,-0.6122289520856913,-0.59782144915031
ENSMUSG00000040459.12,-0.1877478514195145,-0.182797704901108
ENSMUSG00000049717.10,-0.085290046449993,-0.0799522854225535
ENSMUSG00000040396.13,-0.2109890401615688,-0.206219865340899
ENSMUSG00000108961.3,-1.5116576797222336,-1.52666000098887
ENSMUSG00000109473.2,-1.7957977887996803,-1.75127396717552
ENSMUSG00000108969.2,-0.8571202636717984,-0.773433892039621
ENSMUSG00000109291.3,-0.1871308178123915,-0.174830738901468
ENSMUSG00000109089.3,-0.2766987995279677,-0.267833055630395
ENSMUSG00000038894.8,-1.0989501951296567,-1.06633930211699
ENSMUSG00000031502.12,1.316405592973043,1.32293596004968
ENSMUSG00000031503.14,0.7865186868619878,0.791140275625319
ENSMUSG00000084783.2,1.2970881560543497,1.27223583630886
ENSMUSG00000031504.7,-0.5582401467504392,-0.549806937232471
ENSMUSG00000096957.3,-0.3250999653186976,-0.331393596963783
ENSMUSG00000031505.12,-0.1786361212218868,-0.174280138830123
ENSMUSG00000056228.11,-0.0581074439601147,-0.0585478994407438
ENSMUSG00000045969.9,-0.4144175093932794,-0.409420763247644
ENSMUSG00000031508.15,-0.0492744774315224,-0.0445686557486281
ENSMUSG00000109933.2,-1.277272871914712,-1.25857283812529
ENSMUSG00000031511.17,0.3086586378450867,0.311082679784995
ENSMUSG00000000759.15,0.1850221453742728,0.189721217560299
ENSMUSG00000074469.7,3.5026871582861343,3.38482302995262
ENSMUSG00000031441.16,1.2322701143534336,1.21007870603735
ENSMUSG00000084780.8,1.5120282994629315,1.4876203905955
ENSMUSG00000031443.8,-0.0943829638168822,-0.0894713376581325
ENSMUSG00000031444.17,-0.0605825156301249,-0.0558942921960928
ENSMUSG00000031445.6,-0.3378057805327178,-0.333315207678675
ENSMUSG00000091443.2,-0.0639672562375453,-0.0480821118721697
ENSMUSG00000038542.15,-0.018944233012167,-0.0144371751364084
ENSMUSG00000091784.3,-1.0190705024171094,-1.00547451969728
ENSMUSG00000031446.15,-0.335327856558781,-0.330526578529106
ENSMUSG00000031447.8,-0.2108676027184775,-0.20620974400734
ENSMUSG00000038515.11,-0.211659202234456,-0.206865524264294
ENSMUSG00000120359.1,-0.8672739676315693,-0.854534515666503
ENSMUSG00000099338.3,0.1333731035760909,0.123543505091764
ENSMUSG00000038506.14,-0.3253200100677755,-0.32019022701271
ENSMUSG00000038497.8,0.3441749624884886,0.35103124308718
ENSMUSG00000038482.12,-0.4025791751665251,-0.398301159626362
ENSMUSG00000031451.7,0.6674737361772125,0.669424626047445
ENSMUSG00000031453.17,0.4327693533005673,0.434620484266465
ENSMUSG00000038416.16,0.254249612050777,0.258818221134441
ENSMUSG00000038398.9,-0.1597943325958703,-0.155490570991239
ENSMUSG00000047710.9,0.549696275374952,0.546930759142691
ENSMUSG00000031458.9,-0.4354178224766943,-0.443610545768202
ENSMUSG00000038365.9,0.4375434417939723,0.444313136811637
ENSMUSG00000050052.13,-0.1951295863957341,-0.190635145020591
ENSMUSG00000051978.10,0.4002036218442737,0.386285722958308
ENSMUSG00000026317.8,-0.2209130531937278,-0.216359546115437
ENSMUSG00000071176.11,-0.110113181211389,-0.105655449808659
ENSMUSG00000120967.1,-0.1250218608090603,-0.118135547834486
ENSMUSG00000039842.16,0.0736689366085769,0.0749277164466006
ENSMUSG00000031465.7,-0.423676665146898,-0.431655045455766
ENSMUSG00000031467.11,0.0020693827561585,0.0042923444431931
ENSMUSG00000081094.5,-0.2749937381463916,-0.272188788668933
ENSMUSG00000087153.9,0.0455522324825348,0.0508618333357838
ENSMUSG00000121345.1,-0.6067042456637795,-0.567580778693828
ENSMUSG00000071793.14,0.4320172774252139,0.418410811851318
ENSMUSG00000121492.1,0.0784585485455372,0.0885987958082932
ENSMUSG00000110649.2,0.6173571124479441,0.596004745339739
ENSMUSG00000096401.3,0.2330198103460883,0.225595918142987
ENSMUSG00000095403.9,0.2581870912212841,0.234911996829685
ENSMUSG00000006567.12,0.3361960594123264,0.340717796550131
ENSMUSG00000063362.14,-0.2077629632180322,-0.20288336539251
ENSMUSG00000031478.17,0.1148251225251113,0.103882634087232
ENSMUSG00000031479.10,0.446382464815814,0.450793040987173
ENSMUSG00000031480.16,0.2689951549721263,0.28469076138619
ENSMUSG00000031481.9,-0.1250561116534132,-0.0764855457715472
ENSMUSG00000031482.10,0.3705222724758585,0.375285657100109
ENSMUSG00000031533.5,0.2575248305027848,0.261910201730531
ENSMUSG00000031534.16,0.4309131466952042,0.435434059142977
ENSMUSG00000037656.10,0.1534144722287005,0.157760252216241
ENSMUSG00000097042.3,-0.6337373331732284,-0.629146130483826
ENSMUSG00000008892.14,0.1265766391785471,0.131502105732341
ENSMUSG00000031536.7,0.3944231331223302,0.399405697881131
ENSMUSG00000031537.16,0.1848831161407014,0.19030101752993
ENSMUSG00000031539.7,1.3442142448873529,1.3379287857299
ENSMUSG00000031540.15,0.2588795741386011,0.263541823096369
ENSMUSG00000031545.7,-0.4445351064015015,-0.439682967838841
ENSMUSG00000031546.7,-0.3010413381076674,-0.302357658014214
ENSMUSG00000015341.18,0.129184968628861,0.133716361883281
ENSMUSG00000110256.2,-0.2966047975470437,-0.286670964486689
ENSMUSG00000031548.8,1.3587159723381734,1.27960710543247
ENSMUSG00000097654.2,0.9344206431672542,0.963489543822731
ENSMUSG00000056313.6,0.9186169594865276,0.933500589744426
ENSMUSG00000031549.17,-0.0075499171108933,-0.0029826188249521
ENSMUSG00000031555.17,-0.4541041685737282,-0.449176304662572
ENSMUSG00000031556.7,-0.4740497264452031,-0.469707393416721
ENSMUSG00000037406.8,-2.1584279886499567,-2.0876675971753
ENSMUSG00000086289.4,1.9480204396560272,1.9310152633434
ENSMUSG00000031557.17,1.1415032511704228,1.13943108248005
ENSMUSG00000065954.12,-0.9482705455665288,-0.944710069704299
ENSMUSG00000031565.20,-0.2776855260438696,-0.27157253288785
ENSMUSG00000037363.10,-0.2229576532035302,-0.216823646828328
ENSMUSG00000054823.18,-0.0930731468257464,-0.08833412783509
ENSMUSG00000031570.18,-0.2420303543677589,-0.236303439109816
ENSMUSG00000061313.11,-0.2912030859928332,-0.286380148403444
ENSMUSG00000091514.4,-0.4836404496139448,-0.478586121147824
ENSMUSG00000037316.10,-0.8270175908707574,-0.822530698470105
ENSMUSG00000037296.8,0.1100261285566226,0.110612358383378
ENSMUSG00000031574.9,-0.3473966156870519,-0.322097405225837
ENSMUSG00000031575.19,0.3802968662027842,0.384581784645769
ENSMUSG00000037260.9,-0.2635474597790673,-0.258602668593576
ENSMUSG00000037251.6,0.8414695037281766,0.84521152520005
ENSMUSG00000015994.11,-0.2209844112085321,-0.215448011950237
ENSMUSG00000037234.18,-0.7441347109399729,-0.739505736888694
ENSMUSG00000110183.2,-1.020631269864345,-1.01517803764556
ENSMUSG00000013878.19,-0.6384667304864615,-0.633360577236547
ENSMUSG00000110317.2,-0.2301451989501614,-0.205884662727859
ENSMUSG00000037214.13,-0.1885054660896526,-0.186242340197204
ENSMUSG00000085795.9,-0.5041533322313224,-0.498066498489687
ENSMUSG00000109954.2,-1.7301476932167033,-1.6931047760038
ENSMUSG00000031483.9,0.051787220560629,0.0565365376979134
ENSMUSG00000091154.4,0.1257150207033565,0.1387549982042
ENSMUSG00000031485.16,-0.0816948796118768,-0.0767560076992273
ENSMUSG00000031486.16,0.440624190151435,0.455150047202636
ENSMUSG00000031487.6,0.6498565992881328,0.632067478948076
ENSMUSG00000031488.15,0.0130751482958492,0.0143791327979596
ENSMUSG00000097262.4,0.5559031975582688,0.553573593555011
ENSMUSG00000039720.8,6.568199332695862,7.35449402125291
ENSMUSG00000031489.16,0.1573774053951294,0.175125298266947
ENSMUSG00000109674.2,-0.1027456940738226,-0.109708338870831
ENSMUSG00000031490.7,-0.6267840827591966,-0.621775358728375
ENSMUSG00000110331.2,0.4280404809081447,0.412013829155521
ENSMUSG00000031577.11,0.0842119072244826,0.0892843123798297
ENSMUSG00000031578.6,0.239721261688954,0.24417930713424
ENSMUSG00000046152.17,0.1530183998897932,0.146056585371862
ENSMUSG00000062991.10,3.1326767887290523,3.04055085213804
ENSMUSG00000031583.14,0.4867753177131535,0.491690814284445
ENSMUSG00000049184.7,-0.967648964370556,-0.956002025249494
ENSMUSG00000009630.11,-0.3235824314059981,-0.318847075713674
ENSMUSG00000052906.8,0.221922761970448,0.225772108346055
ENSMUSG00000031584.17,0.4847711792842452,0.489420507662738
ENSMUSG00000031585.14,0.1304400031762089,0.132790879717036
ENSMUSG00000031586.18,0.2827176339112217,0.287991134290875
ENSMUSG00000110614.2,-0.1355904522936198,-0.150231506733218
ENSMUSG00000110663.2,-0.4846130892229827,-0.472527065096521
ENSMUSG00000031516.12,0.2855274723730225,0.288115890071268
ENSMUSG00000031513.9,0.7440900923006496,0.747235041920261
ENSMUSG00000031532.8,0.3502275618869701,0.354780006466709
ENSMUSG00000110369.2,1.1448192961157575,1.15205918564682
ENSMUSG00000031530.7,-0.0041339695067424,-0.0169754927502539
ENSMUSG00000031529.6,0.1181978956053682,0.12241688114692
ENSMUSG00000109698.2,0.8661306262367822,0.861582610875158
ENSMUSG00000046794.10,0.7395243603795048,0.747127719911677
ENSMUSG00000031527.8,0.1008326838906433,0.107054948544136
ENSMUSG00000097357.4,-1.65925222476011,-1.64973337225785
ENSMUSG00000070056.7,-0.6561284478897389,-0.649936413265804
ENSMUSG00000039633.8,-0.9926088670513,-1.00070009650247
ENSMUSG00000039620.18,-0.2818099416489512,-0.29044150194163
ENSMUSG00000031523.17,-0.4596383839043103,-0.454595603117216
ENSMUSG00000074384.5,0.6015592194891495,0.596519940986023
ENSMUSG00000121133.1,0.1283032439887478,0.130382241121627
ENSMUSG00000118664.1,0.6830009829715419,0.686673064827166
ENSMUSG00000025044.17,0.881217549694532,0.883953874906634
ENSMUSG00000039478.16,-0.5882958175474704,-0.586964671512409
ENSMUSG00000039470.17,-0.1675360169158615,-0.160967283939656
ENSMUSG00000031601.17,-0.0173977766572911,-0.0132290132811507
ENSMUSG00000031600.12,-0.385851050529741,-0.381433582904407
ENSMUSG00000039431.17,0.8940216462783942,0.901246711441126
ENSMUSG00000031596.16,-0.9156144462922056,-0.910580666205155
ENSMUSG00000045636.17,0.031964606104593,0.0364702551584235
ENSMUSG00000084960.2,-0.0736594107374376,-0.0695625545974525
ENSMUSG00000031594.10,0.0270574296692958,0.0306637482397603
ENSMUSG00000031592.11,0.216826814134506,0.221927014356636
ENSMUSG00000031591.15,0.2710863333452893,0.275763974775184
ENSMUSG00000031590.9,-0.011128528270474,-0.0061176580574052
ENSMUSG00000070047.15,0.4885759824308421,0.49267876386655
ENSMUSG00000097491.2,1.3846939446265916,1.32444399771392
ENSMUSG00000054764.10,0.7142458225685914,0.681683637071676
ENSMUSG00000031645.5,0.2607096663873621,0.265293074684822
ENSMUSG00000109764.2,-0.9353293603250774,-0.930534765097642
ENSMUSG00000079057.5,-0.5190356081534255,-0.514107497114477
ENSMUSG00000070044.16,-0.3119655159424641,-0.307973928130435
ENSMUSG00000031639.13,1.553316888205029,1.55032649284087
ENSMUSG00000031626.19,0.85826555474299,0.863315732098343
ENSMUSG00000085440.2,1.1345911641254856,1.14855784780263
ENSMUSG00000110411.2,1.0798889747100828,1.168138521529
ENSMUSG00000071103.11,-0.1615873653431523,-0.112062045393276
ENSMUSG00000031634.14,-0.242485473192284,-0.237723079100571
ENSMUSG00000031637.14,-0.236305225575402,-0.207960215490103
ENSMUSG00000038291.17,-0.4608386634860036,-0.456123739430223
ENSMUSG00000031631.16,0.0423634380563694,0.0456060380523622
ENSMUSG00000031633.5,0.2933794221529047,0.299931941140583
ENSMUSG00000110035.2,-1.254244562115999,-1.24096997041451
ENSMUSG00000109612.2,-0.9991674507460782,-0.952035646955013
ENSMUSG00000018796.14,-1.4134623252778495,-1.40860888875784
ENSMUSG00000109807.2,-2.006134173672594,-2.01627639312604
ENSMUSG00000031629.15,0.5097256860252246,0.508814905350949
ENSMUSG00000038225.16,0.44081206019553,0.447303135751298
ENSMUSG00000110270.2,-0.0218181575832711,-0.0193697419723056
ENSMUSG00000031628.10,0.0952507715105582,0.0994251433527555
ENSMUSG00000097534.5,0.7460114409448954,0.732519097021462
ENSMUSG00000031627.10,0.4178832279901976,0.421937071137904
ENSMUSG00000038173.16,1.543094709443833,1.5402603520545
ENSMUSG00000038102.16,0.1091613320079566,0.114396862254566
ENSMUSG00000031568.17,-0.2963233771990597,-0.290891697191545
ENSMUSG00000063049.5,-0.519999379241275,-0.517607743825436
ENSMUSG00000038069.7,-0.2208704196853672,-0.214263743309607
ENSMUSG00000097706.2,0.0345779363909848,0.012160130205352
ENSMUSG00000031563.9,0.1825497756809252,0.187676614941528
ENSMUSG00000031561.17,-1.085816778284587,-1.07996129599206
ENSMUSG00000052825.7,-0.2565617011030967,-0.256324923671272
ENSMUSG00000031521.6,0.4160543438388564,0.420420123977898
ENSMUSG00000031520.7,0.360383338780012,0.375460958621862
ENSMUSG00000054408.10,-0.523330852398709,-0.518541415504748
ENSMUSG00000031517.9,-0.0328610325057809,0.0124306932793199
ENSMUSG00000031613.10,-0.2874595726973231,-0.282679212303997
ENSMUSG00000110397.3,-0.7556788668409194,-0.732069810786943
ENSMUSG00000038215.16,0.3611786077940244,0.363147385508326
ENSMUSG00000038206.14,0.0393612755952528,0.0438505130150844
ENSMUSG00000100510.9,-0.2956338030951281,-0.28702623020649
ENSMUSG00000038193.5,-0.1962088475853774,-0.179937727665181
ENSMUSG00000031609.4,-0.0348789548950685,-0.0334618588883223
ENSMUSG00000096917.4,-0.7068585409760113,-0.692736803101456
ENSMUSG00000054717.8,0.1467986420834426,0.137574455624362
ENSMUSG00000031608.14,0.0584443681533627,0.0823320584885714
ENSMUSG00000057228.7,-0.6791513265394314,-0.67425932281726
ENSMUSG00000038005.16,0.3464999358661796,0.356271342157934
ENSMUSG00000004319.16,-0.2796488768326483,-0.275026160597905
ENSMUSG00000031644.20,-0.1181811396344399,-0.113622890560194
ENSMUSG00000031642.10,-0.2346228194849961,-0.237515844286438
ENSMUSG00000031641.15,-0.0334943846480277,-0.0288747190917594
ENSMUSG00000058056.17,0.5138737233116162,0.518235834140853
ENSMUSG00000121162.1,1.4834763882023847,1.50166239377666
ENSMUSG00000086866.3,2.9489777244004065,2.85255419405587
ENSMUSG00000109729.2,3.286579510553985,3.14023348796272
ENSMUSG00000037921.16,3.5434256416976693,3.54362905661965
ENSMUSG00000031604.11,-0.1443550897130481,-0.138921192627559
ENSMUSG00000031605.9,-0.6023033571642339,-0.597473121962922
ENSMUSG00000110378.2,0.4261334962633335,0.438871964586246
ENSMUSG00000025521.16,0.4954687736088647,0.499934309364393
ENSMUSG00000036469.17,0.1413486021836156,0.142092926965698
ENSMUSG00000025591.7,-0.2078053750292056,-0.207801701022763
ENSMUSG00000014907.11,0.2848008096670004,0.294909642233033
ENSMUSG00000025588.5,-0.8371781956129514,-0.857955820722225
ENSMUSG00000051147.11,-0.2159723369847712,-0.212352051963938
ENSMUSG00000030735.7,0.0499740292349091,0.0389973984004388
ENSMUSG00000030465.21,-0.2175750882762561,-0.21275836805051
ENSMUSG00000087266.3,-0.1178922972635295,-0.0544140300987205
ENSMUSG00000053886.5,0.3090535847726665,0.328319862887748
ENSMUSG00000036356.16,-0.3494491378956959,-0.324599594013622
ENSMUSG00000031864.17,0.208384260397309,0.212685076898543
ENSMUSG00000015568.17,0.9159686165582236,0.919610758348914
ENSMUSG00000036330.13,-0.2558463973676649,-0.270008393112572
ENSMUSG00000006273.15,0.4428368521344177,0.447136151945677
ENSMUSG00000059897.6,0.1880708260990963,0.191690335603764
ENSMUSG00000110444.4,-0.0652146109582841,-0.0611950227114522
ENSMUSG00000060427.16,-0.0612280897422526,-0.0558958995675467
ENSMUSG00000091764.5,-0.627741457454306,-0.619037020767435
ENSMUSG00000054648.9,0.2857799893073495,0.290169045044669
ENSMUSG00000092260.8,-0.2054163462203607,-0.200253782828268
ENSMUSG00000043090.19,0.3119179903084961,0.316062006129276
ENSMUSG00000031862.12,0.1813808952792056,0.185872811536453
ENSMUSG00000036246.15,0.2063393074602882,0.211678297233476
ENSMUSG00000036199.10,-0.4595859597091534,-0.454978090173245
ENSMUSG00000036180.16,0.0604321978807922,0.0653569387288186
ENSMUSG00000031858.18,0.1965314919544252,0.201204695537067
ENSMUSG00000011306.8,0.6687477122593251,0.673207573948984
ENSMUSG00000036151.16,0.2869046342298715,0.290936210937227
ENSMUSG00000007594.11,0.8932743694427513,0.900124667129992
ENSMUSG00000036120.11,0.4341669164363384,0.439176165927176
ENSMUSG00000071078.7,0.1359324745167144,0.141627201011746
ENSMUSG00000002345.19,0.3527056180305265,0.357009414553172
ENSMUSG00000002342.18,0.4326067310062707,0.437277964527986
ENSMUSG00000002346.18,-0.7479174993731067,-0.742703544050471
ENSMUSG00000002343.12,-0.0724927085134656,-0.0643994101357395
ENSMUSG00000036054.16,0.1337032095654447,0.13810127371965
ENSMUSG00000003573.16,0.0647768798299651,0.0606398534942675
ENSMUSG00000057788.14,0.0370570559913481,0.0415302460647662
ENSMUSG00000055681.15,-0.1440927561145532,-0.139228534361797
ENSMUSG00000058301.9,0.0545444944916993,0.0594784946516278
ENSMUSG00000003575.14,0.2940973599830361,0.297715096464624
ENSMUSG00000055707.14,0.5533651670803033,0.55751740670401
ENSMUSG00000058833.12,-0.1982508128601691,-0.19408745431107
ENSMUSG00000090137.9,-0.5572643713762123,-0.572226949641308
ENSMUSG00000055553.17,-0.0371369814850169,-0.0326159131217045
ENSMUSG00000019428.17,0.0571767369244649,0.0617577882614391
ENSMUSG00000070002.8,0.2309324437032097,0.236680721029823
ENSMUSG00000019139.11,0.0154805537932514,0.0108006447106532
ENSMUSG00000070003.8,-0.0300374480090749,-0.017238271941592
ENSMUSG00000049988.6,0.5061945495192285,0.497541983262688
ENSMUSG00000038508.8,2.4448497324092977,2.42602735085392
ENSMUSG00000056204.9,0.4779058996547169,0.482826923764746
ENSMUSG00000031848.16,0.0374683378503764,0.0357028853794033
ENSMUSG00000071076.9,0.3400635534535551,0.3456688173195
ENSMUSG00000080058.3,0.403475471168513,0.408311572371337
ENSMUSG00000031842.16,-0.1497820900869217,-0.145111191305684
ENSMUSG00000031840.15,-0.8741171944664641,-0.860772333506181
ENSMUSG00000035559.10,-0.0199738108313446,-0.0138945442889908
ENSMUSG00000031838.11,0.5181662186113896,0.52148859153801
ENSMUSG00000110575.3,0.435126699299701,0.436552892060117
ENSMUSG00000031834.16,-0.0973678528247814,-0.0929163254841697
ENSMUSG00000100691.3,-0.8249761346649067,-0.811649108821581
ENSMUSG00000031833.11,0.1806333286801539,0.18614271992959
ENSMUSG00000000791.10,-0.5171007682366623,-0.546684796939038
ENSMUSG00000002910.12,-0.2538190222308439,-0.245682276963002
ENSMUSG00000002908.19,0.0955595647018714,0.090395104574666
ENSMUSG00000007721.7,-0.3606841419270449,-0.355330682502863
ENSMUSG00000045128.10,-0.4672208252444793,-0.462439060784638
ENSMUSG00000019261.4,0.8403474057058293,0.840331559887046
ENSMUSG00000035439.14,0.5704970451755614,0.573205820699895
ENSMUSG00000004677.19,0.6083010805534537,0.6120986274813
ENSMUSG00000002395.15,0.056598038202011,0.0615867714352332
ENSMUSG00000120986.1,0.0435748510553519,0.0368107452364223
ENSMUSG00000002396.9,0.0654755219618187,0.0706009127756074
ENSMUSG00000002393.15,-0.103556877921187,-0.0986119910659404
ENSMUSG00000034911.9,-0.3815651199579857,-0.37888066606349
ENSMUSG00000031820.10,0.2208876368822778,0.22532167259328
ENSMUSG00000007950.10,-0.8528104084457396,-0.854044877783291
ENSMUSG00000034880.8,-1.2653844171326307,-1.26235758018061
ENSMUSG00000074247.11,-0.0404895986822328,-0.0359730088369729
ENSMUSG00000034863.10,0.1312113682470018,0.139748329273393
ENSMUSG00000007610.17,0.7505761338176471,0.754314970414906
ENSMUSG00000034845.7,0.6030158661833134,0.617788334564317
ENSMUSG00000046718.9,2.863302985513783,2.86771236708625
ENSMUSG00000031813.9,0.0972274466537793,0.101919348945694
ENSMUSG00000031808.8,0.0951738424798613,0.102476238082878
ENSMUSG00000031807.11,-0.4346124121713386,-0.429242705902894
ENSMUSG00000043243.16,-0.0970109365302381,-0.113482611817111
ENSMUSG00000034807.10,0.0345481755471497,0.0390765146760338
ENSMUSG00000034799.17,-0.0484841047656761,-0.0434762741048604
ENSMUSG00000031805.18,1.2207104056744849,1.22320084847193
ENSMUSG00000031803.9,1.2062297200132628,1.19308420263073
ENSMUSG00000056019.13,0.5054493663042183,0.504499529996441
ENSMUSG00000089857.10,-0.50142728862727,-0.466600313265817
ENSMUSG00000066880.16,0.1323939524758595,0.136767604740953
ENSMUSG00000052446.18,0.0566856868254589,0.0619179541016102
ENSMUSG00000031799.11,0.3884565720856716,0.393117830624252
ENSMUSG00000097472.2,0.948170198384406,0.941365642431955
ENSMUSG00000003037.17,0.204677527140455,0.209573294706453
ENSMUSG00000074240.6,2.15677193616072,2.12434971749128
ENSMUSG00000003039.10,-0.0446160452911596,-0.039714646270748
ENSMUSG00000003033.16,0.3425768894510367,0.347012254189035
ENSMUSG00000070713.6,0.8151458324568837,0.803200554916954
ENSMUSG00000055148.8,0.1210566340376307,0.108939151772395
ENSMUSG00000006276.11,0.3783169713659642,0.38250171870792
ENSMUSG00000019732.15,-0.2481445374043632,-0.220129764661033
ENSMUSG00000052794.14,0.1929988117597719,0.198158765885229
ENSMUSG00000052488.8,0.2775505278198967,0.28457435284052
ENSMUSG00000019731.14,-0.0747987245237187,-0.0704013405135185
ENSMUSG00000097000.4,-0.0203954012096027,-0.0146929156294678
ENSMUSG00000045248.7,0.2936639391867808,0.295320976252338
ENSMUSG00000120183.1,-1.5454427839446565,-1.55163724831353
ENSMUSG00000044600.15,-0.2845008381138611,-0.279767346034394
ENSMUSG00000031791.9,0.1684800362327743,0.186487948850406
ENSMUSG00000031622.17,0.1875391226866156,0.192186891430417
ENSMUSG00000004383.19,0.2287673886727776,0.231030437407672
ENSMUSG00000034518.15,0.6556213931110618,0.658882449367312
ENSMUSG00000110593.2,0.0071637944224423,0.0271681680005463
ENSMUSG00000042870.16,-0.1537067858826095,-0.148717528727953
ENSMUSG00000005413.9,0.2750056502375895,0.271822035234013
ENSMUSG00000005410.7,1.1133111311231052,1.12036121071671
ENSMUSG00000031618.14,-0.4333037576349457,-0.430243389010305
ENSMUSG00000037148.9,0.7553773612262903,0.743242585590272
ENSMUSG00000037134.18,0.2999910936640912,0.302930068618975
ENSMUSG00000031617.17,-0.2467188000944186,-0.250704511129512
ENSMUSG00000031616.8,0.7483582576050677,0.758317003402367
ENSMUSG00000110057.2,-0.4987687589112468,-0.521427754702716
ENSMUSG00000037070.11,0.1803403271949309,0.184293371226823
ENSMUSG00000031684.12,0.2257098517619863,0.232562007168732
ENSMUSG00000031683.17,-0.5920472326132418,-0.588461798243953
ENSMUSG00000037022.4,-0.3322809763268813,-0.325919643727002
ENSMUSG00000097174.4,-0.1127694470517207,-0.139300607712492
ENSMUSG00000031681.17,0.2975002246145446,0.301831637663464
ENSMUSG00000036990.14,0.0785878774811169,0.0832828187415516
ENSMUSG00000058355.9,-0.0936502180905657,-0.0894722713529726
ENSMUSG00000036977.9,0.4861036318290934,0.492206390803375
ENSMUSG00000064325.5,-0.8145307817903107,-0.798423948749605
ENSMUSG00000082491.2,-0.2043369019892267,-0.188407631519023
ENSMUSG00000031715.15,-0.1320976921534293,-0.127890184985439
ENSMUSG00000031714.10,-0.4159302938075914,-0.412946095399633
ENSMUSG00000120076.1,0.1470574359560016,0.110642642788259
ENSMUSG00000038250.10,-0.0236156194063322,-0.0186579808282129
ENSMUSG00000037982.19,-0.103832233601608,-0.0988993691071868
ENSMUSG00000037940.18,0.3523098266239237,0.36503921548116
ENSMUSG00000031712.11,0.5708341092802256,0.548605956541056
ENSMUSG00000031711.8,0.1248409264281555,0.129303232402136
ENSMUSG00000047747.11,-0.2984163630965309,-0.30574926018144
ENSMUSG00000035151.13,0.2542252046286697,0.258915342077159
ENSMUSG00000063253.12,0.2596059536412261,0.263479739627667
ENSMUSG00000033938.6,-0.1805605153654148,-0.175858814287252
ENSMUSG00000031708.18,-0.3116709437323221,-0.306981738016808
ENSMUSG00000005483.11,0.2840264582248097,0.289221691892422
ENSMUSG00000019433.10,0.4397184615824785,0.444121137551093
ENSMUSG00000057672.17,0.1538084006358075,0.159310729475994
ENSMUSG00000019464.7,0.0654980368018195,0.0707758958300147
ENSMUSG00000005481.19,0.2233162047680406,0.227708934454169
ENSMUSG00000002885.15,0.1260931774471246,0.135633904853059
ENSMUSG00000013033.17,-0.4158706685201993,-0.410951225484304
ENSMUSG00000074219.4,-0.0420465860734996,-0.0378418831041989
ENSMUSG00000005469.11,0.3355472971441609,0.33979008479702
ENSMUSG00000120736.1,0.2135703097285488,0.229501980026472
ENSMUSG00000079003.4,-0.0348214882878416,-0.0322749819813549
ENSMUSG00000005465.10,0.004383701920267,0.006195247339738
ENSMUSG00000031706.8,-0.1840291522238343,-0.178969332012452
ENSMUSG00000037103.9,0.1903345867970219,0.195829621771295
ENSMUSG00000036686.17,0.6647614251361317,0.66867295476267
ENSMUSG00000035671.7,-0.3054863788818926,-0.306696487591737
ENSMUSG00000019362.9,-0.1404776036365527,-0.135862977615173
ENSMUSG00000004996.10,0.3223204155230031,0.328572762904456
ENSMUSG00000004994.13,0.4561138206160988,0.458948488992497
ENSMUSG00000034656.19,-0.108295487484093,-0.0974663012542973
ENSMUSG00000053560.6,-0.2038518661225145,-0.204252455710429
ENSMUSG00000001910.6,0.4407378354692283,0.445512474093972
ENSMUSG00000001909.17,0.3585447638125258,0.363203073397516
ENSMUSG00000001911.17,-0.0823521299318688,-0.0777164540591539
ENSMUSG00000034041.6,-0.0882838587117007,-0.0841847583896285
ENSMUSG00000074203.5,0.0309879344551393,0.0406486521929285
ENSMUSG00000053226.8,-0.9764900191025668,-0.963330395713092
ENSMUSG00000033751.6,0.1326547977869817,0.137441862832789
ENSMUSG00000003813.16,0.1768567052816723,0.18125837024359
ENSMUSG00000003814.9,0.6990323044340319,0.703870948928889
ENSMUSG00000003808.19,0.3249369465006688,0.329225758456458
ENSMUSG00000003824.13,-1.2918136616249252,-1.28939999024097
ENSMUSG00000003809.15,-0.908435234262248,-0.903787472660026
ENSMUSG00000119989.1,-0.955087047763921,-0.950100101001969
ENSMUSG00000003812.14,-0.0959389574257798,-0.0939725591249903
ENSMUSG00000053693.17,-0.0627215049249483,-0.0497861041768611
ENSMUSG00000052926.17,-0.1538975361418403,-0.15180647304797
ENSMUSG00000005161.16,-0.453164516211096,-0.447665935727874
ENSMUSG00000052837.8,-0.5822771792816114,-0.573039608574799
ENSMUSG00000052566.9,-1.1475497430045063,-1.14423436005114
ENSMUSG00000052456.10,0.1483891963665601,0.152844920531141
ENSMUSG00000041203.10,-0.0316882168048199,-0.0269328052636814
ENSMUSG00000031691.15,-0.0459975800395597,-0.0416875772438021
ENSMUSG00000087026.9,0.3171241680938741,0.321578457499297
ENSMUSG00000008167.15,0.6048397424223261,0.609035311230446
ENSMUSG00000121028.1,-0.2823345810412269,-0.283614284623373
ENSMUSG00000060038.15,0.2563624151891567,0.260236340440565
ENSMUSG00000005150.17,0.6780301116312234,0.682430008353765
ENSMUSG00000059355.14,-0.0375886475726936,-0.0330174610093745
ENSMUSG00000005142.11,-0.2669056314229954,-0.262381248484456
ENSMUSG00000074194.5,0.3210467619597381,0.319650904081049
ENSMUSG00000031696.10,0.0911377807713873,0.0959688238038417
ENSMUSG00000031697.13,0.1471041748093523,0.140885448949084
ENSMUSG00000036934.10,-0.1976252009125132,-0.197133228478451
ENSMUSG00000103341.2,-0.2848287617712209,-0.308137491650533
ENSMUSG00000031700.12,0.0647684223422559,0.0700136737483934
ENSMUSG00000031701.7,-0.2043508958568717,-0.19955092429881
ENSMUSG00000109731.2,1.666358087293396,1.66627012774998
ENSMUSG00000031703.9,-0.0162472877439394,-0.0123147803044326
ENSMUSG00000109754.3,0.0786777449290809,0.0833426575431192
ENSMUSG00000036879.16,-0.0612113997854206,-0.0565894758951603
ENSMUSG00000047866.21,-0.0038830238465607,0.0007893414588955
ENSMUSG00000036840.6,0.0782372953882402,0.0761409579395664
ENSMUSG00000031652.12,0.6424054826116532,0.64655234126663
ENSMUSG00000036810.17,0.4560965508446675,0.459709197195373
ENSMUSG00000031657.17,-0.2892286226722276,-0.284100624971253
ENSMUSG00000036779.13,-0.0791137652828345,-0.0743794581628957
ENSMUSG00000031659.14,0.0052622624742942,0.0154053714200656
ENSMUSG00000031660.15,0.1553918049277504,0.159657113962913
ENSMUSG00000031661.13,-0.6250339811924083,-0.636443031781526
ENSMUSG00000055994.16,2.6967708850042107,2.600386371247
ENSMUSG00000036712.17,-0.1152993012144278,-0.111808867944569
ENSMUSG00000031665.8,0.2195619289169618,0.2285222260389
ENSMUSG00000120400.1,-0.2681652296951952,-0.287237785842172
ENSMUSG00000056608.15,-0.1700128604016298,-0.163251645262958
ENSMUSG00000074171.3,-0.7720009654329038,-0.757920445031968
ENSMUSG00000031666.16,-0.504796533644401,-0.499885570773692
ENSMUSG00000031667.17,-0.2684916052608363,-0.263788201501867
ENSMUSG00000109727.2,-0.240085476838317,-0.236092038375832
ENSMUSG00000033282.15,0.0720140739156325,0.0774760590388565
ENSMUSG00000055932.16,-0.0315067602042245,-0.0268171819794887
ENSMUSG00000110138.2,-0.1646770978954867,-0.155062973480127
ENSMUSG00000031740.9,-0.1151121434275017,-0.106302762201025
ENSMUSG00000109669.3,0.6726596631195505,0.618055759621186
ENSMUSG00000033192.6,-1.4716025576232326,-1.43045913260443
ENSMUSG00000078964.3,-0.7273078993943926,-0.722733106930665
ENSMUSG00000057400.15,-1.0480320069685056,-1.04347973896955
ENSMUSG00000056973.7,-2.194389762156866,-2.18931644781243
ENSMUSG00000110496.2,-2.6954592052274413,-2.65112993843489
ENSMUSG00000061959.14,-1.491701232344922,-1.48653704876924
ENSMUSG00000110659.2,-1.861497679453842,-1.84705253064843
ENSMUSG00000031725.9,-1.0365994493576842,-1.03188104747988
ENSMUSG00000057074.7,0.0735377231329771,0.0776685186815679
ENSMUSG00000031751.15,-0.0557155504541532,-0.0512081653147347
ENSMUSG00000031754.11,-0.501859919572568,-0.496390876419206
ENSMUSG00000033009.16,0.2286010836755904,0.233057674265671
ENSMUSG00000031755.7,0.099232698112291,0.101961895415972
ENSMUSG00000110588.2,0.1871478895053992,0.180210327345996
ENSMUSG00000031762.8,-0.0624311610716923,-0.0621531972384799
ENSMUSG00000031765.9,-0.2757879696631137,-0.276457653268472
ENSMUSG00000032939.15,0.3577020800097423,0.367425290192094
ENSMUSG00000110679.2,-0.6792003575405756,-0.642555158764355
ENSMUSG00000089712.4,-0.1493889483477712,-0.129024776564616
ENSMUSG00000090105.3,-0.7260207409516292,-0.727892674365779
ENSMUSG00000031770.17,-0.4696570702509601,-0.464171515061099
ENSMUSG00000097194.4,1.2136226265285353,1.19267266096301
ENSMUSG00000074151.15,1.341903760662908,1.34088846757128
ENSMUSG00000034361.11,-0.4490134468893202,-0.433614933202908
ENSMUSG00000031774.9,0.0649192600110388,0.0695204652232175
ENSMUSG00000050079.11,0.2903980920641228,0.294718602063707
ENSMUSG00000031776.18,-0.0228549331544643,-0.0154936484139744
ENSMUSG00000031775.6,-0.2562842953687325,-0.249519400152032
ENSMUSG00000110702.2,-0.6550794282302661,-0.64538802483113
ENSMUSG00000031781.15,-0.2168631915024847,-0.213198403721645
ENSMUSG00000031782.16,-0.4678971803416668,-0.463230369218957
ENSMUSG00000031783.11,0.0113257148069396,0.0160003622837006
ENSMUSG00000040631.9,0.2226971929261532,0.217643340771439
ENSMUSG00000031785.17,0.7604623938384424,0.761355859948083
ENSMUSG00000060470.8,-0.2819062495570548,-0.277206853476617
ENSMUSG00000031787.9,0.8672833748755631,0.867467060614134
ENSMUSG00000031788.15,0.9939545165712412,0.996876483983116
ENSMUSG00000110428.2,1.0731818992624735,1.06091538566607
ENSMUSG00000046556.8,0.0401451970844124,0.0460599451786704
ENSMUSG00000031792.16,0.4935692590333171,0.493732463965242
ENSMUSG00000031790.9,0.2046491867705001,0.209590340220345
ENSMUSG00000031796.8,-0.2667927454597348,-0.263360100125031
ENSMUSG00000046707.10,-0.1346847823454413,-0.13012515419664
ENSMUSG00000031669.11,0.4178134844815921,0.40632534127117
ENSMUSG00000031671.12,0.3006758108430718,0.305092810661674
ENSMUSG00000036550.17,-0.0544508595999689,-0.0497727526392207
ENSMUSG00000074136.10,-0.2817157149108544,-0.279397455510367
ENSMUSG00000036534.7,0.0136687865007357,0.0196108447218917
ENSMUSG00000031672.9,-0.1774383898860517,-0.172988251140406
ENSMUSG00000110711.2,-0.154777598546385,-0.150341665302706
ENSMUSG00000063696.8,-0.4026845021257701,-0.397938598217543
ENSMUSG00000031871.10,0.2549116333862063,0.26037492304652
ENSMUSG00000035824.8,0.225884153996082,0.230516437813814
ENSMUSG00000054400.17,1.4333798336182302,1.37411369327922
ENSMUSG00000031875.8,-0.2090769503627163,-0.204454937434092
ENSMUSG00000096188.2,-1.3950125695161135,-1.3897305210002
ENSMUSG00000035770.9,-0.0228274170985152,-0.0182338247713108
ENSMUSG00000110630.2,-0.0404045834773617,-0.0460096324077351
ENSMUSG00000031878.19,-0.2027630799223612,-0.197914260788026
ENSMUSG00000031883.14,-0.0248123582821284,-0.0340193423246615
ENSMUSG00000048371.9,-0.9368304685961812,-0.931890495102452
ENSMUSG00000031879.15,-0.3953950041678222,-0.396350992131315
ENSMUSG00000055730.17,-0.3408809531305538,-0.336348886280984
ENSMUSG00000061825.11,-0.0196676422641408,-0.0143338761733651
ENSMUSG00000121424.1,-0.5253714040659662,-0.527607797443791
ENSMUSG00000031886.15,0.7605624145010818,0.765095267165699
ENSMUSG00000031877.10,0.5775075006138793,0.581817526662402
ENSMUSG00000091813.5,1.947934478907756,1.9415971974382
ENSMUSG00000069922.13,-0.273182825208013,-0.268379164241915
ENSMUSG00000110488.2,-0.2443275575136638,-0.239549194000453
ENSMUSG00000062181.15,-0.8722028158923126,-0.867696190588666
ENSMUSG00000060560.9,-1.7057005697697436,-1.71508468645785
ENSMUSG00000031885.15,0.0378919776183836,0.0437797988271055
ENSMUSG00000031889.10,-0.1708109418735823,-0.165974841116287
ENSMUSG00000069920.11,-0.1822323669566485,-0.185813900445245
ENSMUSG00000031887.14,0.0207254911959189,0.0280105262332928
ENSMUSG00000033313.12,-0.1217803058237359,-0.119542293367937
ENSMUSG00000033249.11,-0.3477113964284552,-0.338065867687758
ENSMUSG00000014776.8,0.3244275435798725,0.324077898110419
ENSMUSG00000014837.16,0.2180731167560207,0.20128929939612
ENSMUSG00000110611.2,-0.2618908983658509,-0.264617889304534
ENSMUSG00000043251.7,-0.3327019524447933,-0.328074328075087
ENSMUSG00000014859.10,0.0659258473110487,0.0704142321131582
ENSMUSG00000014791.11,0.0442818122467247,0.0480516477919702
ENSMUSG00002076683.1,0.2925139211276577,0.294688351949569
ENSMUSG00000070130.3,0.4463722868439509,0.440038405149923
ENSMUSG00000041679.10,-0.7059371668647986,-0.70139933193856
ENSMUSG00000014856.13,-0.4349898117000841,-0.430002944885864
ENSMUSG00000014778.11,-0.0994822418845461,-0.0985691029711627
ENSMUSG00000039199.7,0.231644631225105,0.25859984804036
ENSMUSG00000013160.8,-0.1892163328209261,-0.18440019028579
ENSMUSG00000038604.10,-0.0598551063158648,-0.0534011895379537
ENSMUSG00000005698.16,0.0899228855705332,0.0945747937076892
ENSMUSG00000038000.11,-0.0436521402343256,-0.0420151851333747
ENSMUSG00000005699.17,-0.3276422715917444,-0.319552946703749
ENSMUSG00000013150.16,0.3597970010996085,0.365100881502695
ENSMUSG00000037415.8,0.2131898937013029,0.217665111317447
ENSMUSG00000036672.6,1.2277068307835812,1.22768462296913
ENSMUSG00000036442.9,-0.4284847536635583,-0.424058153501949
ENSMUSG00000008450.9,0.0835065710449516,0.0880418779201019
ENSMUSG00000036270.17,0.2657886425746672,0.270105672675865
ENSMUSG00000048310.9,0.0080556636488259,0.0128943511712296
ENSMUSG00000087436.2,0.1519276349511591,0.145412198963988
ENSMUSG00000031897.10,1.2697462853348302,1.27381563400433
ENSMUSG00000035237.8,0.1793644945239469,0.184161628828009
ENSMUSG00000017765.18,-0.0413142017186902,-0.0364346752174631
ENSMUSG00000031901.13,0.5431983381998199,0.548557405906961
ENSMUSG00000045538.7,0.0451556504346716,0.0497120573348154
ENSMUSG00000031902.11,0.0965917687949387,0.101024957545839
ENSMUSG00000084128.11,-0.2025451783278381,-0.197791509562296
ENSMUSG00000086390.9,-0.6244336751722106,-0.617582785080917
ENSMUSG00000031903.8,-0.004737257364309,0.001359852555373
ENSMUSG00000033106.7,-0.3270805254109515,-0.323929474911229
ENSMUSG00000060098.12,0.3978184093122311,0.402004795374698
ENSMUSG00000031906.10,3.2100868910161307,3.18662994060069
ENSMUSG00000031907.10,0.0337180840791248,0.0449370296093034
ENSMUSG00000060019.7,-0.7071115264437304,-0.703058486028997
ENSMUSG00000000303.14,1.176896382192959,1.18057278936944
ENSMUSG00000041949.7,-0.1115514244370901,-0.107442540555903
ENSMUSG00000031910.15,0.3005462166229899,0.306402980688006
ENSMUSG00000046691.15,0.1799995369486841,0.149812418677359
ENSMUSG00000041438.9,0.0938600381158555,0.098622056386623
ENSMUSG00000041308.7,0.2427483499751656,0.247598806015306
ENSMUSG00000031913.10,0.150289816154526,0.154978503405678
ENSMUSG00000031916.18,0.3434165218966855,0.349506180793378
ENSMUSG00000031917.13,-0.0560444760204052,-0.0561534487612319
ENSMUSG00000031921.18,0.4138574448078054,0.414997942151909
ENSMUSG00000031924.5,-0.6593895317822618,-0.654848131968309
ENSMUSG00000003847.17,-0.0366349525823319,-0.0324707285015886
ENSMUSG00000003849.9,0.0480912209484139,0.0567497285862182
ENSMUSG00000003848.15,0.1537602401921313,0.154425296569625
ENSMUSG00000031930.12,0.7885739135712307,0.793144068644768
ENSMUSG00000039067.6,0.396353475824202,0.401322973707086
ENSMUSG00000038872.11,0.0992194252151903,0.10878149782582
ENSMUSG00000037993.9,0.1946295763027638,0.199225387766216
ENSMUSG00000031723.9,-0.4164218121982857,-0.41164842623875
ENSMUSG00000031722.11,0.854062004500214,0.858606639636254
ENSMUSG00000031730.19,-0.0652133865938635,-0.060244893861847
ENSMUSG00000048827.13,-0.0305255151861468,-0.024570155114263
ENSMUSG00000031729.7,0.1997316752862891,0.204648405081605
ENSMUSG00000031728.11,0.4722542254354863,0.479526158728102
ENSMUSG00000069895.5,0.5363344813462243,0.540464126459555
ENSMUSG00000031731.17,0.2690427628161699,0.273390305546281
ENSMUSG00000078143.5,0.1232457609162845,0.127775084237064
ENSMUSG00000031732.13,0.1106719889704964,0.113613023121989
ENSMUSG00000001672.15,-0.1427087167337308,-0.138390124015247
ENSMUSG00000001670.14,-0.419391157963974,-0.413719516877429
ENSMUSG00000044676.11,-0.1718021550311523,-0.163693267922669
ENSMUSG00000046441.6,-0.0989027756557482,-0.0987210860221827
ENSMUSG00000010936.12,-0.2061624026318278,-0.202336065445016
ENSMUSG00000033763.15,-0.7503833516667388,-0.745014774227429
ENSMUSG00000031750.16,0.3291266266291526,0.363786482353609
ENSMUSG00000033732.11,0.5502851346432989,0.554415041042831
ENSMUSG00000031753.17,0.2215419760760488,0.226117084330821
ENSMUSG00000033703.10,0.2216730289560545,0.224337520414489
ENSMUSG00000031749.13,-0.0201243885284586,-0.01493953691027
ENSMUSG00000015023.8,0.16171123318675,0.166305361678554
ENSMUSG00000033658.17,-0.6208875536609951,-0.616053360638778
ENSMUSG00000031960.15,0.3919086179668973,0.396748477980054
ENSMUSG00000033624.11,-0.7876790015628699,-0.780777744752008
ENSMUSG00000084808.8,-0.4782137118003857,-0.466344590864593
ENSMUSG00000003316.15,0.1097396217263032,0.114409122104341
ENSMUSG00000033596.6,0.6039664108998245,0.607730310004568
ENSMUSG00000012519.15,2.9123748736414203,2.92590874008489
ENSMUSG00000031959.16,0.0105514990847537,0.0168282458470698
ENSMUSG00000098410.3,-0.0710431661322056,-0.0569798631671774
ENSMUSG00000033545.15,-0.0280857218841975,-0.0228248402103903
ENSMUSG00000031958.17,0.0086352222316107,0.0133378133793793
ENSMUSG00000055835.11,0.2387889463539254,0.242551837291682
ENSMUSG00000031955.11,0.0257580542524911,0.0305203940461586
ENSMUSG00000031954.7,-0.059783948431491,-0.0555914148297204
ENSMUSG00000031953.3,-0.2614743233541059,-0.258424939373949
ENSMUSG00000031950.8,-0.2915361395926363,-0.28709590601297
ENSMUSG00000031949.18,0.0415165386591364,0.0428338281468427
ENSMUSG00000031948.15,0.3446239210171842,0.349295449276113
ENSMUSG00000033430.11,-0.0298881269983883,-0.0261714700597534
ENSMUSG00000078908.11,0.2643331194512202,0.267029339837065
ENSMUSG00000119971.1,-0.2812985784150128,-0.274915958731112
ENSMUSG00000031767.14,-1.0957273335175477,-1.09090611355037
ENSMUSG00000004637.16,-0.6620507303077913,-0.659448709999456
ENSMUSG00000090217.2,-0.258268175018545,-0.243548123749814
ENSMUSG00000055435.7,-0.2206244725147348,-0.216899243984634
ENSMUSG00000086717.2,-0.0928011153303277,-0.0909825238038992
ENSMUSG00000031758.11,0.5956769882451987,0.599040938600747
ENSMUSG00000014633.16,-0.7224429680233799,-0.719106203278736
ENSMUSG00000047388.11,0.1383401033539699,0.142370015058123
ENSMUSG00000034424.6,-0.5976547830086009,-0.592618141691117
ENSMUSG00000031845.17,0.6275770256660225,0.631845892011267
ENSMUSG00000121084.1,-0.6501270759756906,-0.644067203620605
ENSMUSG00000052557.12,-0.2460393013703689,-0.223848338782338
ENSMUSG00000034390.17,-0.3855392733822686,-0.380869177855623
ENSMUSG00000121141.1,-0.2646951645221787,-0.259756223573
ENSMUSG00000034330.11,1.3258402303569838,1.31398865243233
ENSMUSG00000034308.14,0.4031301836875807,0.406869085431918
ENSMUSG00000110459.2,0.6830331501088434,0.658065000747349
ENSMUSG00000110151.3,-0.0667408898250153,-0.0573878830003515
ENSMUSG00000031844.9,-0.5446208000292712,-0.540104232711609
ENSMUSG00000110494.2,-0.0400535041903808,-0.025359167791659
ENSMUSG00000031843.3,0.4049592136909624,0.400163215680106
ENSMUSG00000031841.20,-1.9196036866856605,-1.90955148393958
ENSMUSG00000031839.8,-0.1038657092624973,-0.0982604966219098
ENSMUSG00000074064.7,-0.3732185060576483,-0.368090403218464
ENSMUSG00000120233.1,0.7732586308527816,0.780215924612745
ENSMUSG00000120688.1,1.116522947654837,1.09508126109064
ENSMUSG00000074063.11,-0.4912666666530875,-0.48998860920672
ENSMUSG00000031835.17,-0.1498398898962892,-0.145379979709154
ENSMUSG00000034189.6,0.1144607392904694,0.118040162020338
ENSMUSG00000031832.16,1.180692241028423,1.16708286803121
ENSMUSG00000023336.7,-0.6603250064199809,-0.635776642883616
ENSMUSG00000034105.10,0.4337192991039321,0.438005311031056
ENSMUSG00000031827.15,0.6914094266927135,0.693367092006082
ENSMUSG00000031828.10,0.2978403443625567,0.303523617588552
ENSMUSG00000031826.21,-0.0158975045583857,-0.010859409488743
ENSMUSG00000031823.15,-0.1074696963893654,-0.102463348993826
ENSMUSG00000097944.3,-0.7630190416137737,-0.747865457459686
ENSMUSG00000031824.16,0.0008161263729166,0.0107495363312629
ENSMUSG00000031822.21,0.3362560992907345,0.343258403751613
ENSMUSG00000031821.12,0.3674054641749211,0.374892339799903
ENSMUSG00000031819.14,-0.5698253288603348,-0.563316783703172
ENSMUSG00000031818.13,-0.712805122083866,-0.707962481091485
ENSMUSG00000041515.11,0.6180503200974674,0.622137883166093
ENSMUSG00000097336.9,-0.8889968927112415,-0.881425947871477
ENSMUSG00000042812.6,-0.1722692597641633,-0.128822340727449
ENSMUSG00000031816.16,0.1490623351594376,0.153669142071319
ENSMUSG00000052934.15,-0.9280393621723076,-0.922211639557879
ENSMUSG00000031812.17,-0.4151696241643416,-0.410244067679571
ENSMUSG00000061410.7,-0.1123169417235811,-0.10732889353965
ENSMUSG00000040263.17,0.5469665368999697,0.550689259629165
ENSMUSG00000092418.3,0.546534569615341,0.552895615298425
ENSMUSG00000110631.2,3.125743368205881,3.10438304226086
ENSMUSG00000040010.11,1.3236405423582798,1.34764416791827
ENSMUSG00000074052.8,-0.5361536333513769,-0.532200311569892
ENSMUSG00000025317.8,-0.6230537947874246,-0.618153394398551
ENSMUSG00000025316.17,0.5017813840115144,0.490293044871461
ENSMUSG00000091952.4,1.4047296176975423,1.36451431031963
ENSMUSG00000049577.16,-0.3499421692584749,-0.34309511972691
ENSMUSG00000017478.16,0.1436647957668144,0.147608582448136
ENSMUSG00000006519.12,1.0977843864751524,1.10569114465155
ENSMUSG00000006517.6,0.1320213565572573,0.132631549703545
ENSMUSG00000014470.5,-0.2565018787468583,-0.252635317966241
ENSMUSG00000121195.1,0.0452687844917161,0.0542765793538938
ENSMUSG00000049482.17,0.2534856581963581,0.255886777882226
ENSMUSG00000014444.18,0.7347695295630451,0.73930904926777
ENSMUSG00000006585.4,-0.9447784617595472,-0.935822244829521
ENSMUSG00000006589.9,-0.0435035166943356,-0.0387656626169411
ENSMUSG00000015027.12,0.5772424985972011,0.577406487098866
ENSMUSG00000015013.10,-0.2385718471430908,-0.235824811471635
ENSMUSG00000006362.17,-0.5256292891478083,-0.522143720328821
ENSMUSG00000015016.9,0.1350833582725371,0.1396809616533
ENSMUSG00000110440.2,0.1034916224205245,0.114291990001939
ENSMUSG00000035569.18,0.0725010491198269,0.0770707426036847
ENSMUSG00000099881.3,-0.4659169666073502,-0.468292140337444
ENSMUSG00000000738.19,-0.1192959682583001,-0.114957968581661
ENSMUSG00000000740.13,-0.5683440631643231,-0.563147154439654
ENSMUSG00000000739.15,-0.8358356292928979,-0.828127095608643
ENSMUSG00000000743.10,-0.1200653210983143,-0.115165248418026
ENSMUSG00000033862.8,0.0767298715516442,0.0812987456944257
ENSMUSG00000033594.12,1.2610016273000535,1.27610887151763
ENSMUSG00000097637.2,1.5480510784529289,1.59481840884972
ENSMUSG00000001062.19,0.3599887828825442,0.364489429753612
ENSMUSG00000001065.16,1.1631015686097266,1.1747988523917
ENSMUSG00000032815.17,1.483771321103554,1.49705917205765
ENSMUSG00000001472.18,-0.1569145880127323,-0.152051839431021
ENSMUSG00000001482.16,0.3082417202430207,0.313090631502167
ENSMUSG00000031967.16,-0.0667899299117366,-0.0631305359038122
ENSMUSG00000040220.11,0.6331404223397453,0.645835186161732
ENSMUSG00000039960.6,0.0939883196864675,0.0979310468198182
ENSMUSG00000097203.4,0.0301397827185001,0.0374579090346114
ENSMUSG00000019478.18,-0.1587785842091828,-0.153963562556291
ENSMUSG00000110547.2,-0.1145211971784207,-0.112736356046197
ENSMUSG00000039509.9,0.1423730539451768,0.147397895313979
ENSMUSG00000110615.2,-0.6049077373677672,-0.597257324532892
ENSMUSG00000031974.9,-0.5690961057147034,-0.565349740902839
ENSMUSG00000038697.16,-0.1087806198685966,-0.102854744637806
ENSMUSG00000031976.15,0.2722070904472964,0.275558699026133
ENSMUSG00000110704.2,-0.2546028855774712,-0.245557356025106
ENSMUSG00000089704.10,-0.1626928079530006,-0.157900949687899
ENSMUSG00000089745.2,-0.2406932634603714,-0.229492604549674
ENSMUSG00000031979.18,0.2900077915658107,0.29517649479559
ENSMUSG00000031980.11,-0.4024325720055834,-0.397917587896934
ENSMUSG00000031983.8,0.3793912529173514,0.382931726924908
ENSMUSG00000037300.20,-0.0864154173433804,-0.0813094897865567
ENSMUSG00000031982.6,0.3621637445892117,0.365599238779779
ENSMUSG00000043068.7,0.3295201811511455,0.332241108051608
ENSMUSG00000090118.2,0.9002839625292204,0.925696515095741
ENSMUSG00000031984.9,-0.0356020590494276,-0.0306645571318831
ENSMUSG00000031985.10,-0.1635464840838965,-0.158171805160743
ENSMUSG00000074030.4,-0.1299501014521532,-0.127574635052084
ENSMUSG00000031986.7,0.0176003670505938,0.0213742480268606
ENSMUSG00000031987.7,-0.4443886676189673,-0.439644271700045
ENSMUSG00000056820.8,0.0630151069685181,0.0684469062925622
ENSMUSG00000001995.10,-1.2391468508878716,-1.22713026660397
ENSMUSG00000031851.15,0.4371927606212474,0.4407792038814
ENSMUSG00000031853.6,-0.8885764485093685,-0.882830151251581
ENSMUSG00000033998.10,0.5369925119528408,0.528819300973567
ENSMUSG00000051671.8,-0.160280770292387,-0.155433757802314
ENSMUSG00000090290.3,0.2886637719240749,0.292730650753623
ENSMUSG00000097060.2,-0.0396204779566124,-0.0061717492560656
ENSMUSG00000051495.9,-0.1611387216715109,-0.146916898750071
ENSMUSG00000110697.3,1.0607170574658265,1.02357290827614
ENSMUSG00000093904.3,-0.2201966968540373,-0.216152729304684
ENSMUSG00000033931.10,0.318399192312836,0.32287400714247
ENSMUSG00000025812.19,-0.3550081968958671,-0.35035844214098
ENSMUSG00000120963.1,-0.6347841249527714,-0.621968756557543
ENSMUSG00000025810.10,-0.6106575483989793,-0.605627899228392
ENSMUSG00000084523.3,-1.0124598148020214,-1.01878284128385
ENSMUSG00000121092.1,-0.7974494698592358,-0.802940231394754
ENSMUSG00000025809.16,0.0397145744437525,0.0443304182794401
ENSMUSG00000071302.11,-0.0115194131722589,-0.0042370603108088
ENSMUSG00000094530.3,-0.2108854871522919,-0.211281367118334
ENSMUSG00000110605.3,1.465496008779277,1.47153340745709
ENSMUSG00000025899.15,0.0933254832716811,0.0978303995369607
ENSMUSG00000025898.7,0.3704529488623975,0.37412727960551
ENSMUSG00000025894.12,-0.052211838692704,-0.0475444481719731
ENSMUSG00000025893.9,0.4883593356486779,0.476999923681767
ENSMUSG00000041124.12,0.1856473083707805,0.189984281196711
ENSMUSG00000025888.7,1.165681976573036,1.17818663148124
ENSMUSG00000033538.14,1.4060719774311516,1.41122634980615
ENSMUSG00000025887.11,1.016540750818279,0.99789383223067
ENSMUSG00000032006.16,-0.6567464456691257,-0.659591626537947
ENSMUSG00000047193.17,-1.3846245609149173,-1.3760865336535
ENSMUSG00000032002.11,-0.0061438087359688,-0.0017895432808189
ENSMUSG00000050578.11,2.5154806721482807,2.49770701541836
ENSMUSG00000049723.15,1.2113787940303409,1.26984899526952
ENSMUSG00000050912.16,0.08348788136584,0.0885341292469655
ENSMUSG00000057367.13,0.2181863450544302,0.222678606146929
ENSMUSG00000032000.18,-0.04281033203456,-0.0431253587315559
ENSMUSG00000053110.14,-0.0467705101293105,-0.0419515567698635
ENSMUSG00000092185.2,0.0946208123435759,0.0826742313106314
ENSMUSG00000050730.18,-0.1043764245789102,-0.0997825659773629
ENSMUSG00000079083.4,0.3027565900139322,0.29594081324572
ENSMUSG00000079084.13,0.0513781344715828,0.0540294122658289
ENSMUSG00000031925.18,-0.456283734912959,-0.447680111466042
ENSMUSG00000031918.17,0.1065009893647562,0.110152855998084
ENSMUSG00000031922.13,0.0567287671897817,0.0605873866184178
ENSMUSG00000037808.14,-0.4110283099189186,-0.407494286284457
ENSMUSG00000032009.9,-0.662870572414167,-0.658302234524273
ENSMUSG00000037419.10,2.071719626289159,2.06885914982738
ENSMUSG00000004096.10,0.0065340326982087,0.0114632344631131
ENSMUSG00000013076.18,-0.705231357865934,-0.687365543256459
ENSMUSG00000031931.5,0.0293552428691074,0.0336134285345688
ENSMUSG00000031928.16,-0.1130175397248901,-0.117315878132349
ENSMUSG00000031934.15,1.4407436735541264,1.36287849752243
ENSMUSG00000031935.10,-0.0473658390222779,-0.0432955883507901
ENSMUSG00000031938.16,0.0784602434908797,0.083100361995819
ENSMUSG00000031939.17,-0.5626569478581848,-0.561570906808041
ENSMUSG00000064797.3,-1.1190888815414644,-1.11036146300811
ENSMUSG00000065265.3,-0.6525105432159631,-0.653398766290929
ENSMUSG00000065663.3,-0.2868791265613992,-0.260380763836953
ENSMUSG00000046111.19,-0.1658512256772474,-0.163097036122056
ENSMUSG00000089702.2,0.1148752922320354,0.0990250586969261
ENSMUSG00000058173.13,0.4483375868865842,0.45110777108164
ENSMUSG00000043885.15,-0.6774890135632431,-0.674816859241113
ENSMUSG00000001774.9,0.0663851711661065,0.0706521474923599
ENSMUSG00000043943.15,-0.9128969368388288,-0.87514638163939
ENSMUSG00000057551.11,0.263894063134147,0.268280401624648
ENSMUSG00000045519.16,-0.1777918111189441,-0.185854708732328
ENSMUSG00000063108.16,0.0914852773057369,0.0959196096437563
ENSMUSG00000059475.14,0.5562968385428393,0.56054157242255
ENSMUSG00000060510.15,0.4690849935295864,0.472297211888257
ENSMUSG00000058192.17,0.1941600982142048,0.195956922736328
ENSMUSG00000066892.15,0.6061465921404321,0.606518529192301
ENSMUSG00000084786.10,-0.1553776035027476,-0.150995160594635
ENSMUSG00000032171.8,0.2779871957712546,0.281909246712314
ENSMUSG00000032172.9,-0.166212553293629,-0.19596948517657
ENSMUSG00000004098.8,0.12770906340681,0.130805919567909
ENSMUSG00000038884.15,0.4067287569668188,0.410050087242348
ENSMUSG00000038742.8,0.0573908223389993,0.0568703940222679
ENSMUSG00000004100.13,-0.2132587508906052,-0.212923973554601
ENSMUSG00000070319.7,-0.0591661374249056,-0.0544645409045315
ENSMUSG00000004099.17,0.6947559411547798,0.697018746388392
ENSMUSG00000043895.7,-0.0709769945301873,-0.0661751098122102
ENSMUSG00000003299.11,-0.4011921147524823,-0.396333731179713
ENSMUSG00000037405.9,0.7651613879411029,0.766305488334358
ENSMUSG00000110790.2,0.4286744308447105,0.439184385792521
ENSMUSG00000010205.12,0.2808941148814982,0.284975110445286
ENSMUSG00000086016.2,0.3018765806290123,0.290304509550022
ENSMUSG00000032175.12,0.2300107116560054,0.234638792944073
ENSMUSG00000019471.11,-0.063749369358787,-0.058977227011989
ENSMUSG00000032177.18,-0.1633609632973274,-0.146233625824827
ENSMUSG00000097439.8,0.5135929565190321,0.519442709324053
ENSMUSG00000003308.16,0.485615144596344,0.490929293810714
ENSMUSG00000045087.9,-0.4559211283485449,-0.490100947605527
ENSMUSG00000002820.7,-0.2775657408555887,-0.272542809356955
ENSMUSG00000035047.10,0.0678115168530039,0.0702878201573542
ENSMUSG00000096472.3,-0.5846293492112735,-0.593490481354999
ENSMUSG00000057193.9,0.2237521693759627,0.230585412337925
ENSMUSG00000032178.15,0.1637398507336418,0.168409665518933
ENSMUSG00000002825.9,-0.0120466119993175,-0.0133144958885812
ENSMUSG00000033335.19,0.2937746109366686,0.297438487044801
ENSMUSG00000032180.12,-0.1533328413782025,-0.150405127973064
ENSMUSG00000057191.15,-0.7621006864885107,-0.752036753769533
ENSMUSG00000032185.17,-0.2313151695125363,-0.225170594326345
ENSMUSG00000032182.16,-0.1196582366935305,-0.114542526937523
ENSMUSG00000048429.11,-0.3645857096516786,-0.359918365098494
ENSMUSG00000032187.17,0.8072856485345153,0.812007834113659
ENSMUSG00000032193.10,-0.0770551214271233,-0.0718657916273473
ENSMUSG00000074476.7,-0.115402789802172,-0.109606782204125
ENSMUSG00000032194.10,0.3345397406936811,0.339188544248889
ENSMUSG00000032198.10,0.8749873008666438,0.879141353087305
ENSMUSG00000047822.9,1.5557998496730367,1.55654970331008
ENSMUSG00000019066.14,0.0483792934132235,0.0542981716131288
ENSMUSG00000040883.19,-0.3688701161390735,-0.364014046242043
ENSMUSG00000006241.17,0.2046764012008598,0.212842713337323
ENSMUSG00000040563.14,0.2884054385650953,0.291745707731831
ENSMUSG00000051238.7,0.2067325431169188,0.215468736609207
ENSMUSG00000006235.7,-1.7757721856341495,-1.72164859501297
ENSMUSG00000040146.10,0.3098801395906907,0.314542384991298
ENSMUSG00000039632.14,0.1059123060888673,0.106455766806147
ENSMUSG00000003402.15,0.2481019792572908,0.252593459554121
ENSMUSG00000038895.17,-0.3023985315783087,-0.298801198300532
ENSMUSG00000096981.3,-0.1655032879381599,-0.162682235442688
ENSMUSG00000066839.13,-0.1800553312457722,-0.175538416371715
ENSMUSG00000013822.8,-0.3881545078316255,-0.383062102675309
ENSMUSG00000111856.2,-0.3324683376991607,-0.329526033043279
ENSMUSG00000001348.16,-0.070135076883705,-0.0651986662597337
ENSMUSG00000010607.9,-0.5049698134638729,-0.500065847775802
ENSMUSG00000074472.11,1.1481902140009084,1.14467067365214
ENSMUSG00000090925.3,0.278673570608603,0.276018081299739
ENSMUSG00000110757.2,0.1361770623552642,0.135679000735334
ENSMUSG00000057982.9,0.2125322045978781,0.212113688965374
ENSMUSG00000066829.8,0.716470543626637,0.71828083057603
ENSMUSG00000094627.3,0.1229600701918103,0.10735584689515
ENSMUSG00000032239.11,-0.2318696419902589,-0.227037466153131
ENSMUSG00000035919.17,0.0249183217531478,0.0277725181956175
ENSMUSG00000043067.16,0.6340821077620807,0.638693334538781
ENSMUSG00000111365.3,-0.6686222915930741,-0.645113301065882
ENSMUSG00000031965.16,0.606729228239002,0.61180663979636
ENSMUSG00000008429.9,0.0588697303412666,0.0631969761849326
ENSMUSG00000120169.1,-0.1403030758287073,-0.129104433424612
ENSMUSG00000001833.18,0.3415352657405673,0.346370749220318
ENSMUSG00000036611.6,0.0219468080671848,0.0227483797490183
ENSMUSG00000031969.17,0.0681558500817382,0.0726199035225769
ENSMUSG00000035443.11,0.8373280852921982,0.841492343476293
ENSMUSG00000031988.11,0.0070703431762282,0.0113412013146842
ENSMUSG00000035024.18,-0.3734982622818605,-0.369070263389819
ENSMUSG00000031990.16,0.2629940576754138,0.274187028135017
ENSMUSG00000111390.2,0.2164974325476465,0.227333505314987
ENSMUSG00000059974.11,-1.169201401384974,-1.13029512128898
ENSMUSG00000031993.8,0.3155831955598417,0.319779933664395
ENSMUSG00000047412.17,-1.3558076768309268,-1.35077815621162
ENSMUSG00000031996.18,-0.2838402326688241,-0.279218921351502
ENSMUSG00000042496.19,-0.1290927835351022,-0.12381600937744
ENSMUSG00000042185.15,0.061847020100541,0.0648302954980199
ENSMUSG00000111771.2,0.7546659911421933,0.769414797692184
ENSMUSG00000111166.2,1.4316855799050898,1.42357153326445
ENSMUSG00000041444.15,0.1435570536390852,0.15084381736062
ENSMUSG00000016087.14,0.1859082702883339,0.190633997816511
ENSMUSG00000032035.17,-0.1985914264026833,-0.191963269088816
ENSMUSG00000079884.7,-0.304121376795662,-0.286712759608422
ENSMUSG00000032038.8,-0.248869278651069,-0.244113884923451
ENSMUSG00000070315.14,-0.5570262991443026,-0.552643244871891
ENSMUSG00000032040.16,-0.3564973262923555,-0.351696816137079
ENSMUSG00000032041.16,0.0114128113133192,0.0160013756398082
ENSMUSG00000110774.2,-0.2903658598041094,-0.285807347013621
ENSMUSG00000032042.12,-0.4769797096950055,-0.472120528207839
ENSMUSG00000039048.16,-0.0608785747569818,-0.0558671496784828
ENSMUSG00000050471.18,-0.268621503738617,-0.263323988311441
ENSMUSG00000032044.5,0.20839126710225,0.209889948930972
ENSMUSG00000038119.16,-0.4430353207861453,-0.437949124513508
ENSMUSG00000032103.11,-0.3240161491830768,-0.320687198533549
ENSMUSG00000050555.10,-0.3556481941206681,-0.359470296013543
ENSMUSG00000032113.17,-0.0233216739203089,-0.0074784103606745
ENSMUSG00000032116.19,-0.0597820514342874,-0.0552178212673485
ENSMUSG00000096993.5,0.2606455921725478,0.265033257048688
ENSMUSG00000062762.18,0.3444123188103874,0.348919890513243
ENSMUSG00000032121.10,0.3583600469635475,0.350898245877701
ENSMUSG00000032122.16,0.3113933621043782,0.305482063577621
ENSMUSG00000034303.9,1.016304018533454,0.998068570042063
ENSMUSG00000032125.22,0.118788690118493,0.125098753642474
ENSMUSG00000042138.10,0.2611898596142353,0.267089200342108
ENSMUSG00000001946.15,0.252478534945415,0.259079510565603
ENSMUSG00000001942.9,0.1444336198157519,0.148334509931889
ENSMUSG00000011114.19,0.779291491343756,0.783470875833243
ENSMUSG00000059252.6,-0.4143090407740414,-0.408917539621195
ENSMUSG00000023186.15,0.5960105221709366,0.600837260052842
ENSMUSG00000025602.14,0.0829754006555671,0.120071430257186
ENSMUSG00000040111.18,-0.1194597907409171,-0.102483643325664
ENSMUSG00000015656.18,-0.0090093043396404,-0.0032193330338361
ENSMUSG00002076818.1,-0.0324798501009111,-0.0318378102592465
ENSMUSG00000032020.16,1.1599463218271755,1.12763617124204
ENSMUSG00000074415.17,0.1368426261991023,0.140174271318186
ENSMUSG00000049313.9,-0.4374165802112701,-0.429978475725825
ENSMUSG00000032018.15,-0.3428607078588184,-0.338306855506831
ENSMUSG00000111074.2,-0.1755240712306628,-0.184014198704177
ENSMUSG00000037287.16,-0.5048213726093873,-0.500043184521829
ENSMUSG00002076491.1,-0.3704774422377547,-0.365621308252412
ENSMUSG00000059495.15,-0.3017488475679,-0.297201090830628
ENSMUSG00000111133.2,-0.3919997931549936,-0.387824477932964
ENSMUSG00000048503.8,2.0680934449691035,2.02729137802075
ENSMUSG00000032014.7,-0.7227468145143694,-0.717718392144881
ENSMUSG00000095385.5,1.0156634748495326,1.02309639376385
ENSMUSG00000032012.10,0.5190872391723174,0.522216465944153
ENSMUSG00000032011.6,0.3624600610195301,0.354421043691893
ENSMUSG00000032010.16,-1.6312598645191143,-1.61964534113704
ENSMUSG00000053128.16,0.0719360791343201,0.0639142857738765
ENSMUSG00000111632.2,0.057287571716733,0.0663277781207664
ENSMUSG00000097467.3,0.3953665826635297,0.423833614569171
ENSMUSG00000032135.16,0.5394713965615197,0.546205778425193
ENSMUSG00000034342.10,0.1349467815739259,0.138900247342223
ENSMUSG00000032109.16,0.5073233381549699,0.511335208916714
ENSMUSG00000111685.2,0.2812323617918177,0.287757689522773
ENSMUSG00000111291.2,-0.548143888178805,-0.543299627127101
ENSMUSG00000032119.6,-0.3717508713778584,-0.366707863681532
ENSMUSG00000032120.12,-0.4549139932054313,-0.450281169356393
ENSMUSG00000032123.6,-0.1669501425574422,-0.162986084360924
ENSMUSG00000049932.4,-0.4783285324735004,-0.473579546264396
ENSMUSG00002075808.1,-0.0907597988130722,-0.0817522744522487
ENSMUSG00000032126.17,0.0662431785311949,0.0708711777257809
ENSMUSG00000032127.10,0.0279123228778138,0.0324352879309084
ENSMUSG00000032115.15,0.1794370634411805,0.185367043279523
ENSMUSG00000032114.10,-0.1030511515554933,-0.0979495977443979
ENSMUSG00000032112.11,0.2234655461648011,0.223272769396783
ENSMUSG00000009927.10,-0.5451369016447972,-0.540548485815422
ENSMUSG00000043923.9,-0.4770856207160429,-0.472218522540065
ENSMUSG00000111312.2,0.7939639589529275,0.781849096269011
ENSMUSG00000063382.7,0.3459646085223589,0.351187657362943
ENSMUSG00000047880.16,0.1858983624138605,0.173811520137306
ENSMUSG00000120036.1,-0.755733758126199,-0.730006278182084
ENSMUSG00000032097.11,-0.058919105999756,-0.0543995124811962
ENSMUSG00000110755.3,0.6559379164916477,0.652346736002729
ENSMUSG00000032098.14,0.5851913846262854,0.611729222600569
ENSMUSG00000048537.17,-0.2377880791660717,-0.23174422971622
ENSMUSG00000032096.17,0.0729636337109063,0.0777589655969532
ENSMUSG00000002031.14,-0.5011916047736632,-0.496288327441192
ENSMUSG00000002032.18,-0.4475847929014212,-0.441077090128519
ENSMUSG00000110750.2,-0.3681210580612813,-0.363361958683288
ENSMUSG00000039438.8,-0.3920254881660351,-0.387429942634325
ENSMUSG00000002028.14,0.0532446177717402,0.0587111548886192
ENSMUSG00000038717.10,-0.4391786053057581,-0.435124582136741
ENSMUSG00000111082.3,-0.5222107921251566,-0.517524802596575
ENSMUSG00000059890.17,-0.1725678961666918,-0.168018620974357
ENSMUSG00000032092.6,0.41054575952853,0.415864030129269
ENSMUSG00000110899.2,0.2784856537341773,0.284017595518708
ENSMUSG00000070305.11,-0.1396683563066581,-0.130476186769361
ENSMUSG00000048534.8,0.8227249605072061,0.890995776187571
ENSMUSG00000074385.4,0.3215485872605474,0.43395226669989
ENSMUSG00000032089.17,0.3383581473044815,0.337102021874749
ENSMUSG00000043987.19,-0.1043142758130334,-0.0996910098787823
ENSMUSG00000032086.13,-0.2680919410803641,-0.263161588731531
ENSMUSG00000089810.2,-0.1879743740228293,-0.183318744741715
ENSMUSG00000111128.2,-0.1325570294563328,-0.126762010803761
ENSMUSG00000042790.17,-0.1198774640702151,-0.11523853952623
ENSMUSG00000035382.10,-0.0490842777247693,-0.0443686770200261
ENSMUSG00000032085.6,0.330501802321809,0.331521821031283
ENSMUSG00000111521.2,0.2133241042599714,0.215697825629002
ENSMUSG00000034908.17,-0.3868245458349727,-0.382340625276034
ENSMUSG00000111329.2,-0.3446755696491034,-0.347685729946481
ENSMUSG00000003131.8,0.1942198172511877,0.198820301141856
ENSMUSG00000034135.16,0.3845145238385492,0.388467254589267
ENSMUSG00000032083.9,-0.1094545024668918,-0.104727831200138
ENSMUSG00000032081.11,-0.2202384356049569,-0.215670386726861
ENSMUSG00000111282.2,0.327345030113197,0.323708217272765
ENSMUSG00000032080.7,0.3100471007435652,0.313844530082389
ENSMUSG00000074373.7,0.3285359942690609,0.330689555630479
ENSMUSG00000032079.13,-0.5325257327750451,-0.527687135233557
ENSMUSG00000111403.2,-0.5541810498536057,-0.54951193901835
ENSMUSG00000032078.18,-0.6249183814868902,-0.618229861087186
ENSMUSG00000032077.6,-0.1114672382146217,-0.104056511175874
ENSMUSG00000032076.21,-0.5175540627029611,-0.51762246550303
ENSMUSG00000032028.16,-0.1104740650098177,-0.109130861179982
ENSMUSG00000032026.8,-0.0546726211813783,-0.0500721283344873
ENSMUSG00000042396.11,0.106680676112312,0.110631434615979
ENSMUSG00000042293.9,-0.0802752259056346,-0.0760760349668937
ENSMUSG00000032271.14,0.1622694696280037,0.162408958936753
ENSMUSG00000066687.6,0.234624793878588,0.255850897841457
ENSMUSG00000032267.9,-0.3834498780491658,-0.379221185306924
ENSMUSG00000032264.10,0.0456732408774154,0.0536089164428404
ENSMUSG00000040219.5,1.339932953566382,1.31628081180309
ENSMUSG00000101304.3,-0.3418314561654214,-0.333283533678494
ENSMUSG00000032068.15,-0.5029364002559319,-0.51454166814483
ENSMUSG00000032067.7,-0.4189757383556028,-0.413985607967874
ENSMUSG00000111654.2,0.0597413725400781,0.057817883467333
ENSMUSG00000032066.10,0.2489257759847219,0.252936551870411
ENSMUSG00000039217.14,-0.140229440375347,-0.13757478040691
ENSMUSG00000032065.7,0.9434760998984276,0.910751751485356
ENSMUSG00000000171.6,-0.3311516927244395,-0.326583673047676
ENSMUSG00000039016.6,-0.4596395174073081,-0.456145351734687
ENSMUSG00000059820.15,-0.0237895247446319,-0.019184637534174
ENSMUSG00000000167.15,-0.5237040186987315,-0.520021620930942
ENSMUSG00000000168.11,-0.281083826061466,-0.276643575935476
ENSMUSG00000032064.18,-0.2204576320766914,-0.216628720246765
ENSMUSG00000032062.4,-0.0124555284446515,-0.007743636754804
ENSMUSG00000032060.11,0.9285279080754976,0.939342715149972
ENSMUSG00000037971.11,-0.1548924313332718,-0.15049299551879
ENSMUSG00000037845.15,-0.1738750913920912,-0.168706038027031
ENSMUSG00000032059.14,0.291939555004641,0.296571586230243
ENSMUSG00000032058.15,0.3598356280076549,0.365093835728521
ENSMUSG00000037112.17,-0.0305024428269277,-0.0226349131602178
ENSMUSG00000036027.14,-0.0342958789973873,-0.0341034389291212
ENSMUSG00000032051.10,-0.6488105465559423,-0.643944668808028
ENSMUSG00000032050.19,-0.0440559160793252,-0.0394073328690083
ENSMUSG00000035164.9,0.312601952634578,0.317099651098358
ENSMUSG00000053289.9,0.0832238639678776,0.0876736095184721
ENSMUSG00000034584.4,0.4667864760776832,0.473678827274814
ENSMUSG00000034487.5,0.2970159777981297,0.300638054828792
ENSMUSG00000098362.3,-0.0692050004273456,-0.0941754153469488
ENSMUSG00000034218.17,-1.0426635977642402,-1.03659451775128
ENSMUSG00000033054.8,-0.0497338787025276,-0.0403600340545531
ENSMUSG00000032047.6,-0.5567793300180179,-0.551851224818919
ENSMUSG00000032030.18,-0.1636618751407074,-0.158757431447892
ENSMUSG00000086914.3,-0.9674080112642308,-0.958808325258282
ENSMUSG00000055069.4,0.2073578606640848,0.169829776007369
ENSMUSG00000041268.18,0.3676284604486758,0.372362249535048
ENSMUSG00000037493.7,-0.1054937690248908,-0.108623329444732
ENSMUSG00000032279.12,-0.5439347705649099,-0.538554449397064
ENSMUSG00000032285.16,0.6951443616173165,0.698954876082469
ENSMUSG00000061559.16,-0.0843855973863773,-0.079886886608518
ENSMUSG00000032293.9,-0.2174080792652381,-0.213175971986012
ENSMUSG00000035878.14,-0.6361901238833039,-0.632002130047305
ENSMUSG00000044820.7,0.1149350002218464,0.12372642035764
ENSMUSG00000032301.14,0.1297482129406948,0.13464338481714
ENSMUSG00000032307.17,-0.4174672542262448,-0.412936030991487
ENSMUSG00000032309.16,0.1317567817593892,0.13570017365501
ENSMUSG00000032311.18,-0.1124206438382706,-0.100425329406469
ENSMUSG00000032314.15,-0.2940090704610294,-0.289345994803285
ENSMUSG00000034007.11,0.2870478105899998,0.291607222372422
ENSMUSG00000032320.8,0.3712303490249608,0.373898800877309
ENSMUSG00000032324.12,-0.1252695275472248,-0.127731396983989
ENSMUSG00000074305.10,0.2470054035703885,0.252983307018068
ENSMUSG00002075524.1,-0.2764370897745675,-0.268670272412031
ENSMUSG00000032329.5,0.1358286633825125,0.140406867479853
ENSMUSG00000032733.7,0.3758236516074082,0.379119086978242
ENSMUSG00000032288.10,-0.830769535113655,-0.826648783565754
ENSMUSG00000055334.5,0.6458674107224768,0.650202810300195
ENSMUSG00000032290.8,0.7746636463782435,0.778810046565436
ENSMUSG00000074284.8,0.1253158521345854,0.130352146649562
ENSMUSG00000042557.15,0.1747490604746241,0.179227165558158
ENSMUSG00000086728.4,0.1811729487300701,0.18358626699126
ENSMUSG00000032295.16,0.300726793104472,0.304660204603003
ENSMUSG00000032298.14,0.4406146758543502,0.440926736138021
ENSMUSG00000032299.11,-0.0133612842992909,-0.0095342871869028
ENSMUSG00000032300.8,0.1270721719943633,0.140665854623362
ENSMUSG00000063849.7,-0.0771401472827531,-0.0725844795653407
ENSMUSG00000040722.8,0.3125973192942763,0.315333083296578
ENSMUSG00000074280.7,-1.0858358254721128,-1.09902003832504
ENSMUSG00000000088.8,-0.5636723408124424,-0.55887230176341
ENSMUSG00000097445.2,-0.6314805650340284,-0.626288039069926
ENSMUSG00000032305.16,0.5198694234461682,0.523964541037929
ENSMUSG00000032306.15,0.2201531989263535,0.225226042944993
ENSMUSG00000040188.11,0.4029101820492053,0.40772825157504
ENSMUSG00000032308.10,0.1143385306592986,0.118697036741534
ENSMUSG00000032312.8,-0.0192406282584134,-0.0144336768913877
ENSMUSG00000032310.5,-0.8524480746143727,-0.847609071927744
ENSMUSG00000032315.7,-0.5945129001042688,-0.581997251382014
ENSMUSG00000038957.14,-0.1062245035756547,-0.101580981667754
ENSMUSG00000032316.9,-0.4220027855090654,-0.417528838320768
ENSMUSG00000004661.16,-0.0359016520975189,-0.0199435066760571
ENSMUSG00000055720.11,-0.0402147143261357,-0.0354288787055482
ENSMUSG00000037206.16,0.0921780105890662,0.113355268352385
ENSMUSG00000036986.17,1.9810873956450148,1.98527370350687
ENSMUSG00000032333.7,1.3016644743734396,1.300279352536
ENSMUSG00000035914.12,-0.2975042133536241,-0.270350736841314
ENSMUSG00000032336.19,-0.030390805963915,-0.0258343827727508
ENSMUSG00000074269.11,-0.3418511009975335,-0.332349692471153
ENSMUSG00000032340.9,0.1886361170110232,0.193064973194764
ENSMUSG00000025236.12,0.1471486674551831,0.152263377524483
ENSMUSG00000025235.9,1.1582221334287253,1.15308502969845
ENSMUSG00000025234.12,-0.0278652834558043,-0.0236385078948784
ENSMUSG00000025232.9,0.169335267904539,0.173430850298858
ENSMUSG00000025237.17,-0.4399176737351408,-0.43618057337263
ENSMUSG00000032294.18,1.4030268279028937,1.40906567896652
ENSMUSG00000111394.2,1.3435284915671462,1.35485114837003
ENSMUSG00000051705.14,0.9080945734812248,0.907099886437065
ENSMUSG00000039585.16,-0.4045310830571477,-0.405313967044942
ENSMUSG00000034485.11,0.7835733771011091,0.786634225821016
ENSMUSG00000032280.18,0.2557844747782036,0.262535772809745
ENSMUSG00000007892.9,-0.7108550452390441,-0.706414891368502
ENSMUSG00000032252.15,0.0612971455095268,0.0656065313350095
ENSMUSG00000032249.15,0.2752299856648172,0.279133247343795
ENSMUSG00000041729.16,0.2470979463751149,0.248462269835276
ENSMUSG00000032244.10,0.381258155316958,0.388428443025425
ENSMUSG00000032245.13,-0.2719164921030291,-0.273150835771053
ENSMUSG00000121721.1,0.5114099159056539,0.523355126399932
ENSMUSG00000032405.11,0.4248373164817934,0.429233559370155
ENSMUSG00000058444.9,-0.2784263815150933,-0.273766070532431
ENSMUSG00000032403.9,-0.7656465914982011,-0.757931422829526
ENSMUSG00000086539.9,-0.7205535146387059,-0.732964408090055
ENSMUSG00000037257.9,-0.0097871148721934,-0.0053801944533664
ENSMUSG00000032402.13,-0.0977670589482247,-0.0906431958148812
ENSMUSG00000036867.8,0.3950178638207842,0.395725711051355
ENSMUSG00000032400.19,1.0496364225706003,1.04078923651457
ENSMUSG00000032399.9,-0.4774101854627512,-0.472731709357722
ENSMUSG00000032398.8,-0.260929501985079,-0.26032934245294
ENSMUSG00000004936.9,0.5309155077340918,0.535117267278996
ENSMUSG00000032397.8,-0.1660267328269246,-0.164887254782364
ENSMUSG00000032396.18,0.2022844898879942,0.207374651978455
ENSMUSG00000004771.13,-0.0294729285296231,-0.0245869959215944
ENSMUSG00000053641.10,-0.0304113940204611,-0.0257571642206352
ENSMUSG00000034263.14,0.3895352083719685,0.393652392823867
ENSMUSG00000033629.7,-0.2771800913057634,-0.272468184643523
ENSMUSG00000032393.16,-0.4124479133210634,-0.407975246251543
ENSMUSG00000111471.2,-0.479238333783442,-0.465544257491168
ENSMUSG00000032392.12,0.7091225012442866,0.712632486613635
ENSMUSG00000015357.11,1.4951784322600357,1.49865435216362
ENSMUSG00000041837.5,-0.136269285030827,-0.136290060448746
ENSMUSG00000059183.13,-0.2149508839876493,-0.216216809880951
ENSMUSG00000032388.8,0.324862803321513,0.329089987053744
ENSMUSG00000050721.10,0.8574075135004962,0.852009583143505
ENSMUSG00000032387.16,-0.0375556629554828,-0.0328979020752522
ENSMUSG00000040652.18,0.2177722057142112,0.222271192928362
ENSMUSG00000040524.10,0.0539708691335051,0.0631130050499859
ENSMUSG00000032386.16,0.1044973601833623,0.109309471187841
ENSMUSG00000032384.17,0.4232831095076266,0.426264139311969
ENSMUSG00000032383.8,-0.2273455426675444,-0.222622796662301
ENSMUSG00000039452.7,-0.207825455726453,-0.203170907386196
ENSMUSG00000032382.15,0.5368287790724592,0.541049773381358
ENSMUSG00000032381.6,0.1674529640801451,0.172714815530436
ENSMUSG00000032380.10,0.2404387225333597,0.247144341864937
ENSMUSG00000038664.17,-0.6692172199802643,-0.664013490208765
ENSMUSG00000100130.2,-1.2397444957553572,-1.2415706476269
ENSMUSG00000050503.10,-0.7536580329945408,-0.731424152327368
ENSMUSG00000032376.13,0.345962540613844,0.350361614668188
ENSMUSG00000032375.16,0.1367301255132128,0.158590046900596
ENSMUSG00000053040.14,-0.1087334583207559,-0.0998974536148201
ENSMUSG00000036943.10,1.011199759687271,1.0173645418484
ENSMUSG00000036781.14,0.1441142972819517,0.148759249798487
ENSMUSG00000032370.9,-0.7360962830385839,-0.731188559312676
ENSMUSG00000119960.1,0.5914161640516573,0.585825964489957
ENSMUSG00000032366.16,0.7210487587649885,0.725317593440433
ENSMUSG00000052698.16,-0.2884919322942427,-0.29058569513841
ENSMUSG00000035284.11,-0.950650730735567,-0.945527066530638
ENSMUSG00000032238.18,-0.2130495804485342,-0.207581092417585
ENSMUSG00000032235.16,-0.0466558439572953,-0.0429114110791872
ENSMUSG00000032231.15,0.3087219005141468,0.312321123845807
ENSMUSG00000101555.2,0.2364949494868366,0.236759155218392
ENSMUSG00000011958.18,0.220639266010676,0.225186693423569
ENSMUSG00000033543.18,0.2462860806588366,0.250782411767223
ENSMUSG00000032220.11,-0.0811423310832381,-0.0761430010036286
ENSMUSG00000032217.14,0.1058353575330622,0.110267907703927
ENSMUSG00000032212.11,-0.0338504504852747,-0.0298055758749518
ENSMUSG00000042444.11,-0.1424607952558887,-0.137738145735364
ENSMUSG00000074213.4,0.1215483940690959,0.097955263416333
ENSMUSG00000054693.15,0.2045870081697649,0.208927642015986
ENSMUSG00000032207.11,-0.5730085050610739,-0.568353039335366
ENSMUSG00000032204.14,-0.5526525830988183,-0.548020939770175
ENSMUSG00000111429.2,0.2358942577704186,0.239444084568328
ENSMUSG00000032199.14,-0.2752901940531212,-0.270574002964148
ENSMUSG00000041361.14,0.3125918518627484,0.30287698257338
ENSMUSG00000032232.15,-0.3119600396524471,-0.307200702446552
ENSMUSG00000032228.17,0.1934194768639504,0.197479701129313
ENSMUSG00000038535.18,0.2035570577013166,0.208786912417223
ENSMUSG00000097211.4,0.0946355062253924,0.0985852477463917
ENSMUSG00000032221.15,0.0932909704843194,0.131330254628614
ENSMUSG00000090626.10,0.6140445521909957,0.601152640170454
ENSMUSG00000037674.17,0.4356689112017676,0.439970237482733
ENSMUSG00000099051.2,0.0492501481769503,0.0709418649053302
ENSMUSG00000098573.2,-0.1390892614877773,-0.104814083081873
ENSMUSG00000032216.16,-0.2591603232849064,-0.254501431579307
ENSMUSG00000102411.2,-0.0415322675068902,-0.0250122199739714
ENSMUSG00000086158.4,-0.3165759987799553,-0.311381075112801
ENSMUSG00000034563.17,-0.0871805206061013,-0.0827324112356796
ENSMUSG00000079469.12,-0.0955866500937357,-0.0906596682175087
ENSMUSG00000098332.3,-0.4407318670180705,-0.435881332391473
ENSMUSG00000032202.12,0.232799093234144,0.234211082270316
ENSMUSG00000032215.16,0.0307358847065489,0.0351305743162951
ENSMUSG00000120200.1,-0.4542079268612161,-0.453344889463484
ENSMUSG00000066477.14,-1.589495371718144,-1.59801919122651
ENSMUSG00000043013.11,-0.725977494077,-0.749656880648294
ENSMUSG00000034858.17,-0.2126201454700171,-0.206599201193543
ENSMUSG00000007656.14,0.1790748780994549,0.183817883910512
ENSMUSG00000042688.17,-0.2904698690528982,-0.28552613871109
ENSMUSG00000042487.7,1.0568653332107067,1.06622728261396
ENSMUSG00000058587.10,0.3751324954182558,0.37897396277723
ENSMUSG00000032179.8,-0.2424576765655304,-0.231085239680598
ENSMUSG00000097836.2,-0.3030575218434613,-0.289211442446792
ENSMUSG00000110838.3,0.5164868269060247,0.500452554057915
ENSMUSG00000032350.10,-0.2088488104690135,-0.204347082438492
ENSMUSG00000111253.2,0.4125866425438849,0.441267765771337
ENSMUSG00000111580.2,-0.1939046318860942,-0.160533252380204
ENSMUSG00000032349.14,-0.2051944747802867,-0.200676466787258
ENSMUSG00000001366.15,-0.2995684876031537,-0.294831753186531
ENSMUSG00000009828.16,0.2338500389357965,0.236679835745418
ENSMUSG00000121490.1,-0.7218989274077764,-0.698837806834173
ENSMUSG00000032348.7,-0.1764463151391982,-0.172175433362417
ENSMUSG00000111709.2,2.583459129583072,2.53888859151947
ENSMUSG00000074179.12,0.3657701942994254,0.326507413606581
ENSMUSG00000057933.11,0.0437993992317182,0.0474913543861973
ENSMUSG00000032344.18,0.5427833608161851,0.560211967269231
ENSMUSG00000032342.14,-0.420243503850593,-0.414447241641523
ENSMUSG00000037742.15,-0.4179920895431711,-0.413346770987911
ENSMUSG00000049624.15,-1.2892343757093243,-1.28474892900913
ENSMUSG00000059422.6,-0.2649447145088153,-0.264174845166785
ENSMUSG00000032332.18,0.1893964560850679,0.202537726497193
ENSMUSG00000032330.8,-0.4910364009537999,-0.486202909434492
ENSMUSG00000032328.13,-0.0332609713627256,-0.0286178190737904
ENSMUSG00000034252.15,0.1196477646156247,0.124147278772238
ENSMUSG00000084917.4,-0.1175195748040833,-0.115200923678854
ENSMUSG00000033577.19,-0.1984587444625142,-0.194271089664987
ENSMUSG00000032251.13,-0.7471876676274958,-0.74132946361113
ENSMUSG00000032253.14,0.1289343120894396,0.134006624436845
ENSMUSG00000098747.9,-0.1130136281013963,-0.115611670051348
ENSMUSG00000032261.17,-0.2580896047373116,-0.25369515689207
ENSMUSG00000032263.15,-0.437812088978223,-0.433560035414736
ENSMUSG00000032265.15,1.1182664144729046,1.13074673303296
ENSMUSG00000035941.16,-0.1591364894325685,-0.154463955408146
ENSMUSG00000103715.2,0.3001005445534498,0.296903040634652
ENSMUSG00000032415.15,-0.8968101847965296,-0.866949076275149
ENSMUSG00000034973.17,0.5535491734838118,0.558691252134819
ENSMUSG00000056131.14,1.000903295414713,1.00467488493239
ENSMUSG00000032418.16,-0.8483193248477837,-0.843759505272131
ENSMUSG00000087466.4,-0.9547540280598402,-0.949607709858168
ENSMUSG00000032872.17,-0.1233822574479434,-0.119158772285963
ENSMUSG00000056919.10,0.2462186222393803,0.248414694562669
ENSMUSG00000032420.9,-0.4714040325151918,-0.456234706891403
ENSMUSG00000032422.19,0.0993415334281229,0.103996227877936
ENSMUSG00000101335.2,-1.1863393639044282,-1.18772450891137
ENSMUSG00000032423.14,-0.0635053694668242,-0.0588715283038289
ENSMUSG00000097195.12,-0.092440715310409,-0.107072478377376
ENSMUSG00000032425.16,-0.131249005119064,-0.128163655617395
ENSMUSG00000097073.8,0.054025875359936,0.0626984828432357
ENSMUSG00000102533.2,0.1589951147840403,0.137780818067742
ENSMUSG00000079427.11,-0.2403080516080851,-0.239397522701114
ENSMUSG00000074149.10,-0.3258966458936752,-0.323049590823012
ENSMUSG00000067399.11,0.0958912195101461,0.124287271799872
ENSMUSG00000097177.9,0.3284014207353247,0.331799911285921
ENSMUSG00000066442.18,-0.2793561060038288,-0.268452385647279
ENSMUSG00000032353.10,-0.0332696339447462,-0.0277167036862327
ENSMUSG00000032359.15,-0.2255718401199436,-0.220830668648371
ENSMUSG00000062270.15,-0.0967312282093726,-0.0925917279891061
ENSMUSG00000104263.2,-0.5632092500720107,-0.603574764276415
ENSMUSG00000032363.16,-0.358373739963577,-0.356802777364714
ENSMUSG00000037410.14,-0.2030785999988965,-0.195674745959123
ENSMUSG00000032369.14,1.2725705411154873,1.28184502738599
ENSMUSG00000032372.15,1.588665493837179,1.58883475018501
ENSMUSG00000032377.9,-0.6415537378353274,-0.630340597768315
ENSMUSG00000032374.15,2.257244060177501,2.19448457016162
ENSMUSG00000045414.8,-0.5828186777437606,-0.580711604317475
ENSMUSG00000031129.10,-0.8101574572773396,-0.799617304477178
ENSMUSG00000033350.8,-0.5777171653553974,-0.569135875008925
ENSMUSG00000032407.15,0.3673527403510752,0.37149387053159
ENSMUSG00000101037.3,0.5382494456444782,0.566337383225572
ENSMUSG00000110827.2,0.8388415267276695,0.830794404364311
ENSMUSG00000064225.7,-1.0053548664750238,-1.00041694960074
ENSMUSG00000120031.1,2.080284785411516,2.06405914576213
ENSMUSG00000015354.9,-1.2684934589482992,-1.29088595921897
ENSMUSG00000049493.14,1.207684822247045,1.20704891816779
ENSMUSG00000032409.16,-0.8338033330601844,-0.828860570949821
ENSMUSG00000097777.9,-0.9010992945599136,-0.889731679933384
ENSMUSG00000032410.14,0.0498105226391678,0.0555808875973394
ENSMUSG00000032411.16,-1.2186158535750564,-1.21381767399907
ENSMUSG00000032412.9,-0.1116860687423203,-0.107117113029516
ENSMUSG00000051234.7,-0.2251959733160972,-0.220716377905654
ENSMUSG00000032413.13,-0.3553345171718186,-0.342355637485728
ENSMUSG00000040433.17,0.0577182811105574,0.062335860431522
ENSMUSG00000043587.16,0.3955960230442287,0.394506559638981
ENSMUSG00000062933.8,-0.3773318518913349,-0.370988147506622
ENSMUSG00000046997.6,-0.0151225479322058,-0.010281597962085
ENSMUSG00000120338.1,-1.7511933736354728,-1.7363950393725
ENSMUSG00000032449.14,-0.2557887163265807,-0.253946700459172
ENSMUSG00000032456.14,-0.3915820062280585,-0.39341142961025
ENSMUSG00000046402.11,-0.3674177545004691,-0.362607791849514
ENSMUSG00000032458.7,-0.1104249731921751,-0.105550407171042
ENSMUSG00000032459.10,0.2105414614602966,0.214799322064823
ENSMUSG00000032463.11,0.6278019510345262,0.6113109788344
ENSMUSG00000032462.15,-0.3264763751058604,-0.321811063062765
ENSMUSG00000056267.15,-0.1947732841902604,-0.201879094370824
ENSMUSG00000100281.2,1.1143276625356524,1.10574280575478
ENSMUSG00000103857.2,0.3252478271014989,0.316859620119334
ENSMUSG00000032470.18,0.3439517815943875,0.347719042986704
ENSMUSG00000032468.12,0.7008993591298441,0.703932403275142
ENSMUSG00000032469.13,0.143526800030988,0.148731949649113
ENSMUSG00000032475.16,0.0689456361569012,0.0734548068399344
ENSMUSG00000037286.16,0.103534062738635,0.107875508758674
ENSMUSG00000032527.14,-1.2964978705172665,-1.29174075941267
ENSMUSG00000066415.5,0.0136264572808948,0.0181264841051773
ENSMUSG00000043154.16,-0.2761803913783239,-0.270342316823405
ENSMUSG00000103672.2,-1.0973630997222166,-1.04790344681073
ENSMUSG00000032534.19,-0.4845682109685368,-0.479660396681859
ENSMUSG00000035048.14,-0.2834583259232793,-0.27952920948783
ENSMUSG00000032531.16,-0.202077791790467,-0.200187298844801
ENSMUSG00000032547.13,-0.4503995386347741,-0.445608923355667
ENSMUSG00000032548.15,-0.0130859691401664,-0.0082160850093319
ENSMUSG00000032553.15,-0.0365156795200384,-0.0313014862840271
ENSMUSG00000032554.16,-0.3719267909253638,-0.367413555712597
ENSMUSG00000033688.11,-0.4256030961497813,-0.420962922601801
ENSMUSG00000032555.11,-0.3973183033972984,-0.397188253432404
ENSMUSG00000032803.16,-0.4877896238731826,-0.482865336290913
ENSMUSG00000032558.20,0.2349923135225066,0.239044246428495
ENSMUSG00000032557.14,0.0408508940486983,0.0454350334034414
ENSMUSG00000090150.11,-0.6023282387400787,-0.597590938870155
ENSMUSG00000079355.6,-0.6354860190469902,-0.630655034619884
ENSMUSG00000032560.15,-0.0594877598303396,-0.0544010179292034
ENSMUSG00000032563.17,-0.1013642675965185,-0.0964962006303219
ENSMUSG00000104344.2,-0.1322620163217125,-0.159241646134486
ENSMUSG00000032565.10,0.8116150082217141,0.816765030386919
ENSMUSG00000032567.17,-0.1121661826719213,-0.11032919971591
ENSMUSG00000032570.18,-0.1404080653138694,-0.135248886670897
ENSMUSG00000101597.3,-0.8531770171421608,-0.85441768136782
ENSMUSG00000032571.15,0.2707855314577332,0.273288035872317
ENSMUSG00000043719.15,-1.3019976381877985,-1.27655279177598
ENSMUSG00000091345.11,-0.213342529517393,-0.184102286066382
ENSMUSG00000086296.4,0.1196940855269906,0.124688876862203
ENSMUSG00000020258.17,0.0267833629480323,0.0317242786525791
ENSMUSG00000065407.3,-0.017954642147463,-0.0112410138927631
ENSMUSG00000020257.14,-0.1796583083636541,-0.174733041893085
ENSMUSG00000020253.16,-0.2653734974342019,-0.262245034481923
ENSMUSG00000023277.14,1.4467334564352694,1.43998160507383
ENSMUSG00000045322.11,2.543392474191723,2.5351170870122
ENSMUSG00000032786.17,-0.5727731635861265,-0.567957095548475
ENSMUSG00000023345.18,-0.6828559769258361,-0.676290339495373
ENSMUSG00000053716.10,-0.7859598962743178,-0.78229961189459
ENSMUSG00000048758.15,-0.350333143852385,-0.34589330525516
ENSMUSG00000023262.14,-0.8220081698286518,-0.815650833849249
ENSMUSG00000042210.19,0.1849589346279024,0.190119787499073
ENSMUSG00000042073.16,-0.6945882984223962,-0.689762991309056
ENSMUSG00000100039.2,-0.7378172967781556,-0.732888924951645
ENSMUSG00000023495.14,-0.3298471199699692,-0.325285328680834
ENSMUSG00000023249.16,0.7866370818766678,0.79214295961121
ENSMUSG00000041506.16,0.0621039182113039,0.0683743552575323
ENSMUSG00000040813.17,0.2403620908135855,0.245848598790912
ENSMUSG00000040661.7,0.6957441054487296,0.70008066575129
ENSMUSG00000040325.17,0.1887656911968811,0.193490978273606
ENSMUSG00000032575.17,0.0460243348225194,0.0512824704384612
ENSMUSG00000074102.5,-0.1979198776428735,-0.193680909324594
ENSMUSG00000090207.3,0.0455556893367882,0.0515313321289443
ENSMUSG00000032577.17,0.907521360441264,0.893574545953705
ENSMUSG00000032578.8,-0.4090605693529002,-0.462672705286382
ENSMUSG00000090570.2,-0.2429789985670102,-0.330410289664153
ENSMUSG00000032579.15,0.1180565862692485,0.122945684023244
ENSMUSG00000010045.3,-0.0979239887614357,-0.0913888913776618
ENSMUSG00000037190.13,-0.126334047351266,-0.122539666472819
ENSMUSG00000010057.9,-0.1164404765679216,-0.11677456994869
ENSMUSG00000010067.14,0.3927422175598347,0.395554405951779
ENSMUSG00000097099.4,-0.1345159244024392,-0.125636492729221
ENSMUSG00000010054.5,-0.4218773249265755,-0.416753066900341
ENSMUSG00000010047.13,-0.3871343564282372,-0.383063395633173
ENSMUSG00000010051.16,-0.4899254849626194,-0.484858566426948
ENSMUSG00000079334.9,-0.4550773021195091,-0.450579348858144
ENSMUSG00000036091.9,1.9839815397388785,1.94398721330627
ENSMUSG00000010048.11,-0.4223920100186124,-0.417574509631665
ENSMUSG00000103409.3,-0.3654422201129272,-0.361039703499519
ENSMUSG00000032562.14,0.4515732959996004,0.456245516524584
ENSMUSG00000010064.16,-0.7066825279273696,-0.701971755264679
ENSMUSG00000034837.13,-0.3163281470019885,-0.306137500459286
ENSMUSG00000121142.1,-0.4919949558096987,-0.482121508085156
ENSMUSG00000102375.2,-1.2482466173881956,-1.25446496599685
ENSMUSG00000034684.13,0.7130787353888542,0.707775117167875
ENSMUSG00000032580.13,0.2680753880809969,0.272333844349098
ENSMUSG00000032582.15,-0.0890497265126949,-0.0842404951765261
ENSMUSG00000032583.8,-0.2765419349795198,-0.269607464292182
ENSMUSG00000032596.15,3.0308479922396665,3.03422421880398
ENSMUSG00000032594.12,-0.1861883462983435,-0.181587965116296
ENSMUSG00000070284.11,-0.136136237667677,-0.130821211281259
ENSMUSG00000041528.17,0.0998847511138575,0.103979300373029
ENSMUSG00000092218.2,0.0001676585030856,0.0129571165712351
ENSMUSG00000032593.6,-0.2586746375591738,-0.263885365088601
ENSMUSG00000032591.16,0.266767595550994,0.271130264147504
ENSMUSG00000032590.15,-0.3982859023339382,-0.393880188639834
ENSMUSG00000039952.16,0.0197569258311327,0.0245502340582762
ENSMUSG00000032606.8,-0.1088623432700882,-0.105487476361132
ENSMUSG00000032607.13,0.4867436999292411,0.490844786801101
ENSMUSG00000039461.13,0.3756805605512725,0.379842474505801
ENSMUSG00000007815.14,-0.0356746458490651,-0.0310350299428254
ENSMUSG00000104208.2,0.0241056907456746,0.0286021586039511
ENSMUSG00000121068.1,-0.3378392006131673,-0.333158571473187
ENSMUSG00000063856.9,-0.3576236823261586,-0.35297039913642
ENSMUSG00000032612.15,-0.0265796744830348,-0.0224871000500332
ENSMUSG00000104399.2,-0.6255837384060579,-0.626018444282546
ENSMUSG00000032609.13,-0.4211820591366041,-0.418159404322432
ENSMUSG00000049305.7,-0.127696804399681,-0.12329402733738
ENSMUSG00000052911.10,-0.0043342122157706,-0.0011426006607781
ENSMUSG00000006676.18,0.2418205845281241,0.246032835227107
ENSMUSG00000032604.17,-0.1825397177973685,-0.178006629241778
ENSMUSG00000006673.15,-0.1082816975701926,-0.103697781712809
ENSMUSG00000062867.14,-0.0871743762959463,-0.0823912153704424
ENSMUSG00000070283.5,0.6830368794023473,0.686208321117626
ENSMUSG00000019039.15,0.1372970480794294,0.141754364683355
ENSMUSG00000066357.7,0.5093405762420691,0.513473267525916
ENSMUSG00000064145.13,-0.394609561296335,-0.390025899259525
ENSMUSG00000032602.7,-0.7294099985530403,-0.724486589007418
ENSMUSG00000032601.14,-0.0737869906218488,-0.0692421833394984
ENSMUSG00000032599.13,0.4540255214538501,0.460639477636984
ENSMUSG00000032598.9,0.2064099627673607,0.214376319300459
ENSMUSG00000023259.18,0.4417752171702065,0.448570343492717
ENSMUSG00000120796.1,-0.3013404092522068,-0.296628888595742
ENSMUSG00000025651.15,-0.2527767240733924,-0.24808824100741
ENSMUSG00000025648.19,0.9424280386366756,0.922839022209898
ENSMUSG00000025647.17,3.05248575483464,3.05671587036345
ENSMUSG00000049734.10,1.3266855924612226,1.32496485565616
ENSMUSG00000025646.10,0.2922977036754489,0.299702288889558
ENSMUSG00000091537.3,-0.0833122839053925,-0.0783782663552394
ENSMUSG00000025645.9,0.4752503486935355,0.479954602400637
ENSMUSG00000053646.14,-0.0355818700928524,-0.0219244924942715
ENSMUSG00000032478.15,-0.0726597588259932,-0.0721296430989892
ENSMUSG00000032477.15,-0.3994741555351895,-0.395180085121213
ENSMUSG00000032479.16,0.1483902940844176,0.153134827781855
ENSMUSG00000032480.18,0.3509107313713293,0.354818178656869
ENSMUSG00000032481.18,0.2986218503866819,0.302456039589373
ENSMUSG00000032482.10,-2.2599849527003824,-2.26244124749665
ENSMUSG00000098973.3,-0.7637394792042038,-0.763278737989408
ENSMUSG00000054836.13,-0.5613332745418269,-0.558451979470566
ENSMUSG00000032485.15,-0.2728296749034841,-0.268098711804591
ENSMUSG00000091102.2,-0.0636790537388488,-0.057243858151076
ENSMUSG00000036057.12,0.6648222183211518,0.668864180619543
ENSMUSG00000054792.16,0.4948637852203685,0.506267767402397
ENSMUSG00000032489.18,1.303137199857442,1.2659865195618
ENSMUSG00000044791.17,-0.0569856318825698,-0.0526522582264085
ENSMUSG00000032491.15,1.864453905653585,1.84996124165581
ENSMUSG00000056724.16,0.2881526196615781,0.302612966612822
ENSMUSG00000019659.9,0.6200742287383765,0.623714598438266
ENSMUSG00000032492.15,-0.3618225349927869,-0.35381425635159
ENSMUSG00000049555.11,1.989619300122052,1.98162239242704
ENSMUSG00000044037.16,0.4571486020772022,0.461354844317062
ENSMUSG00000105140.2,0.4886549495899541,0.483656281964251
ENSMUSG00000066319.7,0.6453819123196491,0.649790695607816
ENSMUSG00000102060.2,0.6258278610968032,0.628536229069254
ENSMUSG00000057802.11,0.7608491676820973,0.7679744885778
ENSMUSG00000043953.13,2.1014613913261173,2.04583758318482
ENSMUSG00000032497.20,-0.0500645122098142,-0.0464345111620593
ENSMUSG00000032498.10,0.1290715207598209,0.133848735987541
ENSMUSG00000046785.9,0.1249867126502855,0.12947389462972
ENSMUSG00000032500.11,-0.5842106221057067,-0.582128003736791
ENSMUSG00000110996.2,-0.0608945281451501,-0.0518121442009487
ENSMUSG00000120314.1,-0.9921600592459884,-0.987735340403867
ENSMUSG00000032504.16,0.0808781820938706,0.0851351016061361
ENSMUSG00000033392.17,0.2048916985457409,0.204135536920664
ENSMUSG00000009741.17,-0.3918576609621718,-0.387014946934915
ENSMUSG00000032507.16,-0.304374376274081,-0.301598697135995
ENSMUSG00000111793.2,-0.2597486987283977,-0.243861241273286
ENSMUSG00000032431.7,0.3471886532273076,0.354147652823719
ENSMUSG00000045594.11,0.1983413274418321,0.202773284530662
ENSMUSG00000079260.4,-0.0946581133241198,-0.0905867237642933
ENSMUSG00000056167.9,0.2773266763210152,0.281840972796823
ENSMUSG00000032435.10,-0.1482535725782669,-0.14406028396356
ENSMUSG00000032434.10,-0.0090683676616799,-0.0045000964363832
ENSMUSG00000032436.18,0.7824391189320338,0.833148535966761
ENSMUSG00000041012.5,-0.1390046361159636,-0.134385443579634
ENSMUSG00000050627.14,-0.8186775177384928,-0.813757492021063
ENSMUSG00000050621.8,-0.5437999898327712,-0.522007905510392
ENSMUSG00000032437.11,-0.138839498907382,-0.134154830210378
ENSMUSG00000056880.15,-0.4145442405404627,-0.357055629003188
ENSMUSG00000080848.4,-0.5805531175599747,-0.562003639097259
ENSMUSG00000032440.14,0.3943602139277483,0.394413451554779
ENSMUSG00000039607.18,-0.0060257757254938,0.0048519370824299
ENSMUSG00000039285.13,0.4849232278168323,0.489416466110926
ENSMUSG00000039163.11,-0.1420494576653333,-0.138845664232464
ENSMUSG00000038708.11,0.1064532873300853,0.110904017959649
ENSMUSG00000039115.14,-0.169762545045344,-0.165988383646962
ENSMUSG00000047409.14,0.2011279784894529,0.196698816861863
ENSMUSG00000038060.16,-2.152440326620761,-2.14702587496212
ENSMUSG00000010651.5,-2.3834048151030127,-2.37899569605984
ENSMUSG00000036737.13,-0.0889141408095932,-0.0844633159182445
ENSMUSG00000032508.9,0.4735240731175092,0.477617538656984
ENSMUSG00000036138.17,-0.3228312556723671,-0.318033616599378
ENSMUSG00000035769.10,-0.6223060156335768,-0.617377557011843
ENSMUSG00000061393.15,0.1079105543744713,0.110307917797034
ENSMUSG00000097504.2,-0.4002560119806078,-0.376118779374601
ENSMUSG00000042787.16,0.5428480719206171,0.542735933283266
ENSMUSG00000032512.8,-0.0009608722740542,0.0035830201981934
ENSMUSG00000032513.9,0.0479806723926881,0.052584355230237
ENSMUSG00000032515.9,0.1182164128060793,0.123058349399023
ENSMUSG00000052336.9,-2.4222237893009475,-2.41092830970521
ENSMUSG00000032519.12,-0.1319638348015729,-0.128923001106263
ENSMUSG00000032518.7,-0.4610297880701775,-0.456395153254495
ENSMUSG00000006941.6,0.0163207263943218,0.0211911049257134
ENSMUSG00000025794.10,-0.303869791208093,-0.299154094244175
ENSMUSG00000006932.18,0.1826292857608348,0.18724759883202
ENSMUSG00000032536.13,-0.1766402564691456,-0.171678183648512
ENSMUSG00000032528.6,-1.0404446702811894,-1.03434652607149
ENSMUSG00000061536.14,-1.0612848392770344,-1.05675672411594
ENSMUSG00000032526.12,-1.0797984712240296,-1.07429935901156
ENSMUSG00000032525.16,-0.2856092346405267,-0.281181143107226
ENSMUSG00000097820.4,-0.1692789127901127,-0.164220749226665
ENSMUSG00000038412.9,-0.2099979883307479,-0.204828894244617
ENSMUSG00000044534.9,-0.2781890473966925,-0.268071569727778
ENSMUSG00000050445.5,0.0087186907365671,0.0144620320331798
ENSMUSG00000043773.6,0.8264481462373033,0.829181861691044
ENSMUSG00000038233.11,3.176113421028768,3.17271299118275
ENSMUSG00000066235.8,0.2743710994326452,0.272635552632792
ENSMUSG00000038145.18,-0.0201894939131182,-0.014624413910297
ENSMUSG00000037949.9,0.6825828504493858,0.687129672436518
ENSMUSG00000032540.17,0.6047182217863409,0.609110703375096
ENSMUSG00000093598.2,0.1751777968985905,0.175627152718917
ENSMUSG00000046603.17,0.1789458085258037,0.182462528948504
ENSMUSG00000107504.4,-1.131030465924733,-1.05709704213984
ENSMUSG00000047036.9,0.1713701298871545,0.176819883513345
ENSMUSG00000111325.2,0.2174608756483249,0.196553743598577
ENSMUSG00000097322.9,0.0737739660048888,0.0782546799897096
ENSMUSG00000063488.7,0.217514812371123,0.221904086755347
ENSMUSG00000057895.12,2.1276992316365244,2.11441055602964
ENSMUSG00000032551.8,0.0983311087766013,0.0987170024689853
ENSMUSG00000110945.2,-0.2642057956529889,-0.241753425139462
ENSMUSG00000066233.7,0.0366734461410055,0.0414472664648367
ENSMUSG00000025787.7,-0.6167669898054681,-0.623529843769486
ENSMUSG00000025786.18,0.0162595095999613,0.020903512400847
ENSMUSG00000025785.6,0.2065314069778433,0.20916704393896
ENSMUSG00000035498.11,3.9668147716773534,3.89307400356648
ENSMUSG00000121445.1,-0.8856667060108487,-0.880581556866442
ENSMUSG00000111371.2,-0.8930070277600302,-0.887833362921358
ENSMUSG00000035202.9,-0.7041578370000876,-0.698885514048395
ENSMUSG00000025239.4,-0.0009661334880801,0.0035873761732435
ENSMUSG00000025240.11,-0.028870025396474,-0.0246107668285551
ENSMUSG00000025243.18,-0.1457474966780617,-0.141021882237763
ENSMUSG00000090608.2,-0.2549226409986179,-0.255839338161513
ENSMUSG00000058922.8,0.0478716849344994,0.0448868706075864
ENSMUSG00000025245.15,-0.2437388493380654,-0.240278300338184
ENSMUSG00000025241.17,-0.1588859201422353,-0.154023985293426
ENSMUSG00000120808.1,-0.5370836536561113,-0.537979787826325
ENSMUSG00000035448.10,-0.9507848463934933,-0.952100621173476
ENSMUSG00000049103.15,1.5010438287815449,1.49709831032362
ENSMUSG00000079227.11,0.2345783641834981,0.23506201078558
ENSMUSG00000110834.3,0.426639084467459,0.430351237643564
ENSMUSG00000074829.11,-0.1510742623832264,-0.146630645902908
ENSMUSG00000093803.6,0.4352999597979313,0.44110306436974
ENSMUSG00000019762.5,-0.1144135695420299,-0.109480420165071
ENSMUSG00000040624.19,0.2339749595727309,0.235513943082159
ENSMUSG00000040675.18,-0.4909926043828368,-0.479117693726185
ENSMUSG00000038587.11,0.1013004695158089,0.120204264776995
ENSMUSG00000075327.11,-0.0022540786465867,0.0071774023200717
ENSMUSG00000095123.2,-0.4983685383579585,-0.487825055864622
ENSMUSG00000019763.12,-0.2082262483630433,-0.203973304082606
ENSMUSG00000085687.2,-0.5113263816011284,-0.506106098874265
ENSMUSG00000061759.16,-0.2960281668575141,-0.291566140877796
ENSMUSG00000019768.17,0.7125963007322462,0.713692607484912
ENSMUSG00000096054.4,0.4130129017739536,0.420719756302957
ENSMUSG00000046916.10,-0.8601808925023212,-0.871196392471292
ENSMUSG00000019773.8,-0.6420515389687819,-0.59676879547209
ENSMUSG00000019774.9,-0.4461218835367161,-0.432975341578155
ENSMUSG00000015202.14,0.0462982802244323,0.0524538109131451
ENSMUSG00000019796.13,2.104482646228562,2.10629664210616
ENSMUSG00000019795.18,0.0804976785017688,0.0848254613453052
ENSMUSG00000120335.1,0.1721770045740649,0.16796507200739
ENSMUSG00000040034.16,0.7631051447566302,0.751193958650925
ENSMUSG00000040021.15,0.1869427052858009,0.191548932603803
ENSMUSG00000019794.14,0.038023137408018,0.0423610347119278
ENSMUSG00000092190.2,0.4911758653691989,0.51175402488566
ENSMUSG00000040006.14,-0.1115798959558231,-0.106901776818052
ENSMUSG00000085211.3,-0.7036132559277355,-0.680608220563885
ENSMUSG00000015757.11,0.1450112128928408,0.147835805370288
ENSMUSG00000039981.7,2.378639741614283,2.31392574994753
ENSMUSG00000015755.17,0.3685431147040851,0.373120963075735
ENSMUSG00000112109.2,1.291788330829854,1.25560372799769
ENSMUSG00000015305.7,0.236720346166431,0.241407792626385
ENSMUSG00000060487.8,1.3726630342665045,1.38066539384871
ENSMUSG00000019790.18,-0.1028759571093568,-0.0981401623122795
ENSMUSG00000019832.6,-0.3231987701927696,-0.318448708453924
ENSMUSG00000090112.9,-0.3244821232532773,-0.319708368145457
ENSMUSG00000090070.2,0.385112559199541,0.432233790476465
ENSMUSG00000047648.14,0.0697279012354416,0.0761279508428699
ENSMUSG00000055493.5,-0.1348697168506424,-0.129079775638235
ENSMUSG00000019820.12,-0.8665213916158903,-0.861661195020876
ENSMUSG00000078348.5,0.1880890902847486,0.191748269240502
ENSMUSG00000019817.19,-0.2148649070866021,-0.233158689056563
ENSMUSG00000019814.6,0.0991816022892467,0.104054201986173
ENSMUSG00000062866.17,-0.1219536976976025,-0.11732923922147
ENSMUSG00000019810.16,0.386405879052117,0.384658632194308
ENSMUSG00000019809.17,0.0078633002659842,0.0128898587936024
ENSMUSG00000019808.9,0.2562020358375547,0.262425512557751
ENSMUSG00000019806.14,0.7127681499398651,0.7149114832789
ENSMUSG00000015501.11,0.3030261770860956,0.314128755456419
ENSMUSG00000101014.2,-0.3611862383113909,-0.370403822398903
ENSMUSG00000039116.8,-0.5952312954267714,-0.572832299944593
ENSMUSG00000019868.17,0.4730090521257769,0.477777872761281
ENSMUSG00000085572.2,0.8714425625430454,0.872374934439596
ENSMUSG00000093798.3,0.1099558045272313,0.112540215587772
ENSMUSG00000039910.11,-0.1498350202885925,-0.144162752409454
ENSMUSG00000039879.10,-0.5942216544183662,-0.588736584006277
ENSMUSG00000078453.4,0.6667081123996754,0.660287421682046
ENSMUSG00000019854.18,0.1664927925242917,0.171523910253803
ENSMUSG00000059554.13,-0.0150263732082709,-0.0116398073155147
ENSMUSG00000039835.17,0.605892280671644,0.593492880469592
ENSMUSG00000019851.9,-0.4944685879879932,-0.489694471558054
ENSMUSG00000019850.12,1.4261096301477283,1.42580215057777
ENSMUSG00000020009.14,-0.0185211291461705,-0.0155185343264195
ENSMUSG00000020003.17,-0.2609386203236805,-0.25540709155933
ENSMUSG00000071369.12,-0.3219818673960904,-0.31379853489141
ENSMUSG00000019996.18,0.2364193660282597,0.240679942060036
ENSMUSG00000111447.2,0.2446494762445177,0.249966002982625
ENSMUSG00000037608.17,0.2029129413749071,0.207378381700407
ENSMUSG00000019990.16,-0.0637045104633221,-0.067789031505078
ENSMUSG00000121740.1,0.2424937970844134,0.232328677706329
ENSMUSG00000019986.18,0.2970505474962877,0.293477988618451
ENSMUSG00000019977.17,-0.7132283803995284,-0.708929284393619
ENSMUSG00000112654.2,-0.7711130826230919,-0.760710239718536
ENSMUSG00000037542.14,0.0592489849301411,0.0637698721570552
ENSMUSG00000019970.16,0.3599682226827053,0.375652918884327
ENSMUSG00000053219.16,-0.1080982813123589,-0.112904509522297
ENSMUSG00000078452.11,0.1763879645292469,0.18238788307371
ENSMUSG00000037490.6,0.183955181790405,0.182618784432719
ENSMUSG00000071359.14,-0.2942526269476869,-0.292388708036611
ENSMUSG00000045680.9,0.1842259224105872,0.190374608756138
ENSMUSG00000061983.8,-0.4428229937052334,-0.438042155806231
ENSMUSG00000037455.18,0.6345257412056647,0.6362237651319
ENSMUSG00000020010.8,1.4602020732783771,1.4644376799041
ENSMUSG00000037440.9,0.5339299927207894,0.525287403737279
ENSMUSG00000019998.7,0.6963830091416904,0.700845339754971
ENSMUSG00000020000.8,-0.7955215317188612,-0.79515069250898
ENSMUSG00000087400.10,0.6596185980600981,0.638680652125178
ENSMUSG00000019997.12,0.5641288140293963,0.579869860222311
ENSMUSG00000037370.14,-0.9385818528668656,-0.933463619209536
ENSMUSG00000019989.9,0.1770446133967667,0.181771747715795
ENSMUSG00000019984.17,0.3128527454323384,0.31679204695027
ENSMUSG00000019987.10,-0.1649150113388218,-0.160076547707005
ENSMUSG00000112758.3,-0.5751585414782765,-0.566215692295606
ENSMUSG00000039166.17,0.4214021505167877,0.42368971548672
ENSMUSG00000019978.17,-0.2336445185305524,-0.228394357003223
ENSMUSG00000096546.3,-0.2825910289097976,-0.279881297532627
ENSMUSG00000039089.16,0.3188078160732207,0.322792201105396
ENSMUSG00000039031.17,0.4907472374826913,0.490127720544977
ENSMUSG00000019899.18,-0.1519484742433267,-0.133739358502469
ENSMUSG00000019889.11,-0.0163417710751987,-0.0121263047467522
ENSMUSG00000095478.3,-0.3773991757793886,-0.387199184090433
ENSMUSG00000110830.3,0.1780902807941678,0.184374903636729
ENSMUSG00000019883.12,-0.0323557355482255,-0.027905150020765
ENSMUSG00000038876.13,-0.0483507659424246,-0.0435255835738703
ENSMUSG00000111496.2,-0.9318646364040234,-0.918982899708341
ENSMUSG00000019880.11,0.46054471817828,0.475423847024267
ENSMUSG00000019792.9,-0.088118604638809,-0.0834722498959657
ENSMUSG00000111080.2,-0.9865430197471534,-0.981060260277757
ENSMUSG00000019791.13,-0.3911772422274805,-0.38862486622877
ENSMUSG00000039697.17,1.1920336127381912,1.19071958219632
ENSMUSG00000000295.14,0.2820939196119676,0.271694636260254
ENSMUSG00000000296.9,-0.1451956993752884,-0.154753226369546
ENSMUSG00000063760.10,0.0987069278461604,0.103775931718176
ENSMUSG00000039531.9,0.5160608046280057,0.508706470426689
ENSMUSG00000019782.11,0.0069908788168694,0.0116278432270922
ENSMUSG00000111905.2,-0.1233429212814308,-0.115861316916177
ENSMUSG00000046031.8,1.5548509190088835,1.52826147065641
ENSMUSG00000039497.9,0.3913012872131306,0.395105180484057
ENSMUSG00000047514.7,0.0183153365762806,0.022505091722359
ENSMUSG00000039480.15,0.3998317022004072,0.404046960166063
ENSMUSG00000039485.9,-0.2310450929552383,-0.241959873945857
ENSMUSG00000019779.16,0.6636671327082279,0.663436785721869
ENSMUSG00000063953.4,-0.1023124701412299,-0.111529627132932
ENSMUSG00000019777.17,-0.1473274938669722,-0.143119734015638
ENSMUSG00000069662.6,0.2478648779556747,0.251248747567591
ENSMUSG00000019846.12,-0.8495575691775925,-0.848366291798665
ENSMUSG00000019845.9,-0.3519247565150829,-0.315868848140615
ENSMUSG00000019843.15,-0.2243439505567098,-0.222904218081492
ENSMUSG00000019842.7,1.7698297956797526,1.76558758678019
ENSMUSG00000087177.9,0.1888902804183509,0.186439219692161
ENSMUSG00000019841.17,-0.3898405960048011,-0.38513758610392
ENSMUSG00000096687.9,-0.0297406548526759,-0.0321863457161187
ENSMUSG00000038522.8,-0.6866794938682518,-0.681559282947792
ENSMUSG00000019838.12,-0.4773220231655255,-0.472309065244059
ENSMUSG00000110781.2,0.9622642322435768,0.973877367823005
ENSMUSG00000038510.13,0.3252790935983991,0.329182021982889
ENSMUSG00000019837.9,0.3025858352161273,0.306980490643426
ENSMUSG00000075232.7,-0.038730876092408,-0.0330595448890719
ENSMUSG00000038481.14,0.0168640000375903,0.0191358250052626
ENSMUSG00000063428.9,-0.2187802325037971,-0.213326150853937
ENSMUSG00000038446.9,-0.0684163216977644,-0.0636751317707887
ENSMUSG00000019831.15,-0.7011843452910418,-0.677327589214576
ENSMUSG00000038417.5,0.1521725423936021,0.155929570105546
ENSMUSG00000019826.12,0.039146509393424,0.0408070074424728
ENSMUSG00000019823.18,0.924528944580458,0.930513668537375
ENSMUSG00000019822.13,-0.4118723640227386,-0.407116622624388
ENSMUSG00000019818.16,0.1797879645330257,0.18441923958274
ENSMUSG00000075225.17,1.1306169955768413,1.13230603726518
ENSMUSG00000090708.2,2.32525018025207,2.30943729272955
ENSMUSG00000019813.17,-0.1283869049667491,-0.120655600415716
ENSMUSG00000102114.3,2.2649094385491164,2.21435668265641
ENSMUSG00000038332.14,-0.3125225745400804,-0.309458009346755
ENSMUSG00000085666.4,-7.422176631937141e-05,0.001632525453875
ENSMUSG00000048756.12,-0.1308488683433046,-0.126437357531204
ENSMUSG00000038302.15,0.2116957731171691,0.216439473221396
ENSMUSG00000019804.13,0.0848232873282458,0.0893386091280226
ENSMUSG00000038280.13,0.3443439760799957,0.348581339658601
ENSMUSG00000086434.2,0.5824367707057527,0.584137722107428
ENSMUSG00000019802.14,-0.1880459062736773,-0.183288654529487
ENSMUSG00000038240.14,-0.1955605618487244,-0.18399383139031
ENSMUSG00000038214.17,-0.279189200328456,-0.275163945167802
ENSMUSG00000045886.8,0.5630821915851839,0.556517910330811
ENSMUSG00000019797.12,-0.1938754712916872,-0.193090100387418
ENSMUSG00000047139.10,-0.6355952567004993,-0.622752353038799
ENSMUSG00000019863.8,0.4335295011363428,0.438652632105468
ENSMUSG00000019864.15,-0.0488816282477496,-0.0442771614672737
ENSMUSG00000019866.16,1.2794016728627675,1.28326355521196
ENSMUSG00000038160.8,0.1233918437338061,0.127913283121187
ENSMUSG00000019849.12,-0.2891686831977079,-0.284319900598994
ENSMUSG00000038822.16,0.778554944379411,0.775982054151773
ENSMUSG00000121783.1,-0.3321279983180622,-0.336763055242863
ENSMUSG00000038774.10,0.0351513902654661,0.0402352075438479
ENSMUSG00000112023.2,2.907833508729581,2.85386091183113
ENSMUSG00000112766.2,1.5453412451382182,1.53821924789716
ENSMUSG00000019891.16,0.7889363718543392,0.793583006352995
ENSMUSG00000019861.16,0.6019826134087977,0.60655650684808
ENSMUSG00000023068.17,-0.1310336826284657,-0.126327000590403
ENSMUSG00000038594.10,0.3931103381337402,0.402696411195899
ENSMUSG00000058298.11,-0.0622849547790679,-0.060842090052097
ENSMUSG00000019857.8,0.426526443437509,0.431093392474212
ENSMUSG00000112332.2,0.0690198410905726,0.0692061873485031
ENSMUSG00000003746.17,-0.6072605371223219,-0.602517861435579
ENSMUSG00000038122.10,0.1511195483859906,0.155618015052429
ENSMUSG00000047669.9,2.041989129945325,2.01958008592189
ENSMUSG00000050953.11,0.1997998602818101,0.213309682303058
ENSMUSG00000019878.9,0.0950967411677222,0.100211320018429
ENSMUSG00000019877.11,0.0189544423767251,0.0236600025579193
ENSMUSG00000019876.16,-0.8174030891806321,-0.857150102108596
ENSMUSG00000019874.12,0.3464318628827472,0.361244089054264
ENSMUSG00000019872.14,-0.4947408725630382,-0.489725883462436
ENSMUSG00000038039.14,0.3091780751949962,0.313706651718296
ENSMUSG00000019920.19,0.7706517634288196,0.774753592303489
ENSMUSG00000003226.8,-0.4489541818793839,-0.444230642208297
ENSMUSG00000038010.10,0.3483140399569671,0.347725489580529
ENSMUSG00000019917.11,0.2994031632419814,0.30678508089019
ENSMUSG00000098188.2,0.3048166310211417,0.31811683736493
ENSMUSG00000019916.15,0.8286041808064598,0.836631019889487
ENSMUSG00000009646.14,0.1956372746492629,0.199879578140652
ENSMUSG00000009654.5,0.2554558447533321,0.259060812586673
ENSMUSG00000009647.14,0.2792295724414056,0.281141897371716
ENSMUSG00000020111.17,0.1280243514677762,0.133225286097324
ENSMUSG00000020109.14,-0.1106450952713433,-0.106341696740244
ENSMUSG00000020108.5,1.6765370755066586,1.71321941851909
ENSMUSG00000020107.11,0.1752166558984076,0.179652582952936
ENSMUSG00000044475.15,0.0785730344555013,0.0828479211179154
ENSMUSG00000004207.16,0.0402024386705815,0.0448966652339051
ENSMUSG00000020101.15,-0.3060483960156708,-0.298006137852128
ENSMUSG00000020100.16,0.6379644627704903,0.64149542593306
ENSMUSG00000020099.9,0.1585174404570361,0.154144532851611
ENSMUSG00000020098.8,0.0941511877801219,0.0986380840051025
ENSMUSG00000020097.15,0.4983778692974478,0.502833818129067
ENSMUSG00000059901.13,1.0232095465622144,1.04488014978326
ENSMUSG00000037202.7,3.70957731093919,3.57190229925643
ENSMUSG00000020092.10,-0.4733654664362659,-0.470274616750966
ENSMUSG00000020091.17,-1.2204258334108975,-1.21556395916663
ENSMUSG00000112229.2,0.1402633537849623,0.079803653368118
ENSMUSG00000037151.9,-0.3103456441217095,-0.309186964704764
ENSMUSG00000020089.9,0.7322480807430021,0.736984436698631
ENSMUSG00000020088.11,-0.1705548269617387,-0.165420992519113
ENSMUSG00000020087.6,-0.1216094016331744,-0.117813450322325
ENSMUSG00000020085.16,0.4626902940007649,0.468037876053421
ENSMUSG00000020086.7,0.5178062662831832,0.506430978600527
ENSMUSG00000058806.16,-0.5733133791131911,-0.537458063472709
ENSMUSG00000046687.7,-0.7506699760020163,-0.742280488439313
ENSMUSG00000020083.15,1.281451002124376,1.25072306496946
ENSMUSG00000037031.11,-0.6795855534465528,-0.668346604010892
ENSMUSG00000037012.19,1.058733101147542,1.06960916960555
ENSMUSG00000020079.16,-0.272885783876607,-0.268160826382309
ENSMUSG00000020078.17,0.0248219515005237,0.0299362657076799
ENSMUSG00000020077.15,1.2931005932493642,1.29914475784166
ENSMUSG00000036955.17,0.3708553350318276,0.375428261134192
ENSMUSG00000105203.2,0.4117492756912954,0.416779815147334
ENSMUSG00000020075.9,0.015777195138048,0.0210063924343643
ENSMUSG00000020076.8,-0.7996336112365272,-0.79447596395298
ENSMUSG00000020074.8,0.0039972797202444,0.009329875251185
ENSMUSG00000071253.9,-0.6703052484048566,-0.666203337442738
ENSMUSG00000036875.16,-0.711654155709938,-0.706520509310315
ENSMUSG00000020070.19,0.3118298700315953,0.313431997821444
ENSMUSG00000020069.17,0.0109087965523689,0.0155221621726635
ENSMUSG00000020072.16,-0.6017545598713567,-0.596808929417415
ENSMUSG00000087030.2,-0.5204329748924897,-0.515421100805374
ENSMUSG00000112129.2,-0.5997207151604682,-0.595054683388104
ENSMUSG00000112374.2,-0.442148138046278,-0.431578507905601
ENSMUSG00000045391.5,-0.013745419426902,0.0062499429948162
ENSMUSG00000020064.10,0.0344838676649364,0.0396316757834957
ENSMUSG00000020063.17,-0.2738242711287062,-0.26891963425037
ENSMUSG00000036764.13,-0.5385777815536544,-0.53902941471722
ENSMUSG00000097134.3,2.1664189193219983,2.15492523967989
ENSMUSG00000112925.2,0.5793505455275672,0.542606178333455
ENSMUSG00000019873.9,-0.6712396273330524,-0.666571185489322
ENSMUSG00000037876.18,0.2115798854743698,0.218263962523342
ENSMUSG00000075000.12,0.2860344612085295,0.292267817157745
ENSMUSG00000057134.8,-0.3515041954511877,-0.346731295226102
ENSMUSG00000019947.11,-0.1141829004169854,-0.112999547267182
ENSMUSG00000019945.11,-0.1351236779106127,-0.147426021176019
ENSMUSG00000112793.2,0.2401160631193258,0.246369577296676
ENSMUSG00000060044.9,-0.1342597219682128,-0.17282302944841
ENSMUSG00000019944.15,-0.4381354189096531,-0.432246422415738
ENSMUSG00000090622.2,-0.9571293847765678,-0.949185496145672
ENSMUSG00000019942.14,-0.8967087531166406,-0.885576743696269
ENSMUSG00000069601.15,-0.0891067915859465,-0.0853771902160897
ENSMUSG00000048701.14,0.1744693453982448,0.17916815444823
ENSMUSG00000037762.7,0.4149619891785471,0.415275653789115
ENSMUSG00000089835.2,1.0479174634608743,1.06243729411643
ENSMUSG00000047692.8,-0.1649727006168335,-0.09396285068235
ENSMUSG00000014329.15,0.5986817527527853,0.596749768009956
ENSMUSG00000112366.2,-0.106066102634823,-0.0968986307820117
ENSMUSG00000112189.2,0.0091956359451529,0.0188471185612244
ENSMUSG00000003923.15,-0.115982116182276,-0.110783775378309
ENSMUSG00000019927.7,0.2818142205787126,0.278811368661184
ENSMUSG00000037710.9,-0.5359257336834721,-0.531754678625027
ENSMUSG00000060733.14,-0.5724438379557123,-0.566400614975144
ENSMUSG00000019923.15,0.0110046318168276,0.0159400857203752
ENSMUSG00000020175.16,0.5115058709618312,0.51543894781222
ENSMUSG00000009681.11,-0.0841754788888252,-0.0792206462017736
ENSMUSG00000033444.15,0.1726495135160932,0.177191376737505
ENSMUSG00000020178.7,-0.2298928232378195,-0.223888493359993
ENSMUSG00000033416.16,0.2930263910139767,0.297691067428933
ENSMUSG00000033427.15,-0.4334810467528749,-0.428673069256896
ENSMUSG00000020180.11,0.1544976435226896,0.158280790623006
ENSMUSG00000006344.18,0.3626142696147207,0.380484719308539
ENSMUSG00000006342.16,0.998291540773028,1.05071012076875
ENSMUSG00000020196.11,0.1481920187412095,0.152971931252463
ENSMUSG00000001666.9,-0.2994828709392396,-0.294888492739054
ENSMUSG00000001665.12,0.7404998141983556,0.743701209519411
ENSMUSG00000001663.11,0.0209270326706755,0.0253866231750323
ENSMUSG00000033318.8,-0.8576385216174143,-0.853339221542862
ENSMUSG00000033307.8,-0.3365926052416186,-0.331811901163203
ENSMUSG00000009092.6,-1.3917260665100408,-1.37855472267389
ENSMUSG00000000902.14,0.4363312429476795,0.440655923351793
ENSMUSG00000049422.8,-0.926741692285726,-0.921690986867826
ENSMUSG00000049764.9,-0.3184185068437915,-0.313319354020086
ENSMUSG00000020230.16,0.8304712352514061,0.827956137269414
ENSMUSG00000020231.16,0.2305148896780209,0.23529226734197
ENSMUSG00000001151.11,-0.4023000495180761,-0.394820967556123
ENSMUSG00000101695.2,0.0740803694279913,0.0548256312855796
ENSMUSG00000033126.6,0.4403596514885179,0.439382687793715
ENSMUSG00000001150.8,-0.0148347384143932,-0.0109722076507179
ENSMUSG00000033105.13,0.0174485462202083,0.0230715073508619
ENSMUSG00000086241.3,-0.1463777701913148,-0.14203359816933
ENSMUSG00000009115.6,-0.2225710687413447,-0.204279446200126
ENSMUSG00000085468.3,-0.2507924029154322,-0.256098762887045
ENSMUSG00000001155.14,0.085418306435177,0.0900363907947932
ENSMUSG00000020241.14,0.2348864950720395,0.245556723926718
ENSMUSG00000001119.8,0.5571370438633277,0.580050756773152
ENSMUSG00000001120.16,0.3959847722443033,0.380660186135653
ENSMUSG00000001436.16,-0.8334785247607687,-0.828255329168093
ENSMUSG00000001435.16,-0.1399702873232779,-0.135247794048838
ENSMUSG00000020260.10,-0.2500041273851278,-0.245478351127338
ENSMUSG00000020262.16,-0.2057250839321085,-0.19992604927519
ENSMUSG00000032977.10,-0.0076674171195825,-0.003278152547624
ENSMUSG00000000290.14,1.3141244418032687,1.315207970703
ENSMUSG00000009291.14,0.0261227905314564,0.0306654074422283
ENSMUSG00000020265.17,0.5606644188485872,0.565025223428585
ENSMUSG00000009293.18,0.5644070896620011,0.569802246170316
ENSMUSG00000051652.5,0.1398757755255481,0.144601404000494
ENSMUSG00000009292.19,-0.0076919967298053,-0.0026976218609162
ENSMUSG00000020284.17,-0.1406155114248085,-0.137229171819901
ENSMUSG00000020277.11,-0.3145266161974231,-0.309743128679382
ENSMUSG00000000732.10,0.2314308712658185,0.269556887398439
ENSMUSG00000053329.8,-0.4064302327529616,-0.401358585766595
ENSMUSG00000032834.12,0.0622826415380329,0.0666297919710343
ENSMUSG00000000374.9,0.1298867251715222,0.13440357058909
ENSMUSG00000112433.2,-0.5142473690362892,-0.493326151653841
ENSMUSG00000112300.2,-0.245304129783609,-0.25111685138024
ENSMUSG00000001211.16,-0.5385332276427164,-0.533604647278068
ENSMUSG00000061032.10,0.2694598718036643,0.274492494571977
ENSMUSG00000005054.8,0.1764927615689611,0.181078237786361
ENSMUSG00000112652.2,-1.1461631584394922,-1.14126285411115
ENSMUSG00000032788.16,-1.1392035789776969,-1.13451265804365
ENSMUSG00000032763.12,-0.1600234286064958,-0.156060483845903
ENSMUSG00000032714.7,0.2903708652681971,0.308033573200815
ENSMUSG00000060301.7,0.1137888740269996,0.117965183971243
ENSMUSG00000052151.13,-0.1445372267677883,-0.140175887293772
ENSMUSG00000042570.16,0.2317097783335404,0.234681521438932
ENSMUSG00000020308.8,-0.1153253495446071,-0.111899066124803
ENSMUSG00000020307.17,0.3416487764235831,0.346301651991118
ENSMUSG00000023175.16,-0.1191999080190188,-0.114488520800526
ENSMUSG00000020329.13,0.0543636281333464,0.0582690502316875
ENSMUSG00000020327.5,-1.3224441644230651,-1.30524255169972
ENSMUSG00000035890.10,-0.2679973610289731,-0.263244893634998
ENSMUSG00000035863.15,1.564374300101148,1.56916784041719
ENSMUSG00000035852.12,3.128793830291804,3.02539302962422
ENSMUSG00000091994.3,1.2857951184918406,1.26001361466321
ENSMUSG00000006498.17,-0.0388014784355354,-0.0338807586546874
ENSMUSG00000035835.15,-0.2935052840020231,-0.28813065660363
ENSMUSG00000090860.2,-0.181221734178719,-0.176196071555484
ENSMUSG00000013833.16,0.097744973557635,0.102283669079468
ENSMUSG00000035781.16,-0.0450843844067828,-0.0400805953284123
ENSMUSG00000019564.13,-0.3245736616738182,-0.293423685454607
ENSMUSG00000035754.9,-0.0889766669813328,-0.0842552293272995
ENSMUSG00000035745.10,-0.0104517409426855,-0.0076817743156008
ENSMUSG00000013858.15,-0.2281210968509999,-0.224191108329439
ENSMUSG00000004665.11,0.6952581914805924,0.693870230727268
ENSMUSG00000035722.16,0.3737830339493324,0.378751601784808
ENSMUSG00000035697.15,0.0317684656824463,0.0367324748146528
ENSMUSG00000004667.19,-0.1737626114919539,-0.170111910902576
ENSMUSG00000075706.12,-0.1480609289549624,-0.143221526683024
ENSMUSG00000035673.11,0.4409609513654621,0.443517710405058
ENSMUSG00000003068.18,0.0912214281554534,0.0954876685072961
ENSMUSG00000035640.20,0.3293831687317738,0.333040279215211
ENSMUSG00000003072.16,-0.442241334400601,-0.437404041629841
ENSMUSG00000035621.14,0.3242300662641071,0.32873815127393
ENSMUSG00000045193.14,0.1852382561114498,0.179058480414617
ENSMUSG00000035595.7,-0.562984050185773,-0.550836200725144
ENSMUSG00000020156.17,0.010544860696382,0.0129161689319343
ENSMUSG00000020153.15,-0.0847241148720456,-0.080139419704019
ENSMUSG00000020150.14,-1.1720970613694992,-1.16749641104632
ENSMUSG00000069565.13,-0.0188833125680843,-0.013860929283552
ENSMUSG00000087672.2,-0.0476969692077013,-0.0327564731602627
ENSMUSG00000063457.15,-0.4797653823467854,-0.474862216033746
ENSMUSG00000020133.9,-0.0276141185578108,-0.0244348293947443
ENSMUSG00000020131.15,-1.3915933600288095,-1.38630084008902
ENSMUSG00000035504.17,-0.7090800105533885,-0.704220936251997
ENSMUSG00000035486.15,-0.482507460639712,-0.45944270447885
ENSMUSG00000048696.12,-0.411783503496952,-0.412618807095798
ENSMUSG00000035478.15,-0.4088990103057624,-0.404635191175294
ENSMUSG00000120873.1,-1.019480972055268,-1.01240810260365
ENSMUSG00000020163.13,-0.9452936767614468,-0.94211296092516
ENSMUSG00000020167.15,-0.1903929729165762,-0.185642610800349
ENSMUSG00000047417.19,0.065237203466743,0.0697094666907867
ENSMUSG00000035397.9,-0.2218748507066244,-0.209657823290281
ENSMUSG00000003346.15,-0.3520210059484216,-0.347063730826176
ENSMUSG00000003345.17,-0.3459194869779331,-0.341176555264075
ENSMUSG00000003344.16,0.1023625305540427,0.106507991083668
ENSMUSG00000020190.14,-0.1396356707685787,-0.13388471405035
ENSMUSG00000003348.11,0.8237893284239609,0.818559717400485
ENSMUSG00000055862.8,0.1274544665787199,0.127009957725445
ENSMUSG00000020198.9,0.2217595913719598,0.226620895579582
ENSMUSG00000061589.15,0.129091687182109,0.13373638237184
ENSMUSG00000035278.10,0.3336388179306275,0.338897363589089
ENSMUSG00000020211.16,0.4543518527461576,0.460589056236734
ENSMUSG00000035242.17,-0.3899869558431452,-0.385309742255045
ENSMUSG00000035215.10,0.2724734682462563,0.276108943022948
ENSMUSG00000035206.11,-0.0551355615206818,-0.0506924115086734
ENSMUSG00000020219.8,-0.3020511165322224,-0.296999127278279
ENSMUSG00000062075.14,-0.0649377184971183,-0.0627171034192619
ENSMUSG00000015312.10,0.2460121226806041,0.257032776854744
ENSMUSG00000048240.16,1.2892284881855405,1.25997544171624
ENSMUSG00000046822.15,0.388072595585482,0.390384213572974
ENSMUSG00000004937.7,-0.0989288345309827,-0.0941339421591723
ENSMUSG00000004929.13,0.7378235419893185,0.742825964350453
ENSMUSG00000035041.9,-0.4662335802050678,-0.461067217450878
ENSMUSG00000035027.19,-0.2190922835548269,-0.214277083383161
ENSMUSG00000035011.16,-0.3342762667289625,-0.329395647537568
ENSMUSG00000004934.15,0.1567196132930943,0.160122306806136
ENSMUSG00000034994.11,-0.5969698648110102,-0.592187616711625
ENSMUSG00000053603.5,0.2785285137456487,0.293555127846956
ENSMUSG00000034974.14,0.3268032463518502,0.332742947605438
ENSMUSG00000034949.19,1.887836990878068,1.84810588493427
ENSMUSG00000034932.5,0.1400336038202538,0.145881736889843
ENSMUSG00000004931.12,-0.0074296032604645,-0.0020663787400229
ENSMUSG00000034917.9,1.2171571183634184,1.21736676471892
ENSMUSG00000034902.18,0.1356372352657485,0.140276623865754
ENSMUSG00000034889.9,-0.0155714980729773,-0.0066951359455424
ENSMUSG00000020232.19,-0.1595252250952483,-0.155139567980581
ENSMUSG00000034854.9,0.2686841915236968,0.271641432134815
ENSMUSG00000020234.11,0.4293606998177797,0.43798877782888
ENSMUSG00000020235.17,-0.0679989729041881,-0.0638155447881617
ENSMUSG00000078440.11,0.0494571200687657,0.0540759786335505
ENSMUSG00000055053.19,-0.1483748092758893,-0.142827647518778
ENSMUSG00000085327.3,-0.037747902152635,-0.0273624578760786
ENSMUSG00000020238.15,0.0927607242802349,0.0976502254621003
ENSMUSG00000034781.6,-0.0908580604284958,-0.0866267701965866
ENSMUSG00000054452.11,-0.5016742959080016,-0.496891863500066
ENSMUSG00000090034.2,-1.6446812054892537,-1.62307321160047
ENSMUSG00000034771.16,-0.9827235263280027,-0.979496147435665
ENSMUSG00000034758.13,-0.6861492252089938,-0.698996326261411
ENSMUSG00000074862.12,0.6384402142195861,0.619167160943487
ENSMUSG00000034748.17,0.604959833270296,0.6096261645944
ENSMUSG00000054708.18,0.4128956977000712,0.418913226223846
ENSMUSG00000120847.1,0.4187087816987972,0.402011981302664
ENSMUSG00000096795.5,0.0686545949804025,0.0820489137432925
ENSMUSG00000061371.8,0.1875311670944074,0.203003406789582
ENSMUSG00000112160.2,1.3265935373393964,1.31091023201157
ENSMUSG00000078435.6,0.8407063077855996,0.833576414731031
ENSMUSG00000112110.3,0.5291085296247456,0.50251263834798
ENSMUSG00000062931.16,0.1528575551857268,0.155989192387873
ENSMUSG00000073427.5,0.7477966995809994,0.738739030417419
ENSMUSG00000094683.3,-0.8172798484061199,-0.778892117024179
ENSMUSG00000063320.12,-0.2737596882046532,-0.267493727088967
ENSMUSG00000034674.19,-0.2079628899143248,-0.205089791160265
ENSMUSG00000020246.14,-0.2581130824186868,-0.252918618880687
ENSMUSG00000020248.19,0.2426930915142073,0.2471437825242
ENSMUSG00000020250.12,-0.023777983009874,-0.019300282382468
ENSMUSG00000034591.6,0.5291800389246658,0.529966338055125
ENSMUSG00000020255.9,0.2228725988433559,0.227254591736332
ENSMUSG00000034560.7,0.1040761261877912,0.108307437559013
ENSMUSG00000020263.15,-0.0205887894982972,-0.0160632396086757
ENSMUSG00000111875.2,-1.0215938415374752,-1.00836652474814
ENSMUSG00000020032.15,-0.0959020557886506,-0.110916973786201
ENSMUSG00000046841.7,0.7708246867448236,0.770294834274128
ENSMUSG00000020034.8,-0.9933188113688332,-0.990667321405879
ENSMUSG00000097309.3,-0.4713351180992725,-0.479110606244036
ENSMUSG00000034453.9,-0.0756300866487582,-0.0709325753135013
ENSMUSG00000020037.16,1.1328684896906451,1.14827389241535
ENSMUSG00000035620.16,-0.0146404247021739,-0.0108314016096856
ENSMUSG00000060935.7,0.0805222987687462,0.08440252885273
ENSMUSG00000049038.4,0.7437924735333706,0.741470626413572
ENSMUSG00000020038.11,-0.2555121242868652,-0.251750251896982
ENSMUSG00000001785.14,0.2335375336248698,0.238031605089481
ENSMUSG00000035529.11,0.133550001441928,0.137794242647154
ENSMUSG00000001783.4,0.0648353931945972,0.0694745027707858
ENSMUSG00000097692.3,0.1559319862502019,0.200470453766938
ENSMUSG00000001786.15,0.3563682980574131,0.36068040731239
ENSMUSG00000059602.15,-0.3819459535837886,-0.37182996629808
ENSMUSG00000020044.14,0.638846442423501,0.646391092255051
ENSMUSG00000121489.1,-0.1313071668857363,-0.126515767266071
ENSMUSG00000020048.14,-0.0815291732667366,-0.0765697762099728
ENSMUSG00000084899.2,-0.6733618337883979,-0.682371199093651
ENSMUSG00000044937.16,-0.0181973721841051,-0.0079174364251119
ENSMUSG00000054027.9,-0.2571680415215759,-0.251916734701119
ENSMUSG00000089959.2,-0.7538333184456084,-0.755181490268536
ENSMUSG00000035459.19,-0.7302919553981985,-0.726280116974656
ENSMUSG00000020051.18,-0.9173030214442816,-0.912463115589379
ENSMUSG00000058934.9,-0.728259421948235,-0.714588098897597
ENSMUSG00000020053.19,-1.1647478885119384,-1.15988774116896
ENSMUSG00000035351.17,0.0525487154592639,0.0562791536194296
ENSMUSG00000020056.17,0.018150875227822,0.0224058128019585
ENSMUSG00000020057.3,0.9364338413921616,0.882327453167744
ENSMUSG00000035311.17,0.6133872368423718,0.616879635771346
ENSMUSG00000087429.2,0.6003925479695285,0.596328801464828
ENSMUSG00000060002.15,-0.4886262043286598,-0.483896147532275
ENSMUSG00000020059.10,-0.2985146994094249,-0.293757162151209
ENSMUSG00000004359.17,1.556582222743277,1.54938068243777
ENSMUSG00000060904.15,-0.3640631370115126,-0.359137648034313
ENSMUSG00000004356.9,0.3531294023657529,0.356544415234146
ENSMUSG00000074802.12,-0.5501785222017004,-0.529740434125997
ENSMUSG00000047638.16,-0.1828843962191577,-0.178657108571486
ENSMUSG00000019935.17,0.2541692540765473,0.262687217687011
ENSMUSG00000069539.12,0.315245353157319,0.31924285439407
ENSMUSG00000097383.3,-0.9630377726918584,-0.960495912144143
ENSMUSG00000019948.5,0.4735537917921982,0.477134648167228
ENSMUSG00000019951.11,-0.1536579074192272,-0.148990424363904
ENSMUSG00000019979.13,0.8479130127627277,0.850619349103575
ENSMUSG00000019975.13,-0.0117188142667384,-0.010695283003643
ENSMUSG00000061904.13,-0.3158935816120516,-0.311422021191529
ENSMUSG00000120133.1,-0.3711974433461057,-0.365343096723425
ENSMUSG00000019961.18,0.2987861766587991,0.304003974452923
ENSMUSG00000019988.8,-0.1221321152898808,-0.118196262625594
ENSMUSG00000020015.11,0.0827151742965855,0.0857808820610519
ENSMUSG00000008398.17,-0.0469882213583183,-0.0447594336928589
ENSMUSG00000015889.9,0.0891086623146443,0.0934944924686219
ENSMUSG00000020017.15,-0.0625881870114508,-0.0580500602933767
ENSMUSG00000015890.3,-0.2079217391718842,-0.203803800567784
ENSMUSG00000036168.16,0.0538020058350876,0.0570364104848978
ENSMUSG00000020018.7,0.1564098374459004,0.161855488676555
ENSMUSG00000020019.5,-0.7532763668254452,-0.744233341470085
ENSMUSG00000090610.4,-0.0385354790792437,-0.0406891425894226
ENSMUSG00000036112.16,-0.0397529655038795,-0.0353021289826088
ENSMUSG00000036099.17,0.0680606025097344,0.0728129941654596
ENSMUSG00000020021.5,-0.3557720006748843,-0.350541648904912
ENSMUSG00000005897.15,0.0488599816443766,0.0540833276919414
ENSMUSG00000020022.18,-0.3642079833681712,-0.359393445249167
ENSMUSG00000020023.19,-0.2480591580281235,-0.243368788578479
ENSMUSG00000097164.4,0.7417634105933063,0.744405235317511
ENSMUSG00000020024.8,0.0577303615846557,0.0623859623211981
ENSMUSG00000074785.6,-0.1449820341408592,-0.143622175463668
ENSMUSG00000045867.11,-0.0944133760641208,-0.0900909524498001
ENSMUSG00000112593.2,0.3568373478927566,0.356142029324633
ENSMUSG00000020027.19,-1.5672105999538666,-1.58689625305985
ENSMUSG00000062981.6,-0.265184424733683,-0.261320395049773
ENSMUSG00000074781.6,0.2253506402472109,0.230097388385131
ENSMUSG00000020029.7,0.3030237004442756,0.307701218743098
ENSMUSG00000101517.8,-0.28578984385205,-0.276250776402142
ENSMUSG00000112599.2,-0.3306678358767657,-0.312541254534044
ENSMUSG00000110353.2,-0.4803057060573647,-0.47622268318716
ENSMUSG00000036499.10,-0.3463249038798346,-0.341561649465562
ENSMUSG00000112762.2,2.389937325358322,2.37064936715768
ENSMUSG00000036478.9,0.232877608090124,0.236899533061525
ENSMUSG00000019929.17,-0.4216362534130871,-0.415751865420486
ENSMUSG00000036446.6,0.1011322620037635,0.106676451875487
ENSMUSG00000019943.11,-0.341706592736793,-0.336897408998899
ENSMUSG00000112346.2,-0.2287704250845565,-0.215642400523884
ENSMUSG00000019952.16,-0.2392734666987284,-0.237389444684992
ENSMUSG00000090035.4,0.0262219913983512,0.0307644413730397
ENSMUSG00000111923.3,0.4763813967695618,0.467047486393258
ENSMUSG00000019960.9,0.1686133345293791,0.172977775606783
ENSMUSG00000019966.19,-0.3318327086134103,-0.314563462253919
ENSMUSG00000036676.15,-0.3242777866617586,-0.319476856051911
ENSMUSG00000019971.11,0.1747711229269966,0.177674339042109
ENSMUSG00000046567.11,0.0158376992895619,-0.0024600646694508
ENSMUSG00000112000.2,0.5302853281514548,0.513425811935363
ENSMUSG00000036019.9,-1.354605764726902,-1.34872666419002
ENSMUSG00000036009.17,-0.2993702575991092,-0.291338477840655
ENSMUSG00000019897.9,0.3678159515880636,0.371689154236464
ENSMUSG00000053825.16,-1.5071940900441425,-1.5016326237065
ENSMUSG00000035948.14,-1.2670396668162494,-1.25567002903629
ENSMUSG00000019906.16,-1.2541281441395264,-1.24940696101574
ENSMUSG00000019907.11,0.5317092954353888,0.534439716295996
ENSMUSG00000035873.9,0.2047375219309422,0.211475127349021
ENSMUSG00000035864.15,-0.2940028526668239,-0.289434532905193
ENSMUSG00000020186.8,-0.8351874895116447,-0.830178883811465
ENSMUSG00000035798.15,0.5208990607881758,0.522483840423782
ENSMUSG00000091086.3,-0.5772301506408307,-0.585947664745754
ENSMUSG00000020189.16,-0.1686252367442267,-0.163438539862064
ENSMUSG00000035759.5,-0.207747060683525,-0.20453595361401
ENSMUSG00000058799.17,-0.4477323657880672,-0.442796537643289
ENSMUSG00000020205.9,-0.5867573489451645,-0.588355540460924
ENSMUSG00000100113.2,-0.4359937054739342,-0.446534552939223
ENSMUSG00000112249.3,-0.1309437618388791,-0.128160550759267
ENSMUSG00000063334.17,0.1444497404777098,0.148489850066706
ENSMUSG00000056888.12,-0.0842396974007054,-0.0801097644528643
ENSMUSG00000074748.4,0.00784177757661,0.0121991338085626
ENSMUSG00000097185.2,-0.0197848868415765,-0.0092467221155271
ENSMUSG00000050663.9,-0.5385758381513105,-0.566072475903391
ENSMUSG00000020130.10,-0.3512106199284655,-0.346265040398707
ENSMUSG00000020132.11,0.1899341188020848,0.194294629168513
ENSMUSG00000069520.7,0.0904574209871514,0.0950403099028417
ENSMUSG00000020137.6,-0.1139526145643721,-0.10740084883403
ENSMUSG00000034163.11,-0.310675901861859,-0.30689526069324
ENSMUSG00000020140.16,-0.0847840618983961,-0.0745440644838059
ENSMUSG00000034127.16,0.934569633916304,0.915690833191735
ENSMUSG00000020154.11,-0.3061064502710581,-0.300369911196406
ENSMUSG00000020166.16,0.0669056222394418,0.0716472404320679
ENSMUSG00000052291.11,-0.0753981436511013,-0.0548148645159772
ENSMUSG00000064181.7,-0.4034127144963812,-0.398393420418839
ENSMUSG00000120959.1,-0.5029875755085857,-0.491876800300008
ENSMUSG00000112627.3,1.0293664099050224,1.03253793689499
ENSMUSG00000034024.9,-0.0923302597696737,-0.0875779060405353
ENSMUSG00000020170.5,0.169139590919451,0.174324102752008
ENSMUSG00000020171.9,-0.2108286451830585,-0.205929478813547
ENSMUSG00000069516.9,-0.4465583398599408,-0.442677597547895
ENSMUSG00000055531.13,-0.2180082673004562,-0.213475070211512
ENSMUSG00000112796.3,0.4661916844368358,0.467594083059294
ENSMUSG00000020183.12,0.743953652921261,0.753516448150915
ENSMUSG00000020184.16,1.178240462346212,1.18164029826043
ENSMUSG00000060181.7,0.2211400464180192,0.226428147050464
ENSMUSG00000052798.15,0.3721233426120369,0.363644265134354
ENSMUSG00000052681.9,0.0234342645565428,0.0286427158465203
ENSMUSG00000020212.15,0.5908992348195777,0.596107716136439
ENSMUSG00000028630.10,-0.4182093157233043,-0.413781488169639
ENSMUSG00000104443.2,-0.0966500556281651,-0.0875924235248406
ENSMUSG00000020114.13,0.0170199285829404,0.0220590732450785
ENSMUSG00000020228.12,-0.3310119820729491,-0.327188425606857
ENSMUSG00000020227.11,0.0818551608507973,0.10457230462408
ENSMUSG00000020225.11,0.20663680131643,0.211031102636822
ENSMUSG00000020224.16,-0.3253988524871459,-0.321278006479893
ENSMUSG00000051236.14,0.2196114151858435,0.221285224841087
ENSMUSG00000048661.15,0.071904033472771,0.0752802463233242
ENSMUSG00000052302.7,0.0080305231497094,-0.0189323541781056
ENSMUSG00000034707.8,-0.4038217291945863,-0.398913985503537
ENSMUSG00000025795.9,-0.6144641767663851,-0.609546710803341
ENSMUSG00000112539.3,0.1297885423951355,0.164340481114281
ENSMUSG00000112527.3,-2.6230197031461056,-2.57852307426555
ENSMUSG00000020115.4,0.7169602139823561,0.721328487348466
ENSMUSG00000034667.9,-0.4814460790799553,-0.476922982112646
ENSMUSG00000053684.9,0.0814381292644082,0.0620947979981502
ENSMUSG00000020121.16,0.0115680546880963,-0.0345884129221339
ENSMUSG00000034620.18,0.143042170177495,0.147691425468405
ENSMUSG00000112774.3,0.9567354198994062,0.958226237379621
ENSMUSG00000112873.2,0.5339835879506235,0.521758104479716
ENSMUSG00000020123.7,0.5483553873628106,0.549487344383967
ENSMUSG00000112794.2,0.0071239287498674,-0.0049128244158756
ENSMUSG00000034613.13,0.6981957617477422,0.68251024610612
ENSMUSG00000034602.16,-0.1093368888134434,-0.104773607224584
ENSMUSG00000020124.11,-0.0969256103306408,-0.0917607653520753
ENSMUSG00000112294.2,-0.2025612379568417,-0.204636579804808
ENSMUSG00000020102.16,-1.0941056897610977,-1.08984999778927
ENSMUSG00000020105.10,0.2836987619796781,0.284781289380133
ENSMUSG00000025436.13,-0.4796670904763607,-0.482459419548755
ENSMUSG00000078429.10,-0.2388867804484353,-0.235004299547631
ENSMUSG00000040521.12,-0.2149843402163582,-0.212255478482328
ENSMUSG00000006732.15,0.2347053545883136,0.2372230957568
ENSMUSG00000006728.13,0.073218069391541,0.0777452168108312
ENSMUSG00000006736.10,0.1337284968410826,0.138550612632213
ENSMUSG00000112639.2,-0.5755260668600755,-0.569890158059437
ENSMUSG00000025422.11,0.5992795658808755,0.575169403670997
ENSMUSG00000040462.14,-0.1431655127953328,-0.138369176785051
ENSMUSG00000006731.11,0.239159673439605,0.243732268045062
ENSMUSG00000040441.13,0.3417538082658,0.346383789247734
ENSMUSG00000019467.16,0.0907044446356912,0.0889714883600704
ENSMUSG00000040415.16,0.0035899537630633,0.008856270650933
ENSMUSG00000097331.3,-0.031712992923363,-0.0343356071430833
ENSMUSG00000025417.9,-0.0262625280262226,-0.0218836819463845
ENSMUSG00000074657.6,-1.103226227006045,-1.10633821040966
ENSMUSG00000025410.11,-0.1276484158030332,-0.123349905694686
ENSMUSG00000025409.15,0.1750682316230236,0.180089473126323
ENSMUSG00000025408.16,1.2427130611316566,1.24823571813638
ENSMUSG00000040354.15,-0.4724262024334479,-0.467552388351761
ENSMUSG00000040345.11,0.0350406140994474,0.0486515569481297
ENSMUSG00000112426.2,-0.8292022712209115,-0.824506227840191
ENSMUSG00000047492.6,-0.2248974355767962,-0.220741259375672
ENSMUSG00000025405.10,-1.0240465664849097,-1.01831740031485
ENSMUSG00000025404.16,-0.0121128405248499,-0.0076002247586398
ENSMUSG00000040287.10,0.5241175922119453,0.517673625344532
ENSMUSG00000040280.11,-0.8716012373667761,-0.886963438133507
ENSMUSG00000025403.6,-0.4012300100872621,-0.396501372018884
ENSMUSG00000040249.16,-0.3864272866232154,-0.381557153697285
ENSMUSG00000002147.19,0.2513268055213303,0.25568188969421
ENSMUSG00000025402.13,-0.21999137401865,-0.210347476932012
ENSMUSG00000085731.2,-0.3073095954804771,-0.304256616991278
ENSMUSG00000040195.12,0.4382728950253975,0.437518559269487
ENSMUSG00000087163.2,-1.0055903941780688,-0.987767389438383
ENSMUSG00000044617.9,-0.2688898868635482,-0.262414551032566
ENSMUSG00000058396.8,-0.4993858793219329,-0.491403238003207
ENSMUSG00000056148.9,-1.576780828596746,-1.57574803941711
ENSMUSG00000069456.5,-1.5013107035355355,-1.49652246523208
ENSMUSG00000074639.7,-0.8033174060026003,-0.797538430377679
ENSMUSG00000040134.9,-0.2598173991029683,-0.255157425893442
ENSMUSG00000040127.14,0.6932680487790293,0.697826691296761
ENSMUSG00000025396.8,-0.8174546578108901,-0.812651734355245
ENSMUSG00000025395.16,0.6191835351601147,0.619387148723047
ENSMUSG00000061315.15,-0.3684812852539827,-0.363660717841329
ENSMUSG00000071072.13,-0.0657681389443339,-0.0613099298417109
ENSMUSG00000025393.13,-0.3447204621502819,-0.339959035975811
ENSMUSG00000040054.18,0.2832164443359394,0.288048843405295
ENSMUSG00000040043.18,0.5238418698323581,0.528686932247478
ENSMUSG00000044005.14,-0.9299568504290692,-0.925204805169643
ENSMUSG00000118550.2,-0.7275442655770775,-0.718363164646032
ENSMUSG00000051346.10,0.0285498238355075,0.0325722479894683
ENSMUSG00000039994.16,0.6252951343959718,0.630812494425738
ENSMUSG00000051716.7,0.4539090601128366,0.458633039316328
ENSMUSG00000047631.5,0.7311253589968023,0.735905901175905
ENSMUSG00000040033.18,0.5776646065927563,0.582457223591457
ENSMUSG00000005682.10,-0.072362063775946,-0.0672495939233285
ENSMUSG00000025381.4,-0.2148545563922654,-0.210470148869792
ENSMUSG00000120290.1,-0.0381297730976593,-0.0505932341424875
ENSMUSG00000005683.9,-0.0641891240540132,-0.0595301759925458
ENSMUSG00000039914.7,-0.932882081433364,-0.928863843835268
ENSMUSG00000014498.10,0.0924344036110323,0.0989152257255474
ENSMUSG00000090761.2,-0.0597322335246959,-0.0557622199130376
ENSMUSG00000025374.14,0.1949161601873319,0.198268785032073
ENSMUSG00000025373.15,-0.0155412306474412,-0.0148516549922918
ENSMUSG00000025369.16,-0.5680308129233815,-0.563404996016037
ENSMUSG00000090841.3,0.1783060152404419,0.18302523798416
ENSMUSG00000039824.5,-0.0318404512948889,-0.0402240118522483
ENSMUSG00000119994.1,-0.2614422223814857,-0.251658839741293
ENSMUSG00000025366.9,0.7462483168981922,0.751521859031082
ENSMUSG00000100548.2,0.0562635535657346,0.069538799610663
ENSMUSG00000039810.12,-0.7942636872497959,-0.78385465796028
ENSMUSG00000093674.8,-0.5370179613305126,-0.532564246023827
ENSMUSG00000025364.14,-0.091080153374526,-0.0862061663973257
ENSMUSG00000018166.9,-0.0033830489753621,0.0012329671256024
ENSMUSG00000025362.7,-0.4749900039236736,-0.47006075984496
ENSMUSG00000002578.19,-1.2273398103511852,-1.30025959104442
ENSMUSG00000049858.9,-0.6104561176893164,-0.605629316662295
ENSMUSG00000000711.4,-0.0435070736853606,-0.0391854643484296
ENSMUSG00000025358.17,-0.7720821228943686,-0.770405396217657
ENSMUSG00000025359.11,-0.0187603737372367,-0.0068001177618221
ENSMUSG00000025357.9,-0.2587627601515051,-0.253658610410853
ENSMUSG00000064030.16,0.381581037297925,0.387518800587577
ENSMUSG00000112429.2,0.060427684684357,0.0646116119038802
ENSMUSG00000025355.8,-0.0818139751310108,-0.0772647304834616
ENSMUSG00000047090.14,-0.3176162562929208,-0.314423438477669
ENSMUSG00000025354.6,0.178979848426145,0.183176676180737
ENSMUSG00000078427.4,-0.0290559255919978,-0.0248645598434476
ENSMUSG00000025353.6,0.0842048649294333,0.0889595220144777
ENSMUSG00000025351.15,1.0736277081422163,1.07301400247869
ENSMUSG00000025350.16,0.6934040991817582,0.692270219619831
ENSMUSG00000090247.8,-0.2681456672856538,-0.263817316739063
ENSMUSG00000025348.11,0.2485645804086642,0.251517017845699
ENSMUSG00000025347.5,-0.4971054801951718,-0.492281440606556
ENSMUSG00000097691.2,-2.525275056729408,-2.51576219355295
ENSMUSG00000121500.1,0.0631131027818232,0.0873902243143409
ENSMUSG00000023764.19,0.3870367303183433,0.394259929754339
ENSMUSG00000087111.2,1.1598576753374776,1.13807890091881
ENSMUSG00000081208.2,0.3796189266660683,0.364239484931038
ENSMUSG00000020457.14,0.1942755681888376,0.198942357055666
ENSMUSG00000020454.18,0.1238654263541162,0.128450420857365
ENSMUSG00000020453.18,0.5754391438798467,0.573767273236474
ENSMUSG00000053263.4,0.5730515271866738,0.57287492625008
ENSMUSG00000020451.18,0.864247671663156,0.869231299482571
ENSMUSG00000020448.17,-0.1078349985132075,-0.10320811834986
ENSMUSG00000034587.10,0.648830073590432,0.614205346728755
ENSMUSG00000020439.18,0.462780325271498,0.481057146972394
ENSMUSG00000056579.19,0.4336560592500827,0.437076688559
ENSMUSG00002075304.1,0.682227836253101,0.684294982024474
ENSMUSG00002076556.1,0.1880072723285856,0.196365604594472
ENSMUSG00002076847.1,0.7786432894017968,0.773565013297498
ENSMUSG00002075685.1,0.993119920056038,0.999080813235644
ENSMUSG00000034543.16,0.2541501197058062,0.258641133677089
ENSMUSG00000020432.13,0.013029780793901,0.0175416780592773
ENSMUSG00000034493.2,0.2388479409923245,0.241326121802481
ENSMUSG00000020430.13,0.2343139880725264,0.239257468970019
ENSMUSG00000019368.14,0.2387250462902848,0.243354331945205
ENSMUSG00000004748.6,-0.1205209657850783,-0.115801126419945
ENSMUSG00000003585.14,-0.1074458987710513,-0.102712370850566
ENSMUSG00000003581.15,0.0947565568265338,0.102351066099157
ENSMUSG00000051427.15,0.0860588064981369,0.0907149520793598
ENSMUSG00000002129.12,0.3907156976885685,0.395170385289439
ENSMUSG00000034412.14,-0.0710621291526159,-0.0650494491108976
ENSMUSG00000020424.4,0.1853712800223745,0.222859210400476
ENSMUSG00000034354.18,0.293306233282073,0.297912951496371
ENSMUSG00000020412.17,0.0450069556415863,0.0498836992056152
ENSMUSG00000059534.9,-0.5679018383298869,-0.563215373758617
ENSMUSG00000009076.11,0.5708966709552225,0.575446362348574
ENSMUSG00000009075.3,0.2489528107107835,0.240627975612594
ENSMUSG00000009073.17,-0.0659051723906712,-0.0622372744236631
ENSMUSG00000034285.16,-0.3980234481882481,-0.393409967534477
ENSMUSG00000034274.12,0.5227746855958121,0.52719800288594
ENSMUSG00000009090.18,0.3734628730692652,0.377466207845115
ENSMUSG00000034201.14,0.1459285647513804,0.147959411950069
ENSMUSG00000009079.17,0.1815808209919486,0.186412407932879
ENSMUSG00000034175.14,-0.0997243331709312,-0.094806982801129
ENSMUSG00000020393.17,0.034309040812862,0.0398960185117578
ENSMUSG00000041961.15,0.0090408521694614,0.0246627772995042
ENSMUSG00000085189.3,-0.888989502228743,-0.878495959437078
ENSMUSG00000020484.20,-0.1105187847359121,-0.105979792661222
ENSMUSG00000020482.5,-0.1529556823591279,-0.148354027001948
ENSMUSG00000020477.11,-0.4294323775341927,-0.42459280758623
ENSMUSG00000049680.19,0.0124132348484028,0.0168153355908355
ENSMUSG00000121496.1,-0.3776212115529456,-0.372279132942524
ENSMUSG00000020476.15,0.6274730205556935,0.632179221772096
ENSMUSG00000020474.12,0.4368325947287966,0.434000834431141
ENSMUSG00000020473.14,-0.2068625673749121,-0.177953323563129
ENSMUSG00000020471.12,-1.2399100614915806,-1.23698145951979
ENSMUSG00000041798.16,0.5018451994646843,0.507802294701294
ENSMUSG00000084819.2,0.2216788810230235,0.226565855194657
ENSMUSG00000002741.10,-0.1986092042114718,-0.193885795192699
ENSMUSG00000053838.15,0.111905378800495,0.115853926877953
ENSMUSG00000004393.11,0.5322413194525074,0.53569795549471
ENSMUSG00000004394.13,-0.2700529132327275,-0.265691222514959
ENSMUSG00000020456.18,-0.1584947067784596,-0.153881033882939
ENSMUSG00000041164.16,0.3303502750334274,0.334509444166504
ENSMUSG00000071866.13,-0.2526388613092681,-0.247780838062078
ENSMUSG00000041126.17,-0.6709289260965855,-0.667366169300375
ENSMUSG00000094483.3,-0.1306290649209094,-0.125186068447845
ENSMUSG00000020437.13,1.2146524287124452,1.18542547476892
ENSMUSG00000085156.10,0.7173956260636704,0.72676068191728
ENSMUSG00000000378.16,0.0784564717130485,0.0804010228808302
ENSMUSG00000000384.16,-0.0164753840280175,-0.0114712548131001
ENSMUSG00000020429.8,-0.6281455378942566,-0.583561282879233
ENSMUSG00000020427.12,-0.8440945984839545,-0.826318763188654
ENSMUSG00000020422.15,-0.1067723414459524,-0.102084018246904
ENSMUSG00000020413.12,0.1179163311610186,0.129115601245756
ENSMUSG00000040978.5,-1.513768088322475,-1.47186539556693
ENSMUSG00000020407.14,0.5769894442409972,0.581016022303363
ENSMUSG00000018654.19,0.5144135409810526,0.508821687002741
ENSMUSG00000020182.17,0.4511106746439139,0.455673600397324
ENSMUSG00000020176.18,-0.550119947604633,-0.540704448510653
ENSMUSG00000020173.18,-0.0675158921522095,-0.0617417917276008
ENSMUSG00000078974.11,-0.3035596280581857,-0.300070018268892
ENSMUSG00000084347.4,-0.1251991750301837,-0.132915487573385
ENSMUSG00000101316.2,0.0624393656929813,0.0661267309166574
ENSMUSG00000020122.17,-1.0382881507800192,-1.03316361096931
ENSMUSG00000020120.16,1.3818874949091968,1.38139969459543
ENSMUSG00000044629.6,-0.6337798973411493,-0.645326358343353
ENSMUSG00000033953.11,-0.2065184898453849,-0.201796451647821
ENSMUSG00000078970.6,0.1803825881210259,0.184249145568656
ENSMUSG00000020116.8,0.0901865891566255,0.094662289503524
ENSMUSG00000000581.9,-0.0570328148414794,-0.0529047952231807
ENSMUSG00000016984.8,-0.013878966020222,-0.007703963762602
ENSMUSG00000020160.19,0.4616073712281944,0.459753682031436
ENSMUSG00000045671.18,-0.0241914634902407,-0.0197801549924239
ENSMUSG00000020152.8,0.0412231122316537,0.0459523315706041
ENSMUSG00000020149.18,0.0262249693412347,0.0310550705443107
ENSMUSG00000044066.15,-0.015742896936138,-0.0112843661732363
ENSMUSG00000020142.13,1.158523845812055,1.1590578378718
ENSMUSG00000121213.1,-0.0226432872621085,-0.0198148862485294
ENSMUSG00000049800.14,-0.0983229158195049,-0.0935861865456579
ENSMUSG00000049659.16,0.2264203722161434,0.23078996600523
ENSMUSG00000042363.15,1.2740057992042144,1.26822276745675
ENSMUSG00000020134.14,0.3106023771779159,0.314496692740829
ENSMUSG00000020128.16,-0.3412417499347446,-0.336306948523402
ENSMUSG00000001891.17,-0.4473917179655229,-0.44282166375812
ENSMUSG00000087253.2,-0.502700180798883,-0.498069173392485
ENSMUSG00000020321.17,-0.0049141345153323,-0.0003336637219289
ENSMUSG00000020319.10,0.6113136273615217,0.615838682742178
ENSMUSG00000042302.15,0.0087720487665701,0.0134256924517691
ENSMUSG00000049904.8,0.5932164019035108,0.595763093670887
ENSMUSG00000051650.12,-0.1282312580747729,-0.102093930255395
ENSMUSG00000092626.3,-0.1553370597177696,-0.163474803539812
ENSMUSG00000051355.19,0.0620439520448051,0.0662729982977019
ENSMUSG00000121808.1,0.3089535671061057,0.305173723661126
ENSMUSG00000007739.11,-0.1190448483721214,-0.114572751871847
ENSMUSG00000049811.18,1.4120484173808625,1.37297453547067
ENSMUSG00000085665.2,-0.802325571705084,-0.818990376123242
ENSMUSG00000020290.16,0.6531953286513373,0.65755951298004
ENSMUSG00000056342.17,-0.6236258639399715,-0.618800730018945
ENSMUSG00000020288.14,-0.3765621986209826,-0.371818938378202
ENSMUSG00000086459.4,-0.0291722961456709,-0.0235781092007125
ENSMUSG00000042208.17,-0.6291540163914305,-0.62369113494956
ENSMUSG00000020283.6,-0.3236015492175016,-0.319023193986695
ENSMUSG00000020280.13,0.0845234612064273,0.0890791476657872
ENSMUSG00000020275.10,0.2682286881359989,0.274074123840887
ENSMUSG00000020273.14,0.1787794912656575,0.185289907963553
ENSMUSG00000120289.1,-0.4633346972283304,-0.456090219706103
ENSMUSG00000004018.10,0.355850603676674,0.357378247339716
ENSMUSG00000064090.15,0.2472131287666061,0.248097904743957
ENSMUSG00000020467.16,-0.0459866035107681,-0.0060352428929711
ENSMUSG00000020464.16,1.0727833097209407,1.07705202720419
ENSMUSG00000086725.2,-0.2412598490091739,-0.208237733181122
ENSMUSG00000020463.16,-0.2089515001891314,-0.204470885282716
ENSMUSG00000020462.15,0.0091158062821901,0.0129807769106332
ENSMUSG00000032740.18,-0.0254296002495331,-0.0158299474650647
ENSMUSG00000032673.6,-0.0183590738850624,-0.0138031347544432
ENSMUSG00000020459.15,-0.1885047248797644,-0.184259430531623
ENSMUSG00000020460.16,-0.5333125092084794,-0.528639471726148
ENSMUSG00000020458.17,0.2405946078899901,0.243845097074899
ENSMUSG00000020315.19,0.3443159986430597,0.348939033459574
ENSMUSG00000060923.6,0.0211528914847879,0.0346495449946531
ENSMUSG00000040850.18,-0.3269229242205787,-0.32212329942528
ENSMUSG00000020305.14,-0.2452075123916287,-0.237645582965121
ENSMUSG00000020311.18,-0.1784981155975593,-0.173532688253792
ENSMUSG00000020309.7,-0.1427634377157028,-0.138562556872723
ENSMUSG00000044502.17,-0.1813481500480166,-0.175605454106394
ENSMUSG00000085772.9,0.4574065161845592,0.468994714860524
ENSMUSG00000120081.1,0.0174425543218551,0.0253264547600289
ENSMUSG00000020300.15,-0.0467660028345022,-0.0427736351061438
ENSMUSG00000040767.12,0.3647239651389314,0.373923119820574
ENSMUSG00000020282.19,0.3949853874763354,0.394928753424252
ENSMUSG00000020289.16,0.3193570906562561,0.323674741275594
ENSMUSG00000020287.16,0.389550803625112,0.393276634988928
ENSMUSG00000069919.8,-0.9645178561933844,-0.970207133544805
ENSMUSG00000040711.9,1.6566417732908252,1.65707342255993
ENSMUSG00000020272.9,1.0842593966424716,1.0827570749446
ENSMUSG00000020271.18,0.40891539224317,0.413278730066135
ENSMUSG00000057113.14,-0.2463429611764164,-0.241353514081192
ENSMUSG00000002699.14,0.8992612301465921,0.900185106887691
ENSMUSG00000020143.16,0.6125607527561089,0.59607564936667
ENSMUSG00000018846.9,-0.7655487083057442,-0.760282522873039
ENSMUSG00000018848.5,0.0366346741081044,0.0410568837945213
ENSMUSG00000018849.7,-0.118936064286453,-0.114020701625394
ENSMUSG00000042032.14,-0.1914907713903219,-0.18694431998647
ENSMUSG00000020328.11,0.1599692886538559,0.164354212408646
ENSMUSG00000020326.8,1.3776247913363109,1.38199073570736
ENSMUSG00000058809.9,-0.3351413273828718,-0.33016293269809
ENSMUSG00000020415.17,0.2083747385960979,0.20674689820476
ENSMUSG00000020409.11,0.2229233328296804,0.227244823516656
ENSMUSG00000044950.8,0.3291056889118882,0.329435048870991
ENSMUSG00000041278.11,0.2049659969018917,0.209984832931054
ENSMUSG00000050541.15,0.121150881899801,0.125156367707711
ENSMUSG00000041231.16,-0.1194229628473662,-0.114605170747191
ENSMUSG00000019189.14,-1.167568806310248,-1.16240991451909
ENSMUSG00000081251.2,-0.4223162980073711,-0.442784840185198
ENSMUSG00000006169.21,0.651305611984571,0.655796849045572
ENSMUSG00000044847.14,0.0372545737906113,0.0365892387022185
ENSMUSG00000011254.17,0.1494428985603089,0.156693094290813
ENSMUSG00000069899.4,-0.4758766126663789,-0.467076169605341
ENSMUSG00000011256.17,0.2464349184534838,0.219890803572097
ENSMUSG00000020340.17,1.1787975517794085,1.19479353780152
ENSMUSG00000020397.16,0.0778953937103821,0.0818251471074965
ENSMUSG00000020399.15,1.9277710535867048,1.86798683246137
ENSMUSG00000040413.16,0.1500533954386466,0.155001683813888
ENSMUSG00000080776.2,-0.3863610220276978,-0.392009633678983
ENSMUSG00000055546.7,-0.9310208987489396,-0.924718470247596
ENSMUSG00000082454.4,-0.5918844804296904,-0.584286294885616
ENSMUSG00000020372.16,-0.457364774583394,-0.452643370193797
ENSMUSG00000064725.3,0.0695319868329069,0.0826462089734364
ENSMUSG00000040365.15,-0.0589270314929856,-0.0550532685702193
ENSMUSG00000040350.17,0.717099753959317,0.721252829154478
ENSMUSG00000086245.2,0.728112219747865,0.724750149147278
ENSMUSG00000046879.8,3.137737889687683,3.14054118432797
ENSMUSG00000058163.15,4.354042067761755,4.34782361448139
ENSMUSG00000048852.14,4.010416539809646,3.88327025818399
ENSMUSG00000078153.4,1.1003435821774992,1.09550188429048
ENSMUSG00000069893.11,3.540639963900744,3.4321251436802
ENSMUSG00000078922.10,6.639929146268576,6.62000589727676
ENSMUSG00000069892.10,0.8327362082083436,0.852538786647092
ENSMUSG00000040328.18,5.940650836899633,6.72516245914421
ENSMUSG00000078921.4,4.566791050976938,4.55660190521526
ENSMUSG00000078920.4,2.938786153117572,2.94065374236371
ENSMUSG00000040283.15,-1.077765384090802,-1.06971915275668
ENSMUSG00000046311.15,-0.3014693934647098,-0.296558584189276
ENSMUSG00000020346.17,0.0321942852254679,0.0367699750624061
ENSMUSG00000020357.4,-0.0983385789202733,-0.0925153072697125
ENSMUSG00000020362.14,-0.1628467365676908,-0.158409045397061
ENSMUSG00000083061.2,-0.3754933812713636,-0.370912080752174
ENSMUSG00000020366.19,0.0613639894954272,0.0660584097224176
ENSMUSG00000020376.18,-0.1050190397081863,-0.0996340649578046
ENSMUSG00000036644.16,-0.0520779182494957,-0.0475391786366692
ENSMUSG00000020381.11,0.5137671952063901,0.500187071437066
ENSMUSG00000015837.16,0.6996373638462434,0.704402506309229
ENSMUSG00000036620.15,-0.1440057380552079,-0.139592205836381
ENSMUSG00000050567.17,0.2421102129248319,0.246859596522534
ENSMUSG00000020368.16,0.0075134172100115,0.012315176944795
ENSMUSG00000007850.17,0.1767095276751193,0.181247860134987
ENSMUSG00000020375.10,0.0410199232720901,0.045600514969546
ENSMUSG00000036545.10,-0.0223258627702694,-0.0179000145962053
ENSMUSG00000048728.16,0.1431904920230205,0.159431208952362
ENSMUSG00000049321.18,0.0211569736437665,0.0222240005504136
ENSMUSG00000020335.14,-0.6331337278102889,-0.635519781273037
ENSMUSG00000020364.15,-0.7492845528430794,-0.769098194610855
ENSMUSG00000020385.17,-0.3120938376963489,-0.307477467435449
ENSMUSG00002076304.1,0.3958591876051855,0.393567155499885
ENSMUSG00000020359.14,-0.0742336418365032,-0.0698588191364309
ENSMUSG00000020358.18,-0.0190758325684245,-0.0146007600560462
ENSMUSG00000001056.4,-0.2564336720600013,-0.251754051689629
ENSMUSG00000001054.10,0.4833458579548232,0.487095024373047
ENSMUSG00000001053.16,0.9571436513079976,0.956688779341306
ENSMUSG00000052563.14,0.4025768113611375,0.405897394470622
ENSMUSG00000007777.10,0.204872978556739,0.209096845704933
ENSMUSG00000036391.17,-0.3366778238153896,-0.332170656444009
ENSMUSG00000020386.6,0.0019533308366799,0.0065879423530405
ENSMUSG00000020387.16,0.9669303084316015,0.96360132615748
ENSMUSG00000020392.9,0.0274011179906396,0.0323592271746285
ENSMUSG00000020390.13,-0.0205630090963277,-0.0151071590682647
ENSMUSG00000020349.5,-0.004240324976349,-0.0001868039358596
ENSMUSG00002076463.1,0.0304410320741703,0.033067056894352
ENSMUSG00000121382.1,-1.571660354275943,-1.55708880805766
ENSMUSG00000036309.15,-0.0883127406672018,-0.0832376639267488
ENSMUSG00000000782.17,-0.9060239976680156,-0.897020375590713
ENSMUSG00000119956.1,-0.6514364934336971,-0.642798969061788
ENSMUSG00000020402.12,-0.188975642187171,-0.184346103809744
ENSMUSG00000036275.14,0.1108635448857537,0.115322654842957
ENSMUSG00000020361.14,0.121035089897551,0.125483136722905
ENSMUSG00000018239.10,0.5522313510222011,0.556094678333329
ENSMUSG00000049470.14,-0.2858597448552346,-0.281108232175572
ENSMUSG00000036216.6,0.1143900809364881,0.116657760370198
ENSMUSG00000044894.15,-0.7613254730158759,-0.75622564860049
ENSMUSG00000072963.3,0.6245359911821792,0.628328422270775
ENSMUSG00000018387.13,0.5026858688285816,0.508436759108609
ENSMUSG00000085707.2,1.263059737152953,1.25268230233863
ENSMUSG00000018398.19,0.1163846119899124,0.116067501101338
ENSMUSG00000018395.20,0.5259586804094996,0.531375130624965
ENSMUSG00000020380.17,0.1563933361499292,0.161106321007866
ENSMUSG00000018899.18,0.4825435815438376,0.486247907032318
ENSMUSG00000091191.4,0.3845366633285393,0.38482558126865
ENSMUSG00000018900.8,-1.1679754913585167,-1.16513680949227
ENSMUSG00000063652.11,0.5661766706733108,0.569071128764575
ENSMUSG00000020334.7,0.061581634089401,0.0678459204476075
ENSMUSG00000018906.15,-0.7754024088989697,-0.770887592249528
ENSMUSG00000060068.8,-0.6707990356391816,-0.661029513357173
ENSMUSG00000035992.16,-0.8005059940043426,-0.795522780646632
ENSMUSG00000037533.21,0.0039042210424077,0.0085255755307319
ENSMUSG00000052298.13,0.2575623282721073,0.261706292911738
ENSMUSG00000020268.15,-0.0658066718122648,-0.0413831243826707
ENSMUSG00000020267.7,-0.3333135078460331,-0.328749125947196
ENSMUSG00000018339.13,-0.1555827577771312,-0.149109881951652
ENSMUSG00000020400.18,1.0102449191538527,1.01312310550889
ENSMUSG00000018340.14,0.2338711416094474,0.238795324492403
ENSMUSG00000000594.8,-0.0645775972344789,-0.0598017214195623
ENSMUSG00000044751.6,0.4468303446968987,0.439361595746212
ENSMUSG00000020261.16,0.4481687658414177,0.453118060142224
ENSMUSG00000018593.14,0.925094897634435,0.9297249304794
ENSMUSG00000018585.10,-0.2859825001094713,-0.281782003181945
ENSMUSG00000018583.6,0.2050768171265378,0.209827824696294
ENSMUSG00000020523.15,-0.1950551516278547,-0.190588027720229
ENSMUSG00000020522.14,0.29614380323162,0.30205589737802
ENSMUSG00000020520.15,0.2287694116342696,0.23468637533916
ENSMUSG00000087165.9,-0.4017391275727101,-0.402317085463414
ENSMUSG00000020519.6,-0.2327404399280511,-0.230337782923589
ENSMUSG00000037331.16,0.2756670660043461,0.280498624221352
ENSMUSG00000086962.5,-0.127356909995577,-0.121113409545829
ENSMUSG00000120238.1,-1.024665803096081,-1.02417153067542
ENSMUSG00000081223.2,-0.8724469212571467,-0.868394462726294
ENSMUSG00000020515.14,0.0568698590496691,0.0609515916340704
ENSMUSG00000037275.15,0.3818587284655481,0.386023269062231
ENSMUSG00000020514.9,-0.1337420948923225,-0.129721492011072
ENSMUSG00000082292.4,4.6210854517263895,4.61412260785122
ENSMUSG00000078853.9,3.1607310125751407,3.16427066911527
ENSMUSG00000069874.8,2.4241381691642743,2.42540418301706
ENSMUSG00000037243.18,0.0235202206134574,0.0258751215724719
ENSMUSG00000049755.15,0.1476205281902275,0.151073391267437
ENSMUSG00000013646.18,0.1474962919224341,0.151773969596508
ENSMUSG00000084384.4,0.3721330568289115,0.378462296697392
ENSMUSG00000085342.2,0.5534721846130167,0.584172954143512
ENSMUSG00000072915.4,-0.1042825806674884,-0.0998824468885243
ENSMUSG00000020491.16,0.189405211679692,0.189913946945707
ENSMUSG00000037001.11,-0.0346372280923236,-0.0344355677178392
ENSMUSG00000087654.2,-0.4871962270513583,-0.492511638068101
ENSMUSG00000020496.11,0.0166502298495434,0.02171131336093
ENSMUSG00000078851.5,0.2347880782584879,0.208740037944504
ENSMUSG00002075890.1,0.7490750826957634,0.759188404208856
ENSMUSG00000085379.3,0.0959733971243796,0.0850106319163036
ENSMUSG00000020455.17,0.4583326173169034,0.456764303058279
ENSMUSG00000049287.6,-0.2048632046880573,-0.195479711956466
ENSMUSG00000020444.21,-0.5163722043346436,-0.509425442991544
ENSMUSG00000085882.3,-1.119908279255894,-1.11307214251348
ENSMUSG00000036860.15,0.0709167271427737,0.0760909097188088
ENSMUSG00000020441.7,0.4411866295226591,0.430058099347547
ENSMUSG00000048076.15,0.0396321730834526,0.0443537025153344
ENSMUSG00000000126.12,-1.2179206339086026,-1.19394949054326
ENSMUSG00000009894.16,-0.0085326587544832,-0.0035229552105122
ENSMUSG00000036819.15,-0.0651293040797506,-0.0647545347844996
ENSMUSG00000054519.9,-0.3964609720969664,-0.390660368965259
ENSMUSG00000020472.15,-0.1086521547613609,-0.103514524820619
ENSMUSG00000072893.13,-0.6372893379192386,-0.606966868527671
ENSMUSG00000005417.18,0.0999884789759271,0.104311648211856
ENSMUSG00000086330.8,0.1540097961489696,0.156410888386671
ENSMUSG00000086536.2,0.1751167724055226,0.17886016758261
ENSMUSG00000043648.8,-0.5615384711247928,-0.534830837653639
ENSMUSG00000032633.13,-0.208837539740372,-0.204486572424105
ENSMUSG00000087249.3,-0.338366169623988,-0.330388035782839
ENSMUSG00000019373.12,-0.0533422398924418,-0.0489771220196709
ENSMUSG00000032615.15,0.6334335341165455,0.630169381418053
ENSMUSG00000061650.7,0.3453096371851184,0.35115695108014
ENSMUSG00000000301.17,-0.4784313780199146,-0.473798023245893
ENSMUSG00000062115.16,0.2160359809429204,0.219861317076539
ENSMUSG00000020538.16,0.0412458460158371,0.0470810676773398
ENSMUSG00000000538.19,0.0511330913343978,0.0554813122959726
ENSMUSG00000085132.3,-0.0404597467986404,-0.0354223625203986
ENSMUSG00000042709.17,-0.0582161090911239,-0.0535745064154967
ENSMUSG00000018415.15,-1.1149315706054044,-1.10946888634106
ENSMUSG00000020537.10,0.3071078987686477,0.311436307590746
ENSMUSG00000042650.4,-0.1432744874028089,-0.13793689832627
ENSMUSG00000020536.13,0.323501602566665,0.331903895140828
ENSMUSG00000002812.5,0.1442177294079843,0.148342943973721
ENSMUSG00000018599.6,-0.5077576221649485,-0.501080408645034
ENSMUSG00000002814.16,0.0286143731657792,0.0350395703060868
ENSMUSG00000049323.9,0.1811479310340783,0.185542508928952
ENSMUSG00000020534.15,-0.0430384825550306,-0.0383764074448508
ENSMUSG00000042569.14,0.195482602826412,0.199914781051687
ENSMUSG00000043284.13,-0.0152382250637133,-0.0114525629011429
ENSMUSG00000120997.1,-1.0758856485075636,-1.05828084912408
ENSMUSG00000018931.4,-0.0010277406438356,0.0049610395060952
ENSMUSG00000042549.12,-0.0360953459420737,-0.0435412646273343
ENSMUSG00000018932.10,-0.1376547947355308,-0.133144058247479
ENSMUSG00000042506.16,0.2033979293141811,0.20780564341008
ENSMUSG00000010025.20,-1.0954264626670371,-1.09056665869393
ENSMUSG00000010122.15,-0.3181087283811479,-0.313267935307426
ENSMUSG00000001034.18,0.4561014227545407,0.462711730218511
ENSMUSG00000001036.18,0.2971828133531826,0.299546191798868
ENSMUSG00000004837.3,0.1669914721335392,0.178847456100946
ENSMUSG00000042377.9,0.1772306598408995,0.178877301997671
ENSMUSG00000020528.15,0.6704541320747517,0.674623509795346
ENSMUSG00000004798.15,-0.4148715942728745,-0.410164184227969
ENSMUSG00000072847.6,-0.1769457420872685,-0.174431650771095
ENSMUSG00000098196.2,-0.3504660478766906,-0.367524225644408
ENSMUSG00000047804.16,0.2864287623327354,0.290613384713998
ENSMUSG00000042331.14,0.0004012999650079,-0.0047678326634829
ENSMUSG00000014243.6,0.0984136056654046,0.101356072862191
ENSMUSG00000042298.19,0.0390079253124311,0.0440250091579916
ENSMUSG00000018501.18,0.2332143121933422,0.237777062759517
ENSMUSG00000081944.2,-0.2151896782192997,-0.213857104233522
ENSMUSG00000014245.9,0.0599161386671123,0.052941754325482
ENSMUSG00000018509.9,-0.1511691016307356,-0.143115256415571
ENSMUSG00000087120.3,0.4288316998086924,0.410643437401485
ENSMUSG00000019505.8,0.1920534384940521,0.196764196550973
ENSMUSG00000018507.17,0.4696682600214233,0.439361008304863
ENSMUSG00000086841.3,0.0671785837531593,0.0666437550755999
ENSMUSG00000048497.12,0.3257994994891509,0.307446629849238
ENSMUSG00000014177.11,-0.0197925249931889,-0.0147977508958326
ENSMUSG00000018217.13,-0.5515854117257728,-0.525942071769115
ENSMUSG00000070407.6,-0.3129597039660639,-0.307398768456886
ENSMUSG00000042148.9,-0.0301450639922356,-0.0221152754072577
ENSMUSG00000086359.2,0.2748105687444164,0.287053867607704
ENSMUSG00000087497.9,0.2548587603280488,0.255528454801209
ENSMUSG00000047759.7,0.1146960643888799,0.126056048331103
ENSMUSG00000020549.15,0.1174619998599776,0.122201365385651
ENSMUSG00000033389.17,0.0300748235141992,0.0313996051240106
ENSMUSG00000033352.12,0.2625665178046599,0.267145806657222
ENSMUSG00000018347.17,0.4483044138140205,0.449977738017475
ENSMUSG00000050270.13,0.1543097934368967,0.156779960965571
ENSMUSG00000020910.17,0.1145901274094758,0.119260362315124
ENSMUSG00000069844.13,0.0564245553888006,0.0611289865766287
ENSMUSG00000033066.18,0.794651005460986,0.796818366922135
ENSMUSG00000020903.14,0.1271739770280399,0.126393064899878
ENSMUSG00000020902.13,0.1029507112784638,0.102533913123553
ENSMUSG00000020901.14,0.4692101108205219,0.468600120474843
ENSMUSG00000046207.15,0.7168567576667734,0.723790681002111
ENSMUSG00000020900.16,0.4540633288066854,0.459617123861198
ENSMUSG00000018736.15,-0.2631110863634552,-0.258144903841458
ENSMUSG00000060938.15,-0.4657624924142631,-0.461324356707075
ENSMUSG00000052921.14,-0.4635752142882019,-0.450424372236893
ENSMUSG00000018740.15,0.3161332744263449,0.320218825245918
ENSMUSG00000032892.15,-0.1294515482134633,-0.129140821436738
ENSMUSG00000020899.17,0.0265286638037703,0.0296841532224171
ENSMUSG00000020898.19,0.4252420217164609,0.4290367994241
ENSMUSG00000072809.3,-0.2886724304665831,-0.26670423026093
ENSMUSG00000045176.4,-0.3161550467057489,-0.317675028607439
ENSMUSG00000020895.15,-0.7715077511738379,-0.801089222073134
ENSMUSG00000020894.18,-0.1231553490725266,-0.117962456208879
ENSMUSG00000020893.18,-0.0180901081576144,-0.0062470203002686
ENSMUSG00000032782.20,0.1413936852748367,0.146094577007602
ENSMUSG00000049299.15,-0.0001428836491317,0.0047110811663483
ENSMUSG00000018474.19,-0.8087521106115553,-0.803180981344867
ENSMUSG00000044795.13,-0.7323400334045014,-0.728194861930032
ENSMUSG00000059278.10,-0.4437900847338329,-0.439254913329877
ENSMUSG00000045377.6,-0.3847789892294529,-0.380587431234296
ENSMUSG00000018476.8,-0.2003969438496889,-0.193700988781921
ENSMUSG00000085178.2,-0.3946698156252747,-0.366891384216423
ENSMUSG00000041346.12,0.171328112913116,0.176242259953442
ENSMUSG00000059552.14,0.5605707750895942,0.564588602747438
ENSMUSG00000069835.11,-0.1162725349042923,-0.118262276646536
ENSMUSG00000018765.7,0.1992214135350831,0.203313144618448
ENSMUSG00000018761.15,-0.1439294589952886,-0.139164754318908
ENSMUSG00000018774.14,0.8790087854923627,0.883209403289778
ENSMUSG00000059796.17,-0.1072834570605447,-0.102393325103352
ENSMUSG00000065862.3,-0.1029396161198386,-0.0839728258409005
ENSMUSG00000119662.1,-0.1188634604587079,-0.108580465820862
ENSMUSG00000005204.13,0.0880415985169981,0.0927684389823691
ENSMUSG00000085890.9,0.0275826801474206,0.0613556770548267
ENSMUSG00000097328.8,0.5222077028559228,0.532143282992761
ENSMUSG00000005198.16,0.4335181462526528,0.438489626702811
ENSMUSG00000018750.15,0.1960047474774371,0.201213479401788
ENSMUSG00000089876.4,-0.1773743449905489,-0.17279436374478
ENSMUSG00000051790.16,1.1206906286622087,1.11763610886101
ENSMUSG00000070394.11,-0.8144707321568535,-0.812460742872477
ENSMUSG00000019461.13,0.0906024904968783,0.0952259497024952
ENSMUSG00000046731.6,0.2006528087456341,0.199718373707756
ENSMUSG00000001588.13,-0.1822057444869173,-0.184173709431752
ENSMUSG00000047284.15,0.1780665928439196,0.182542458451515
ENSMUSG00000023170.15,0.2608274940654371,0.265044613529359
ENSMUSG00000078812.11,-0.1158232534666056,-0.111091157719374
ENSMUSG00000018565.18,-0.0109644183749305,-0.0062626138050165
ENSMUSG00002075075.1,0.931833995682899,0.932760778395698
ENSMUSG00000018559.17,0.1964777084639014,0.201193903684061
ENSMUSG00000018567.15,-0.2932537175982038,-0.288486567017366
ENSMUSG00000018572.11,-0.128882992601776,-0.124427257760577
ENSMUSG00000020888.17,-0.6488130470251459,-0.643921698495568
ENSMUSG00000018574.15,-0.6556998799541335,-0.650799289320152
ENSMUSG00000020886.18,0.6061932816951346,0.592971025262625
ENSMUSG00000020884.16,-0.2588251364869499,-0.254135750107059
ENSMUSG00000040963.16,0.007308698840375,0.0123654871065817
ENSMUSG00000040938.17,-0.5281901241433091,-0.523287444912228
ENSMUSG00000044367.8,-0.5365816854839424,-0.526475655769336
ENSMUSG00000000317.12,-0.2912381357789853,-0.278054630876602
ENSMUSG00000000320.11,1.0313792092971543,0.989609589463858
ENSMUSG00000018921.12,0.7940802503664098,0.797507265530433
ENSMUSG00000060216.16,-0.2045142410460064,-0.199141443555949
ENSMUSG00000018923.14,-0.0445124803923373,-0.039048046575047
ENSMUSG00000018920.12,0.2041784597249421,0.205685027192394
ENSMUSG00000040829.15,0.3747001202969699,0.378251461120633
ENSMUSG00000020830.4,-0.0449801684436329,-0.0410527082330127
ENSMUSG00000046811.4,0.1322013769943349,0.137702909475065
ENSMUSG00000018286.7,0.2039522757819269,0.208944634645188
ENSMUSG00000020828.14,0.0395494015702272,0.0364795715821426
ENSMUSG00000020827.19,0.0526619612143328,0.0572948646663906
ENSMUSG00000086976.2,0.0157566529240575,0.0235771192397105
ENSMUSG00000014606.15,-0.1253465536625514,-0.120633248924856
ENSMUSG00000040746.16,-0.1302680321165721,-0.12573861273782
ENSMUSG00000018293.5,0.0506247195597278,0.0549939775700475
ENSMUSG00000087523.3,-0.565765937202962,-0.542582441741248
ENSMUSG00000120880.1,-0.5273341344894633,-0.517151059052454
ENSMUSG00000060600.16,-0.0506401495346683,-0.0442488451538555
ENSMUSG00000018287.13,-0.2073911145632348,-0.202791616672206
ENSMUSG00000040712.17,0.2291522078196558,0.234271842869605
ENSMUSG00000057054.12,0.7202754761387388,0.724485573204513
ENSMUSG00000020821.18,-0.5180849622702892,-0.513521932994806
ENSMUSG00000043602.6,0.0314622394721762,0.0456306013421117
ENSMUSG00000057135.13,1.0875597565560609,1.11624016473023
ENSMUSG00000020817.17,0.0070297516050609,0.0116674505283234
ENSMUSG00000040667.12,0.1230108546513626,0.127421120417113
ENSMUSG00000018449.13,-0.2447705752734155,-0.239822255448657
ENSMUSG00000018446.9,-0.1481746953493276,-0.143503646591963
ENSMUSG00000040620.16,0.1921949951172112,0.197900078469156
ENSMUSG00000018442.14,0.2581195423741765,0.262961778070208
ENSMUSG00000040599.14,0.0940604392450502,0.0999809615368903
ENSMUSG00000020803.4,-0.1917596359378821,-0.187299276712341
ENSMUSG00000020801.9,0.1366050621853293,0.134510223855113
ENSMUSG00000020805.15,2.6974098946921146,2.63254721331099
ENSMUSG00000040483.16,4.139375519213306,4.14050428276736
ENSMUSG00000040471.18,1.2532688263398626,1.24713003501382
ENSMUSG00000040463.17,0.2704306002883332,0.275806035297313
ENSMUSG00000040447.16,1.1789754823211562,1.18376107069941
ENSMUSG00000020794.14,-0.2296242943863418,-0.22536732343798
ENSMUSG00000020790.15,0.7818262869364363,0.786221709089718
ENSMUSG00000057778.15,-0.3285157558128027,-0.3243465150038
ENSMUSG00000055670.15,-0.0343270588770465,-0.0299156942297953
ENSMUSG00000020788.16,0.698131049275323,0.656278771865589
ENSMUSG00000020783.15,0.0855800586047938,0.0899450428572963
ENSMUSG00000047260.5,-0.567714537089172,-0.562940225893559
ENSMUSG00000040158.13,-0.0869447862307537,-0.0871191749532001
ENSMUSG00000005949.10,-0.141942866239516,-0.137545642137582
ENSMUSG00000005951.14,-0.2994097117850819,-0.29465783084766
ENSMUSG00000020774.10,-0.7134244324820365,-0.709550006055129
ENSMUSG00000112920.2,-0.0625804527069323,-0.0632934987005707
ENSMUSG00000038807.20,0.6784486004247613,0.690531313404652
ENSMUSG00000020741.18,0.3159476641255686,0.320634701352866
ENSMUSG00000020745.16,0.3138066771768787,0.318019829931956
ENSMUSG00000010554.15,0.4089765957099039,0.415249279792533
ENSMUSG00000000282.13,-0.0158735419338829,0.0085803703780717
ENSMUSG00000038351.15,0.8781868787164663,0.875518541884481
ENSMUSG00000038335.14,0.011067215859334,0.0156305310364283
ENSMUSG00000077637.3,-0.7619079221447573,-0.755672899966627
ENSMUSG00000001323.18,-0.025480793625874,-0.020874265428312
ENSMUSG00000038290.16,-0.1760630382130188,-0.17148758826387
ENSMUSG00000085765.2,0.0790530612536862,0.110194852646958
ENSMUSG00000043099.6,-0.0214058276015634,0.0059384792280346
ENSMUSG00000085609.3,0.3604892461094811,0.366240190054781
ENSMUSG00000038268.5,-0.0157214056422726,-0.0113728101612537
ENSMUSG00000078789.10,-0.0442581249609214,-0.0377041408361945
ENSMUSG00000045287.7,-0.0367040859789855,-0.0324067869564742
ENSMUSG00000000751.14,0.5676552131794284,0.572100317381722
ENSMUSG00000018809.3,0.5317858275490523,0.531967295846325
ENSMUSG00000000753.16,-0.5382468244328861,-0.533629842797941
ENSMUSG00000038224.13,0.3192229402939231,0.323823598790594
ENSMUSG00000045374.19,0.0637830170483188,0.0685613786705439
ENSMUSG00000085148.2,-0.9544040401046052,-0.950498474533244
ENSMUSG00000038217.14,0.2976669783393722,0.302602457233277
ENSMUSG00000020850.15,0.0297673240360333,0.0343226779068571
ENSMUSG00000038195.7,-0.0478112504651879,-0.0433040451883273
ENSMUSG00000038188.18,-0.3470668248966824,-0.34277938124716
ENSMUSG00000038178.17,0.1128215440232547,0.118905761505207
ENSMUSG00000017781.19,-0.0134382188356356,-0.0085901474442506
ENSMUSG00000081485.6,-0.6873485368134873,-0.688871113874782
ENSMUSG00000006127.10,-0.1262483945103909,-0.121841650126303
ENSMUSG00000017774.20,0.181814006439906,0.186536464263967
ENSMUSG00000017776.16,-0.154809299195217,-0.150057599668797
ENSMUSG00000020849.14,0.0231869705205841,0.0279355432020705
ENSMUSG00000020847.16,-0.5303715070461275,-0.522640340565988
ENSMUSG00000017288.16,0.1984545131619079,0.203136005391414
ENSMUSG00000017286.16,-0.1521970242369915,-0.147010184136804
ENSMUSG00000069808.14,-0.251716473125274,-0.260876943903401
ENSMUSG00000038046.5,0.4016231445110895,0.407161852031065
ENSMUSG00000020844.7,-0.5767078138220653,-0.529991820962098
ENSMUSG00000020843.16,0.3292577838479392,0.331514893836326
ENSMUSG00000017631.20,0.7968839853333076,0.799804616024314
ENSMUSG00000010392.9,0.1129725129674707,0.117487203006867
ENSMUSG00000020841.6,0.1321143376555155,0.13954294913137
ENSMUSG00000020840.11,0.1723387351535901,0.17714982223772
ENSMUSG00000037958.14,0.2993432964834333,0.302043836517535
ENSMUSG00000037926.16,-0.5869929798076233,-0.581366615835244
ENSMUSG00000083899.3,0.2833089768499711,0.286487322569355
ENSMUSG00000037907.17,-0.2765297232247844,-0.281552987405593
ENSMUSG00000011877.14,0.3179328001057369,0.321919002342276
ENSMUSG00000044328.14,0.1306671637692004,0.126915276558574
ENSMUSG00000000686.12,-0.781225396939468,-0.774091300257871
ENSMUSG00000072673.3,-0.5825212925676496,-0.585389828657012
ENSMUSG00000017291.14,-0.0043015049750267,0.0001568944359318
ENSMUSG00000037857.17,-0.0881601545647932,-0.0838404650844143
ENSMUSG00000000631.21,-0.1862085731693137,-0.181634387709802
ENSMUSG00000017453.5,-0.5773747214212237,-0.572812631705571
ENSMUSG00000037791.16,0.2374658140423896,0.241799371269759
ENSMUSG00000087050.2,0.3098618580536666,0.312012061562601
ENSMUSG00000020834.18,0.4357869374818281,0.450926098101551
ENSMUSG00000061981.15,0.2593219882418999,0.264151198413072
ENSMUSG00000020832.15,0.2507504737794522,0.258641731239079
ENSMUSG00000037750.17,0.1670982858187664,0.171527336918446
ENSMUSG00000017386.11,-0.6872954556976261,-0.682316641835631
ENSMUSG00000017405.15,-0.1960866796249304,-0.185070261946551
ENSMUSG00000019437.18,-0.5497939614532101,-0.544991459166807
ENSMUSG00000058546.9,-0.4486506085646771,-0.443866945566148
ENSMUSG00000077625.3,-0.8720713244668805,-0.858017684436176
ENSMUSG00000002059.19,-0.5845320897969983,-0.580388646342997
ENSMUSG00000044122.16,-0.3836815202480478,-0.373322366959386
ENSMUSG00000002052.7,0.3655381095083708,0.370234256323483
ENSMUSG00000002064.11,-0.2975236004088586,-0.293423227914433
ENSMUSG00000010277.8,-0.4390834234170456,-0.434642906784189
ENSMUSG00000086586.2,-0.5545801746028687,-0.549073474141008
ENSMUSG00000037593.13,0.5307538295021259,0.533205486703509
ENSMUSG00000017390.16,-0.2354178530083115,-0.230958290916595
ENSMUSG00000041958.11,0.3710213833851444,0.375377691522922
ENSMUSG00000002058.14,-1.0502400255367783,-1.04337622476486
ENSMUSG00000085747.2,0.2543724741813717,0.277961851089263
ENSMUSG00000001095.6,0.359326444908858,0.353740209471898
ENSMUSG00000020829.10,-0.3219969705692393,-0.317434863980377
ENSMUSG00000017344.5,0.0979804337584233,0.10264819260184
ENSMUSG00000001103.8,1.7748703596141042,1.77006304091537
ENSMUSG00000051232.14,0.1832525287820037,0.188530039684223
ENSMUSG00000001100.11,-0.2021314215838638,-0.197268797897186
ENSMUSG00000017615.13,0.1836082505289034,0.188162539491068
ENSMUSG00000001105.16,-0.8006190506900582,-0.795463322910458
ENSMUSG00000037278.10,-0.409385544650489,-0.404590139788998
ENSMUSG00000017376.16,-0.252919057547497,-0.249265936420166
ENSMUSG00000049489.6,0.1926929534495527,0.199566242336741
ENSMUSG00000072640.12,-0.5389400451006989,-0.528308369339341
ENSMUSG00000001123.16,1.6106425113953082,1.61517666008985
ENSMUSG00000018334.19,-0.5472220377521306,-0.528669951968933
ENSMUSG00000017677.12,-0.127983668597998,-0.125461628025696
ENSMUSG00000108822.2,-2.126588750093998,-2.11181095263935
ENSMUSG00000120210.1,1.7447119484815947,1.69280795573272
ENSMUSG00000020716.17,-0.2387075815652125,-0.233288284266527
ENSMUSG00000078771.12,1.8239763005057164,1.79272036072555
ENSMUSG00000017639.14,0.723761973059205,0.726149037685059
ENSMUSG00000086474.3,1.1536512287655465,1.13638353090478
ENSMUSG00000035575.12,0.1211974891823211,0.12530445956333
ENSMUSG00000017548.16,-0.1078438765534958,-0.103166444218084
ENSMUSG00000017561.17,0.1681080476791254,0.170520056386577
ENSMUSG00000017550.15,0.3509021369970579,0.347494037883765
ENSMUSG00000046909.10,0.0622668543310941,0.0691032346658292
ENSMUSG00000020709.16,0.2063561143753396,0.212176922119118
ENSMUSG00000086507.2,0.3013978349166007,0.307586360883684
ENSMUSG00000020707.7,1.1060865800524735,1.10863679044136
ENSMUSG00000017686.18,0.0211420689455291,0.0254155491112059
ENSMUSG00000057181.17,0.0667557899898884,0.0724531805931876
ENSMUSG00000017421.19,0.036266878729356,0.0410165628871797
ENSMUSG00000017428.17,0.3079474188861012,0.312545271084483
ENSMUSG00000035441.15,0.024387016893483,0.0287651912485082
ENSMUSG00000035413.9,-0.1986115867300452,-0.195880507763274
ENSMUSG00000109297.2,0.6749695197664117,0.671320963076524
ENSMUSG00000084996.2,0.6821726873830319,0.68971140128413
ENSMUSG00000035385.6,4.523116116636043,4.40397477953068
ENSMUSG00000035373.3,6.37679329701128,7.13246134344575
ENSMUSG00000020701.13,0.2473792471779988,0.245092313284648
ENSMUSG00000020698.12,0.3316938142061866,0.305897467292103
ENSMUSG00000046010.8,-0.1159608056218967,-0.112515636911275
ENSMUSG00000085175.9,-0.89449303274997,-0.888958129303071
ENSMUSG00000020697.18,0.3817243160284034,0.386064155743808
ENSMUSG00000020696.19,0.1182195686019199,0.12311600682951
ENSMUSG00000018841.18,0.430614781976707,0.43587636314108
ENSMUSG00000020692.15,0.4032772313762847,0.389701460278408
ENSMUSG00000018845.15,0.0777200878838478,0.0894386322107478
ENSMUSG00000086327.3,1.5941536396542046,1.59257944302092
ENSMUSG00000054404.14,1.7485827795680444,1.74397214462091
ENSMUSG00000069793.13,2.3030868530614828,2.30442117761565
ENSMUSG00000035208.17,3.6294582808790823,3.62217275768291
ENSMUSG00000072620.4,1.81558726828534,1.82059319824615
ENSMUSG00000078763.3,4.225565392167056,4.17675775060298
ENSMUSG00000000204.17,6.924369315743306,6.8792601745147
ENSMUSG00000087107.9,1.1115104306139234,1.08924870172392
ENSMUSG00000018733.11,0.0450395309020206,0.0507808161929386
ENSMUSG00000035152.15,0.2565137644611627,0.260811075198852
ENSMUSG00000020680.16,-0.2257384948243368,-0.221098774035325
ENSMUSG00000035042.3,4.23480826921422,4.11762211435691
ENSMUSG00000019122.9,0.7434497839686899,0.747036245665757
ENSMUSG00000018927.4,0.3418583259960456,0.332335757928372
ENSMUSG00000069792.6,-0.1604132130119926,-0.174038558984002
ENSMUSG00000051748.3,-0.4163216163844242,-0.412563863705287
ENSMUSG00000000976.14,0.3691138928849933,0.375514795712887
ENSMUSG00000085235.2,-0.6809073914755528,-0.73344981639419
ENSMUSG00000020679.12,0.2479927266448121,0.253025151510224
ENSMUSG00000020677.8,0.4981163471171063,0.502399361329249
ENSMUSG00000034940.16,0.3792362145802997,0.38255465711626
ENSMUSG00000018651.15,-0.269840823978749,-0.265103610755083
ENSMUSG00000020532.19,0.2805040778437712,0.286126872211026
ENSMUSG00000051452.9,1.9337827615211325,1.92524743878667
ENSMUSG00000018697.15,0.170817468922346,0.174187210334457
ENSMUSG00000018405.8,-0.5689980819176956,-0.567607944826562
ENSMUSG00000034449.8,0.0092104963391814,0.013105499732596
ENSMUSG00000020530.15,0.0596927236027933,0.0642954657010432
ENSMUSG00000120006.1,-0.9616952460166894,-0.953773002174245
ENSMUSG00000045140.9,-0.2933994915131933,-0.28447534300964
ENSMUSG00000020527.15,0.1480025744757375,0.151409165631238
ENSMUSG00000020526.13,0.093161118230458,0.106810297969261
ENSMUSG00000000804.15,-0.0855446723634414,-0.0809072158221239
ENSMUSG00000018481.10,0.2851815216193818,0.28982622943959
ENSMUSG00000085628.6,0.162962086565526,0.164730716140927
ENSMUSG00000020525.18,-0.2420632941126855,-0.23552032905852
ENSMUSG00000059439.16,-0.4252444526388181,-0.419794102765542
ENSMUSG00000087013.9,-0.2054669362174411,-0.205877842430714
ENSMUSG00000000093.7,0.5857224835401521,0.598054073783096
ENSMUSG00000034329.17,-0.6358645784800304,-0.646296031718621
ENSMUSG00000085208.5,0.2309058664646383,0.235012672279005
ENSMUSG00000018068.14,0.5801142931075204,0.585728434592902
ENSMUSG00000034297.15,0.124600784224952,0.129041479002582
ENSMUSG00000020521.8,-0.0438961678324963,-0.0393857133183222
ENSMUSG00000020516.16,-0.1339336922526958,-0.129170646564839
ENSMUSG00000020513.16,0.0576619256120396,0.0474533832764668
ENSMUSG00000120594.1,1.3859037005065216,1.38593206196184
ENSMUSG00000018171.10,0.4454549212175275,0.45026028421336
ENSMUSG00000083992.2,-0.1279234709951994,-0.127416515519345
ENSMUSG00000072582.10,-0.1204756910131207,-0.115677859525336
ENSMUSG00000047126.18,0.1595358644409683,0.164314074896649
ENSMUSG00000018425.19,-0.2392312147536702,-0.235215943001653
ENSMUSG00000018427.9,0.394484918697551,0.398633949426522
ENSMUSG00000061666.7,-0.0334201528496517,-0.0313820696314741
ENSMUSG00000020495.14,0.0033249684087239,0.0087513360783876
ENSMUSG00000020492.12,0.3423996811135675,0.341200555703064
ENSMUSG00000085310.8,0.2613342937308652,0.257229641747968
ENSMUSG00000018548.16,-0.5906021589508796,-0.585439392343153
ENSMUSG00000020486.20,-0.1577653806003103,-0.1495783683835
ENSMUSG00000120117.1,0.3384681820022464,0.310362643596814
ENSMUSG00000018401.18,0.2555995134462885,0.260722995493475
ENSMUSG00000034177.16,-0.0020045955189889,0.0057723441378237
ENSMUSG00000085972.2,0.5963469700707831,0.603145773525031
ENSMUSG00000020485.15,-0.1064575879973647,-0.101589746358381
ENSMUSG00000034121.13,0.7317449666142275,0.72922816021128
ENSMUSG00000020483.15,0.0279928761280451,0.0323267943166921
ENSMUSG00000086193.3,0.0664776958833385,0.0701245761887219
ENSMUSG00000018379.18,0.2202272725238299,0.225136565023025
ENSMUSG00000018377.11,0.2460422428874283,0.251207373356739
ENSMUSG00000018378.14,0.1425262284636216,0.12726945486184
ENSMUSG00000023723.18,0.0603381768265048,0.0653361010084193
ENSMUSG00000069769.14,-0.3274544359784291,-0.320872094073083
ENSMUSG00000087574.3,1.0867304258074366,1.08002884929579
ENSMUSG00000018428.16,0.0282549988403148,0.0326784159769771
ENSMUSG00000087338.3,-0.0235036958606695,-0.0229120857421506
ENSMUSG00000000278.11,-0.0062209030129468,-0.0014639744143193
ENSMUSG00000033983.15,0.3669804443739453,0.339723970282561
ENSMUSG00000000275.17,0.7514073107227496,0.75578547311976
ENSMUSG00000000276.12,0.1390166039887976,0.134605131564508
ENSMUSG00000020553.9,-0.1246160722239781,-0.126100234018565
ENSMUSG00000110344.2,-1.287209442145922,-1.28031937951035
ENSMUSG00000003948.18,-0.917983498573117,-0.913541188325209
ENSMUSG00000003949.17,-0.0806348118072271,-0.0756404625542859
ENSMUSG00000020546.15,-0.0345820674287165,-0.0322398445936354
ENSMUSG00000020544.15,0.3424536963183157,0.348568222677899
ENSMUSG00000020541.13,-0.0692235651573099,-0.0642948369656252
ENSMUSG00000054079.13,-0.2253515766125519,-0.221120096002043
ENSMUSG00000059474.14,-0.649754643297838,-0.644774072387145
ENSMUSG00000037601.12,-0.1846114789206887,-0.176152972641724
ENSMUSG00000020859.18,-0.62760828571998,-0.62291274098324
ENSMUSG00000086003.9,-0.0383777158877165,-0.0298453427111104
ENSMUSG00000037573.6,-0.0595217765756409,-0.0535534146541241
ENSMUSG00000094091.4,1.990071527100068,2.00029314220168
ENSMUSG00000020863.16,-0.195964020059602,-0.191336848922471
ENSMUSG00000020864.14,0.571383044642217,0.576343933379675
ENSMUSG00000020865.17,-0.4040753810736712,-0.399672685274782
ENSMUSG00000039096.11,-0.2818357056285846,-0.275746310624626
ENSMUSG00000076435.4,-0.1725351375124584,-0.167654910105792
ENSMUSG00000039084.9,0.0688223049302392,0.0594981064046306
ENSMUSG00000020869.9,0.5804253864982887,0.585187601138755
ENSMUSG00000039055.5,0.7169916488018614,0.716151190032984
ENSMUSG00000024414.14,0.6630625657734661,0.667220820526824
ENSMUSG00000020868.16,0.4389473645793216,0.444907011240939
ENSMUSG00000001506.11,1.6782179844775382,1.71847145379534
ENSMUSG00000038976.13,0.0930065525296015,0.0944608856661914
ENSMUSG00000047181.13,0.775051074806601,0.799382766544921
ENSMUSG00000038967.14,-0.3141511673999437,-0.309319274299692
ENSMUSG00000001507.17,0.3284722378824571,0.327812872040056
ENSMUSG00000038909.18,0.0647037634321315,0.0693784587464131
ENSMUSG00000038893.13,-0.6550034005511141,-0.641488182576629
ENSMUSG00000020873.16,0.0911658438861504,0.0958019236052713
ENSMUSG00000057522.16,-0.8287540146674559,-0.823673999165198
ENSMUSG00000000120.7,1.1448642953781034,1.13980963350154
ENSMUSG00000038845.12,-0.3758702803848654,-0.371191083543069
ENSMUSG00000075595.10,-0.3729127215710436,-0.368263788310498
ENSMUSG00000050860.7,-0.46338779206203,-0.468711594216716
ENSMUSG00000018381.16,-0.1248491050206141,-0.120611603079709
ENSMUSG00000038811.14,0.5398358598105054,0.546685611145375
ENSMUSG00000006058.11,0.1414809144721596,0.146248943861256
ENSMUSG00000014349.8,0.0937632256937187,0.0982259766935598
ENSMUSG00000006057.16,-0.8008101259228944,-0.795625740563455
ENSMUSG00000038692.9,-0.4223112995501515,-0.399773308034997
ENSMUSG00000048763.12,0.4279464680144716,0.369421875663916
ENSMUSG00000084844.5,-0.1961434185647638,-0.187310294789709
ENSMUSG00000085242.2,0.4937520864621422,0.502532068053683
ENSMUSG00000020876.15,0.6818780640923678,0.695173639995707
ENSMUSG00000018666.14,0.0013716663144439,0.0059961017953917
ENSMUSG00000038615.18,-0.1930906308184426,-0.18826207426625
ENSMUSG00000018672.16,-0.1857019647875161,-0.180513711049362
ENSMUSG00000018669.15,-0.1343434866612258,-0.129677499659436
ENSMUSG00000078700.12,-0.2363978189064872,-0.231570740796189
ENSMUSG00000047040.10,-1.0510168532126072,-1.00124659793245
ENSMUSG00000018659.13,-0.2787772975185074,-0.273922145878766
ENSMUSG00000018678.14,0.1591861745747777,0.165836070781539
ENSMUSG00000020877.12,-0.2128365468094434,-0.208224788759767
ENSMUSG00000020878.7,-0.0742567888744626,-0.102838632343702
ENSMUSG00000001445.11,0.0975006854945762,0.102019455000466
ENSMUSG00000085262.2,0.0308328286152559,0.0363808610292743
ENSMUSG00000038534.21,1.0459124463332667,1.05268362924166
ENSMUSG00000038517.16,0.6228736362774493,0.628579558579134
ENSMUSG00000001440.6,0.3314538296188811,0.335865717036693
ENSMUSG00000084936.2,0.0655707093936024,0.0711599801555815
ENSMUSG00000121247.1,-0.2007664737511163,-0.172567597342106
ENSMUSG00000001441.14,-0.1414900573414075,-0.137200770174873
ENSMUSG00000018882.13,-0.0594720588939471,-0.0548604910844092
ENSMUSG00000038485.7,-0.0005020236321119,0.0041245763474455
ENSMUSG00000049807.17,0.0992427101061468,0.104190797007187
ENSMUSG00000047988.2,0.0545158110169934,0.039279864245061
ENSMUSG00000043439.6,-1.6244102206008617,-1.5977187546498
ENSMUSG00000085586.3,0.7563154193069503,0.745111458737931
ENSMUSG00000038437.12,-0.0196904098980107,-0.0135620795690264
ENSMUSG00000078695.9,-0.2987375282717773,-0.296113957835118
ENSMUSG00000018537.17,0.0601784360024168,0.0680127371451091
ENSMUSG00000069744.8,0.2018953469537468,0.206734582579645
ENSMUSG00000018547.9,-0.1099635253001449,-0.104567716956255
ENSMUSG00000018541.11,0.132694985660107,0.13702125029934
ENSMUSG00000071415.7,-0.5155229728893991,-0.510799547529794
ENSMUSG00000038366.16,0.8742604686334603,0.879053999815234
ENSMUSG00000017404.13,-0.178851399911001,-0.174036406679065
ENSMUSG00000020883.19,-0.7014488616188077,-0.697143657674384
ENSMUSG00000018160.16,0.1379826891328788,0.141933601042893
ENSMUSG00000003119.15,0.305887978868085,0.311281656677154
ENSMUSG00000061718.13,-0.5659653850321859,-0.581920454809289
ENSMUSG00000018167.11,0.3428567388092421,0.346826981533783
ENSMUSG00000038208.14,0.0859650610144344,0.101471545655121
ENSMUSG00000062312.6,0.1148653753430768,0.136157960565868
ENSMUSG00000002580.8,-0.4510869633906852,-0.446286160693934
ENSMUSG00000084835.2,-0.461117116154397,-0.458198576044866
ENSMUSG00000019312.11,-0.415988822626131,-0.410290320797959
ENSMUSG00000038150.8,0.0861140669291552,0.0904343980160364
ENSMUSG00000017221.15,0.3706011766887323,0.375259074543216
ENSMUSG00000085955.2,0.2275186514074638,0.233859914339084
ENSMUSG00000017210.15,0.7972184452692602,0.801254001479865
ENSMUSG00000058756.14,-0.0731979436229453,-0.0686736574370309
ENSMUSG00000121096.1,0.5762807649441771,0.567397207938438
ENSMUSG00000020889.12,-0.132012686381201,-0.126709851728201
ENSMUSG00000052915.15,0.0160775687858924,0.0202884364171884
ENSMUSG00000075576.13,-0.0348055703961019,-0.0283419995512309
ENSMUSG00000078676.10,0.1645025559902801,0.168957132227084
ENSMUSG00000038013.15,0.2114189991734984,0.213761158489749
ENSMUSG00000037992.17,-0.3110597683015867,-0.306615907625479
ENSMUSG00000020914.18,-0.0409992785000174,-0.0556144578318944
ENSMUSG00000017493.13,-0.6189332263517424,-0.613938155924072
ENSMUSG00000037935.17,0.3561112515476896,0.360480536161375
ENSMUSG00000019761.11,-1.3529752276034648,-1.31714177222146
ENSMUSG00000006777.8,-0.9486079754962844,-0.938889641466034
ENSMUSG00000035530.14,-0.6256777150845703,-0.621019686546515
ENSMUSG00000006930.16,1.588980633718048,1.58726529139726
ENSMUSG00000091478.3,-0.8464841365823619,-0.840910380570047
ENSMUSG00000001552.15,-0.2395271008176837,-0.233706680192787
ENSMUSG00000001555.11,0.4813257510818364,0.494670311207976
ENSMUSG00000017176.18,1.1244782131695965,1.12932189554007
ENSMUSG00000048732.6,0.4710058122440322,0.493818414605355
ENSMUSG00000020917.18,0.4160011970759738,0.42070814659834
ENSMUSG00000006782.17,1.014971218655332,1.01803343638481
ENSMUSG00000014195.17,0.2204098888260545,0.224901919668003
ENSMUSG00000017837.13,0.2745803130475944,0.278779949222519
ENSMUSG00000085604.2,3.689908272885715,3.69189787392272
ENSMUSG00000017830.16,3.879751244020288,3.87758150911043
ENSMUSG00000020918.15,0.124978133609353,0.129661028455056
ENSMUSG00000019173.12,0.6187777862532194,0.623439279475244
ENSMUSG00000017747.14,0.162465617819142,0.164926173558764
ENSMUSG00000020919.12,0.0242125980307847,0.0274165048472793
ENSMUSG00000004043.15,-0.2207575237378541,-0.220030972394613
ENSMUSG00000004040.17,0.2966746554714297,0.301624164308709
ENSMUSG00000004044.10,0.0882944402623189,0.101539848364673
ENSMUSG00000019302.18,0.3428186324054778,0.347646283699055
ENSMUSG00000121184.1,0.7695534649271383,0.7817966710786
ENSMUSG00000001751.10,0.2450878996673035,0.249531147098667
ENSMUSG00000001755.13,-0.4499417042736771,-0.445360676572638
ENSMUSG00000017801.16,-0.0612455163100815,-0.0567965039632242
ENSMUSG00000019303.15,-0.0457059175182703,-0.0375064487659799
ENSMUSG00000017802.15,0.2103254456254569,0.214837168593817
ENSMUSG00000035198.10,-0.3040499918645722,-0.30365349108468
ENSMUSG00000035172.16,-0.1794462171070012,-0.177966491878856
ENSMUSG00000017167.7,0.2859127797503519,0.246479943086214
ENSMUSG00000006920.15,1.0300704885502374,1.03348037854363
ENSMUSG00000001240.14,0.1530870624818196,0.158484810135741
ENSMUSG00000078656.12,0.2043436489779559,0.208592289367756
ENSMUSG00000035112.18,-1.1488365865586472,-1.14278281747184
ENSMUSG00000017188.4,-0.1157859879799674,-0.11126792597183
ENSMUSG00000078653.5,-0.1269275401186106,-0.12244792705807
ENSMUSG00000035086.14,-0.1065602456972463,-0.101470085804428
ENSMUSG00000078652.10,-0.1570783032791705,-0.152671552972611
ENSMUSG00000078651.9,-0.389316120448362,-0.396176639878198
ENSMUSG00000078650.3,-0.6036577477280022,-0.597293652563419
ENSMUSG00000097487.8,-0.6786942512124619,-0.678970592710593
ENSMUSG00000035007.6,-0.1800844560779157,-0.175391509118184
ENSMUSG00000063316.14,-0.1715281801373906,-0.166717328203933
ENSMUSG00000010358.14,1.809661576600889,1.81320190326511
ENSMUSG00000086347.2,1.9540905906694157,1.95807416784112
ENSMUSG00000034993.8,-0.0638532758121394,-0.0596597155573391
ENSMUSG00000001313.13,0.2871284290915544,0.291803615783942
ENSMUSG00000017146.13,0.317864252533903,0.326129490480577
ENSMUSG00000017119.21,0.0972905407133619,0.101616742486481
ENSMUSG00000034947.14,1.3827251423890965,1.38627272787339
ENSMUSG00000010362.10,0.020524742534536,0.0209302729340183
ENSMUSG00000034936.3,0.1813836113775714,0.205914687375137
ENSMUSG00000034931.16,0.069670776694564,0.0735553027069413
ENSMUSG00000093467.2,-1.1428827512310231,-1.13693196979599
ENSMUSG00000003518.14,-1.1399867842206488,-1.13405452699213
ENSMUSG00000017309.12,-0.3297238317782239,-0.316498349203312
ENSMUSG00000048217.12,0.0987315895983975,0.105035524202436
ENSMUSG00000087339.2,-0.0626088343045575,-0.0538302514834182
ENSMUSG00000020921.7,0.2082607822545479,0.200292212306558
ENSMUSG00000020922.12,0.011949481826943,0.0175553669292685
ENSMUSG00000034793.16,0.1293247724319212,0.139844824330348
ENSMUSG00000008855.18,0.3042322533556607,0.30752502209938
ENSMUSG00000034757.16,0.3817471767878024,0.386213101806848
ENSMUSG00000059995.13,-0.1284556459896284,-0.122874662545824
ENSMUSG00000020923.18,0.1149635707156949,0.119274203411743
ENSMUSG00000006575.15,-0.4111836682793066,-0.407238958135516
ENSMUSG00000018677.10,-0.0881666623472123,-0.0837520283687979
ENSMUSG00000034708.13,0.9299872011940572,0.934609344358098
ENSMUSG00000034664.14,-0.2222094698953494,-0.219134418922487
ENSMUSG00000034621.15,0.1269875619902049,0.131454805372859
ENSMUSG00000020925.18,0.3130773870243859,0.316901292886125
ENSMUSG00000020926.17,-0.3641396283481438,-0.360025832945075
ENSMUSG00000020929.15,0.5752992126494986,0.578586159385272
ENSMUSG00000020935.9,0.2496080587480707,0.255540314896382
ENSMUSG00000020936.9,0.5404559849009354,0.54480830267059
ENSMUSG00000056938.18,0.45457689846199,0.459414170387737
ENSMUSG00000048878.7,-0.2768050039940916,-0.270365018438994
ENSMUSG00000043372.13,-0.086454004796181,-0.0918667408275951
ENSMUSG00000055805.16,1.3913681876486097,1.3897497995936
ENSMUSG00000020941.8,-0.3442881451644464,-0.339246180761656
ENSMUSG00000034255.19,0.934808053754527,0.915175712571124
ENSMUSG00000034247.10,0.1568996392517599,0.161790762799563
ENSMUSG00000020946.14,0.1968844832429532,0.201399178911479
ENSMUSG00000085154.9,0.239241229171788,0.241456246107835
ENSMUSG00000034187.19,0.5273546293470119,0.531613809344048
ENSMUSG00000062421.14,-0.2308019290159634,-0.226495142419732
ENSMUSG00000018411.18,-0.5086377649979754,-0.507011027120975
ENSMUSG00000018412.17,0.4312703330399509,0.436475071824838
ENSMUSG00000020687.14,0.0763449556617863,0.0802765205943878
ENSMUSG00000020689.5,0.342633356001093,0.354972211043
ENSMUSG00000020691.14,0.2606450725359601,0.264720717393156
ENSMUSG00000099681.2,0.393813916064676,0.392741082708457
ENSMUSG00000020694.18,0.1394035935513576,0.1439844834607
ENSMUSG00000020695.15,0.7397102140549354,0.786851181222604
ENSMUSG00000053580.17,-0.3733942474561562,-0.365859780115592
ENSMUSG00000019590.17,1.756257921822869,1.71889106128039
ENSMUSG00000020681.15,2.507229207828852,2.4973126878242
ENSMUSG00000049354.9,0.3171446155984184,0.32120649574467
ENSMUSG00000085033.2,0.1829626677676382,0.157629653717191
ENSMUSG00000085255.2,-0.632262758889644,-0.622172736699558
ENSMUSG00000001983.8,0.2898018369123633,0.294056723779391
ENSMUSG00000020700.12,0.0247391462157896,0.0282444404755371
ENSMUSG00000121066.1,-0.2540216368847894,-0.255531971310569
ENSMUSG00000040699.14,0.2531689272102892,0.250660972422115
ENSMUSG00000069631.15,0.5214674484966598,0.507129479361247
ENSMUSG00000078622.9,0.0563406587015943,0.0612189280102145
ENSMUSG00000020705.7,-0.053619235831755,-0.0490912428394022
ENSMUSG00000020706.14,0.2498940623861489,0.255438782218335
ENSMUSG00000020708.13,0.787842763190124,0.79231238252769
ENSMUSG00000078619.11,0.0221189615335933,0.027057545115854
ENSMUSG00000001029.16,0.670620386562456,0.652694139811442
ENSMUSG00000020715.10,0.1550854231272468,0.159926548353746
ENSMUSG00000120012.1,0.1632796861549736,0.166692374607776
ENSMUSG00000040548.17,0.2726272612681524,0.277063391298077
ENSMUSG00000020717.20,0.3517098509428445,0.356452737991113
ENSMUSG00000040528.16,-0.4106294323028957,-0.405121678285866
ENSMUSG00000020718.13,-0.565842644432543,-0.562188810541435
ENSMUSG00000020719.15,-0.3412050005990102,-0.33648184675269
ENSMUSG00000093273.4,-0.2524239338039218,-0.252008314479136
ENSMUSG00002076984.1,-0.1472990324177206,-0.142238121750007
ENSMUSG00000018372.14,-0.3974742754237449,-0.393780650087996
ENSMUSG00000084930.2,-0.3869014073295068,-0.373706945031763
ENSMUSG00000018363.18,-0.2805324923332446,-0.275256868954216
ENSMUSG00000018362.15,-0.2847168848433474,-0.279855925311677
ENSMUSG00000078607.7,0.3080618245191601,0.3067798800585
ENSMUSG00000040481.18,0.2456881512363108,0.250829622326655
ENSMUSG00000087596.2,0.2010481397999298,0.196944750478481
ENSMUSG00000018433.15,0.2124556619069393,0.217687318856187
ENSMUSG00000040430.19,-0.6501290516247589,-0.64569645808655
ENSMUSG00000020720.14,0.1015541104905173,0.105877990407088
ENSMUSG00000020721.17,0.0313736496608815,0.0397372963979555
ENSMUSG00000050965.15,-0.0399540881827444,-0.0350380679675304
ENSMUSG00000000049.12,-0.1170646276461595,-0.112366020602301
ENSMUSG00000000142.16,0.1689344777987524,0.177675818900012
ENSMUSG00000020599.14,-0.9558761094389848,-0.943632749905522
ENSMUSG00000056687.11,0.1643878222318109,0.168709652318443
ENSMUSG00000020611.15,0.223438581463318,0.227833212948503
ENSMUSG00000020610.18,0.0763730977628902,0.0808812460420329
ENSMUSG00000085326.2,0.0344319545543238,0.0187272837968856
ENSMUSG00000041920.15,1.0837933877722512,1.08596488638336
ENSMUSG00000020604.14,1.1153624061426166,1.12076958681883
ENSMUSG00000041895.16,-0.7308882177169728,-0.726688767456191
ENSMUSG00000020612.17,0.0620276135580952,0.0666262911677982
ENSMUSG00000020614.14,0.2751823657483073,0.280624820149169
ENSMUSG00000020620.15,-0.0690512857386299,-0.0643017814368098
ENSMUSG00000085629.2,0.0360053472885644,0.0390392387500691
ENSMUSG00000041828.17,-1.1560939928386715,-1.15110314571951
ENSMUSG00000041797.8,-0.2879599725509227,-0.283528461518799
ENSMUSG00000044749.14,-0.8693918927309604,-0.864508243918997
ENSMUSG00000018800.15,-0.4677966178143459,-0.466044370810671
ENSMUSG00000020623.12,-0.5823785821480174,-0.586351638651264
ENSMUSG00000051497.16,-3.509476360039013,-3.43853044283759
ENSMUSG00000000567.6,0.6635687288168974,0.674784999513105
ENSMUSG00000041654.16,-0.1099789906540385,-0.105227888700102
ENSMUSG00000018661.18,0.5152244730969249,0.519430550423981
ENSMUSG00000041629.8,-0.0471768135875393,-0.0426310588511514
ENSMUSG00000041623.18,0.4128078883847857,0.414671802714479
ENSMUSG00000018727.20,-0.7475877708430325,-0.740274022979335
ENSMUSG00000041598.8,0.1804342930233088,0.187093056278995
ENSMUSG00000057322.13,-0.464143345167577,-0.460557934223647
ENSMUSG00000034714.10,0.3983824647489792,0.402817871151879
ENSMUSG00000051043.17,-0.0615409707690877,-0.0568996870674926
ENSMUSG00000034652.13,0.2343878768786821,0.236426128703991
ENSMUSG00000063193.10,1.2129504809381426,1.19888213547901
ENSMUSG00000034641.3,0.5649626542279242,0.568471655760321
ENSMUSG00000044811.15,0.4914060831027845,0.467560478715202
ENSMUSG00000048498.9,3.4607706623281387,3.39265661863621
ENSMUSG00000047798.16,1.7784642849064531,1.7470438488882
ENSMUSG00000020733.4,-0.1573457187659175,-0.152688420246703
ENSMUSG00000015542.18,0.2200543518222312,0.223677281311131
ENSMUSG00000045980.14,0.2912425034294807,0.295937980819208
ENSMUSG00000018861.9,0.6747522893016364,0.679388213631064
ENSMUSG00000044788.11,0.13237090734141,0.136974325432486
ENSMUSG00000034586.15,-0.019818540912095,-0.0068157626676036
ENSMUSG00000050910.6,0.40120293080039,0.401721376403576
ENSMUSG00000018858.16,0.134434539443276,0.13917417705421
ENSMUSG00000085072.2,0.125959777953966,0.130213572297784
ENSMUSG00000034566.11,-0.4267296115488496,-0.421581938741669
ENSMUSG00000016940.19,-0.3289287918251597,-0.326770605709344
ENSMUSG00000045775.16,0.4058770824041576,0.396151886790074
ENSMUSG00000057219.12,0.6336578125159977,0.63806132105064
ENSMUSG00000020736.13,0.092769126844932,0.0974357950984053
ENSMUSG00000020737.13,0.8284951698558686,0.832651972369853
ENSMUSG00000020738.17,0.1307401157041738,0.133329098832217
ENSMUSG00000020739.12,0.0943573307193935,0.102741508915883
ENSMUSG00000020740.14,-0.043729166986202,-0.0432500457880435
ENSMUSG00000046756.11,0.0398883496027924,0.0445303889960726
ENSMUSG00000020743.16,0.2781737679424015,0.282839224526931
ENSMUSG00000020744.14,-0.3651630506879005,-0.365511435293539
ENSMUSG00000059923.14,0.4395203051416092,0.443932051424847
ENSMUSG00000020747.19,0.1445760125811897,0.14911055414879
ENSMUSG00000034471.13,0.399351337220582,0.404248786646882
ENSMUSG00000020781.15,0.3748947463165026,0.376806856588153
ENSMUSG00000020782.19,0.0787602798967388,0.0829297078909181
ENSMUSG00000034427.18,2.676432740313265,2.580678196937
ENSMUSG00000020752.12,0.1974547948874706,0.200880568871006
ENSMUSG00000020755.10,0.3253917471526235,0.328787232884468
ENSMUSG00000020766.5,-0.5403651179509049,-0.53741516663526
ENSMUSG00000016559.15,1.017937517240592,1.02261070453366
ENSMUSG00000020770.14,0.9132834709088424,0.916929427260879
ENSMUSG00000057948.13,0.7302923932198008,0.734017579164848
ENSMUSG00000034341.18,-0.2565445320668078,-0.251734098603685
ENSMUSG00000020773.12,-0.1413557058249608,-0.135389753667452
ENSMUSG00000054517.10,-0.2838999839739344,-0.280337960215918
ENSMUSG00000020775.14,-0.3182202554229983,-0.314567231234063
ENSMUSG00000020776.19,-0.0729610856443665,-0.0611515068276
ENSMUSG00000020777.17,-0.8976471600817733,-0.892874836677231
ENSMUSG00000020778.13,-0.6791166359027478,-0.693428863626801
ENSMUSG00000020780.16,0.2075132043084652,0.212017382565337
ENSMUSG00000118502.2,0.3154959606461748,0.287585607368991
ENSMUSG00000020792.16,0.2485553198306046,0.253131108889936
ENSMUSG00000052949.15,-0.0388069894393095,-0.0360854296757919
ENSMUSG00000050628.7,-0.2154879971716884,-0.214966489872782
ENSMUSG00000086826.2,0.1000727104746992,0.104162109541007
ENSMUSG00000015869.18,0.0310383513573375,0.0359676766855956
ENSMUSG00000020802.9,0.436157363587511,0.439348075792288
ENSMUSG00000020806.16,0.8864360915945428,0.892713926904949
ENSMUSG00000020810.6,0.1312718860285386,0.150803204662377
ENSMUSG00000020812.20,-0.2879235130889662,-0.304165490518757
ENSMUSG00000057286.7,-1.3255542291323912,-1.32165453891311
ENSMUSG00000020814.14,0.634380748706633,0.605458094456602
ENSMUSG00000056962.12,-0.0427469283940534,-0.038091778892415
ENSMUSG00002076427.1,0.5001857449073284,0.442275877766712
ENSMUSG00000090266.11,-0.2607598250583909,-0.256298188743332
ENSMUSG00000034120.19,-0.1923948026578501,-0.187547262344141
ENSMUSG00000020818.17,-0.20267403302825,-0.198280324203135
ENSMUSG00000086859.6,-0.7791330787472909,-0.774601028253985
ENSMUSG00000120993.1,-0.4382774118442083,-0.4584795429845
ENSMUSG00000020823.17,-0.3897379880961648,-0.385132964024781
ENSMUSG00000059248.14,0.9271391498579228,0.931456534146358
ENSMUSG00000025571.14,0.4547685626830403,0.460519896547147
ENSMUSG00000025572.19,-0.3910752898785875,-0.385965169316401
ENSMUSG00000050106.19,-0.581294162537715,-0.564429040237514
ENSMUSG00000048277.16,-0.1389701597824429,-0.13420892428082
ENSMUSG00000025574.14,-1.085888935237515,-1.07886851838787
ENSMUSG00000017718.16,-0.2240410471175011,-0.218840498052644
ENSMUSG00000017716.16,-0.1062389706981002,-0.085269116568692
ENSMUSG00000017713.10,-0.0999699941232336,-0.101666062790812
ENSMUSG00000053113.4,-0.891319344501458,-0.869806354016953
ENSMUSG00000017715.12,0.5974875030423019,0.601431317164852
ENSMUSG00000033987.18,0.2381973957130204,0.237104531644536
ENSMUSG00000017132.19,0.1411635428212942,0.14616199654601
ENSMUSG00000033909.18,-0.1972444396931776,-0.191808658546878
ENSMUSG00000017466.11,-0.6252628770253428,-0.618192125214418
ENSMUSG00000033880.12,2.471605556239968,2.47593205090896
ENSMUSG00000025575.15,0.3543366931694668,0.358037508591014
ENSMUSG00000017446.15,-0.0272095114612896,-0.022400656497018
ENSMUSG00000086514.2,0.5035027640613295,0.502009139006411
ENSMUSG00000087036.2,-0.0139788426197402,-0.0112637095439519
ENSMUSG00000033857.13,0.2377003340939403,0.233085566675572
ENSMUSG00000025577.8,-0.1600766239296714,-0.156964229245286
ENSMUSG00000025578.10,-0.1111837005021241,-0.11026540326513
ENSMUSG00000039989.8,-0.0589039246284682,-0.0508694432324294
ENSMUSG00000039976.5,-1.029343719664467,-1.02492336154765
ENSMUSG00000087404.2,-0.8376497412941052,-0.850244537831876
ENSMUSG00000025579.15,0.2422268886380092,0.246642894472127
ENSMUSG00000025580.16,0.2534448829267701,0.257680940806347
ENSMUSG00000013483.15,-0.0175518172717817,0.007709652199931
ENSMUSG00000005043.14,0.5428308813700587,0.548906793829152
ENSMUSG00000039908.15,-0.6496173724806135,-0.657615271777673
ENSMUSG00000070327.16,2.119094954003588,2.12369784507746
ENSMUSG00000109408.2,2.1200943621625505,2.12883556092334
ENSMUSG00000039850.17,0.4532401635894242,0.456949918770631
ENSMUSG00000025583.17,0.0681115913304342,0.0723610435644507
ENSMUSG00000085081.3,0.3540588843084247,0.366770425188059
ENSMUSG00000025371.13,0.0031349243477439,0.0074449036755996
ENSMUSG00000120604.1,0.1786107718232063,0.18621394264552
ENSMUSG00000085207.3,-0.124429746043492,-0.0818728031436825
ENSMUSG00000025372.17,0.919072080327892,0.925574263042308
ENSMUSG00000025375.16,-1.3956568896166572,-1.38544758137859
ENSMUSG00000039781.16,-0.4718029127062741,-0.473295445347635
ENSMUSG00000025377.15,-0.2261374384885642,-0.221293192897246
ENSMUSG00000078572.4,0.1345858271024463,0.137711265303444
ENSMUSG00000061306.17,0.1103532595850854,0.11490717642145
ENSMUSG00000085636.2,0.536683791737483,0.571236302201188
ENSMUSG00000075389.5,-0.6527108634756823,-0.639549713929309
ENSMUSG00000043993.8,-0.3408611959709362,-0.334419769903068
ENSMUSG00000039741.17,0.0673338992685787,0.0756653341374301
ENSMUSG00000085501.2,0.9456443724198016,0.92794945173119
ENSMUSG00000062825.16,0.4912985253599287,0.496051447363535
ENSMUSG00000025384.16,-0.4111454948052404,-0.404063166559193
ENSMUSG00000039703.17,0.1007319542026159,0.105178327899623
ENSMUSG00000025386.3,-0.5956925711915627,-0.589769866004646
ENSMUSG00000039670.3,-0.4195376743390576,-0.424859632004564
ENSMUSG00000049957.15,0.5037748634987207,0.508009852394458
ENSMUSG00000057594.13,-0.3374178816412758,-0.326662869746344
ENSMUSG00000025793.18,0.581644166486444,0.586018145955524
ENSMUSG00000039640.8,-0.2897269043958979,-0.285073327801119
ENSMUSG00000086929.2,-1.243923303497558,-1.24453581067516
ENSMUSG00000025792.10,-0.8983751899497165,-0.893666760342332
ENSMUSG00000084983.9,-0.3111533696549056,-0.306341608949436
ENSMUSG00000025127.16,-0.4268550940237249,-0.421890915192204
ENSMUSG00000061111.9,-0.0795830684866604,-0.0761143365402469
ENSMUSG00000025130.12,-0.456232872138066,-0.451400825212221
ENSMUSG00000025132.14,0.5798005990516377,0.584358974897265
ENSMUSG00000025134.3,0.2651772487434864,0.267579374485057
ENSMUSG00000025135.13,-0.1660773076856335,-0.161065623654157
ENSMUSG00000025137.16,-0.5011533265182682,-0.496295101878434
ENSMUSG00000025138.15,-0.1755050153265799,-0.170887239924449
ENSMUSG00000051510.14,-0.3672232162767179,-0.361818556044483
ENSMUSG00000120999.1,-1.137053389541517,-1.11954285116373
ENSMUSG00000084822.2,-1.091511700007742,-1.07559913179052
ENSMUSG00000042988.11,-1.4544886959710417,-1.44912160150842
ENSMUSG00000053613.7,-1.5377448810976448,-1.52899329447795
ENSMUSG00000025142.19,0.1521868319016357,0.156250162592919
ENSMUSG00000090758.2,0.0848014774618097,0.0905390038351429
ENSMUSG00000025144.18,-0.4159338113130388,-0.41101629447254
ENSMUSG00000025145.14,-0.2969293617902915,-0.295911724682326
ENSMUSG00000039450.12,0.0998755265684078,0.104185373703756
ENSMUSG00000078249.6,0.1089919840545116,0.121773016715386
ENSMUSG00000025158.8,-0.2754777116961998,-0.271041791718387
ENSMUSG00000025156.18,-0.0782299021286624,-0.0737603765014148
ENSMUSG00000025155.16,-0.5275093116310933,-0.522222553157917
ENSMUSG00000025153.10,0.7755747328548468,0.781595495796432
ENSMUSG00000048445.7,-0.5658370748932362,-0.576881646468308
ENSMUSG00000025162.19,0.2505447463542237,0.254934728946088
ENSMUSG00000100629.2,0.2901356296725724,0.301893792280243
ENSMUSG00000120010.1,0.2961002501076052,0.311468881814761
ENSMUSG00000025165.13,1.9177741956769767,1.86712468464531
ENSMUSG00000025169.7,-0.3523412635891447,-0.346466793717265
ENSMUSG00000039307.17,0.3603525422519842,0.365085639800932
ENSMUSG00000039294.15,0.4303277949246255,0.43204734823992
ENSMUSG00000000056.8,-0.8191939778479994,-0.81403195137951
ENSMUSG00000039275.10,-0.2736064015614797,-0.267886920208495
ENSMUSG00000025173.14,-0.3701701874867764,-0.367377623522867
ENSMUSG00000039253.8,0.4226886507929975,0.426907490885051
ENSMUSG00000025175.13,-0.9094725285663648,-0.905689426812907
ENSMUSG00000039230.15,0.1364241582495501,0.141706385195475
ENSMUSG00000039238.7,0.933526485123919,0.938388553670401
ENSMUSG00000046605.15,0.134329173717579,0.13678333181733
ENSMUSG00000039208.16,-0.2076094410870856,-0.212108622557507
ENSMUSG00000079179.11,-0.0237239400089987,-0.0191839415673574
ENSMUSG00000020671.10,0.0432934263724983,0.0479802760733287
ENSMUSG00000020668.11,-0.6205334425666698,-0.613791948781971
ENSMUSG00000071456.8,-0.9390465920827084,-0.932646939829746
ENSMUSG00000037486.19,0.1400194734336363,0.144558729944606
ENSMUSG00000071454.14,-0.742429104441771,-0.737890929823773
ENSMUSG00000020661.17,-0.1377292570301636,-0.130798413527358
ENSMUSG00000020657.17,-0.0627143705635782,-0.0612687616661362
ENSMUSG00000020654.16,-0.1804056525346157,-0.177686026015449
ENSMUSG00000020652.18,-0.1415447450344268,-0.137839526108508
ENSMUSG00000096199.3,-0.472169948290967,-0.468874781648771
ENSMUSG00000120893.1,-0.7351972201093202,-0.726926039843789
ENSMUSG00000111916.2,0.0278826288240898,0.0657100462960554
ENSMUSG00000020647.11,0.3555672930413714,0.359545606410019
ENSMUSG00000020640.11,0.1317679004860792,0.136789201206807
ENSMUSG00000111971.2,-0.1059265137615649,-0.104202189227024
ENSMUSG00000079177.5,-0.0648008763383029,-0.0730974237544233
ENSMUSG00000050545.11,-0.322516009791026,-0.333912914099621
ENSMUSG00000020639.15,-0.6066651235697909,-0.621990381329437
ENSMUSG00000037361.9,-0.1649214167491191,-0.160555443334328
ENSMUSG00000051721.7,-0.0068534348960502,-0.0107184158434761
ENSMUSG00000020634.13,-0.2949339376593493,-0.289256143717393
ENSMUSG00000052812.6,0.0410611574607527,0.0469593440399074
ENSMUSG00000112006.3,0.0902725740223982,0.0939572902170559
ENSMUSG00000112615.2,1.344130389310682,1.34434607520021
ENSMUSG00000020609.15,-0.680110907195222,-0.675237679743044
ENSMUSG00000037669.16,-0.2949232285875785,-0.290463096716651
ENSMUSG00000020605.10,0.3918105682673434,0.395687177341724
ENSMUSG00000111889.2,0.87286965182139,0.87171731593104
ENSMUSG00000054364.6,0.1988074128621772,0.203699631570755
ENSMUSG00000121137.1,0.849772899201126,0.832661307172999
ENSMUSG00000020594.15,-0.1549385190307413,-0.150262523735362
ENSMUSG00000020592.16,0.3895670895226031,0.394706180244523
ENSMUSG00000020585.6,0.702568898281115,0.70725720660852
ENSMUSG00000066643.13,0.055617763570473,0.0586622379827542
ENSMUSG00000066637.3,-0.35624417697375,-0.353410389788402
ENSMUSG00000111942.2,0.7085852628064799,0.734621072146766
ENSMUSG00000020621.7,-0.0497338176226193,-0.0452567943919915
ENSMUSG00000051235.11,-0.7308709822045195,-0.74017483165451
ENSMUSG00000020608.8,-0.4468186642285315,-0.442127639165105
ENSMUSG00000020589.18,1.0709172400494755,1.06204913108731
ENSMUSG00000037169.16,0.642719297567629,0.658494893843834
ENSMUSG00000037149.11,0.46784392657139,0.473000615293468
ENSMUSG00000020576.11,0.6115665517435578,0.614524798218376
ENSMUSG00000020601.9,0.515406034670073,0.526078543602332
ENSMUSG00000020593.17,0.0109399894383012,0.0178872947440721
ENSMUSG00000057469.9,0.0286145567914011,0.0335390291420178
ENSMUSG00000020580.11,0.05106390849486,0.0557730280178642
ENSMUSG00000045679.15,2.222557839632482,2.21060759117181
ENSMUSG00000020571.14,0.8523856400828626,0.857048924899001
ENSMUSG00000020566.20,0.7532726137621768,0.750477735881582
ENSMUSG00000061458.10,-0.1259115362849644,-0.115504348622026
ENSMUSG00000011179.9,0.0522354208136063,0.0576391906461015
ENSMUSG00000071379.3,0.389513590805761,0.389928795986078
ENSMUSG00000114025.2,-0.1278073102162583,-0.121440110878523
ENSMUSG00000069755.7,0.9223236467809726,0.926883493224774
ENSMUSG00000052632.17,1.5012504625977188,1.5072196055238
ENSMUSG00000116627.2,-0.5265227281991993,-0.529629976263482
ENSMUSG00000062352.16,0.1360840503519136,0.136390938863121
ENSMUSG00000054309.10,0.0625070218707511,0.066614714492787
ENSMUSG00000062054.8,-0.3961534242626182,-0.392413067251297
ENSMUSG00000052593.17,0.0221448491405103,0.0267039137542841
ENSMUSG00000076432.14,-0.1205996551253814,-0.115519290163464
ENSMUSG00000097055.3,0.0190304221268248,0.0248735805184031
ENSMUSG00000059669.9,0.7053635287839956,0.707463327152639
ENSMUSG00000020653.13,-0.0862799062019182,-0.0743499634583565
ENSMUSG00000062563.16,-0.5962664880907671,-0.592819097245391
ENSMUSG00000120079.1,-0.6025275609395633,-0.615431385611091
ENSMUSG00000020649.12,0.036735239206886,0.0440309841420674
ENSMUSG00000036333.12,-0.2575409121653258,-0.25294876002427
ENSMUSG00000020644.10,-0.3275430694999962,-0.32428804554889
ENSMUSG00000020642.14,-0.1667585484099825,-0.152486255938043
ENSMUSG00000020641.17,4.538031668459724,4.52865409429846
ENSMUSG00000020638.9,3.970130023820001,3.95939517786845
ENSMUSG00000036655.9,-0.3312989136536533,-0.32590733380291
ENSMUSG00000061477.5,-0.4243489965807906,-0.419438022573729
ENSMUSG00000020630.10,0.0575819920445938,0.0647995860274083
ENSMUSG00000020629.13,-0.4382799734189125,-0.433212531622328
ENSMUSG00000020628.17,0.3071624849982857,0.31150083174537
ENSMUSG00000036613.9,0.3917439600846463,0.397859284022673
ENSMUSG00000020674.18,0.0877557660604012,0.104322008669043
ENSMUSG00000020672.15,-0.3681123594929366,-0.36429379745889
ENSMUSG00000043061.11,-0.3056902656958519,-0.300891634605142
ENSMUSG00000044573.17,0.141106559679061,0.146208044152048
ENSMUSG00000020669.16,-0.7253546134256516,-0.723441427022797
ENSMUSG00000002900.18,0.6155095290743121,0.621630686870532
ENSMUSG00000020664.11,-0.2136894435184984,-0.209048205442429
ENSMUSG00000020659.18,0.5973900191320515,0.602335934478946
ENSMUSG00000099851.2,0.3653725610782856,0.362759850502223
ENSMUSG00000020651.9,0.0050521524090232,0.007678177361385
ENSMUSG00000020650.16,0.3458196027653851,0.349296069428588
ENSMUSG00000020648.4,-0.3719793424527993,-0.375113504429313
ENSMUSG00000035933.6,-0.0046153978129331,-3.2485828384975e-05
ENSMUSG00000002996.18,-0.2598588574543373,-0.255171978684556
ENSMUSG00000020573.18,-0.5301450374834824,-0.527794580185066
ENSMUSG00000090946.4,0.0096980672989513,0.0070743272358627
ENSMUSG00000020572.9,-0.3161321382038445,-0.311741451412089
ENSMUSG00000020570.16,-0.0359081033445731,-0.0306021171868763
ENSMUSG00000020564.18,0.3810682712159586,0.384406535074213
ENSMUSG00000085664.2,-0.1993961834483731,-0.209183685745957
ENSMUSG00000020561.9,-0.0912308879361046,-0.086811029585163
ENSMUSG00000004698.12,-0.9518624818654352,-0.886936207476344
ENSMUSG00000020590.17,-0.3283222069032245,-0.323596847088077
ENSMUSG00000019256.18,0.8458039359457417,0.855725331799014
ENSMUSG00000020577.18,-0.1935464029834291,-0.181675155026649
ENSMUSG00000020547.6,-0.2597292809616659,-0.252763204533384
ENSMUSG00000036188.5,0.7666716523210965,0.769158037932349
ENSMUSG00000091007.2,0.6477327073557017,0.610122030717304
ENSMUSG00000043153.7,0.3979009848107258,0.398320681947388
ENSMUSG00000050103.19,-0.8850821819884159,-0.880559528066965
ENSMUSG00000004151.18,-0.87204123967473,-0.844623332284304
ENSMUSG00000047446.19,-0.3253986876516769,-0.321401308578308
ENSMUSG00000001627.13,0.6801023622527498,0.687496501987163
ENSMUSG00000090582.2,0.2168537770309684,0.247133179738408
ENSMUSG00000035983.5,0.9002329461055908,0.895602027368028
ENSMUSG00000055917.16,-0.1889529200971417,-0.18453488709974
ENSMUSG00000035954.11,-0.6620751034356505,-0.660124442426615
ENSMUSG00000056899.11,-0.442067617325075,-0.437612798019439
ENSMUSG00000036295.6,0.7742776637730667,0.77395841060635
ENSMUSG00000014905.5,-0.490612229591316,-0.484776355277082
ENSMUSG00000036257.16,-0.4594488358933896,-0.454614844318947
ENSMUSG00000046314.17,0.0094635360164388,0.0141568527890611
ENSMUSG00000035293.14,0.2999981590496703,0.295513245107452
ENSMUSG00000020952.11,0.3488010364481487,0.353451098403827
ENSMUSG00000020954.17,0.0727929564190831,0.078520750224475
ENSMUSG00000020955.10,-0.1747274046815863,-0.16929575402197
ENSMUSG00000035247.18,-0.7327784687452266,-0.727784563737265
ENSMUSG00000035181.7,0.0339260303901828,0.0383439157135887
ENSMUSG00000020956.15,0.1744636800285138,0.177895110240407
ENSMUSG00000035142.19,0.2560574942755682,0.260484742940558
ENSMUSG00000112139.2,-0.0153238706304886,-0.0294242893790625
ENSMUSG00000120607.1,-0.1559561835059787,-0.166641530664624
ENSMUSG00000035133.10,-0.173527081338097,-0.168607860223775
ENSMUSG00000035105.6,-1.6682773017268882,-1.66914946739413
ENSMUSG00000044408.8,-0.2380115763703018,-0.233223831507317
ENSMUSG00000054302.17,0.0262227017728634,0.0309600401601152
ENSMUSG00000005656.10,0.5484972504101192,0.553772490127996
ENSMUSG00000062929.9,-0.1344692186110432,-0.129860465916068
ENSMUSG00000113209.3,0.1118081881436019,0.162801026931902
ENSMUSG00000035021.15,-0.0495401079817766,-0.0438478058780914
ENSMUSG00000062198.6,0.2454357985401962,0.249057317779302
ENSMUSG00000079108.7,0.4658531722936389,0.468830857507962
ENSMUSG00000021022.10,0.2095245280165223,0.21383143612412
ENSMUSG00000021023.15,-0.2417839712516716,-0.237027496484616
ENSMUSG00000021024.15,0.2424490201538826,0.246768505917288
ENSMUSG00000021025.9,-0.1664544946556199,-0.160004111013767
ENSMUSG00000021027.19,0.2296025242947318,0.235300257302992
ENSMUSG00000012076.9,-0.199032227902595,-0.191207439695789
ENSMUSG00000021028.9,0.2989063633026213,0.303283188451929
ENSMUSG00000035472.15,-0.2856017135404307,-0.281096060358334
ENSMUSG00000079104.5,-0.1919992951978206,-0.186841586898675
ENSMUSG00000047022.19,-0.6054106645458418,-0.60137872496199
ENSMUSG00000084793.2,-0.6004348457990656,-0.592605346010565
ENSMUSG00000035451.8,-0.3478755750679485,-0.350967261923114
ENSMUSG00000046782.15,-0.4383455547607252,-0.459157638806311
ENSMUSG00000045930.4,-0.3285199760733706,-0.323105754647959
ENSMUSG00000097443.3,-0.2705396669051158,-0.265019494220323
ENSMUSG00000020986.14,-0.2278298843937721,-0.223097274175668
ENSMUSG00000060121.16,-0.4715932921979667,-0.465527904355697
ENSMUSG00000020993.10,0.2034791386885976,0.208028855653269
ENSMUSG00000020994.6,0.1507435099148236,0.155085738066248
ENSMUSG00000021000.18,-0.221829192281159,-0.217145835721024
ENSMUSG00000035329.8,-0.1006750927592048,-0.0956749133310581
ENSMUSG00000047227.6,-0.6458427884162666,-0.633496110117419
ENSMUSG00000020948.10,0.31414325777653,0.318603981868799
ENSMUSG00000035614.12,-0.1947519586336455,-0.189183245811247
ENSMUSG00000113298.2,-0.5696555012808802,-0.552381312468326
ENSMUSG00000035597.20,-0.2242606155661326,-0.219472537869558
ENSMUSG00000020949.10,-0.208409683050926,-0.203469515156609
ENSMUSG00000055884.9,-0.1424189998431858,-0.137778388115144
ENSMUSG00000034892.9,-0.7532948714142615,-0.750180544602172
ENSMUSG00000049751.7,-1.6913685337494169,-1.69105033990077
ENSMUSG00000113149.2,0.0857534677220902,0.0940295213771973
ENSMUSG00000043998.11,0.0445015630460993,0.0494972909104402
ENSMUSG00000020973.8,-0.3994579019918186,-0.395052663445126
ENSMUSG00000097061.3,-0.7739567952502857,-0.769962301599229
ENSMUSG00000020978.11,-0.0977348802861262,-0.0931496011081434
ENSMUSG00000020982.10,0.0267549107397573,0.0313022707762179
ENSMUSG00000052673.3,0.6125473109138667,0.615286992955634
ENSMUSG00000044147.9,0.3797668819687254,0.384151678326018
ENSMUSG00000120144.1,0.3208288084756602,0.32577187794351
ENSMUSG00000049882.11,0.6210529195909188,0.624800652046452
ENSMUSG00000034801.14,-0.3127164670637715,-0.308254846744058
ENSMUSG00000020988.10,-0.4934395102154779,-0.488656911949227
ENSMUSG00000054894.7,0.5506685601366497,0.567020909650733
ENSMUSG00000020992.6,-0.0070038353864709,0.0007934507205606
ENSMUSG00000034761.17,-0.1548577778419595,-0.151658700961913
ENSMUSG00000021066.10,0.0429534137445628,0.047545622264885
ENSMUSG00000021067.9,0.0341495605252251,0.0389079713561465
ENSMUSG00000113898.2,0.0957433258577858,0.0901814803546269
ENSMUSG00000113491.2,-0.490084347118304,-0.477460415241015
ENSMUSG00000021068.18,0.3371794376399027,0.342209252438364
ENSMUSG00000021069.18,0.1362118198363389,0.140759299578611
ENSMUSG00000021072.13,-0.0386346074980834,-0.0335748296742792
ENSMUSG00000048285.10,-0.0649209331856767,-0.0688475049601676
ENSMUSG00000021076.7,0.0803188954279733,0.0853562745747215
ENSMUSG00000060073.10,-0.0275957452855377,-0.0228965315906439
ENSMUSG00000085622.10,-0.523685051855172,-0.523517551649281
ENSMUSG00000048118.18,-0.1043914764729071,-0.0990384348639445
ENSMUSG00000021078.6,-1.0703866367924275,-1.06392747136497
ENSMUSG00000021079.17,-0.9134814456834496,-0.908896415752853
ENSMUSG00000034601.18,0.2249699921833034,0.227383455329851
ENSMUSG00000044548.12,-0.1747631449047377,-0.188364431474463
ENSMUSG00000087109.2,-0.7134265679104949,-0.741194169134925
ENSMUSG00000113441.3,0.1078314190896024,0.114534183497204
ENSMUSG00000034574.11,0.228369378418948,0.232898669037957
ENSMUSG00000043398.6,-2.0695334713393705,-2.06329180840868
ENSMUSG00000019718.9,-0.7354978893526918,-0.73155390172373
ENSMUSG00000005078.17,-0.0342384888359973,-0.0290752889143007
ENSMUSG00000021086.6,0.0202533350309789,0.0122604375269039
ENSMUSG00000034501.8,-0.0324077126286588,-0.0303112829147755
ENSMUSG00000109482.3,-0.0965164974201918,-0.0920979247444284
ENSMUSG00000021094.11,0.4726355743145614,0.474341340908717
ENSMUSG00000021096.12,-0.4968551383234863,-0.492318803927925
ENSMUSG00000021103.13,0.32301272451007,0.324243531660757
ENSMUSG00000034442.12,0.696301749654207,0.695593147856239
ENSMUSG00000044712.16,0.5496664779868675,0.554941086092192
ENSMUSG00000034435.7,-0.1914052563510317,-0.186719513605987
ENSMUSG00000113800.2,0.4499150068111457,0.455371087521399
ENSMUSG00000021108.19,0.0652923248851173,0.0808919445766185
ENSMUSG00000087700.4,-0.1081314612461326,-0.102720907512852
ENSMUSG00000021109.14,0.0222650352215261,0.027085210390169
ENSMUSG00000021113.6,0.5992325983560821,0.597804210865967
ENSMUSG00000046768.14,0.7225202515051606,0.733098916428667
ENSMUSG00000021051.11,0.044650969605281,0.0502300634867004
ENSMUSG00000045690.9,-0.622176800062116,-0.598885821756161
ENSMUSG00000021054.7,0.1170166483569744,0.121477637441018
ENSMUSG00000063450.15,-0.9628553915100686,-0.957847363534754
ENSMUSG00000112274.3,0.4076135114263002,0.436567441454128
ENSMUSG00000021048.8,-0.1032599625898038,-0.0987019211251786
ENSMUSG00000021057.16,-0.7827705244894588,-0.7459099309514
ENSMUSG00000056459.15,-0.3529042696459872,-0.35953483600791
ENSMUSG00000033454.7,-0.6121278119995216,-0.604165607186116
ENSMUSG00000059970.8,-0.765845955931525,-0.757750728689797
ENSMUSG00000073000.4,-0.1170692708370031,-0.124643973923554
ENSMUSG00000052609.10,-0.2783155644987305,-0.273298149380223
ENSMUSG00000112388.3,1.3292116233919034,1.29754558865427
ENSMUSG00000090258.8,-0.1452086004908966,-0.141210465015495
ENSMUSG00000033373.17,0.2688738420344357,0.284177398096221
ENSMUSG00000059436.14,0.0830228723427997,0.0883017310853109
ENSMUSG00000021065.17,0.5388225519997593,0.534394679979725
ENSMUSG00000112302.2,0.0497068451979287,0.0504563968967007
ENSMUSG00000047454.13,-0.1810766634252681,-0.176643695407261
ENSMUSG00000021112.10,0.0391759898411541,0.0436739369891763
ENSMUSG00000021114.10,0.6956867764058923,0.700263602969446
ENSMUSG00000021116.11,0.3518011230623067,0.356596820657583
ENSMUSG00000021118.8,0.7280311642528899,0.728223566218084
ENSMUSG00000046157.14,1.075843947133373,1.0700966852136
ENSMUSG00000060716.8,0.5558843189424791,0.558631379434918
ENSMUSG00000021120.12,0.9174990476494872,0.9218257132921
ENSMUSG00000021125.7,-0.1755906064723683,-0.17418579980715
ENSMUSG00000021124.14,-0.2817651821918761,-0.277001436897146
ENSMUSG00000066441.15,0.3439896691947197,0.34971234083173
ENSMUSG00000066440.6,0.5991583104423676,0.603948248499248
ENSMUSG00000059060.16,0.388957862794591,0.378652191791999
ENSMUSG00000021127.9,0.0008571605008124,0.0046095489534974
ENSMUSG00000112545.3,0.4300913180335403,0.424506341331408
ENSMUSG00000097729.4,0.738436358866159,0.749889082393495
ENSMUSG00000015143.16,-0.1906135728634435,-0.186175026806086
ENSMUSG00000112852.2,0.7035478031199935,0.742102978182788
ENSMUSG00000049106.8,0.186738506565124,0.190200401620929
ENSMUSG00000112278.3,-1.1508154954999892,-1.12450638704483
ENSMUSG00000032705.10,0.4169962894947311,0.421391981775786
ENSMUSG00000021131.15,-0.2143324145240084,-0.209521877733208
ENSMUSG00000048833.10,-0.0888844056791763,-0.0840529798915545
ENSMUSG00000021133.10,0.4785575616623178,0.48439095542492
ENSMUSG00000112880.3,-1.7208111429227084,-1.70986022230544
ENSMUSG00000021134.18,-0.6086142751463012,-0.604189493550117
ENSMUSG00000021135.9,-0.5902057404620148,-0.58542374659079
ENSMUSG00000021136.14,-0.0536570144599513,-0.0489287138261508
ENSMUSG00000091803.8,-0.4440608427467397,-0.436921265990309
ENSMUSG00000099478.2,-0.5182034732753472,-0.521311679911797
ENSMUSG00000090935.11,-0.4000198018156293,-0.394909047955735
ENSMUSG00000088651.3,-0.4489346773570413,-0.443366226491218
ENSMUSG00000002679.15,0.3113131679296346,0.312703389924245
ENSMUSG00000021140.10,-0.2273628652460831,-0.222767081585924
ENSMUSG00000042700.17,0.1439523467688141,0.14830761388
ENSMUSG00000021221.17,0.3200717940906151,0.296038829069217
ENSMUSG00000021222.10,1.6951449270273329,1.70443507784367
ENSMUSG00000042628.9,-0.0101231299840345,-0.0053378444528051
ENSMUSG00000010608.16,-0.215902950542222,-0.211124470833385
ENSMUSG00000099708.2,-0.5409179832767539,-0.510425385473641
ENSMUSG00000019969.15,0.2526894567858035,0.257182934908257
ENSMUSG00000021224.16,0.1948077352002391,0.199301321901451
ENSMUSG00000114150.2,0.2834537424998569,0.29640879879941
ENSMUSG00000046791.9,-0.0625422274688203,-0.0553441865982869
ENSMUSG00000021226.8,0.0962818635437151,0.0935541027178968
ENSMUSG00000072949.7,-2.6008369568191645,-2.58727481076797
ENSMUSG00000052392.6,-2.0804183929775983,-2.07481080668005
ENSMUSG00000097762.2,-1.6720668174060884,-1.66606513158115
ENSMUSG00000021228.16,-4.854213620615136,-4.83010143259049
ENSMUSG00000043487.5,0.1052388848636549,0.112661290602502
ENSMUSG00000042523.13,-0.2805853592518252,-0.276572404908424
ENSMUSG00000042507.16,0.4117984972458569,0.410530555470604
ENSMUSG00000120949.1,0.1652730914894815,0.175283767474086
ENSMUSG00000072946.13,-0.2266331794256034,-0.221979583621226
ENSMUSG00000113529.2,-0.2380619601706177,-0.233410946146412
ENSMUSG00000042472.12,-0.1222842695782777,-0.117354085361586
ENSMUSG00000021234.10,0.234549665672878,0.220009783518947
ENSMUSG00000021235.14,-0.0174719816694362,-0.014096336975431
ENSMUSG00000021236.17,0.1015061138253379,0.106272726650187
ENSMUSG00000057265.14,-0.6578965435164786,-0.652599267954319
ENSMUSG00000098134.2,-0.4930858169447194,-0.485380505049956
ENSMUSG00000021238.12,-0.6940141093320737,-0.689383251396208
ENSMUSG00000085793.4,-0.4367058315023664,-0.431325667178208
ENSMUSG00000021240.7,0.7856065371516145,0.789682928858116
ENSMUSG00000021242.10,0.7887472302572819,0.793163304273355
ENSMUSG00000021241.8,0.0298308689686419,0.0335200702285413
ENSMUSG00000092006.2,0.670968340274091,0.673181938323665
ENSMUSG00000042350.14,0.5225126358476404,0.52684735422895
ENSMUSG00000079645.3,0.5807270245719589,0.53221790178869
ENSMUSG00000021243.15,0.1505622189199702,0.155140770606684
ENSMUSG00000021244.16,0.136682529060021,0.142121129639491
ENSMUSG00000093629.2,0.5932442485867335,0.593807630687666
ENSMUSG00000042320.18,0.1479148579400098,0.148404604737943
ENSMUSG00000004789.11,-0.0904863507495842,-0.0861276252792587
ENSMUSG00000019235.10,-0.1482541075817182,-0.129936127952917
ENSMUSG00000004788.12,0.4730565381404107,0.477433941572749
ENSMUSG00000021245.16,0.0643310035151462,0.0727257014462068
ENSMUSG00000008822.16,-0.4510120406374429,-0.448115634189187
ENSMUSG00000045064.6,0.020907847177146,0.0176973615834917
ENSMUSG00000034290.10,0.1000484902689207,0.104248209407036
ENSMUSG00000021248.10,0.225701256228965,0.230326833675148
ENSMUSG00000021250.14,0.8054081578761842,0.791882648028669
ENSMUSG00000034258.5,-0.8007715519558976,-0.806658297914675
ENSMUSG00000021252.12,-0.3408481302529277,-0.335937431342988
ENSMUSG00000012609.20,-0.7631281423012982,-0.760605291119198
ENSMUSG00000007867.10,0.8489848037399267,0.836864533116238
ENSMUSG00000021254.10,0.3886461043105801,0.39445167100886
ENSMUSG00000097488.2,0.8385927712393839,0.842477394413319
ENSMUSG00000021257.15,0.6118994931944339,0.615343032424446
ENSMUSG00000113555.2,-0.5685881873606989,-0.576714719192129
ENSMUSG00000034168.8,0.1104964372515349,0.11634050490591
ENSMUSG00000034157.13,-0.3544777597137736,-0.348799352423391
ENSMUSG00000034126.6,-0.0066526776570402,-0.0018797315307158
ENSMUSG00000021033.12,-0.3268518045322954,-0.322225766683356
ENSMUSG00000113918.2,-0.3217437621544452,-0.303602646128279
ENSMUSG00000034111.7,-0.1017150804481322,-0.0905230439091299
ENSMUSG00000021038.18,0.3758485803878988,0.379600617080076
ENSMUSG00000021037.8,0.349747363286377,0.354497582423461
ENSMUSG00000021036.11,0.7896783554023936,0.793869685000269
ENSMUSG00000079036.11,0.1851760343584536,0.181362525290681
ENSMUSG00000021040.16,0.2600294238800384,0.263886754778964
ENSMUSG00000021039.10,0.2883019619301322,0.292966151190207
ENSMUSG00000021044.16,0.1797940765521683,0.185749152273665
ENSMUSG00000113087.2,0.2442071682587871,0.251409019535947
ENSMUSG00000061533.17,0.2493231571951352,0.256320249143518
ENSMUSG00000020962.15,0.1434171029921749,0.147957388955189
ENSMUSG00000020961.16,0.5244026294477339,0.531254522644812
ENSMUSG00000020964.16,-0.1822243198697835,-0.17774927171908
ENSMUSG00000043483.5,-0.2633059093694109,-0.260888888313034
ENSMUSG00000021003.11,-0.5784275133612882,-0.574146122420433
ENSMUSG00000021886.8,0.9325353518271924,0.923372034422507
ENSMUSG00000112510.2,1.3544238961070847,1.32823331577375
ENSMUSG00000033854.11,-0.4073041115197737,-0.41617699296619
ENSMUSG00000021007.15,0.3307856363243932,0.307212828621895
ENSMUSG00000021009.16,0.1245762858983562,0.130248683869878
ENSMUSG00000021012.17,-0.4161971522100846,-0.411614962173381
ENSMUSG00000051166.11,-0.4518926333082181,-0.44765534039808
ENSMUSG00000113852.2,-0.2816607138096991,-0.254247426458163
ENSMUSG00000021013.17,0.3437511521223627,0.340746464280413
ENSMUSG00000033713.13,-0.3030981377137162,-0.298222728169274
ENSMUSG00000021177.17,0.3273942129845905,0.342954111122305
ENSMUSG00000021178.10,0.1352807310573329,0.139805366605875
ENSMUSG00000021179.9,0.5236583716458701,0.527019991727277
ENSMUSG00000072884.11,1.2429058935889656,1.29206680605086
ENSMUSG00000001175.17,0.032909874795297,0.0377442896803999
ENSMUSG00000113679.2,-0.2463760648398274,-0.240176950212399
ENSMUSG00000033530.9,-0.7004813182828762,-0.694286874202188
ENSMUSG00000021180.10,-0.3029725052194552,-0.297352827257219
ENSMUSG00000021185.17,1.087693187597065,1.09182742006104
ENSMUSG00000021182.17,-0.8364569121453204,-0.82988993820219
ENSMUSG00000114113.2,0.0196232271569984,0.0256360825975028
ENSMUSG00000041846.16,0.2286542193787699,0.233116404743699
ENSMUSG00000097121.3,0.0469475035182818,0.052147929226191
ENSMUSG00000021186.10,-1.3928411993699736,-1.37812769652838
ENSMUSG00000021188.15,0.1628620061476728,0.167907121171567
ENSMUSG00000021189.12,-0.1171493379600858,-0.113214472487813
ENSMUSG00000113902.2,0.0865591941332981,0.0895088487232343
ENSMUSG00000041781.10,0.2040054672041238,0.208637236757095
ENSMUSG00000044456.17,0.2912138469794751,0.29448498748335
ENSMUSG00000021190.15,0.5948995215364842,0.598855212547123
ENSMUSG00000021192.17,-0.2246704127105994,-0.220527535910363
ENSMUSG00000057963.10,1.5204457874205932,1.52416712038016
ENSMUSG00000041716.8,-0.1135285624763063,-0.0993941115569133
ENSMUSG00000046675.8,-0.1767246975288396,-0.170180780267471
ENSMUSG00000091931.6,-0.0517266438885258,-0.0475185544276448
ENSMUSG00000041712.8,0.0740095575973512,0.0788241407574288
ENSMUSG00000041702.8,-0.0666311178149826,-0.0619749452205572
ENSMUSG00000021200.15,1.2387475070014051,1.20055517592932
ENSMUSG00000021203.16,0.1074368801728356,0.112249296807045
ENSMUSG00000041645.15,1.0353345825715452,1.03960540861093
ENSMUSG00000113328.2,0.8205366255164596,0.788301946746371
ENSMUSG00000064215.14,1.8123807720218503,1.81725183088937
ENSMUSG00000079017.4,2.537131671194104,2.52366319644327
ENSMUSG00000021208.10,6.884393664823091,6.84474044928443
ENSMUSG00000021209.13,-0.9293434835829676,-0.926540538724664
ENSMUSG00000061947.11,0.5039818659696961,0.508706240344876
ENSMUSG00000060807.8,-1.628608541236717,-1.62413765023476
ENSMUSG00000071178.12,-0.7189014212188733,-0.714205053267201
ENSMUSG00000071177.5,-0.8251465134598358,-0.820445976952131
ENSMUSG00000090555.2,-1.0609914632433712,-1.05635507905544
ENSMUSG00000066366.15,-0.9982735012151882,-0.993520424454408
ENSMUSG00000079015.3,-0.9639853099725608,-0.959185016522179
ENSMUSG00000086432.2,-0.9611176498427598,-0.956271765442825
ENSMUSG00000072849.11,-0.5399945417461729,-0.533378575067641
ENSMUSG00000063232.17,-0.4270205617082507,-0.422447866919412
ENSMUSG00000058260.3,-0.5658560493895671,-0.580046790889129
ENSMUSG00000041567.4,1.698548097749197,1.7063107840671
ENSMUSG00000120841.1,-0.7346031786114321,-0.731824434086025
ENSMUSG00000092075.2,-0.5995807531623766,-0.595347758672503
ENSMUSG00000041550.5,0.4468759553856716,0.448810094901168
ENSMUSG00000041536.14,0.4303716936103182,0.443042348834364
ENSMUSG00000066361.4,-0.551126559218757,-0.547232985089355
ENSMUSG00000066363.13,3.1014243145562714,3.07103515357765
ENSMUSG00000041481.18,4.031881849646678,4.0054715210401
ENSMUSG00000121484.1,0.5331136627348149,0.532244630995567
ENSMUSG00000079014.5,0.4613567402393116,0.455084888368756
ENSMUSG00000058207.7,-0.7276197501939178,-0.722615788820151
ENSMUSG00000079012.12,-0.2653444933683827,-0.260535950969175
ENSMUSG00000021091.9,0.7953545998051904,0.799876237270089
ENSMUSG00000041415.12,-0.2444493365345857,-0.239293750153398
ENSMUSG00000021097.16,-1.0078075091916043,-1.00282517084022
ENSMUSG00000100975.3,-0.7505463478914947,-0.725510318225144
ENSMUSG00000054150.13,-0.5309728296135456,-0.524175329429423
ENSMUSG00000021102.5,-0.4267750399553365,-0.422181063176204
ENSMUSG00000094910.2,0.0799395745146211,0.129765634255257
ENSMUSG00000041341.11,-0.024493995689862,-0.0203395640099363
ENSMUSG00000044715.8,0.4482824690575043,0.449035139117705
ENSMUSG00000041323.7,2.9932872841724536,2.98098122892518
ENSMUSG00000021111.16,0.0131718084621251,0.0175205247912368
ENSMUSG00000021115.16,0.1751444809309082,0.178371843613512
ENSMUSG00000056770.16,0.1487968815784248,0.153216689269952
ENSMUSG00000021258.11,0.5808388846008309,0.585343698721698
ENSMUSG00000084883.3,0.1602563436269984,0.163994022076368
ENSMUSG00000021260.9,1.1269512347306043,1.09175476739686
ENSMUSG00000021259.6,-0.3836470757069304,-0.414448844326269
ENSMUSG00000058070.15,-0.387804360542959,-0.361330043280265
ENSMUSG00000021262.16,0.968724335898951,0.942924398189154
ENSMUSG00000120464.1,0.1130266120739299,0.107643579934838
ENSMUSG00000114045.2,-0.193740894272129,-0.15488369838636
ENSMUSG00000021264.13,-0.3136379910794296,-0.309821991460518
ENSMUSG00000021265.4,-0.3001070323249844,-0.294852603618557
ENSMUSG00000048856.10,-0.8816346316851242,-0.876719106390861
ENSMUSG00000021266.17,0.8519732185550026,0.855940926394164
ENSMUSG00000040877.17,0.1919636288018835,0.193566400941531
ENSMUSG00000021268.19,-0.7588389718199023,-0.772309229553408
ENSMUSG00000097451.12,-0.6415803861228536,-0.637426393750479
ENSMUSG00000113063.3,0.3327103152307274,0.334222660461582
ENSMUSG00000017843.15,-0.3167309478475461,-0.311849730838236
ENSMUSG00000113585.3,0.6880672182820556,0.690870007545561
ENSMUSG00000113662.2,0.0822282459474397,0.0974221723293953
ENSMUSG00000018707.14,0.0577283787098474,0.0625310375395425
ENSMUSG00000090327.2,0.0879197833422331,0.0978171581235491
ENSMUSG00000021270.14,0.7420915835743526,0.747842653443529
ENSMUSG00000037957.15,-0.0805496833165407,-0.0760144996845263
ENSMUSG00000021271.6,0.2195103406720657,0.222288825954134
ENSMUSG00000091498.5,-0.0535523842942363,-0.0493033418627173
ENSMUSG00000021276.11,0.0074158104983551,0.0099631642133345
ENSMUSG00000021275.17,0.3788936677911774,0.387027334931427
ENSMUSG00000037904.15,-0.9033706773856278,-0.920879344110193
ENSMUSG00000037896.18,0.4775944145421457,0.482303887978821
ENSMUSG00000021277.17,1.0641829045296969,1.06715293142223
ENSMUSG00000097381.3,0.2124068267477083,0.217227481923737
ENSMUSG00000021279.6,0.1988077364496916,0.203299296980127
ENSMUSG00000021280.10,2.097916459523539,1.98565981510072
ENSMUSG00000021281.16,0.3401190215062075,0.347007728191964
ENSMUSG00000113029.3,0.4723214708959442,0.476994347693281
ENSMUSG00000021282.18,-0.5948819664550756,-0.590215867987291
ENSMUSG00000064493.3,-0.5291601883258031,-0.508501446210313
ENSMUSG00000007411.17,0.1013164226005693,0.105846499929436
ENSMUSG00000001270.10,0.9479062342639648,0.940670928127662
ENSMUSG00000060950.13,0.0041590171292229,0.0029917194895366
ENSMUSG00000049792.7,-0.2824400942912863,-0.277627104461775
ENSMUSG00000037787.15,-0.3074810030501607,-0.303926646567507
ENSMUSG00000090026.2,-0.1317115893235824,-0.128622929249744
ENSMUSG00000021288.20,0.0742642547483077,0.0787971959381117
ENSMUSG00000021287.13,-0.1254147893261052,-0.127096231040482
ENSMUSG00000021286.9,-0.1786416422279866,-0.173282000653228
ENSMUSG00000021285.16,0.0675381243397138,0.0722956359809019
ENSMUSG00000113769.2,0.5139645213623222,0.518305816023309
ENSMUSG00000021290.7,-0.459311990908361,-0.454741067792155
ENSMUSG00000037686.7,-0.4069651603622932,-0.402529660032659
ENSMUSG00000021294.8,-0.5392846214574769,-0.572061847755202
ENSMUSG00000037679.10,0.1799214491273503,0.184417672715607
ENSMUSG00000011148.15,-0.2667417090097396,-0.263984163376786
ENSMUSG00000121052.1,-0.0552770531220083,-0.0497512986131673
ENSMUSG00000064326.14,0.5844500737055662,0.579240612177203
ENSMUSG00000001729.15,-0.1014591099753016,-0.0970472857279972
ENSMUSG00000037638.6,-0.3659898737715595,-0.363589129859264
ENSMUSG00000103898.2,-0.7419225251422205,-0.737353528003793
ENSMUSG00000072825.13,0.2906891953892532,0.295355382998166
ENSMUSG00000052160.8,1.212496385928678,1.21572784656721
ENSMUSG00000047832.10,-0.146823371394912,-0.139008310537132
ENSMUSG00000002804.5,-0.2401016517979401,-0.238638122448548
ENSMUSG00000011158.9,-0.3903373464062979,-0.385478827991899
ENSMUSG00000002803.15,-0.6990694329101605,-0.694919444366965
ENSMUSG00000021143.11,0.4709574168198891,0.474907590279228
ENSMUSG00002076948.1,1.0266055937042462,0.999652810710995
ENSMUSG00000021144.15,0.1418878906877953,0.146110518059054
ENSMUSG00000006356.11,0.3281536212429931,0.330826880702306
ENSMUSG00000006360.12,-0.1250817537393659,-0.114446233475601
ENSMUSG00000095079.7,0.1852320473322275,0.186697588764762
ENSMUSG00000076617.10,0.2238326158378235,0.230390056297666
ENSMUSG00000042063.12,0.631064498388781,0.633077741600886
ENSMUSG00000042050.9,-0.2122585304500963,-0.207819479382452
ENSMUSG00000021171.9,0.147355168956397,0.152155521246965
ENSMUSG00000042029.8,0.3805924573638999,0.365389954594473
ENSMUSG00000041992.10,0.428893959006032,0.437150745180164
ENSMUSG00000018581.16,-2.4783350836496347,-2.44255611047399
ENSMUSG00000113831.2,-1.1040098176738495,-1.1234047082632
ENSMUSG00000025323.11,-0.4884787795233018,-0.478728661545846
ENSMUSG00000021908.11,1.0872734836792988,1.09001535892397
ENSMUSG00000114003.2,-0.7240553893309706,-0.726074701968295
ENSMUSG00000021218.11,-0.3188742184163503,-0.314160757131215
ENSMUSG00000033799.11,0.2034865271491262,0.208963615342954
ENSMUSG00000033781.8,0.6350092411864307,0.638915942178159
ENSMUSG00000113259.2,0.7999858656029715,0.78794176754429
ENSMUSG00000021215.16,0.6496109836983693,0.651774230465438
ENSMUSG00000033715.16,-0.907810170970942,-0.902990637239247
ENSMUSG00000021213.13,-0.2623430854910834,-0.257595375311719
ENSMUSG00000071551.14,-1.513868865938511,-1.50701021020849
ENSMUSG00000021211.5,-0.3095414157860908,-0.304492131284929
ENSMUSG00000121353.1,-0.5735197785569933,-0.571829783515577
ENSMUSG00000021210.17,-0.7870516226364378,-0.782373877225542
ENSMUSG00000113214.2,0.9599838204283224,0.960853036729519
ENSMUSG00000054757.15,0.8764717279687434,0.881061403474516
ENSMUSG00000045410.19,0.0964619875097765,0.101171547820453
ENSMUSG00000000078.8,0.4441001005843202,0.451726968659439
ENSMUSG00000021193.11,-0.0903612553151082,-0.0855353458351059
ENSMUSG00000021196.15,-0.119252302789061,-0.114376908978564
ENSMUSG00000068324.6,-0.3277749469807882,-0.332243931082723
ENSMUSG00000072421.5,1.5123413290914565,1.52317405278196
ENSMUSG00000021147.18,0.1613407679709389,0.16463658976989
ENSMUSG00000058258.16,-0.0620879039546272,-0.0560963904233745
ENSMUSG00000021149.9,0.0133038012808925,0.0169510271968496
ENSMUSG00000113543.3,-0.5944216220892884,-0.588928274011138
ENSMUSG00000033499.15,-0.3046795232403504,-0.299933837502357
ENSMUSG00000048264.17,-0.2277841401619105,-0.22270476072779
ENSMUSG00000114138.2,-0.2284434235833453,-0.22361141225971
ENSMUSG00000021156.18,-0.1111097037850585,-0.107106073281421
ENSMUSG00000046159.17,2.1397672574550723,2.07271172831263
ENSMUSG00000021311.10,-0.3139574074037114,-0.308802981106353
ENSMUSG00000113036.2,-0.2773523293350621,-0.28332345269982
ENSMUSG00000050244.10,0.1703273921246761,0.174562729356925
ENSMUSG00000057554.14,0.589082748255076,0.593830779489766
ENSMUSG00000057069.8,-0.3417903078034158,-0.337426835272733
ENSMUSG00000121485.1,0.4515128276438366,0.469998027261279
ENSMUSG00000061724.6,-0.0208782736764005,-0.0041472453773502
ENSMUSG00000021306.12,0.4306549742086594,0.398190875271782
ENSMUSG00000005397.9,0.7399849605410579,0.747355819890133
ENSMUSG00000019726.13,0.4067399229750836,0.413719972441484
ENSMUSG00000039242.11,-0.3541710421912669,-0.34952060730607
ENSMUSG00000039233.13,-0.0906718245616161,-0.0859486470519847
ENSMUSG00000021302.11,0.3327167248113216,0.336304077292368
ENSMUSG00000039219.19,0.0759124555764395,0.0815164375235602
ENSMUSG00000015672.5,-0.0008815438186991,0.003972983447731
ENSMUSG00000015671.12,0.1788655400033147,0.183571592727625
ENSMUSG00000039182.7,0.1264184539149385,0.130171182326991
ENSMUSG00000113389.2,-0.789295396949473,-0.811230779040694
ENSMUSG00000041324.15,0.4483953358030956,0.445314010641264
ENSMUSG00000055137.8,-0.9018524967507584,-0.897123573901985
ENSMUSG00000012429.10,-0.0805472277544309,-0.0760683466000376
ENSMUSG00000041297.9,0.0810295273839064,0.085570184811717
ENSMUSG00000008859.9,-0.0722896861265273,-0.0681718978433552
ENSMUSG00000075054.6,-0.2731562251890766,-0.269757249189871
ENSMUSG00000075053.4,0.3444357425010079,0.35880249259536
ENSMUSG00000041236.9,-0.0741373784234822,-0.0692145272374367
ENSMUSG00000003062.14,0.7116019565858572,0.716477497856897
ENSMUSG00000053101.4,4.3942017186929805,4.21412160146613
ENSMUSG00000041112.18,0.5791332047511167,0.586039969627412
ENSMUSG00000021322.9,0.7400194595619827,0.76760043242388
ENSMUSG00000021326.14,-0.069999204042177,-0.0653497740907972
ENSMUSG00000036721.15,0.1664182978645297,0.172325585504529
ENSMUSG00000021327.20,0.2273006609618329,0.231766819820774
ENSMUSG00000055313.16,1.103358741022786,1.09551512640457
ENSMUSG00000085788.2,0.0160071580501864,0.0222419001001582
ENSMUSG00000022228.15,-0.0029693667789416,0.0021684420803063
ENSMUSG00000054931.10,1.0805705306455462,1.07943143084666
ENSMUSG00000078139.4,-0.4769443896798897,-0.472132189083853
ENSMUSG00000079941.3,-0.3979685266303548,-0.399599876472258
ENSMUSG00000063894.16,0.52724770751171,0.531261195633453
ENSMUSG00000060639.6,1.7130761303510942,1.70626528764292
ENSMUSG00000087097.2,0.2992072204246954,0.302214990475866
ENSMUSG00000046351.12,0.3185209768603507,0.322959212147123
ENSMUSG00000036376.4,-0.194233721780763,-0.188434849450975
ENSMUSG00000113440.2,1.9815880074379293,1.93303559693655
ENSMUSG00000052565.8,4.3301795100802645,4.07229397551019
ENSMUSG00000018102.6,0.6577349187340653,0.662102697138285
ENSMUSG00000006611.16,0.6315171585088282,0.63556831852461
ENSMUSG00000036181.3,0.9505242318041224,0.954102905640677
ENSMUSG00000087173.2,-0.3660274708829424,-0.370872842192237
ENSMUSG00000036110.15,-1.322931764996586,-1.31812890763581
ENSMUSG00000120481.1,0.632366144649984,0.632573138708333
ENSMUSG00000036083.16,-0.0117849286816776,-0.0074341165857967
ENSMUSG00000021335.14,0.4871575946465646,0.487814726020686
ENSMUSG00000021336.18,0.9463575047636996,0.949374482105469
ENSMUSG00000021338.18,-1.2596583085577715,-1.25430098018403
ENSMUSG00000081909.2,-0.9100050856692796,-0.917248922784511
ENSMUSG00000118631.3,-0.8383441260460652,-0.83318310669205
ENSMUSG00000016756.18,-1.279032473851591,-1.2733559237958
ENSMUSG00000036006.21,-0.3243428982577268,-0.348518917383815
ENSMUSG00000006715.12,-1.146735455207284,-1.14737437089949
ENSMUSG00000019132.12,-0.1319655312009761,-0.127181816749693
ENSMUSG00000006717.8,-0.5817606925388563,-0.576580413041134
ENSMUSG00000035958.4,-0.6282728618774147,-0.623747544986977
ENSMUSG00000006711.16,-1.3311455123048752,-1.33074604005472
ENSMUSG00000086796.3,-1.2337777406641703,-1.22532064976324
ENSMUSG00000035936.7,-1.3847852592192078,-1.37969280405477
ENSMUSG00000086448.2,-0.4411859697243835,-0.437261864582663
ENSMUSG00000021340.14,-0.1302460268641638,-0.125369504333767
ENSMUSG00000021339.5,-0.0829243921131548,-0.0777263095257777
ENSMUSG00000035910.16,-0.2075335149481681,-0.183075145258016
ENSMUSG00000113061.2,-0.6933996024182733,-0.690821629010857
ENSMUSG00000076431.5,-0.9951903169048923,-0.972564420661636
ENSMUSG00000006191.18,-0.0080003700858395,-0.00200213118119
ENSMUSG00000016477.19,-0.0479716639296102,-0.0436614160561056
ENSMUSG00000049115.16,0.1209801765785841,0.125271669222952
ENSMUSG00000113424.2,0.2185507628577765,0.215821194913566
ENSMUSG00000038462.4,-0.3136325364895868,-0.308939008925913
ENSMUSG00000069255.14,-0.3339607571985489,-0.328910851901443
ENSMUSG00000021357.15,0.6636600016057255,0.667931562932068
ENSMUSG00000038415.11,-0.1128019574397693,-0.139706136011859
ENSMUSG00000042874.3,0.200393682395551,0.186600964541376
ENSMUSG00000021400.9,-0.0482680940211748,-0.0442469295712427
ENSMUSG00000044734.17,1.0397301925889766,1.00688581046139
ENSMUSG00000042842.12,1.1455614117469657,1.13903348568861
ENSMUSG00000045827.11,1.8255468988001493,1.8290312877011
ENSMUSG00000060147.16,-0.2798472915171622,-0.274003512782663
ENSMUSG00000085457.5,0.2141150780945247,0.206493868136237
ENSMUSG00000046949.17,-0.2471587360970288,-0.242506142577891
ENSMUSG00000021408.16,-0.2222847510693187,-0.21731547250748
ENSMUSG00000038286.12,-0.3887262044561935,-0.383979287177839
ENSMUSG00000058672.8,2.442553047786067,2.44799922191445
ENSMUSG00000071451.11,0.4213560479651017,0.42244370070356
ENSMUSG00000038267.16,-0.2735091243635817,-0.268773504356206
ENSMUSG00000021411.17,-0.1297906741765928,-0.126541114065794
ENSMUSG00000021413.10,-0.290205083860705,-0.285942072163663
ENSMUSG00000085962.9,-1.2872136605837632,-1.28213504416825
ENSMUSG00000021417.16,-1.088419696179609,-1.08354335443121
ENSMUSG00000059288.15,0.0935789873615606,0.0982445814829669
ENSMUSG00000021418.16,-0.6481722418317416,-0.638661901234746
ENSMUSG00000114270.2,-0.4472807811892501,-0.426795413219636
ENSMUSG00000050423.12,-3.172216580608868,-3.13511388397659
ENSMUSG00000046573.8,-0.2842272266545687,-0.289576493558447
ENSMUSG00000114251.2,0.8189203243476058,0.817525921057235
ENSMUSG00000021420.14,-0.2968202185526651,-0.291697239088891
ENSMUSG00000039114.17,-0.8238038912452278,-0.819167889984067
ENSMUSG00000114708.2,-0.3137912833001709,-0.289806112674515
ENSMUSG00000021423.7,0.0792819463848201,0.0884131290928761
ENSMUSG00000114665.2,-0.363473921273636,-0.357686727741769
ENSMUSG00000114355.2,0.5021367472338415,0.463967550992431
ENSMUSG00000114828.2,-0.1899280861116943,-0.181260092849384
ENSMUSG00000039087.18,0.4226599223038265,0.427201996520868
ENSMUSG00000114370.2,0.5028278623547344,0.497084644092047
ENSMUSG00000021427.11,-0.006885934791664,-0.0024549025802394
ENSMUSG00000044566.16,-0.763046593407516,-0.755182040662756
ENSMUSG00000021428.10,0.1649912328313895,0.169949572064731
ENSMUSG00000054889.11,-0.0464360908467205,-0.0420540573500103
ENSMUSG00000021431.17,-0.450764884920765,-0.446891031163377
ENSMUSG00000039004.7,0.1517273790053628,0.168783694821465
ENSMUSG00000038991.18,-0.712547723717674,-0.707647149743233
ENSMUSG00000114638.2,-0.5924633798915291,-0.585590180302244
ENSMUSG00000038982.11,0.1934567332895621,0.196527809075485
ENSMUSG00000114830.2,0.4183933501017005,0.410925674769326
ENSMUSG00000001707.9,0.2074519706231266,0.212025128083575
ENSMUSG00000021432.16,-0.0057879609379566,-0.0015262438803482
ENSMUSG00000114512.2,-0.2013159953812398,-0.204666772717437
ENSMUSG00000021360.17,0.4430002833062728,0.450071777513989
ENSMUSG00000086693.3,0.295938652386763,0.300247060841329
ENSMUSG00000038683.17,0.0503297850237332,0.0547754185845961
ENSMUSG00000021361.8,-0.3126231610916283,-0.30819961203351
ENSMUSG00000021364.17,-0.7534347806199522,-0.748504846497283
ENSMUSG00000114247.3,-0.4574724130407128,-0.440440502293386
ENSMUSG00000091264.4,-1.207935793982609,-1.2021346150698
ENSMUSG00000021365.16,0.4814471176466471,0.471935614836234
ENSMUSG00000087370.4,-0.5482102971977525,-0.543428326882001
ENSMUSG00000058022.16,-0.743812595862976,-0.738873733543798
ENSMUSG00000021366.9,0.3796034601702149,0.385028738147007
ENSMUSG00000021368.16,0.5883646802671256,0.587291740715075
ENSMUSG00000051335.7,0.0288251682537197,0.0378321266017578
ENSMUSG00000054021.7,0.6105203863238864,0.612396156871314
ENSMUSG00000063200.5,0.1981378339540954,0.202390116483326
ENSMUSG00000038546.10,0.1818885821862564,0.187207297069714
ENSMUSG00000021371.6,-0.0649702830470684,-0.0601659936118811
ENSMUSG00000015396.5,0.641405379349071,0.638776053615079
ENSMUSG00000038518.16,0.1115721178193971,0.11547327217681
ENSMUSG00000057531.16,-0.1842938414574299,-0.179926504682167
ENSMUSG00000038175.11,-0.6287742000513848,-0.62319180676283
ENSMUSG00000046876.17,-0.5789567710381575,-0.569311079266406
ENSMUSG00000069237.9,-0.1364091759555367,-0.131909945148419
ENSMUSG00000021374.11,0.2426506542556488,0.246474789994421
ENSMUSG00000021375.12,-0.0947879211558523,-0.0901227899696954
ENSMUSG00000044231.4,0.6417254825823585,0.646531144607726
ENSMUSG00000021376.12,-0.3467673893914391,-0.341877778787136
ENSMUSG00000114376.2,-0.9589137408739968,-0.954394460804931
ENSMUSG00000038080.18,0.2328242904081718,0.237350808826895
ENSMUSG00000021377.16,0.051399494827618,0.0557537229363946
ENSMUSG00000038068.16,0.905938882141304,0.910224473887672
ENSMUSG00000021379.3,0.4904471960494045,0.466630274700666
ENSMUSG00000050954.16,-0.6342402033886072,-0.629347596400409
ENSMUSG00000097375.4,-0.2947168183003673,-0.288686677307186
ENSMUSG00000038042.12,1.7265010508528522,1.72916287019034
ENSMUSG00000038025.9,0.1164806185725239,0.119145236816743
ENSMUSG00000038014.8,-0.0066200674965183,-0.0021287989102778
ENSMUSG00000120113.1,-0.7883517369067549,-0.792177449423002
ENSMUSG00000037966.16,0.0059178212669403,0.0110887859168171
ENSMUSG00000037960.12,-0.2145478663073175,-0.210412847399095
ENSMUSG00000037946.12,0.6543225821058314,0.635960000843284
ENSMUSG00000037933.17,-0.1690088917699087,-0.164626001750467
ENSMUSG00000021385.11,0.0029489753156679,0.0098078299234305
ENSMUSG00000021391.11,-0.2365169811779042,-0.273704830162044
ENSMUSG00000043631.9,-1.071267370030767,-1.05607316905863
ENSMUSG00000048368.10,0.7831071032244886,0.797743970568112
ENSMUSG00000021390.7,0.4096599298247158,0.437004237706577
ENSMUSG00000021392.9,-0.1662687413761441,-0.159323518710968
ENSMUSG00000037851.15,-0.2606893356657693,-0.254833311324537
ENSMUSG00000037816.11,1.3579146992152749,1.33096254236024
ENSMUSG00000021395.12,-0.2367652168131201,-0.232215620980527
ENSMUSG00002075045.1,-0.2524915472193864,-0.235103232392005
ENSMUSG00000091383.3,0.5887134691861626,0.577603080849958
ENSMUSG00000067586.5,1.6828016682243985,1.67217862423068
ENSMUSG00000062248.6,0.535141630756313,0.528649924995839
ENSMUSG00000035139.15,0.2519577649539945,0.256273109100722
ENSMUSG00000021451.17,2.177022672305841,2.14877138751511
ENSMUSG00000021453.3,0.6026826383450062,0.603429338748641
ENSMUSG00000113399.3,0.5301490279628219,0.58000703686967
ENSMUSG00000021457.15,0.1498742627005354,0.134455818698342
ENSMUSG00000021460.18,-0.4669719168715869,-0.461654743527354
ENSMUSG00000056749.8,-0.8491740507555896,-0.848311714966215
ENSMUSG00000021468.9,0.235137671492419,0.239466926705922
ENSMUSG00000021474.10,-0.0084867020968329,-0.003814226489595
ENSMUSG00000025867.9,0.4411347098833948,0.457542901583079
ENSMUSG00000025872.6,0.1142782692974617,0.118839756785624
ENSMUSG00000043183.19,-0.0637723608105099,-0.0595608402779629
ENSMUSG00000025871.19,-0.1655500745893132,-0.16065723338534
ENSMUSG00000025870.11,-0.619411015813192,-0.606756622778616
ENSMUSG00000120863.1,0.0721574724262679,0.0598073965226362
ENSMUSG00000025869.12,-0.2394452693503719,-0.233875670240885
ENSMUSG00000025868.7,-0.358886153534886,-0.354324794763635
ENSMUSG00000047547.15,-0.0320891364709507,-0.027425555558638
ENSMUSG00000025873.17,0.240258606772598,0.24446394698942
ENSMUSG00000034928.17,0.032963959478148,0.0373661972427242
ENSMUSG00000025875.15,1.3709165798914529,1.37097937717245
ENSMUSG00000025877.15,0.7938832384787371,0.787687150902445
ENSMUSG00000025878.17,-0.2168722494806987,-0.212291970409537
ENSMUSG00000021481.12,0.0220711701333385,0.0252583637009921
ENSMUSG00000005320.10,-0.1567242964818652,-0.152651542537652
ENSMUSG00000021488.9,-0.0180873073355001,-0.0137062243333219
ENSMUSG00000034789.9,-0.0415547458319852,-0.0374507457643429
ENSMUSG00000021486.8,-0.1440471062446305,-0.139520768605364
ENSMUSG00000021485.15,-0.3763952285145702,-0.372285961849531
ENSMUSG00000021484.9,-0.5038439264643678,-0.498920558972615
ENSMUSG00000021492.16,0.1701572671306552,0.174804213388767
ENSMUSG00000074886.12,-0.3356904355815165,-0.330909311518702
ENSMUSG00000034675.18,0.401625815623906,0.40840013587523
ENSMUSG00000021493.16,0.592014668730007,0.594725029459268
ENSMUSG00000035711.6,0.6318070785193759,0.622331581092194
ENSMUSG00000021494.10,-0.0062554795997941,-0.001247386323083
ENSMUSG00000114633.2,0.2270633125355128,0.206902486407565
ENSMUSG00000021495.11,-0.3727896977449531,-0.367855626721378
ENSMUSG00000058569.9,0.394686604881675,0.399607925069986
ENSMUSG00000021504.15,-0.1601797990095308,-0.155014881862748
ENSMUSG00000021501.5,0.0196847174019029,0.0255326280968754
ENSMUSG00000021500.19,-0.136730141536347,-0.13215214807897
ENSMUSG00000045767.10,-0.9093526785031736,-0.903833713658523
ENSMUSG00000021497.11,0.0364524814631432,0.0411231011647548
ENSMUSG00000021496.13,-0.0568308103399122,-0.0525988887659617
ENSMUSG00000114493.4,0.0734631438730769,0.077859199711532
ENSMUSG00000015937.16,-0.0400369327165903,-0.0354789021583192
ENSMUSG00000049625.7,0.8038317410042917,0.816442768752319
ENSMUSG00000021509.6,-0.1729992739745847,-0.16783389056293
ENSMUSG00000035509.18,-0.0120357864266617,0.0198921634565426
ENSMUSG00000021539.10,-0.2122273438271897,-0.207747810750578
ENSMUSG00000035493.11,0.2032914397163679,0.207342884454523
ENSMUSG00000021540.17,-0.2964667749413025,-0.291671651137048
ENSMUSG00000014164.16,0.1034142173182001,0.109875802479747
ENSMUSG00000007836.7,0.0066131399744007,0.0110818623240646
ENSMUSG00000050002.15,0.2374858452649286,0.239554126177878
ENSMUSG00000005312.16,0.2272974533889381,0.231569178320783
ENSMUSG00000114929.2,-0.3871386466784468,-0.374749857627586
ENSMUSG00000021552.8,0.0240970592046803,0.0265721704520136
ENSMUSG00000021550.7,0.4702668038762564,0.475206380982381
ENSMUSG00000021546.19,0.1737199693775469,0.178265598223987
ENSMUSG00000035367.10,-0.0836766512269102,-0.0789930790069808
ENSMUSG00000114384.2,0.8281782101404285,0.767797414369786
ENSMUSG00000055254.16,0.2845580149915501,0.251385717461524
ENSMUSG00000021557.16,-0.3081604306898405,-0.305259119987062
ENSMUSG00000021555.16,-0.1530794194336029,-0.149068072051224
ENSMUSG00000021556.13,0.0770988971312916,0.0766078395421405
ENSMUSG00000044792.8,-0.3096285715065847,-0.305320850999788
ENSMUSG00000089875.4,0.4177856941779319,0.420960463649025
ENSMUSG00000035248.10,0.5552190709698047,0.559847157227548
ENSMUSG00000114835.2,0.1418344745494609,0.157018355879404
ENSMUSG00000052957.9,-2.250300788929408,-2.24051140376456
ENSMUSG00000021559.15,0.4508835383473812,0.455566427285538
ENSMUSG00000044258.11,1.866969787645113,1.85141193410592
ENSMUSG00000074867.5,0.7504660349947696,0.738032688017556
ENSMUSG00000113450.2,0.2847372683420389,0.314779513997527
ENSMUSG00000074863.6,1.6036037296137695,1.57856065781072
ENSMUSG00000113637.2,-0.9555850677734128,-0.958271811005005
ENSMUSG00000114117.2,-0.6045609838168503,-0.583103571634598
ENSMUSG00000069805.11,-0.9097779869392084,-0.904897424510916
ENSMUSG00000021458.19,0.0918192066387336,0.0999969931589278
ENSMUSG00000021461.18,-0.0934468389586193,-0.0940405012778663
ENSMUSG00000092741.4,-0.4036539896742528,-0.378068807317329
ENSMUSG00000105904.3,-0.0879819967123065,-0.105458157940997
ENSMUSG00000021466.13,-0.0164226785200085,-0.0126475692531036
ENSMUSG00000021470.20,0.5074970124057152,0.528631267437102
ENSMUSG00000033114.12,0.0167702558468037,0.0210092737340271
ENSMUSG00000044934.14,-0.6349196511884493,-0.630625814261917
ENSMUSG00000021476.10,-0.0119556564861593,-0.0069775026688191
ENSMUSG00000033102.16,-0.2516000963297848,-0.247912728269193
ENSMUSG00000097101.5,0.1320108534681787,0.124037157146601
ENSMUSG00000021482.11,-1.0314289311135627,-1.02592666879643
ENSMUSG00000113816.2,-1.00055488809684,-0.996056806887929
ENSMUSG00000021477.10,0.5430161032063533,0.547307962542953
ENSMUSG00000113683.2,0.8662592087950775,0.862151293982573
ENSMUSG00000021483.9,0.0192138019152014,0.0266991496207428
ENSMUSG00000038212.17,0.1913152567259438,0.195801562878518
ENSMUSG00000021514.19,-0.3338207070147449,-0.318756905371326
ENSMUSG00000021520.5,-0.3886140156723388,-0.383849973324483
ENSMUSG00000074826.11,-0.1757894786589187,-0.170516442709093
ENSMUSG00000021519.12,-0.3419591810091199,-0.337377178716905
ENSMUSG00000021518.5,-0.1641793709397726,-0.158992663680857
ENSMUSG00000114362.2,-0.1254779528905962,-0.120904260910325
ENSMUSG00000090641.3,-0.5447420795063739,-0.489297250412619
ENSMUSG00000057396.8,0.3666859138476712,0.371146217066292
ENSMUSG00000058900.7,0.0791144633324648,0.0735940095951835
ENSMUSG00000051037.16,0.6338572965233673,0.622539933630346
ENSMUSG00000114771.2,0.5599110198097443,0.548955532846477
ENSMUSG00000055480.8,0.3831667601942726,0.390957095411933
ENSMUSG00000114442.2,-0.8282324162186094,-0.829952326300254
ENSMUSG00000055341.11,-0.5221544601635171,-0.504188837726036
ENSMUSG00000057842.15,0.208283300579835,0.213092406453081
ENSMUSG00000098905.3,0.4349367388962414,0.437931334008588
ENSMUSG00000078995.11,0.9130019784860676,0.909173590467599
ENSMUSG00000078994.10,0.2799212962372265,0.282723226398375
ENSMUSG00000114726.2,0.7170000979305565,0.722933787192998
ENSMUSG00000055560.9,1.258944655995086,1.25285777725011
ENSMUSG00000069206.15,0.2859434515657746,0.290549544639899
ENSMUSG00000059839.10,0.0540944240175256,0.0578684489461139
ENSMUSG00000114788.2,-0.0996606532162277,-0.106771788191381
ENSMUSG00000071291.11,0.3412581223747248,0.343972940539978
ENSMUSG00000097333.8,0.2297395825660069,0.237117611525561
ENSMUSG00000095432.10,0.1680597556317274,0.161688902711865
ENSMUSG00000058093.14,0.1067829945218369,0.109233419202745
ENSMUSG00000021510.12,0.2275965181333434,0.235404870183783
ENSMUSG00000114264.2,0.1443667036313236,0.158216818728547
ENSMUSG00000048280.19,0.2401076456481173,0.246616366646807
ENSMUSG00000097470.2,-0.1986271968679901,-0.177835806054468
ENSMUSG00000071281.13,0.3854078730420369,0.389145669599126
ENSMUSG00000044081.9,0.3144525421159542,0.313301493710056
ENSMUSG00000058331.16,-0.0313941789590256,-0.0241536816257588
ENSMUSG00000090659.10,-0.9426177607622948,-0.948886410065625
ENSMUSG00000097906.2,-0.3298979093186497,-0.336289790479288
ENSMUSG00000030446.18,-1.171451487484028,-1.16311948332811
ENSMUSG00000034617.8,0.0359130518142089,0.0379733103703364
ENSMUSG00000021532.12,0.008496795441147,0.0140365430065478
ENSMUSG00000034575.15,0.3885125042878584,0.392870258328828
ENSMUSG00000021595.19,-0.0817351214520088,-0.0772151715383074
ENSMUSG00000021594.12,-0.5061328287423269,-0.499338391112537
ENSMUSG00000091133.2,0.090183692348835,0.101890454545358
ENSMUSG00000052981.7,-0.9623991549796832,-0.960333542786913
ENSMUSG00000021598.10,0.1969718342707593,0.201009153403435
ENSMUSG00000034525.8,0.2560668103681891,0.260819094073641
ENSMUSG00000021606.9,-0.3301571829507833,-0.326282385398527
ENSMUSG00000021607.10,-0.0006627260330426,0.0003400778729367
ENSMUSG00000021608.16,0.2254112507162595,0.225509208875359
ENSMUSG00000021610.9,0.2354202641748336,0.239452026898653
ENSMUSG00000021611.10,0.4026920200350322,0.410651252708522
ENSMUSG00000017756.10,-0.2526970047328293,-0.247716032181948
ENSMUSG00000021569.11,-0.4681068468308426,-0.473426532892501
ENSMUSG00000057649.7,0.3988948537369208,0.401221451130457
ENSMUSG00000021573.16,-0.8499124585720994,-0.858293471143463
ENSMUSG00000034152.7,0.4905504134525413,0.494624401308681
ENSMUSG00000021576.7,-0.2071280533054595,-0.202196747864456
ENSMUSG00000021577.15,-0.386539787489622,-0.381991957568291
ENSMUSG00000021578.18,-0.3086231396140958,-0.303866746875426
ENSMUSG00000021579.5,-0.1105187058318171,-0.121230615719968
ENSMUSG00000069184.5,0.2355843461074854,0.251781911413758
ENSMUSG00000062382.10,-0.1377966852879174,-0.133430692084302
ENSMUSG00000113311.2,-0.1677479703564496,-0.162084510031121
ENSMUSG00000112964.3,-0.0524885637691751,-0.0595983301628365
ENSMUSG00000069208.10,-0.0883666366322331,-0.0834856775589084
ENSMUSG00000113019.3,-0.1633826085468773,-0.155920256394712
ENSMUSG00000113660.2,-0.3336611463425687,-0.325963631595279
ENSMUSG00000113047.3,-0.4911851445329365,-0.491258055643946
ENSMUSG00000113204.3,-0.0616527641573713,-0.0568155933969846
ENSMUSG00000021583.8,0.6371279381728079,0.641527678012546
ENSMUSG00000021585.11,0.4260150729415311,0.431871104524328
ENSMUSG00000074800.5,-0.9873061035321176,-0.923495659359475
ENSMUSG00000001542.8,0.285740354325967,0.290647050051338
ENSMUSG00000021591.9,-0.0563400282123755,-0.0515962293534793
ENSMUSG00000021589.14,0.1414087705610327,0.145732500618196
ENSMUSG00000043190.15,0.3055563726615908,0.310457562995082
ENSMUSG00000021592.19,0.1140308279082508,0.119981000489953
ENSMUSG00000033991.10,-0.0016129694460065,0.0060290135560621
ENSMUSG00000021597.17,0.2780555767684859,0.26114080402135
ENSMUSG00000071252.7,0.2473773385374634,0.247886291612333
ENSMUSG00000064138.15,0.4256001144230794,0.429822186634641
ENSMUSG00000074794.11,-0.6817325182773142,-0.678340936641401
ENSMUSG00000089827.2,-1.8534448597448487,-1.86201176525962
ENSMUSG00000069170.15,0.1481744502297525,0.137656238786444
ENSMUSG00000035840.8,-0.5034801336145835,-0.498940247048889
ENSMUSG00000035834.12,-1.4525183015482337,-1.44614025125101
ENSMUSG00000051098.7,-0.3087621902028838,-0.301916712862605
ENSMUSG00000097793.3,-0.3884525189414877,-0.380030451374007
ENSMUSG00000021537.10,-0.3385794005580404,-0.33379893523881
ENSMUSG00000005583.17,-0.1224527031685101,-0.100802695831715
ENSMUSG00000114687.2,-0.3490986355884709,-0.329540780200904
ENSMUSG00000035762.12,0.0587967610715335,0.0632198589821993
ENSMUSG00000096449.3,-1.114285162329943,-1.09524191490962
ENSMUSG00000021548.11,-0.2169654368345601,-0.212221901161345
ENSMUSG00000021549.15,0.0563430081403272,0.0613096486232978
ENSMUSG00000017778.15,-0.8374031889504315,-0.832767260530458
ENSMUSG00000021613.10,3.340852355354396,3.33385331045716
ENSMUSG00000021615.14,-0.0414035790784558,-0.034985852180353
ENSMUSG00000012422.15,-0.2642435959093485,-0.259429811670068
ENSMUSG00000049517.9,-0.3753895738988434,-0.370778190688501
ENSMUSG00000021619.7,-0.2989086657176759,-0.287805880401613
ENSMUSG00000003992.16,-0.0599530789374007,-0.0541809832283069
ENSMUSG00000074782.4,-0.806044112175894,-0.782806455678891
ENSMUSG00000021620.5,-0.5418041116212585,-0.537155927982707
ENSMUSG00000021621.16,-0.076702059509296,-0.0725898989037185
ENSMUSG00000014850.16,-0.451639596032506,-0.44894317363062
ENSMUSG00000021707.6,-0.9011735080068763,-0.896909346726034
ENSMUSG00000034334.9,-0.2549630754110857,-0.255284671714852
ENSMUSG00000021706.15,-0.0993884933901909,-0.0939689665697223
ENSMUSG00000021703.10,-0.0279903144576373,-0.0235598665461091
ENSMUSG00000021704.9,-0.9849325334481832,-0.98056857581097
ENSMUSG00000042167.7,0.1868872366018221,0.19113184772247
ENSMUSG00000007617.19,-0.1258266159169002,-0.120939905536247
ENSMUSG00000114019.2,-1.2616539713600834,-1.2039011471553
ENSMUSG00000021690.11,-0.6640108387602174,-0.658827070616772
ENSMUSG00000074768.7,1.3200689105123478,1.32522427297112
ENSMUSG00000085834.2,1.368859605896894,1.37456216125673
ENSMUSG00000042118.8,0.674502735982353,0.678960843473934
ENSMUSG00000042102.8,-0.2789253814116527,-0.274391905303372
ENSMUSG00000087334.2,-0.3125421220281794,-0.307879865695398
ENSMUSG00000042082.8,0.311237457643832,0.314218047267577
ENSMUSG00000045312.13,-0.8079038731377716,-0.809101890323159
ENSMUSG00000021687.15,-0.6128085063699142,-0.607958430963043
ENSMUSG00000042857.5,-0.1436419230851202,-0.143418562955668
ENSMUSG00000021686.7,0.302252191524092,0.306490112303631
ENSMUSG00000042043.7,-0.0286824255232928,-0.0241236160403148
ENSMUSG00000042015.19,0.1288112418185838,0.13330653026913
ENSMUSG00000113070.2,0.1613664967919933,0.200555258383995
ENSMUSG00000021684.18,-0.4067138095976628,-0.397946236392152
ENSMUSG00000041995.9,0.7877945356224845,0.789245300934394
ENSMUSG00000021681.9,-0.2689555881073595,-0.264077300201016
ENSMUSG00000048376.7,0.4505022084286602,0.453108790128938
ENSMUSG00000021676.11,-0.4323920797357243,-0.427453872015872
ENSMUSG00000118445.2,-0.2656023255204351,-0.257320446986203
ENSMUSG00000114133.2,-0.1051990798600038,-0.0997799989329611
ENSMUSG00000021671.10,0.2603292475334319,0.2692531246506
ENSMUSG00000021668.16,1.4433794976922163,1.43862359565776
ENSMUSG00000021669.17,-0.1975471943297913,-0.193071638495056
ENSMUSG00000113068.2,0.4347844715258819,0.434432710070115
ENSMUSG00000021670.15,-0.5252748071332269,-0.518053447389871
ENSMUSG00000091387.3,-0.0570643139453239,-0.0448764359524042
ENSMUSG00000114154.2,-0.1522803347067002,-0.139495362531486
ENSMUSG00000041817.15,-0.3471642152943721,-0.340208910119443
ENSMUSG00000060739.9,-0.1371977411959858,-0.132521970207184
ENSMUSG00000021666.17,-0.1944100833557815,-0.189961005901767
ENSMUSG00000021665.10,0.1850084180443956,0.19207452764764
ENSMUSG00000041773.9,1.2300900527403695,1.22735040887649
ENSMUSG00000114425.2,3.547008552256698,3.37844055951517
ENSMUSG00000097346.2,-0.7995532700385455,-0.796196769804315
ENSMUSG00000069117.5,-0.6216240207906726,-0.627622192908659
ENSMUSG00000041747.4,-0.1252570842944374,-0.120633486983552
ENSMUSG00000021661.17,-0.1635386581273165,-0.159321372473338
ENSMUSG00000021660.15,-0.1305799333682453,-0.125486000362546
ENSMUSG00000041685.18,-0.0569719370935531,-0.0534218249788527
ENSMUSG00000009470.18,-0.3914272795066374,-0.386577203814005
ENSMUSG00000050919.11,0.1346242281288519,0.13122278407074
ENSMUSG00000021650.8,-0.1107047759023591,-0.105961032335474
ENSMUSG00000041632.8,-0.3140118382295486,-0.309183782054139
ENSMUSG00000097828.3,-0.4675617925590312,-0.463594875363247
ENSMUSG00000021646.10,-0.4838184856243246,-0.479241809037978
ENSMUSG00000049658.14,-0.0190418310992217,-0.0144371541681393
ENSMUSG00000021643.16,-0.9996197356664072,-0.97359305399105
ENSMUSG00000021645.17,-0.0274965121923851,-0.0296350204750534
ENSMUSG00000078945.11,1.232510744702329,1.23634629535901
ENSMUSG00000071203.7,-0.0246062811512104,-0.02926423906043
ENSMUSG00000078942.11,0.2866825139862923,0.27523222977038
ENSMUSG00000021639.18,0.5364955893852562,0.540475699896402
ENSMUSG00000021638.13,0.279886455738099,0.284577995185163
ENSMUSG00000021636.17,0.5577428006470885,0.563385035309719
ENSMUSG00000021635.15,-0.0171985863242182,-0.0132999004418956
ENSMUSG00000078941.10,-0.5472218362048885,-0.542542916285436
ENSMUSG00000048924.15,0.3555073766076603,0.362724739467153
ENSMUSG00000069089.9,0.0287604391243614,0.0303607250878887
ENSMUSG00000061474.12,0.0109228610649428,0.0124351702527326
ENSMUSG00000021629.11,-0.0220737674472206,-0.0171565522226463
ENSMUSG00000041417.16,0.0722904076781052,0.0770188053378225
ENSMUSG00000021624.10,2.160308966379629,2.13348347152349
ENSMUSG00000034751.18,0.590477562917492,0.589309551090427
ENSMUSG00000114206.2,0.2471447270192496,0.252788335247798
ENSMUSG00000032621.9,-0.0525200466489658,-0.0482155776775064
ENSMUSG00000021709.15,-0.3142297292692614,-0.310015172062965
ENSMUSG00000021710.12,-0.1236239254298371,-0.118543341483602
ENSMUSG00000042743.14,-0.5109345748963061,-0.502474586324883
ENSMUSG00000021711.18,0.0068090946083677,0.011428320501417
ENSMUSG00000118537.2,-0.2696466035769974,-0.259444270647689
ENSMUSG00000021712.16,0.337496269780612,0.34178752089262
ENSMUSG00000021713.10,0.0801300269401544,0.084726803143266
ENSMUSG00000046169.11,1.3083047379811197,1.27663481054576
ENSMUSG00000021715.13,0.6628998580434033,0.670036756268007
ENSMUSG00000021716.15,0.1905395001528497,0.194786413737896
ENSMUSG00000101308.2,0.2567868022021131,0.272091923953143
ENSMUSG00000042590.18,0.1339775839745191,0.138639461006575
ENSMUSG00000021692.10,0.4714725040877601,0.474084629220441
ENSMUSG00000021693.21,0.0913642309265257,0.0971373276926744
ENSMUSG00000032846.13,-0.0457428382875875,-0.0407641317132827
ENSMUSG00000068184.8,-0.5928066130296243,-0.589283944221935
ENSMUSG00000121053.1,0.3874203732986276,0.411340450571732
ENSMUSG00000071180.6,0.126683646599013,0.131061581288624
ENSMUSG00000021694.19,-0.1851840255843363,-0.182539689541416
ENSMUSG00000021699.18,-0.6885690355349594,-0.712744793701388
ENSMUSG00000059751.8,-1.0137771968232,-0.978681422138053
ENSMUSG00000021701.9,0.6991619453719322,0.696141982597094
ENSMUSG00000032745.19,0.0134358038889502,0.0177226064656655
ENSMUSG00000096842.2,-0.7759754938952586,-0.77464183920299
ENSMUSG00000032727.15,0.0513946361592492,0.0543146212873146
ENSMUSG00000021754.18,0.6554283389622715,0.659632553020474
ENSMUSG00000049985.16,-1.0105284998046558,-1.02537240220199
ENSMUSG00000114536.2,-0.9626751765519638,-0.996293419473074
ENSMUSG00000021756.13,-0.2458594711376624,-0.241238163443158
ENSMUSG00000114547.2,-0.3415275046610992,-0.325325526917591
ENSMUSG00000047789.6,-0.1864981887657142,-0.18167039478626
ENSMUSG00000021759.15,0.2394278447646678,0.240984151310818
ENSMUSG00000016018.5,0.2074633625585014,0.212044123416267
ENSMUSG00000042426.7,0.3971718733900863,0.401643414535542
ENSMUSG00000021760.6,0.9936077072121136,0.97412044701031
ENSMUSG00000023132.9,3.5109940373015154,3.4609417234561
ENSMUSG00000042364.12,-0.1262005822565109,-0.120551719395241
ENSMUSG00000042348.11,0.1327499886209544,0.135715762484165
ENSMUSG00000021764.9,-0.0793340050143647,-0.0744200888932989
ENSMUSG00000021765.10,0.5133270971349968,0.523290328481924
ENSMUSG00000015536.15,0.181802929851394,0.18643457225648
ENSMUSG00000042284.11,-0.0383718630699721,-0.0338197183615061
ENSMUSG00000042275.10,-0.254214765316489,-0.243364530056939
ENSMUSG00000114255.2,-0.3133757061085129,-0.307364079714376
ENSMUSG00000021725.10,0.6674500749414093,0.665074395981974
ENSMUSG00000021731.11,-0.1334122066066123,-0.128937706771624
ENSMUSG00000097411.3,0.0460362222363094,0.0562833539641577
ENSMUSG00000025451.16,-0.1821967942814473,-0.17767101606289
ENSMUSG00000062822.9,-0.403036492057464,-0.398149878756489
ENSMUSG00000025450.5,-0.5332317046498849,-0.524942220724235
ENSMUSG00000074634.13,-0.8709568147674687,-0.859044872843426
ENSMUSG00000114945.2,-1.0537719915072896,-1.04445547832229
ENSMUSG00000093930.3,0.6517691303983789,0.657013244261425
ENSMUSG00000114934.2,0.6891197523051753,0.695893363182642
ENSMUSG00000095930.2,-0.6188112119931374,-0.620029126738826
ENSMUSG00000094870.9,-0.3008958144796924,-0.294651381915765
ENSMUSG00000114608.4,3.665947530385077,3.56267209311941
ENSMUSG00000095609.4,3.002316114109378,2.88476903124437
ENSMUSG00000094796.3,5.70568426236518,5.56151961105341
ENSMUSG00000058317.13,0.036086867367942,0.0396198428400457
ENSMUSG00000021774.14,0.1543464549442419,0.158424428822139
ENSMUSG00000021772.16,0.2659903565115004,0.270668444100003
ENSMUSG00000012405.17,-0.3282456500780066,-0.323540344827467
ENSMUSG00000021775.12,-0.515950764713553,-0.510959455144571
ENSMUSG00000021779.20,-0.1075124754720074,-0.102890489984644
ENSMUSG00000017491.10,0.720236854443949,0.726248923608242
ENSMUSG00000017485.12,-0.1119106297927811,-0.107500427661498
ENSMUSG00000021785.9,-0.0833002424200854,-0.0786048453475806
ENSMUSG00000114253.3,-0.0481688309416491,-0.0375443590741065
ENSMUSG00000021786.14,-0.0385986925694213,-0.0341704013376142
ENSMUSG00000114907.2,-0.5068612312349805,-0.485156797658858
ENSMUSG00000021733.12,-0.4095459946499518,-0.404750128009228
ENSMUSG00000068758.9,2.130563217361068,2.108957902329
ENSMUSG00000021737.5,-0.1310301719523895,-0.126219165006789
ENSMUSG00000021738.6,-0.3660764572695484,-0.36011030669108
ENSMUSG00000053453.10,-0.1490329991077593,-0.145342653550269
ENSMUSG00000079357.10,-0.1140762410009643,-0.111632862487057
ENSMUSG00000033111.17,0.2848790086700611,0.288305012964632
ENSMUSG00000121513.1,-0.3045987065729158,-0.299799587556176
ENSMUSG00000114246.2,0.289938584231627,0.317964888156425
ENSMUSG00000097148.3,2.277853239242593,2.27489280672711
ENSMUSG00000060579.14,-1.2652976010288457,-1.25731396167753
ENSMUSG00000045799.7,-0.1371736570438959,-0.137305878965554
ENSMUSG00000021747.13,-1.449002027464083,-1.42758372854909
ENSMUSG00000021751.14,0.5608078338693815,0.565691208552024
ENSMUSG00000021752.15,0.1885903594106333,0.193242610747042
ENSMUSG00000021748.10,-0.0407390767621163,-0.0357391392861649
ENSMUSG00000033885.16,0.7228810275729736,0.726670967014212
ENSMUSG00000023156.5,-0.061341140583514,-0.0565842563709489
ENSMUSG00000025277.15,-0.8551220893457585,-0.84989861681061
ENSMUSG00000025279.8,0.1729697699064348,0.17633193823545
ENSMUSG00000025278.10,0.3500269516738458,0.355369832036005
ENSMUSG00000120206.1,0.3138604173317567,0.295971940297789
ENSMUSG00000021806.5,-0.2988593467103704,-0.299060150277297
ENSMUSG00000021807.7,-0.0833986589495118,-0.0788817409386161
ENSMUSG00000114436.2,0.5696205425118982,0.549815026044854
ENSMUSG00000043004.14,0.1908980519014299,0.18593041094605
ENSMUSG00000045107.6,-0.1186809229704005,-0.103516585525157
ENSMUSG00000023243.10,-0.1543487795457894,-0.144594817282761
ENSMUSG00000021809.11,0.2579814056138682,0.261998381287692
ENSMUSG00000021810.4,0.0809110372264757,0.0858344010538753
ENSMUSG00000039599.17,-0.3727719327587371,-0.368264602970392
ENSMUSG00000114937.2,-0.4849389762704101,-0.490978774509229
ENSMUSG00000021811.8,0.2471343040619611,0.252833412259664
ENSMUSG00000049960.5,-0.2855636606198002,-0.281391021897103
ENSMUSG00000021814.18,0.1551422828437095,0.159791075920325
ENSMUSG00000021815.5,-0.9086025816565868,-0.865075705496909
ENSMUSG00000021816.12,-0.4337458849657766,-0.427643749605726
ENSMUSG00000084925.9,-0.0486727611689739,-0.0664512455925515
ENSMUSG00000034235.18,0.1939559691255076,0.203363704745298
ENSMUSG00000099966.3,-0.2221523109666454,-0.21840199050111
ENSMUSG00000039367.12,0.2386180187487211,0.24289617778864
ENSMUSG00000097577.4,0.112089940675153,0.119308575355712
ENSMUSG00000039357.3,-0.1021819318771813,-0.0951815216511955
ENSMUSG00000063787.5,-0.3485536809566332,-0.343636663162062
ENSMUSG00000021819.12,0.1539738210498395,0.158017443143332
ENSMUSG00000039308.7,0.0654642556794498,0.0699632140028547
ENSMUSG00000021820.19,0.1897872315479053,0.19370594475967
ENSMUSG00000021822.4,1.8751906336227804,1.85092285432913
ENSMUSG00000021823.11,0.2146803514892767,0.218763166028857
ENSMUSG00000021824.14,-0.2364269618817442,-0.231136367681627
ENSMUSG00000039197.11,-0.7875760687332845,-0.782814367842599
ENSMUSG00000021767.21,0.1484844769856375,0.150863773036981
ENSMUSG00000021770.12,-0.8118743939018036,-0.807149883223116
ENSMUSG00000021771.15,-0.1349616684015109,-0.130316897411015
ENSMUSG00000021773.12,-0.3591212174229551,-0.353973778256895
ENSMUSG00000090564.10,-1.3178888334207657,-1.30257135466898
ENSMUSG00000039081.11,-0.0897167514753463,-0.102349921701056
ENSMUSG00000021782.15,1.1380132528743272,1.14310245427385
ENSMUSG00000114575.2,-1.6621855166137427,-1.63276997587757
ENSMUSG00000025280.9,-0.0141087681769679,-0.0083203016293424
ENSMUSG00000025290.18,-0.0912324249497768,-0.0864657850632089
ENSMUSG00000007817.16,0.4093071885483347,0.415538822229615
ENSMUSG00000021868.8,-0.1298203034085335,-0.124828917236501
ENSMUSG00000114922.2,-0.2957934087731112,-0.287710879063439
ENSMUSG00000055538.8,-0.3762775049236262,-0.371492786879975
ENSMUSG00000021866.16,-0.196247196287485,-0.191470864973397
ENSMUSG00000098609.2,0.0290249841670063,0.0228617117572073
ENSMUSG00000095304.10,0.0936004644432782,0.125077882443026
ENSMUSG00000072676.13,-0.0042103008185954,0.0003296921877512
ENSMUSG00000095975.4,0.6595546322021912,0.658073651845305
ENSMUSG00000021870.18,0.1206847650472731,0.125167617321449
ENSMUSG00000040818.11,-0.1388623728190609,-0.134029681782753
ENSMUSG00000090861.2,-0.1752330221547351,-0.165276994137129
ENSMUSG00000021877.13,0.1858612401444591,0.190814229266518
ENSMUSG00000043702.10,0.1217926244336981,0.126011857286098
ENSMUSG00000040760.12,0.308247129414651,0.31326264614934
ENSMUSG00000021895.11,0.5707500613949751,0.575824892849535
ENSMUSG00000040651.10,0.2766067559945981,0.281236439650558
ENSMUSG00000046753.11,0.4356360095724779,0.440032223320829
ENSMUSG00000040640.12,0.2885050556443299,0.291777736342911
ENSMUSG00000021994.16,0.2891939888942528,0.281525015712165
ENSMUSG00000114818.3,1.6680599661873066,1.66726854517504
ENSMUSG00000045776.4,1.1831646885629656,1.18854223558788
ENSMUSG00000042682.11,0.0840480649144824,0.0890024471591868
ENSMUSG00000015971.6,-0.1712111479334068,-0.166631671026742
ENSMUSG00000015966.18,0.6153090782422399,0.622529180945654
ENSMUSG00000015970.20,-0.3163925436894774,-0.311609256728883
ENSMUSG00000015968.19,-0.5250121214687771,-0.52037187788581
ENSMUSG00000021962.10,0.4004208714414602,0.403504949973113
ENSMUSG00000021957.8,-0.3170924671612476,-0.312623046042626
ENSMUSG00000021948.18,0.5172989915869675,0.526508421728248
ENSMUSG00000052395.18,-0.0022122626418617,0.0019829287610187
ENSMUSG00000006527.17,-0.0858372952126275,-0.0815821438722626
ENSMUSG00000115723.2,-0.0130188664718988,0.0177058176470785
ENSMUSG00000006526.14,0.1506521543253639,0.154003390901518
ENSMUSG00000042485.8,0.3050595106901597,0.284149902618308
ENSMUSG00000021922.18,-0.1189624297350305,-0.114436745871392
ENSMUSG00000006522.18,0.0954908024914335,0.100019149061617
ENSMUSG00000006529.17,-0.0262161691021725,-0.0215124304902736
ENSMUSG00000021918.11,0.7514026813806955,0.755635501789439
ENSMUSG00000021917.17,-0.3170505416913142,-0.312482574657285
ENSMUSG00000021916.17,0.1721423541346846,0.177954562455662
ENSMUSG00000042354.8,-0.6118885462358327,-0.606996008115768
ENSMUSG00000042323.18,-0.4247045740241817,-0.420112219015862
ENSMUSG00000058351.12,-1.4644982402247106,-1.4443229018139
ENSMUSG00000071547.5,-1.4627207535007942,-1.44512192569784
ENSMUSG00000042286.14,-0.3050028927629247,-0.300519391771886
ENSMUSG00000021910.16,-0.0185874348794006,-0.0139467929774804
ENSMUSG00000091898.9,-1.4826876546726404,-1.45536471464267
ENSMUSG00000021902.8,-0.7355321671071595,-0.730268465916035
ENSMUSG00000021901.11,0.1057100794224834,0.11008100193841
ENSMUSG00000019027.9,5.681053342331521,5.51787938684166
ENSMUSG00000021893.15,-0.4719213828397536,-0.46782129866531
ENSMUSG00000021892.15,0.369474982550438,0.374231569368161
ENSMUSG00000021891.9,0.1221149183530764,0.126610876088571
ENSMUSG00000021890.7,-0.270795418855387,-0.265794520628428
ENSMUSG00000021884.19,-1.1326277689995798,-1.12923128738547
ENSMUSG00000021900.11,0.1055755103098095,0.110158545502344
ENSMUSG00000014496.9,-0.5068242361078127,-0.501815457094211
ENSMUSG00000021903.12,-1.005603104633234,-0.982672524027633
ENSMUSG00000021905.15,-0.4841029778002497,-0.479120950926111
ENSMUSG00000021906.15,0.018497375475211,0.0230186637373299
ENSMUSG00000056234.16,0.1026432213105252,0.108390240148947
ENSMUSG00000013701.14,0.0066481069399873,0.0109140727775427
ENSMUSG00000021911.17,0.2519519833959034,0.257523234839213
ENSMUSG00000054051.8,-0.1480212377985328,-0.143263479244151
ENSMUSG00000050666.15,0.4539469330881248,0.458008117937964
ENSMUSG00000051506.18,0.2836537358711215,0.282005098134802
ENSMUSG00000021936.15,-0.276968509798018,-0.272157228448823
ENSMUSG00000021943.8,1.43611724804576,1.45392504578402
ENSMUSG00000072625.2,0.2837601578249079,0.290006552029398
ENSMUSG00000078126.5,-0.4894173458143278,-0.495896028607067
ENSMUSG00000115124.2,0.7119658131120544,0.720841051827546
ENSMUSG00000041471.10,1.2796363120736465,1.286140907231
ENSMUSG00000021794.17,-0.3124125411291463,-0.30761244462708
ENSMUSG00000115431.2,-0.5748853445343645,-0.563392381325303
ENSMUSG00000043681.6,0.1252056099681545,0.130197479267288
ENSMUSG00000041445.10,0.4266458199149224,0.439055813875122
ENSMUSG00000021796.16,0.2957050321583032,0.300300845900389
ENSMUSG00000115007.3,-0.1716997837958825,-0.177849720546805
ENSMUSG00000041408.19,0.0433976875858145,0.0478998420861063
ENSMUSG00000097310.3,1.5131357477713556,1.5110905266446
ENSMUSG00000058690.15,0.0733388787322624,0.077922693782881
ENSMUSG00000120145.1,-0.5157363368204133,-0.50701549067802
ENSMUSG00000021804.7,-1.1891974281952915,-1.168221924341
ENSMUSG00000041044.10,-0.9065515433708718,-0.904138535264529
ENSMUSG00000043418.5,-1.6207655087463404,-1.62770121960738
ENSMUSG00000041028.17,0.3245813693585342,0.329229025590825
ENSMUSG00002074948.1,-0.1153252028195518,-0.108247183847336
ENSMUSG00000037824.7,0.0799309526423231,0.0830474074054546
ENSMUSG00000021792.16,-0.0136312620920021,-0.0091048679340984
ENSMUSG00000037798.8,-0.88191928092624,-0.877229372713128
ENSMUSG00000021789.15,-2.576206959212144,-2.53365547307123
ENSMUSG00000037780.4,-0.3605809001352567,-0.355909068242094
ENSMUSG00000021795.11,0.81373820899419,0.80764492406207
ENSMUSG00000089901.2,0.5929184232501785,0.606200738068874
ENSMUSG00000072596.5,0.3206790229942033,0.262547449810664
ENSMUSG00000072594.4,-0.9557148298990882,-0.9175650970486
ENSMUSG00000037759.7,-0.494399778798809,-0.485032225497834
ENSMUSG00000021830.15,0.0566953151106986,0.0584555310174523
ENSMUSG00000021831.10,-0.0929270524568044,-0.0873170573082894
ENSMUSG00000021832.9,0.394015240836172,0.398641910681473
ENSMUSG00000053205.10,-0.3422415506875151,-0.337444032030081
ENSMUSG00000037722.9,-0.280103533549871,-0.275449463169441
ENSMUSG00000037712.18,0.3710974040966394,0.37574476386558
ENSMUSG00002074854.1,-0.9108997653506584,-0.895849436577637
ENSMUSG00000085913.3,-0.243694307827968,-0.237277746196349
ENSMUSG00000037697.20,0.069683029342396,0.0767505495348846
ENSMUSG00000021835.16,-0.2548546927646957,-0.235571541385159
ENSMUSG00000015759.12,-0.4543488277063639,-0.449217199422358
ENSMUSG00000115003.2,-0.5226871040340536,-0.523370076319281
ENSMUSG00000062014.15,-0.1461312918185615,-0.141559377895911
ENSMUSG00000055128.16,-0.3271754136440749,-0.322313985624595
ENSMUSG00000115100.2,-0.679840622494123,-0.673731654185529
ENSMUSG00000021838.18,0.1518450434881563,0.159261481020102
ENSMUSG00000037580.11,-0.5530799579069838,-0.548426871080932
ENSMUSG00000037572.18,0.019971731856784,0.0338058749761056
ENSMUSG00000048379.10,-0.0687362648773086,-0.0638341028050099
ENSMUSG00000114977.2,0.8068177889019998,0.823171946827155
ENSMUSG00000021840.18,0.281930057968087,0.286218801487947
ENSMUSG00000115728.2,0.2118082598998774,0.214868214169549
ENSMUSG00000050335.18,2.099768618801709,2.09375667810238
ENSMUSG00000037536.15,0.2779754648536248,0.283525463332912
ENSMUSG00000037526.8,0.1380890713535211,0.143232154168716
ENSMUSG00000115823.2,-0.1822263830978099,-0.16664469323806
ENSMUSG00000021843.18,0.1097445719117653,0.113591085021287
ENSMUSG00000062081.7,-1.339875146224237,-1.30475811972588
ENSMUSG00000021846.11,-0.4958825545107918,-0.490398655884008
ENSMUSG00000036339.19,-0.1955351298214481,-0.193227490154808
ENSMUSG00000061244.15,0.0704908653160178,0.0752715965626318
ENSMUSG00000115624.2,-0.1004215351458471,-0.0500270325473104
ENSMUSG00000036291.7,0.0537455714293425,0.0584505507050531
ENSMUSG00000036282.16,-0.0004600601870787,0.003977688593287
ENSMUSG00000006288.9,0.506904350967624,0.511777400075618
ENSMUSG00000036023.7,0.2596503765894061,0.261971606764175
ENSMUSG00000006281.9,0.5858921212866837,0.591040922475484
ENSMUSG00000097431.4,0.1195445447944048,0.113265318327399
ENSMUSG00000090799.3,-1.372784958853302,-1.36599654038241
ENSMUSG00000006289.15,-0.306614130932672,-0.302051303097584
ENSMUSG00000035960.15,-0.2426881935327189,-0.237988901080551
ENSMUSG00000035953.15,-0.3852505136477142,-0.380607194876752
ENSMUSG00000115338.4,0.7328141601774583,0.737151962556466
ENSMUSG00000103730.2,0.7720408466674877,0.776602807210671
ENSMUSG00000021876.16,-0.7448348436930926,-0.740094246043471
ENSMUSG00000072115.12,-0.4827408131513683,-0.4782877910048
ENSMUSG00000021880.8,2.9126992833920142,2.78707487293459
ENSMUSG00000004561.15,-0.2037522357192459,-0.19783794564478
ENSMUSG00000072572.10,0.1554715275486745,0.147889438418541
ENSMUSG00000004558.16,-0.5407086762795816,-0.53603004995257
ENSMUSG00000004562.17,-0.2494454627786135,-0.244583472156037
ENSMUSG00000097633.3,0.0460186578593933,0.0553672511624557
ENSMUSG00000049295.18,-0.2665364765283047,-0.258280999706178
ENSMUSG00000072571.4,-0.2198174351698885,-0.258115040518272
ENSMUSG00000060373.17,0.2627836276024173,0.267513615176706
ENSMUSG00000057132.17,0.2483456765658954,0.249563140588919
ENSMUSG00000035726.9,0.3211601875831499,0.32536855568495
ENSMUSG00000097533.3,0.5102480653217761,0.521081135383707
ENSMUSG00000053754.15,0.1160670146599542,0.120450575794321
ENSMUSG00000105868.2,-0.1924989891499789,-0.189325341193657
ENSMUSG00000022159.17,-0.3395386080136998,-0.33725411707555
ENSMUSG00000016831.13,0.1160945536730409,0.120844089502619
ENSMUSG00000022160.19,0.151408875772313,0.154620476393744
ENSMUSG00000022174.9,-0.5232894383161182,-0.518170541126451
ENSMUSG00000040997.15,0.5778244040755368,0.582229386873213
ENSMUSG00000000959.8,-0.0338475276830649,-0.0298315505461062
ENSMUSG00000000958.11,0.2025394954192155,0.202525442005411
ENSMUSG00000010406.13,-0.3659554134529606,-0.361778175409064
ENSMUSG00000000957.12,0.6451898789188535,0.65002672496778
ENSMUSG00000115767.2,0.3999862903758521,0.39940151543162
ENSMUSG00000022175.10,0.552253187269664,0.556610503605285
ENSMUSG00000023110.13,0.3324867521094266,0.342134169930259
ENSMUSG00000022177.10,-1.3982173142478214,-1.39511443748815
ENSMUSG00000022178.12,1.0593970929027576,1.0605659369492
ENSMUSG00000022179.6,0.1885039183902483,0.190071739373419
ENSMUSG00000022193.8,0.1712662710927231,0.174875749599679
ENSMUSG00000022185.20,0.3614668701363464,0.366052235191158
ENSMUSG00000040840.8,0.3761667097315793,0.375148710311322
ENSMUSG00000040822.8,0.0564833743125251,0.0607319068612979
ENSMUSG00000022180.8,0.4098711251034477,0.421725796874719
ENSMUSG00000057156.11,0.1399276576014477,0.143990286439096
ENSMUSG00000072494.8,-1.7867524905376164,-1.7511362219418
ENSMUSG00000089682.11,0.0072295306589177,0.0117910885854273
ENSMUSG00000022194.16,-0.5215408792472777,-0.516057714998923
ENSMUSG00000022199.13,-1.4744896290373857,-1.45731267203308
ENSMUSG00000022204.10,0.143284699681343,0.148024115399635
ENSMUSG00000040721.10,0.5628426289119646,0.566727869507445
ENSMUSG00000045691.15,-0.0086516047731977,-0.0041021985393631
ENSMUSG00000040701.18,0.4014513773887109,0.402404561433649
ENSMUSG00000022210.8,-0.895670906450522,-0.89110771631039
ENSMUSG00000040618.8,-0.0935900777080033,-0.0762033408856875
ENSMUSG00000053588.5,-0.6516498036692835,-0.654539087640994
ENSMUSG00000022214.16,-0.1376928160130211,-0.133056805987374
ENSMUSG00000086341.3,-0.1661795259867696,-0.161797562075882
ENSMUSG00000022215.7,0.0662726972950788,0.0788952661213345
ENSMUSG00000022216.18,1.6272960272261316,1.63199104267313
ENSMUSG00000022217.15,0.7732817120056925,0.776332511507549
ENSMUSG00000079197.11,1.0887285296365177,1.09324464995086
ENSMUSG00000047098.19,0.7396193694343342,0.742266719472837
ENSMUSG00000002325.16,1.5078025687316503,1.51246671535466
ENSMUSG00000002324.9,1.6475486648519482,1.59546457904256
ENSMUSG00000002319.17,0.0003798182415698,0.0048719424229898
ENSMUSG00000002320.16,0.0213536725525929,0.0266235878015621
ENSMUSG00000115222.2,-0.0652423668943831,-0.0593648931128554
ENSMUSG00000002329.8,0.3622610891670982,0.367186193244116
ENSMUSG00000010376.17,-0.0507952759980899,-0.0464762652479653
ENSMUSG00000002326.7,0.1016030968243575,0.10546852376162
ENSMUSG00000007589.10,0.0497096242769997,0.0542058772488039
ENSMUSG00000115154.2,-0.3147289289277259,-0.304283760882697
ENSMUSG00000022218.17,-0.2298934038037054,-0.241620006720709
ENSMUSG00000040472.16,-0.4173374995068975,-0.412310735997459
ENSMUSG00000002332.17,-0.5085968432778616,-0.503554655538528
ENSMUSG00000019297.10,0.0009796920398384,0.005788901647385
ENSMUSG00000022219.11,-0.0156401475218673,-0.0112691664592351
ENSMUSG00000120426.1,-0.0255321248263901,-0.0207157714075208
ENSMUSG00000022220.15,-0.7475953528667423,-0.748689140540864
ENSMUSG00000022221.15,0.7188985098198382,0.713387867222969
ENSMUSG00000075592.12,0.1145157227275714,0.100118976616394
ENSMUSG00000040380.16,0.4864612630459962,0.483018789162484
ENSMUSG00000047153.5,0.1049311872352689,0.108664467844342
ENSMUSG00000022223.10,0.4947583018496645,0.499166836171682
ENSMUSG00000058581.8,0.1388804249170615,0.138207928086852
ENSMUSG00000015437.6,4.002931493894346,3.92912324024533
ENSMUSG00000064128.9,1.0117811838044042,1.00026807873867
ENSMUSG00000054509.8,0.4531877965227614,0.458719440061145
ENSMUSG00000090038.9,0.7677961625107871,0.77800954775027
ENSMUSG00000079184.11,0.1915641336514505,0.196479460496126
ENSMUSG00000097743.2,-0.0075841622988006,-0.0065021366080341
ENSMUSG00000021938.13,0.6489451480777656,0.654146686232466
ENSMUSG00000040123.18,-0.2971549461074377,-0.292760521921819
ENSMUSG00000100017.3,0.0236571846280834,-0.0019922195736863
ENSMUSG00000021945.10,-0.225187495576752,-0.220205774075758
ENSMUSG00000046352.8,-0.567338739769844,-0.562497082097481
ENSMUSG00000021947.12,-0.4556956995544227,-0.45722531628256
ENSMUSG00000040040.17,0.3812232944929445,0.383616420895524
ENSMUSG00000086486.2,-0.0712358958394091,-0.0692588175705453
ENSMUSG00000021951.8,0.496554615918813,0.49344532376511
ENSMUSG00000021952.18,-0.1598235754208996,-0.153718408152851
ENSMUSG00000021959.17,0.04331219940825,0.048341168161023
ENSMUSG00000021963.18,-0.0488407709866004,-0.0437473336461241
ENSMUSG00000021967.5,-0.4818994011951858,-0.475783161764494
ENSMUSG00000021969.9,-0.3515360986460795,-0.348982796755767
ENSMUSG00000021973.10,0.8743785612669802,0.878919425464781
ENSMUSG00000035469.18,-0.1911557301283847,-0.186599184051039
ENSMUSG00000044703.6,4.462220841834713,4.34213786473198
ENSMUSG00000091649.4,3.868095696236719,3.85076654989239
ENSMUSG00000068245.15,4.496762496714332,4.49535780833137
ENSMUSG00000091144.3,0.3901561096608023,0.393465407003399
ENSMUSG00000071350.13,0.5199684224541906,0.522742578553046
ENSMUSG00000021981.11,-0.3892672604375262,-0.384009343102305
ENSMUSG00000021982.15,-0.6141228645754999,-0.608715659583111
ENSMUSG00000114797.2,0.0875097798161249,0.0918413726380956
ENSMUSG00000114584.2,-1.5705618416455067,-1.54710830221906
ENSMUSG00000021987.10,-0.2071690261224614,-0.202211333032466
ENSMUSG00000021990.17,0.3347739523657921,0.338541105568342
ENSMUSG00000021993.11,0.1181422118893542,0.122090811771908
ENSMUSG00000060548.14,-0.3822523572773527,-0.380321911238158
ENSMUSG00000048279.20,0.2165946609763889,0.23566236723547
ENSMUSG00000021928.10,-0.2560996396372815,-0.25186903504322
ENSMUSG00000021929.10,0.0251567519994283,0.029632903967654
ENSMUSG00000021930.15,0.1919426992589827,0.196618144181268
ENSMUSG00000035235.14,0.8985075665671537,0.894493316552073
ENSMUSG00000097589.11,0.0216743416069163,0.027252494080967
ENSMUSG00000098183.2,-0.6204213206618203,-0.621359186523607
ENSMUSG00002075574.1,-0.1302676843881589,-0.120253407667939
ENSMUSG00000098088.2,0.2784439544423672,0.275474357529022
ENSMUSG00002075420.1,-0.1178125465143714,-0.11250514348764
ENSMUSG00000021932.14,-0.4152377218965483,-0.415342968877352
ENSMUSG00000035184.16,-0.2228645650041034,-0.21751072857815
ENSMUSG00000091155.2,0.5732880189404231,0.569439248237815
ENSMUSG00000035161.8,0.0233286252724609,0.0291255098474702
ENSMUSG00000014547.11,-0.1439139628859599,-0.13941873906207
ENSMUSG00000021939.9,0.3115275200703906,0.316054991831067
ENSMUSG00000021273.12,0.2936638101602069,0.298685790690798
ENSMUSG00000035121.7,0.3923325332857035,0.398927085411864
ENSMUSG00000021944.16,0.4243521019000713,0.422060407555832
ENSMUSG00000035078.7,0.2631550371412751,0.268111621073627
ENSMUSG00000021958.6,0.2968679419460986,0.297367546499002
ENSMUSG00000063060.7,-0.2514411635570125,-0.261288616187767
ENSMUSG00000054733.10,-0.7001017692714447,-0.694764150209193
ENSMUSG00000060012.10,0.6275587076300836,0.631304077416753
ENSMUSG00000021972.15,-0.2421225325645091,-0.237218339014363
ENSMUSG00000021975.10,0.3046598254518585,0.310452401523658
ENSMUSG00000021978.10,0.1859474438054213,0.189832717081457
ENSMUSG00000034522.11,-0.4475078720856372,-0.439511311156286
ENSMUSG00000022031.7,0.204934922118758,0.208920073108335
ENSMUSG00000061356.14,-0.0590429162431554,-0.040550601183305
ENSMUSG00000022032.15,0.7679762903236299,0.776282005117831
ENSMUSG00000022034.11,1.021431191667441,1.00194012362244
ENSMUSG00000022035.7,0.2013145085158868,0.205663504363754
ENSMUSG00000034463.5,0.4086409683614162,0.356905913266301
ENSMUSG00000022037.16,0.169377800275764,0.174061759177175
ENSMUSG00000034450.9,-0.4877464042697244,-0.483009555784059
ENSMUSG00000022040.9,-0.6801605422521715,-0.675356630662081
ENSMUSG00000022041.11,-0.9875944345407188,-0.989082086618823
ENSMUSG00000059456.14,0.6237876930699704,0.628547202938145
ENSMUSG00000022043.20,0.1362537672285521,0.12346553669608
ENSMUSG00000045875.14,-0.9285543599189102,-0.922708588295497
ENSMUSG00000022048.9,0.2027469386061765,0.213864639882716
ENSMUSG00000022051.16,-0.4542923066404205,-0.449606916992375
ENSMUSG00000022052.10,0.1523988912433254,0.156461161554039
ENSMUSG00000034327.19,0.3682542398488872,0.374497236347556
ENSMUSG00000015812.9,-1.7090814288217775,-1.68128360938607
ENSMUSG00000044447.6,0.0553228815007668,0.0604234991004164
ENSMUSG00000022057.9,-0.6637226861641555,-0.661083665542959
ENSMUSG00000092499.2,0.1384455196125056,0.120280804196354
ENSMUSG00000034248.8,-0.5853856785521614,-0.580748667840496
ENSMUSG00000034205.17,0.5873653863809628,0.59896728606106
ENSMUSG00000034194.19,0.7431742841437045,0.74709582461132
ENSMUSG00000034190.10,0.1166040872993834,0.12124816709199
ENSMUSG00000022074.7,3.441423030934692,3.3883327657088
ENSMUSG00000022075.8,-0.3633003474818742,-0.358845703355559
ENSMUSG00000022089.10,0.2485174470306834,0.253172913174096
ENSMUSG00000033712.7,0.7326752248898483,0.737261848644032
ENSMUSG00000022091.7,-0.3288361882535706,-0.322455798244973
ENSMUSG00000115186.2,0.0285277460759773,0.0396517056374799
ENSMUSG00000022092.12,0.6717154181289173,0.673516135207846
ENSMUSG00000115025.2,-0.3143393790810415,-0.300695255246154
ENSMUSG00000022094.16,-0.1465581966525554,-0.141698494707868
ENSMUSG00000000776.14,0.3485637881803232,0.354482986891124
ENSMUSG00000022098.11,0.0211331101328267,0.0260054758546513
ENSMUSG00000033589.5,0.3464101217097463,0.352055969515398
ENSMUSG00000045211.6,0.6007960270647404,0.604044117499919
ENSMUSG00000022095.10,0.1109622390792382,0.116294886702414
ENSMUSG00000022100.15,0.049795387422412,0.0541639822722075
ENSMUSG00000022102.14,0.4979640096548897,0.474161991786298
ENSMUSG00000022103.11,-1.4041963565626656,-1.40995293190978
ENSMUSG00000033487.15,0.1457129616060948,0.150809924842654
ENSMUSG00000090216.2,0.5367456812569719,0.553561610744265
ENSMUSG00000022106.15,0.2923050645877849,0.296582871949045
ENSMUSG00000090706.2,0.1972732733968014,0.201241844460792
ENSMUSG00000022105.7,0.2230078295219389,0.227214848683637
ENSMUSG00000033446.8,0.1396314122014417,0.144160643133923
ENSMUSG00000022108.9,0.4727816998886068,0.477441619879378
ENSMUSG00000022109.7,0.0899492282812669,0.0941393837511185
ENSMUSG00000033405.5,-0.1621602896887177,-0.172176664636277
ENSMUSG00000022110.14,-0.3861318866814093,-0.381510889256347
ENSMUSG00000021996.17,0.0263339006662631,0.0309497819427403
ENSMUSG00000068015.9,0.2597421902085917,0.260388905826544
ENSMUSG00000021998.17,-0.0588591885876206,-0.0541501776023793
ENSMUSG00000090054.2,-0.1894051345808257,-0.187328785683996
ENSMUSG00000021999.10,0.2907962074086,0.29549421816372
ENSMUSG00000022000.12,0.0736913385299866,0.0770603298182952
ENSMUSG00000034893.10,-0.1160989978137769,-0.111588520770019
ENSMUSG00000022003.8,-0.8814008428462075,-0.893635546030786
ENSMUSG00000085829.3,0.3459144957545679,0.351120755417408
ENSMUSG00000060126.15,-0.3070275891818621,-0.302313125128484
ENSMUSG00000065147.3,-0.6846998080595335,-0.68735300848651
ENSMUSG00000067995.5,0.330675486808041,0.336807841241824
ENSMUSG00000022008.5,0.1502107823557903,0.154187409153141
ENSMUSG00000022009.2,0.198240296455955,0.201401556956721
ENSMUSG00000022010.20,0.0476855657693333,0.0554011541949036
ENSMUSG00000044350.15,1.3929290262555472,1.38315942133812
ENSMUSG00000034795.15,1.0780881587153206,1.07940750058655
ENSMUSG00000120850.1,0.816110259447688,0.815275986976078
ENSMUSG00000022013.5,-0.0627831351785418,-0.0592971994867946
ENSMUSG00000022014.17,1.3066477629818538,1.27907699270976
ENSMUSG00000022016.18,-0.4077283337726697,-0.40324208002506
ENSMUSG00000034731.12,0.2746163100388486,0.273411347626814
ENSMUSG00000058997.9,-0.8757792982438097,-0.870716395757467
ENSMUSG00000115090.2,-0.7772719355325539,-0.759380650539912
ENSMUSG00000022020.16,-0.218119276771494,-0.214125366174863
ENSMUSG00000022022.4,0.1234314085023888,0.123997657131904
ENSMUSG00000043881.10,-0.0477431360139867,-0.0431195325847594
ENSMUSG00000022023.7,0.0667912454593162,0.0714430233880212
ENSMUSG00000036461.17,0.7609684671212961,0.765618988031441
ENSMUSG00000022024.11,-0.1780259274781704,-0.173380050046566
ENSMUSG00000022025.14,-1.6934284010924945,-1.69556619164714
ENSMUSG00000022019.17,-0.1402270213168049,-0.135031123913223
ENSMUSG00000062611.5,-0.6014802005981882,-0.597601357770201
ENSMUSG00000115505.2,0.0373140036868787,0.0468902753746774
ENSMUSG00000033186.10,-0.3414518038573779,-0.337013964061265
ENSMUSG00000022070.8,-0.5104535804540056,-0.501730423762998
ENSMUSG00000033166.12,-0.1510599842501854,-0.146397933954254
ENSMUSG00000022064.11,0.4584193625411187,0.448984899523956
ENSMUSG00000072294.6,-0.404391690561217,-0.404773428947352
ENSMUSG00000110273.2,1.4995090913800095,1.49716190305728
ENSMUSG00000033083.17,-0.6552707613803598,-0.659833825370552
ENSMUSG00000075486.11,-0.144879501277213,-0.140936896287651
ENSMUSG00000022111.10,-0.2220199881204747,-0.218593724660597
ENSMUSG00000033060.17,-0.0471623354452345,-0.0446063029573754
ENSMUSG00000098557.2,-1.0801237917480422,-1.07382943556397
ENSMUSG00000022125.8,-0.0916010817155495,-0.0866254334957772
ENSMUSG00000022124.16,0.0919156952961465,0.0964975016035461
ENSMUSG00000033004.17,-0.0847352351590711,-0.0797985949331595
ENSMUSG00000022122.16,-0.087109881255551,-0.0701473477127086
ENSMUSG00000022120.5,0.4502775974553332,0.481676611975229
ENSMUSG00000022119.16,0.4770350568183266,0.482605108314053
ENSMUSG00000091509.8,0.3434885583018831,0.348861150058932
ENSMUSG00000053253.17,-0.0170879700589256,-0.011911503081113
ENSMUSG00000060143.9,-0.4686681856464645,-0.464344038336548
ENSMUSG00000022114.6,0.011824052254357,0.0035287575904339
ENSMUSG00000058126.8,1.0495834099441588,1.05393144724826
ENSMUSG00000089726.3,0.5156037612755262,0.516041125695408
ENSMUSG00000022129.5,-1.2874117813972692,-1.29478865816634
ENSMUSG00000022130.11,-0.2506361735645661,-0.245288668934484
ENSMUSG00000022131.4,-0.3053557127436062,-0.30173839594957
ENSMUSG00000032849.15,0.5322357893936335,0.551169131055594
ENSMUSG00000042156.17,-0.138539932665782,-0.159609174709347
ENSMUSG00000022136.9,-0.2535832864227275,-0.24862615859061
ENSMUSG00000115220.2,-0.3370078989361131,-0.336622687150923
ENSMUSG00000042104.19,-0.2302242905436018,-0.218661672126448
ENSMUSG00000022139.18,0.1251430192394949,0.13000987651019
ENSMUSG00000097903.3,0.2773699030377441,0.287983752931076
ENSMUSG00000051615.15,-1.61975930944708,-1.61402848087869
ENSMUSG00000030662.11,-0.2119778815418235,-0.207196758346015
ENSMUSG00000025555.15,0.3146099231271352,0.319210958369794
ENSMUSG00000085133.3,0.3983601229048361,0.398860096158988
ENSMUSG00000063410.9,0.0777620778122991,0.0822437413074132
ENSMUSG00000025558.20,-0.1834017209373125,-0.178263264447339
ENSMUSG00000041765.7,-0.1700806004071354,-0.165725788669898
ENSMUSG00000085615.4,-0.7138861728592862,-0.724805635808507
ENSMUSG00000120004.1,-0.2114500794765962,-0.197330071012538
ENSMUSG00000025544.14,-0.1694945074405325,-0.16509220129819
ENSMUSG00000025545.11,-0.5134075674691994,-0.508372397673597
ENSMUSG00000041650.16,-0.5662538424542106,-0.56165215134698
ENSMUSG00000041625.16,-0.365035433046091,-0.36047001799718
ENSMUSG00000075463.4,-0.1504292986311857,-0.150346038115046
ENSMUSG00000041594.19,-0.5950838267271918,-0.596151371811881
ENSMUSG00000121214.1,-0.6734848463350601,-0.660298780918033
ENSMUSG00000064373.14,-0.5641482961114336,-0.559362747915086
ENSMUSG00000091119.3,-0.6049610185143708,-0.600154289874816
ENSMUSG00000055737.13,-0.8643301356854021,-0.859675626156856
ENSMUSG00000022184.9,-0.0800987124631111,-0.0758379206880705
ENSMUSG00000041935.11,-0.2482053000019789,-0.243595524827229
ENSMUSG00000022186.15,-0.1185023105068148,-0.112653097435725
ENSMUSG00000022181.17,-0.0931584635566301,-0.0881939077297895
ENSMUSG00000041849.8,0.1325561568419376,0.137195436166047
ENSMUSG00000041841.9,-0.4307409926031021,-0.426929405740021
ENSMUSG00000068706.4,-0.154947167805739,-0.123126424142783
ENSMUSG00000050697.10,0.2952789580604493,0.299711785424256
ENSMUSG00000022151.17,0.3671778660366106,0.371385706030473
ENSMUSG00000022150.17,-0.5127342476980017,-0.507538285929135
ENSMUSG00000022149.19,-1.0100870635175248,-1.00524003969401
ENSMUSG00000022148.17,0.6558412345000056,0.650092860873443
ENSMUSG00000089647.3,0.4651180619101223,0.466299746364985
ENSMUSG00000067547.7,-0.0898599408723427,-0.0852678058950976
ENSMUSG00000050310.10,-0.1744019095165641,-0.169637486650861
ENSMUSG00000022146.13,0.4155509577606427,0.415686477992943
ENSMUSG00000054263.13,-1.078858086545278,-1.07399115136054
ENSMUSG00000039828.8,-0.0645617686240145,-0.060162626318118
ENSMUSG00000022142.9,-0.0687138590933385,-0.0649594059843863
ENSMUSG00000039801.8,2.5610491441167005,2.56705450302384
ENSMUSG00000022141.8,0.0756573513274745,0.0817989946496335
ENSMUSG00000048424.19,-2.110878806791133,-2.04118471984341
ENSMUSG00000022253.18,-0.3685710430501426,-0.364117563657583
ENSMUSG00000054115.13,0.0730180089296241,0.0941723476809324
ENSMUSG00000039704.9,-0.779827016696219,-0.775166730459065
ENSMUSG00000072664.12,-0.6288402480280544,-0.624177882902366
ENSMUSG00000049152.12,-0.6448248769311415,-0.640094062275846
ENSMUSG00000005268.21,-0.7068349758890072,-0.702791956216176
ENSMUSG00000089678.9,0.1317206671923687,0.13633236325005
ENSMUSG00000044224.17,-0.3640662093748673,-0.359011527381465
ENSMUSG00000022247.13,0.2482438045286718,0.252752027051424
ENSMUSG00000022248.15,-0.1464500315068348,-0.144487272951858
ENSMUSG00000022246.15,0.3444651667388741,0.348191491896974
ENSMUSG00000115667.2,-0.284114381024177,-0.264407224154017
ENSMUSG00000096971.4,0.3695999902650324,0.373877602405974
ENSMUSG00000022244.8,-0.1104885769593082,-0.105856520258255
ENSMUSG00000022241.7,0.6460625543321377,0.65099578894346
ENSMUSG00000022206.8,0.0917728600731469,0.113308286793982
ENSMUSG00000022205.16,-0.0502459476149415,-0.0457399784611527
ENSMUSG00000022201.17,-0.0326140452195395,-0.0277803086649355
ENSMUSG00000039458.16,0.1205500168477394,0.127466923295399
ENSMUSG00000097221.2,0.0019374763678114,0.0072728096128023
ENSMUSG00000022200.9,-0.1810905814474343,-0.17692066411932
ENSMUSG00000022197.17,0.3706115203906668,0.356444841352402
ENSMUSG00000022195.8,-0.1045434733792684,-0.0992568765530258
ENSMUSG00000022191.17,0.466673588269109,0.470612061229475
ENSMUSG00000045763.9,1.1569341513651128,1.15594217398143
ENSMUSG00000022272.18,-0.1210647864825188,-0.115930443967979
ENSMUSG00000022270.17,0.1875131260300783,0.193080454801285
ENSMUSG00000052253.7,0.0896476348659505,0.0932201775386958
ENSMUSG00000022265.8,0.1691622390267778,0.17575368269464
ENSMUSG00000046034.9,-0.229311380858096,-0.225318239983857
ENSMUSG00000056069.11,0.2201312169484567,0.211140416138062
ENSMUSG00000022263.11,0.2972417016194535,0.302103823853771
ENSMUSG00000039168.16,0.1084444332467787,0.113165921002642
ENSMUSG00000022237.18,0.127443434018573,0.132077493162249
ENSMUSG00000022236.11,0.1027175202559659,0.107234423177648
ENSMUSG00000039100.11,-0.3150187039359974,-0.310540104684817
ENSMUSG00000022235.16,-0.0702242891368315,-0.0657484093981032
ENSMUSG00000022234.16,-0.0156164403438544,-0.0109557584640141
ENSMUSG00000039065.12,-0.0022646868993892,0.0040094168235768
ENSMUSG00000114995.2,-0.9889938213059472,-0.992192306534172
ENSMUSG00000022261.7,-0.2638201278858788,-0.259059409067126
ENSMUSG00000039007.11,-0.0153605806253052,-0.0106642706493347
ENSMUSG00000115779.2,-0.0652296659783584,-0.0601033585185243
ENSMUSG00000022255.17,0.131957989282927,0.136247158045467
ENSMUSG00000022257.5,-0.0967368525282397,-0.0932828455742251
ENSMUSG00000058600.14,-0.3253830715020329,-0.322269440582809
ENSMUSG00000115685.2,-0.0546390907980734,-0.053290748187195
ENSMUSG00000115300.2,-0.8098102294662606,-0.807818389599056
ENSMUSG00000022323.12,-0.5759550245285144,-0.571462061456201
ENSMUSG00000022325.15,0.2315128185879283,0.229010696524352
ENSMUSG00000022329.16,-0.0587543937458236,-0.0506615851954839
ENSMUSG00000037646.11,-0.8896439754506621,-0.884644400504888
ENSMUSG00000014313.16,-0.693370282528485,-0.688468456544487
ENSMUSG00000045996.13,0.2072436494139012,0.212612142925819
ENSMUSG00000037617.13,-1.417469658792758,-1.39642818195494
ENSMUSG00000022280.10,0.1636146007353678,0.168056344945538
ENSMUSG00000048307.9,0.1400555345459457,0.145440815462979
ENSMUSG00000022283.16,-0.5327533199535988,-0.528038889273944
ENSMUSG00000120390.1,0.3322317654751314,0.336579212994597
ENSMUSG00000022285.18,0.3151490378050094,0.319921750255444
ENSMUSG00000062397.9,0.0045370045526185,0.0089381199997587
ENSMUSG00000051359.16,-0.2837903492624148,-0.282790306709386
ENSMUSG00000101671.2,-0.3764817118802333,-0.383742300864218
ENSMUSG00000022292.17,-0.0046051470233915,-0.009633166109905
ENSMUSG00000037487.8,-0.3731488928309553,-0.368536373390643
ENSMUSG00000037465.11,-0.3143854285223592,-0.298048315205109
ENSMUSG00000037458.16,-0.3671858435235438,-0.362645419359177
ENSMUSG00000115546.2,-0.3628994030036199,-0.349030806793072
ENSMUSG00000022295.9,-0.0681771524439234,-0.0634980449128949
ENSMUSG00000022297.16,-0.0568137387388773,-0.0574552280633606
ENSMUSG00000022299.10,-0.5579359250352768,-0.552131479566407
ENSMUSG00000022300.11,0.056162994522333,0.0610567609961619
ENSMUSG00000022304.14,-1.2247673160204011,-1.21994126166677
ENSMUSG00000022305.14,-0.1771268108824752,-0.177431773745769
ENSMUSG00000022306.10,-0.1148425942177101,-0.0954129361423141
ENSMUSG00000022307.17,0.1233662099548066,0.127588652269997
ENSMUSG00000022309.10,0.1334033695105492,0.109141161386554
ENSMUSG00000022336.4,-0.2009095631394328,-0.196164658013075
ENSMUSG00000022337.8,0.0504059220376424,0.0549248899260864
ENSMUSG00000038736.11,-0.2033855746141587,-0.198496970208614
ENSMUSG00000022338.9,-0.4371844064044669,-0.432147268120089
ENSMUSG00000022339.10,0.0847479239307506,0.0894036860700483
ENSMUSG00000022312.12,-0.1698918740513803,-0.165244246553479
ENSMUSG00000022313.11,0.3079671221587542,0.310902529737809
ENSMUSG00000115284.2,0.0936548911906936,0.103417605172353
ENSMUSG00000022314.11,-0.1339005127633656,-0.129352836285288
ENSMUSG00000068522.5,-0.2971322603880426,-0.277900108434808
ENSMUSG00000038622.9,0.0325843901884891,0.0378118088349371
ENSMUSG00000061731.10,0.0877897016548176,0.092490497772941
ENSMUSG00000063727.4,1.0896372316185186,1.10279191790034
ENSMUSG00000038591.4,-2.311070681035686,-2.30295735456373
ENSMUSG00000024479.4,0.6434435001814128,0.648013891483742
ENSMUSG00000022425.17,-0.9316839484656724,-0.926824013785726
ENSMUSG00000097286.4,-0.6681954255182025,-0.672599779759953
ENSMUSG00000037343.9,-0.0234630901313373,-0.0190547039812927
ENSMUSG00000053749.13,-0.7982206691905224,-0.763129413366848
ENSMUSG00000022419.17,-1.5278938629007563,-1.52330486342394
ENSMUSG00000022371.18,-0.34647287902934,-0.335228752009409
ENSMUSG00000022370.14,0.0074947646631555,0.0121458504299932
ENSMUSG00000022369.14,0.3464283015813204,0.349269931314639
ENSMUSG00000060429.13,0.420491760541531,0.424974041314035
ENSMUSG00000115200.2,1.276007591572264,1.28246421642886
ENSMUSG00000071757.11,-0.3523162992477024,-0.347095726066076
ENSMUSG00000022365.7,0.0942622115817089,0.0985886240444204
ENSMUSG00000022364.15,0.0408262381242842,0.0398075393443641
ENSMUSG00000051225.10,1.6969540774157932,1.66123071667273
ENSMUSG00000101892.2,-0.1031809603974938,-0.0980258956389172
ENSMUSG00000022361.15,-0.0442217758115833,-0.0399016467338355
ENSMUSG00000022360.9,-0.4735848393331693,-0.469476130252093
ENSMUSG00000022359.11,-0.0119003978055015,-0.0077816896016864
ENSMUSG00000022358.8,-0.3731470149533625,-0.368678130274058
ENSMUSG00000037119.5,-0.9957976600289484,-0.990935091955152
ENSMUSG00000062373.9,0.0901912906702517,0.0947426299202394
ENSMUSG00000037085.9,0.6520397766628033,0.656208031579553
ENSMUSG00000037075.8,0.2808370149191556,0.285747981464756
ENSMUSG00000050891.11,0.1734846475291813,0.176546349136143
ENSMUSG00000022354.5,-0.5369632082513185,-0.532540295989636
ENSMUSG00000022353.11,-0.850415282804941,-0.844835965027095
ENSMUSG00000022351.15,0.7265866006930827,0.733802913160587
ENSMUSG00000022350.8,0.0332435487462891,0.0374905170333697
ENSMUSG00000059586.11,-0.2353185543611815,-0.231771666168358
ENSMUSG00000032501.10,0.0294065657975856,0.0340771873201593
ENSMUSG00000072568.5,0.0705171339197704,0.0727339641636042
ENSMUSG00000097493.4,0.5706114060430864,0.571001711828746
ENSMUSG00000022347.9,6.225706167879925,5.92579555956007
ENSMUSG00000115231.2,3.615775636605884,3.50987266943761
ENSMUSG00000022346.18,-0.0505191930165972,-0.10566729299996
ENSMUSG00000097039.10,1.165990742174524,1.14134262884565
ENSMUSG00000022378.15,0.2983930814015334,0.30242616359561
ENSMUSG00000022377.17,0.7386313599044932,0.740620700283133
ENSMUSG00000015002.19,-0.1584870960132219,-0.153713132938439
ENSMUSG00000092454.2,0.8127808523816015,0.803008710696236
ENSMUSG00000072501.6,0.1798252962478195,0.184640963198221
ENSMUSG00000022372.15,0.8156800623170557,0.812539163441325
ENSMUSG00000005124.11,1.6819929058327263,1.66723593663107
ENSMUSG00000005125.14,0.8166632794968272,0.823871698717807
ENSMUSG00000091479.2,0.8988603033512275,0.884127273572036
ENSMUSG00000013846.11,0.4542858510690679,0.458444069262199
ENSMUSG00000022335.18,0.2813241498480902,0.297941170932226
ENSMUSG00000096967.4,1.109437703648026,1.09419447918299
ENSMUSG00000022332.9,-0.4378204946791781,-0.432921376202784
ENSMUSG00000047921.19,0.157042165944647,0.162242662747248
ENSMUSG00000106847.2,0.1253899302583371,0.138274342126742
ENSMUSG00000068391.9,-0.1233639456123015,-0.118543609704965
ENSMUSG00000036698.12,-0.7548878166070406,-0.74983812985541
ENSMUSG00000022607.19,0.131207994712198,0.135716453630668
ENSMUSG00000036661.15,0.2315296240590385,0.234667353646866
ENSMUSG00000079020.10,0.4659895270751382,0.471728047696619
ENSMUSG00000059895.14,0.0736677793351982,0.0759106968231911
ENSMUSG00000082585.4,0.0595214963894551,0.0959591301680896
ENSMUSG00000046380.4,2.178822762113048,2.14349089263305
ENSMUSG00000056665.3,0.7567133138416602,0.73890136600017
ENSMUSG00000022587.16,3.442650461539781,3.44688482738385
ENSMUSG00000075602.11,7.357356856020385,7.34443538425374
ENSMUSG00000100287.2,3.02498759561942,2.98519609057522
ENSMUSG00000101082.2,3.812821084118836,3.65675806676828
ENSMUSG00000079018.11,3.8416081359552186,3.77937531613007
ENSMUSG00000099775.2,4.825031404769957,4.64005491644011
ENSMUSG00000022584.15,5.814732574178575,5.69169265106546
ENSMUSG00000047728.14,-0.120178885491353,-0.1168390569363
ENSMUSG00000121494.1,0.9557739596870176,0.88410003595664
ENSMUSG00000022579.11,0.2018665481484087,0.20460881432027
ENSMUSG00000047003.16,0.731039995574778,0.735130931289055
ENSMUSG00000121880.1,-0.0971888444969503,-0.0854182919836643
ENSMUSG00000000934.10,0.3424963179789437,0.346584772568879
ENSMUSG00000085523.2,0.4634603924076677,0.468376777545038
ENSMUSG00000075600.4,0.1535947257268576,0.157622730393142
ENSMUSG00000022575.6,1.302870083851975,1.30689599055075
ENSMUSG00000098678.2,0.0469928820564005,0.0530451725084992
ENSMUSG00000022574.8,0.0905501232823013,0.0950347690359445
ENSMUSG00000055762.18,-0.1561894406126983,-0.151057121645554
ENSMUSG00000103906.2,-1.0097504049425226,-0.993393544808697
ENSMUSG00000022571.10,-0.4103578490921027,-0.404589890280248
ENSMUSG00000022570.8,-0.1482455796179549,-0.143678800103342
ENSMUSG00000050846.10,-0.2307639040886649,-0.225816298271137
ENSMUSG00000034429.16,-0.2565705184842633,-0.25240988384841
ENSMUSG00000098176.3,0.5451376167199261,0.544249862051944
ENSMUSG00000063704.14,0.1615240529670156,0.15902065098633
ENSMUSG00000046761.14,0.5279999476863354,0.530984351947383
ENSMUSG00000022568.18,-0.2455777716037596,-0.240462032698056
ENSMUSG00000002524.18,0.4653559775092658,0.469789088260035
ENSMUSG00000115332.2,-0.0879466948254182,-0.0838207507454501
ENSMUSG00000075590.5,-0.3368047383310487,-0.331846543149329
ENSMUSG00000118671.1,1.9798617082829149,1.98481411474805
ENSMUSG00000044361.17,-0.2046959069639168,-0.204912885120718
ENSMUSG00000022565.16,0.0976412565030208,0.102767344740772
ENSMUSG00000063268.13,1.50703274882689,1.5106991839759
ENSMUSG00000022564.8,0.892401893655044,0.89731713106183
ENSMUSG00000115946.3,2.1458515810700107,2.11152316053023
ENSMUSG00000049653.6,2.950762382703332,2.81462755506655
ENSMUSG00000071724.6,-0.5230590163553638,-0.517876004634901
ENSMUSG00000022562.16,-0.5010776086639556,-0.496050055129228
ENSMUSG00000034259.9,0.2512490812457197,0.252000203113536
ENSMUSG00000022561.14,0.0697531970463528,0.0743009437845473
ENSMUSG00000022551.9,-0.3859922834625869,-0.381309085753429
ENSMUSG00000022552.17,0.3585291816065026,0.362986789207528
ENSMUSG00000022553.17,-0.4714837840549798,-0.46545675891185
ENSMUSG00000109179.3,-0.4742703052492733,-0.468702367054488
ENSMUSG00000022554.8,-0.0610910843195721,-0.0352572922555337
ENSMUSG00000022558.17,-0.0378747533355086,-0.0329068658860095
ENSMUSG00000022557.12,0.2119407730799099,0.220310724454976
ENSMUSG00000022556.12,0.2302566533776934,0.23467188661725
ENSMUSG00000022555.13,0.0552312880620913,0.0597036751639339
ENSMUSG00000022559.9,-0.0176614401666648,-0.013058593886033
ENSMUSG00000022560.10,0.3007078939911544,0.308689141352752
ENSMUSG00000022550.19,-0.40032597607624,-0.39822575587556
ENSMUSG00000034022.9,0.0587502807248333,0.0640793579439293
ENSMUSG00000063354.8,-0.4035006033864091,-0.399603211898227
ENSMUSG00000115987.2,-0.0295460778046972,-0.0248493341953895
ENSMUSG00000059323.15,-0.8754131609069621,-0.83446960298831
ENSMUSG00000121583.1,0.1110029985195016,0.115527858796317
ENSMUSG00000053929.19,-0.5194914222384417,-0.5109492459701
ENSMUSG00000121584.1,-0.4016419169482929,-0.385829125387771
ENSMUSG00000004187.12,-1.3794248045898103,-1.37278885336351
ENSMUSG00000033819.17,-0.0827296860204787,-0.0780068362461569
ENSMUSG00000120401.1,-0.2867577673983994,-0.284477610744882
ENSMUSG00000022546.6,-0.0634455671542831,-0.0586031919962946
ENSMUSG00000019080.9,-0.0698887170429477,-0.067143081299987
ENSMUSG00000033728.15,0.4335506069376192,0.438005903974267
ENSMUSG00000033707.10,1.6693536556041824,1.66352717036773
ENSMUSG00000116138.2,-0.2971191498997985,-0.292740011778145
ENSMUSG00000033697.17,-0.0322752653672328,-0.0324098035957992
ENSMUSG00000022526.9,0.6706501478022232,0.649534732411134
ENSMUSG00000033669.9,-0.0337490845395258,-0.024003590071249
ENSMUSG00000003970.10,-0.6872349735560579,-0.682477328245154
ENSMUSG00000063236.7,-0.0597683579007201,-0.0533829359283467
ENSMUSG00000033565.20,0.1867534136920539,0.191757248018127
ENSMUSG00000121848.1,-1.1065582645545116,-1.08332172560998
ENSMUSG00000010601.15,0.2124675673844618,0.217029176919833
ENSMUSG00000093458.2,-0.0869313621723082,-0.0491125949913341
ENSMUSG00000057346.13,1.8544008623829609,1.85854773223276
ENSMUSG00000050014.9,3.784724673209006,3.73021371339816
ENSMUSG00000068246.7,1.3325030045741548,1.33710105562007
ENSMUSG00000115979.2,0.003571964507698,0.0029275808472612
ENSMUSG00000022443.18,0.7472532381621123,0.751685726354391
ENSMUSG00000005354.17,-0.2253537948755641,-0.220715519910652
ENSMUSG00000016554.10,0.3500255486902101,0.354570904820103
ENSMUSG00000097057.2,0.4746137673524214,0.47934857856175
ENSMUSG00000016637.8,0.1732427893464161,0.176277864202902
ENSMUSG00000071715.13,0.9072979823681728,0.907303172852691
ENSMUSG00000071714.8,0.1478631477114794,0.138436175073066
ENSMUSG00000071713.7,0.7386678155388807,0.743823710751939
ENSMUSG00000044986.11,-0.4632660404291601,-0.458545723690917
ENSMUSG00000071711.13,0.1587849036560774,0.163503067605575
ENSMUSG00000033287.18,0.8287256080739585,0.838379554353001
ENSMUSG00000016942.7,-0.673468511961148,-0.668701153904449
ENSMUSG00000068227.10,1.347534799099093,1.34937702825867
ENSMUSG00000022440.10,0.9125889273614448,0.897311170192951
ENSMUSG00000033220.8,0.7578966907867613,0.756068450164746
ENSMUSG00000116097.3,-0.7436122387726258,-0.717646665065322
ENSMUSG00000018008.9,0.6512643667841237,0.648086014688623
ENSMUSG00000018169.13,-0.4314909071184079,-0.457823449782714
ENSMUSG00000033170.15,-0.3801729264290776,-0.389650715901117
ENSMUSG00000049521.3,0.1094919213929119,0.115790340320728
ENSMUSG00000033128.10,0.1892967920816147,0.193856196714396
ENSMUSG00000068220.7,1.554034102535611,1.54776303125254
ENSMUSG00000033099.11,0.3015529440850406,0.302220572327948
ENSMUSG00000033088.20,0.1076958791840982,0.112677090217333
ENSMUSG00000116505.2,0.116794226676064,0.120479014056276
ENSMUSG00000115867.3,0.6462672189516657,0.655539578430443
ENSMUSG00000116262.2,0.2016376361225902,0.203320562585662
ENSMUSG00000120518.1,-0.7017884384128774,-0.685538681160328
ENSMUSG00000096210.3,0.1057722521314872,0.110377021580124
ENSMUSG00000006378.16,-0.4555940062182539,-0.449033899519951
ENSMUSG00000033055.13,-0.1491284509657749,-0.142270460040484
ENSMUSG00000033047.6,-0.2535380746145932,-0.249052067211638
ENSMUSG00000033039.11,0.0423012074241564,0.0468750006643306
ENSMUSG00000033029.13,-0.0741875009288913,-0.0762275272103165
ENSMUSG00000033020.8,-0.1289631970551896,-0.124563854041573
ENSMUSG00000068206.14,0.2988791401162431,0.299570082604591
ENSMUSG00000042632.18,-0.5769058280228114,-0.571898067570717
ENSMUSG00000042622.15,-1.527816506958764,-1.51265178539886
ENSMUSG00000121075.1,-2.1872544469029878,-2.13805607111408
ENSMUSG00000009035.16,0.0891910145911886,0.0941392709193254
ENSMUSG00000022433.22,0.2736835717668139,0.277011933176657
ENSMUSG00000085802.3,0.1873478483196198,0.191758846638153
ENSMUSG00000055065.8,-0.2908894694118873,-0.286226270047137
ENSMUSG00000022428.9,-0.0714549444083049,-0.05566392379231
ENSMUSG00000022427.5,0.0478438151307919,0.0525553443177782
ENSMUSG00000022426.7,-0.154048559977963,-0.148996495888194
ENSMUSG00000042535.10,0.3139944570256601,0.318212296731599
ENSMUSG00000042524.15,-0.6977511721523525,-0.692747141305764
ENSMUSG00000089796.2,-0.3184282338467495,-0.330648077909003
ENSMUSG00000022420.17,0.1023995104002782,0.112479906476118
ENSMUSG00000089715.13,-0.701033736371465,-0.693556675762734
ENSMUSG00000009585.19,1.5233400794281902,1.51864997195535
ENSMUSG00000053411.17,-0.3926112699485887,-0.391791632585841
ENSMUSG00000000489.8,0.6673544670564546,0.676961358937586
ENSMUSG00000060036.15,-0.7480621392370184,-0.743150383594298
ENSMUSG00000022414.9,0.3942434583924026,0.403217392516059
ENSMUSG00000022412.15,-0.3302117091475092,-0.325312238476823
ENSMUSG00000042406.9,-0.3138305533176467,-0.30925217771681
ENSMUSG00000051518.9,0.1394234812919735,0.145779148904796
ENSMUSG00000022408.8,2.922041048029677,2.93383655691381
ENSMUSG00000116220.2,2.337408176358497,2.28263373299857
ENSMUSG00000047888.11,-0.2460486151250712,-0.241018606320684
ENSMUSG00000022407.11,0.7166713788811091,0.721145937418249
ENSMUSG00000042303.20,0.0678552571766068,0.0684496369814108
ENSMUSG00000042292.19,0.2599316759331226,0.264120411550793
ENSMUSG00000022404.9,0.4138868682201446,0.418580540777545
ENSMUSG00000022403.16,-0.0050563175493713,-0.0002500153876218
ENSMUSG00000022401.13,-0.7179663573881432,-0.712115273959657
ENSMUSG00000091492.2,-0.3884232357351271,-0.373950303704423
ENSMUSG00000022400.10,0.0536956470824211,0.0583110971480357
ENSMUSG00000103520.2,0.0486741261262714,0.0470088735410232
ENSMUSG00000055024.13,0.2345450414794058,0.238338446196133
ENSMUSG00000022394.15,0.0418405600654797,0.0471202538974572
ENSMUSG00000063765.13,-0.0402814998011337,-0.0337391217656199
ENSMUSG00000022391.17,-0.7771654462716274,-0.772275415184507
ENSMUSG00000022390.12,0.4159100250842862,0.420169579070574
ENSMUSG00000022389.16,-1.0766234160456083,-1.07124727403681
ENSMUSG00000120817.1,0.7919091153284327,0.791022326178183
ENSMUSG00000048546.9,0.3083044639366086,0.317067630764548
ENSMUSG00000116075.2,0.5165205412405883,0.539525877756299
ENSMUSG00000061360.9,-0.0311234252273025,-0.0266510266113908
ENSMUSG00000022477.14,0.1011452093947881,0.105960423972642
ENSMUSG00000022476.9,-0.0286055747466432,-0.0235134153557961
ENSMUSG00000022474.16,-0.2533559702531108,-0.330921648543162
ENSMUSG00000022471.15,0.0421914274402372,0.0474722031941078
ENSMUSG00000022472.17,-0.3572516117637154,-0.352524950115611
ENSMUSG00000063480.9,-0.0307620161580393,-0.0260207628825421
ENSMUSG00000068114.8,0.3713733959441722,0.379998504877056
ENSMUSG00000022463.9,0.5359763976098952,0.541681552170051
ENSMUSG00000022453.9,0.1441655278865034,0.148509673984522
ENSMUSG00000022452.17,0.1608572127749286,0.164468572204507
ENSMUSG00000022450.7,-0.2627650775998656,-0.257959620718087
ENSMUSG00000120954.1,-0.8087427871217115,-0.801369059154771
ENSMUSG00000121069.1,0.316083032501245,0.336098103992946
ENSMUSG00000061740.9,-0.088157853094285,-0.0837034024447493
ENSMUSG00000094806.3,-0.2191718705237779,-0.214472276584631
ENSMUSG00000068086.7,-0.4039304779884237,-0.399209358757794
ENSMUSG00000096852.3,2.0695515201011347,2.04474705760555
ENSMUSG00000116130.2,-1.114315460208514,-1.10957675729949
ENSMUSG00000118516.2,-0.7665730561166081,-0.761527895510574
ENSMUSG00000119999.1,-1.3229096657513488,-1.32248727711983
ENSMUSG00000116341.2,-0.552507318548372,-0.530306431881675
ENSMUSG00000121506.1,-0.2482298766013396,-0.241794561778548
ENSMUSG00000121507.1,-0.2207161940478725,-0.214255493900692
ENSMUSG00000068083.3,-0.3472024192804095,-0.34335278414553
ENSMUSG00000058613.7,0.8606128900988026,0.853922517178652
ENSMUSG00000022445.8,-0.4507392545089342,-0.446106783433183
ENSMUSG00000041852.16,0.0207015609854801,0.0252729906993376
ENSMUSG00000058099.17,-0.4253185217153166,-0.421225520827526
ENSMUSG00000058586.13,0.1344290082840877,0.139107384567478
ENSMUSG00000090964.2,0.1098550865914123,0.113529510245368
ENSMUSG00000018040.10,0.142708644184515,0.14753661921993
ENSMUSG00000041815.15,0.4127759497576612,0.41716557086715
ENSMUSG00000018042.19,0.1433470483936903,0.14785680727046
ENSMUSG00000116508.3,-0.3869639311335717,-0.38049986562014
ENSMUSG00000116338.2,0.3557346813378306,0.352898810917414
ENSMUSG00000047878.14,2.001704150718424,1.94405740662111
ENSMUSG00000054277.9,-0.5109808760295709,-0.502424522513651
ENSMUSG00000075511.11,-0.6843757004542631,-0.675842704973428
ENSMUSG00000016664.18,0.5257202989491994,0.52962474129386
ENSMUSG00000022442.17,0.7344303601244251,0.733638164392157
ENSMUSG00000016758.5,-0.8396628798269217,-0.827007974831693
ENSMUSG00000048755.10,-0.256419089201778,-0.251606577383737
ENSMUSG00000041736.8,0.8666160145405785,0.870740765954751
ENSMUSG00000016757.12,0.503641739771549,0.507278359442419
ENSMUSG00000018868.5,3.9145983832820055,3.65504745647982
ENSMUSG00000041653.6,1.7183729392074938,1.65407476820165
ENSMUSG00000022437.8,0.1646375163204774,0.16908263027759
ENSMUSG00000022438.7,0.4743502409543438,0.479968827562887
ENSMUSG00000022439.10,0.8492202007717214,0.858158638133092
ENSMUSG00000036106.16,-0.0487911965456205,-0.0238551483511951
ENSMUSG00000100967.2,-0.6503895803149317,-0.620636819540785
ENSMUSG00000016619.11,-0.1795713707394456,-0.175014024878367
ENSMUSG00000036046.15,-0.667862660620653,-0.663503780316457
ENSMUSG00000022434.9,0.7916765474163439,0.793698093243965
ENSMUSG00000016541.11,0.2549030818039007,0.259655061040512
ENSMUSG00000022383.14,-0.9788082450734618,-0.973942465031012
ENSMUSG00000064284.13,-0.570450378786305,-0.560124117358599
ENSMUSG00000052496.6,-1.2803023893267431,-1.27987717727592
ENSMUSG00000035944.18,-0.3488955227031298,-0.344166896885824
ENSMUSG00000022385.12,0.5541445204855475,0.59245569405209
ENSMUSG00000022386.13,-0.2866039323103581,-0.281175579327836
ENSMUSG00000016028.12,2.608754906882269,2.60049374502786
ENSMUSG00000035900.19,0.9301792317081322,0.932816047105816
ENSMUSG00000035891.17,0.440949875681112,0.441188156119468
ENSMUSG00000120224.1,-0.4325707221006969,-0.432063883448369
ENSMUSG00000051864.11,0.1758005624702626,0.180216826954054
ENSMUSG00000022387.18,-0.3552359744446691,-0.350400978611253
ENSMUSG00000034333.16,0.1554978556291175,0.160445876016961
ENSMUSG00000035845.18,0.9103681398930716,0.913314040924691
ENSMUSG00000023272.5,0.3945166503260994,0.405193388696956
ENSMUSG00000035828.12,-0.7150869493807963,-0.706724022099363
ENSMUSG00000022388.15,-1.0536018644901213,-1.01256517413339
ENSMUSG00000087331.10,-0.1121913061085927,-0.105537326295743
ENSMUSG00000015363.14,-0.7058768353433349,-0.700692387832395
ENSMUSG00000035757.18,-0.4251229198269875,-0.420074945959114
ENSMUSG00000051786.16,-0.365998121662907,-0.361194253438552
ENSMUSG00000062906.13,0.404759189674707,0.408487882440962
ENSMUSG00000022610.11,-0.0511348570429413,-0.0485429216295681
ENSMUSG00000053137.8,0.0770325542917328,0.0962048484725721
ENSMUSG00000036606.18,0.0904254359451105,0.094920372146306
ENSMUSG00000015377.11,-0.0704459930868368,-0.0703215646727366
ENSMUSG00000121082.1,-0.0283003094284759,-0.0673790486777972
ENSMUSG00000036561.10,0.0894150660058039,0.0943217074842399
ENSMUSG00000036529.18,0.2429812826908019,0.247419892394313
ENSMUSG00000022614.9,0.2675246124912877,0.270414965114886
ENSMUSG00000008690.16,0.1016082370118187,0.106222896380557
ENSMUSG00000091780.4,-0.0176819869539817,-0.0129708919713066
ENSMUSG00000022615.8,0.091535361327356,0.0946603814843703
ENSMUSG00000121083.1,0.2317119958640856,0.235355503178479
ENSMUSG00000047394.10,0.3164834540831998,0.325172404175298
ENSMUSG00000116461.2,-0.3611255580243807,-0.348926975687733
ENSMUSG00000022617.16,-0.4135741290495557,-0.406060262294826
ENSMUSG00000079242.3,-0.6944255371700389,-0.681146676013776
ENSMUSG00000022620.15,-0.640300552512411,-0.63552259749253
ENSMUSG00000084915.3,-0.7362630470572495,-0.742662576653742
ENSMUSG00000022623.18,-0.1292792166929674,-0.108943090490861
ENSMUSG00000022621.17,0.0577047853470501,0.0561726612338709
ENSMUSG00000075470.3,-1.0204061569445684,-1.01560876603023
ENSMUSG00000052560.16,-0.2376717367120517,-0.237804538641693
ENSMUSG00000067870.6,-0.5513921099962852,-0.550395894139916
ENSMUSG00000022629.19,-0.2078724120550997,-0.203349357221038
ENSMUSG00000055782.10,-2.586725189321567,-2.58192674454928
ENSMUSG00000036273.16,0.0605405470024971,0.0609856463658799
ENSMUSG00000036197.17,-0.8324735985193995,-0.827808707075881
ENSMUSG00000022634.10,-0.6821959308801491,-0.676815061434368
ENSMUSG00000022635.10,-0.1629705846867226,-0.158486347245967
ENSMUSG00000036167.17,0.3194967873356485,0.323858525985016
ENSMUSG00000036158.13,-0.2202223750827391,-0.209370146121786
ENSMUSG00000033356.4,0.0083106934757443,-0.0068433129223953
ENSMUSG00000059883.17,0.1211028654522519,0.125877300531723
ENSMUSG00000022451.13,-0.2249348092502301,-0.220076561089438
ENSMUSG00000064210.8,0.299009604667278,0.30692796784249
ENSMUSG00000115049.2,0.0658984874307497,0.071178766994028
ENSMUSG00000097536.3,0.1594767422377616,0.169385226464849
ENSMUSG00000033237.20,-0.1297321678220106,-0.124815521157075
ENSMUSG00000033228.9,-0.091093503609579,-0.0868556493731481
ENSMUSG00000023169.16,-0.4983234500361433,-0.504103095277862
ENSMUSG00000022462.8,-0.205293675616357,-0.198861260089324
ENSMUSG00000022464.15,-1.2275608017380255,-1.22280073893602
ENSMUSG00000120294.1,-0.961998691629884,-0.956015584269005
ENSMUSG00000048218.7,-0.5484262405472653,-0.540156020591873
ENSMUSG00000044250.9,0.3897180560517994,0.396221459880808
ENSMUSG00000022466.7,0.2484959354893272,0.252621058392295
ENSMUSG00000022469.18,-0.2653451555274671,-0.256256705348939
ENSMUSG00000081534.4,0.0223324076360349,0.0258299989781686
ENSMUSG00000022475.20,0.0407486338114774,0.0334544135021917
ENSMUSG00000052369.9,-0.1625725991324711,-0.159169198252001
ENSMUSG00000033075.18,-0.0415242101860953,-0.0374081348758481
ENSMUSG00000033065.15,-0.3755767574313,-0.371674346077218
ENSMUSG00000048175.14,-0.1953673749977152,-0.190895487647312
ENSMUSG00000022992.18,-0.4681853150866614,-0.463678011063671
ENSMUSG00000011960.13,0.0629976040053711,0.0665796894869457
ENSMUSG00000091050.3,-0.4786229567443449,-0.47158162555693
ENSMUSG00000022994.10,-0.6481268669100323,-0.643291315453462
ENSMUSG00000100220.2,-0.6494538309432251,-0.643220098440393
ENSMUSG00000003360.16,0.1339831446019401,0.139134271219492
ENSMUSG00000054855.14,0.3305466104124133,0.338201697647743
ENSMUSG00000003355.8,0.0808814124359087,0.085054387575725
ENSMUSG00000051853.11,0.2213966420174918,0.225724672977188
ENSMUSG00000097414.3,-0.1069599682754575,-0.102563674354797
ENSMUSG00000067713.8,-0.2413245963416422,-0.237029595269514
ENSMUSG00000048154.18,0.0482932789559963,0.0533515417955826
ENSMUSG00000115980.2,-0.0099867203297052,0.0061212833331916
ENSMUSG00000116506.2,-0.6000095902894383,-0.601093389980757
ENSMUSG00000022999.16,-0.1631543094301109,-0.162116519766141
ENSMUSG00000023004.9,0.4985792754527556,0.50228425661404
ENSMUSG00000116223.2,0.7358662034452436,0.730627386881558
ENSMUSG00000072235.7,0.496587987929228,0.511911353823251
ENSMUSG00000043091.10,1.1581797931980045,1.16690850615127
ENSMUSG00000038009.8,-0.4214673520645521,-0.416998368748771
ENSMUSG00000051934.6,0.5930355332584393,0.595633935269686
ENSMUSG00000037570.17,0.0885037552320054,0.0902175323145395
ENSMUSG00000100599.4,0.7778426257870912,0.761259510370606
ENSMUSG00000023007.16,0.2332658526346054,0.237417873216719
ENSMUSG00000023008.19,0.3956366030982909,0.407409240050888
ENSMUSG00000023010.16,-0.2119401778490713,-0.207265560217426
ENSMUSG00000023009.15,-0.197576514647275,-0.187622191988577
ENSMUSG00000037525.6,0.0673979473552689,0.0460976749502285
ENSMUSG00000023017.11,-0.5205768971266771,-0.533827216933203
ENSMUSG00000023018.6,0.7280950716390159,0.724919409427609
ENSMUSG00000116250.2,1.446138498018853,1.40837994611913
ENSMUSG00000089671.2,-0.2749478573895216,-0.27042262488021
ENSMUSG00000023019.13,-0.2834779298375846,-0.278503934111495
ENSMUSG00000023020.4,0.0905827910006474,0.0948774573964289
ENSMUSG00000023021.16,0.2405620196757504,0.226512881252362
ENSMUSG00000023022.15,-0.4320529204725906,-0.427116847051768
ENSMUSG00000116478.2,-1.4290735447248706,-1.40384808631896
ENSMUSG00000116141.2,-0.5790215229274077,-0.521188159708685
ENSMUSG00000023025.17,-0.1813770010694135,-0.176578169633742
ENSMUSG00000100084.3,-0.2054596629896094,-0.201515261807841
ENSMUSG00000023026.17,0.186812714357423,0.192233559484288
ENSMUSG00000023027.14,-0.1773599042467035,-0.17315804872816
ENSMUSG00000054619.8,-0.2192832073041333,-0.214589892113627
ENSMUSG00000023030.17,-0.1897591110397329,-0.184825927387285
ENSMUSG00000037353.10,-0.1189420182371276,-0.114178792133798
ENSMUSG00000044636.7,-0.34583108835166,-0.350123753604162
ENSMUSG00000009733.10,0.3153834186141809,0.319667159053812
ENSMUSG00000009739.19,0.5881105041369801,0.590997560751691
ENSMUSG00000116180.2,0.0791999251388702,0.0660516936552275
ENSMUSG00000097093.4,-0.4571365505282618,-0.43860294397676
ENSMUSG00000000346.10,-0.2810379917664515,-0.27642552905824
ENSMUSG00000053559.14,0.1819492315653754,0.184478515168791
ENSMUSG00000098112.9,0.8535265340807167,0.856198534700187
ENSMUSG00000023031.9,-0.0040101550117524,0.0012825116253122
ENSMUSG00000037280.13,1.2737331602210822,1.27533639897645
ENSMUSG00000023032.13,0.1414525168027785,0.197180777293779
ENSMUSG00000095440.3,0.118422864421685,0.11520978246147
ENSMUSG00000000530.17,0.8827097412044029,0.888616603226059
ENSMUSG00000000532.12,-0.3294858143557753,-0.324532015033127
ENSMUSG00000000531.6,-0.5818237387808298,-0.531074881447201
ENSMUSG00000023034.8,1.665185534396229,1.65443741140123
ENSMUSG00000037204.8,-0.2820511456300421,-0.278289526628448
ENSMUSG00000049382.11,1.0779218474421877,1.0821096488091
ENSMUSG00000116010.2,1.082890804802854,1.0852106375363
ENSMUSG00000023043.8,1.063396064207594,1.06794369699733
ENSMUSG00000058655.10,-0.7009409019044611,-0.696251272263184
ENSMUSG00000037003.17,0.0032230998905296,0.0080336179923939
ENSMUSG00000036966.16,0.3612280940508087,0.366108733389966
ENSMUSG00000023045.14,-0.2204682592777592,-0.215649819593356
ENSMUSG00000023044.3,-0.9138725373744794,-0.908809071370424
ENSMUSG00000046897.18,-0.1376656353824795,-0.133168375225147
ENSMUSG00000001281.11,1.6155725424340204,1.58061490469595
ENSMUSG00000001288.16,0.3804087679777864,0.379796256736172
ENSMUSG00000045665.6,0.1908299835215449,0.198671241853247
ENSMUSG00000001289.13,-0.2146540389974855,-0.209543543978568
ENSMUSG00000001285.13,-0.3503915056046621,-0.348652819886908
ENSMUSG00000036678.9,1.3174706818048194,1.32269256219114
ENSMUSG00000001280.14,-0.1244956271574899,-0.119813513510495
ENSMUSG00000023048.14,0.4805523173583075,0.484577186326449
ENSMUSG00000056851.15,-0.3248537584946092,-0.32046626433523
ENSMUSG00000023050.10,-0.2979079424665157,-0.293026087693605
ENSMUSG00000023051.13,0.0575686119417798,0.062073570981058
ENSMUSG00000099083.8,0.0514253069539616,0.0559372746529288
ENSMUSG00000036305.8,-0.5824649575272527,-0.581007403298051
ENSMUSG00000062683.12,-0.4380393353748713,-0.43343087334693
ENSMUSG00000023055.11,-0.6409392063886571,-0.636509262398679
ENSMUSG00000101356.3,0.1026803133180792,0.140565790193196
ENSMUSG00000036061.11,-0.1320997813022083,-0.127492859411619
ENSMUSG00000009575.15,-0.5125636366742979,-0.507536184384708
ENSMUSG00000046434.17,0.6111557640655968,0.616040702003864
ENSMUSG00000058794.13,1.854256681333582,1.78834068912467
ENSMUSG00000060992.10,0.0811684977124986,0.085920686297489
ENSMUSG00000063234.6,1.0629924657468774,1.01554287260184
ENSMUSG00000000552.11,0.4982685692808779,0.498194437469624
ENSMUSG00000000555.9,0.8798910718278382,0.884103189860054
ENSMUSG00000022488.10,0.2349002867872808,0.234309194633671
ENSMUSG00000022489.7,0.2003926741927703,0.184020903498066
ENSMUSG00000022529.12,-0.13021602925229,-0.125707954959236
ENSMUSG00000054939.7,0.1446777554631714,0.138163990351121
ENSMUSG00000039789.8,-0.6308230921634008,-0.625038643899028
ENSMUSG00000005982.15,-0.7005548964396758,-0.695695229289268
ENSMUSG00000005983.16,-0.6699805860450194,-0.662373962223379
ENSMUSG00000014232.15,-0.1416970392570758,-0.145313421227221
ENSMUSG00000085048.2,-1.160817437249076,-1.1375840188797
ENSMUSG00000039738.17,0.2251626571891672,0.240782731483784
ENSMUSG00000005980.16,-0.2497236338827636,-0.251388375670103
ENSMUSG00000005981.12,-0.1438271418979936,-0.139209701164874
ENSMUSG00000022521.11,0.1954290901524868,0.199721115696781
ENSMUSG00000005580.12,0.3147237613878001,0.322330358779214
ENSMUSG00000022519.15,0.1800240524473067,0.130208399485873
ENSMUSG00000005718.9,-0.2536266078784593,-0.260928640087345
ENSMUSG00000014303.14,0.6622090161311767,0.661383465059128
ENSMUSG00000014301.14,-0.0860871095960681,-0.0803504926906446
ENSMUSG00000039637.16,0.3459745489464361,0.349960682044554
ENSMUSG00000039646.6,-0.1368331080167663,-0.129892151324754
ENSMUSG00000004069.18,0.1267307432588172,0.130925803334056
ENSMUSG00000063445.15,0.8791663902204756,0.879717637763523
ENSMUSG00000004070.16,0.2515412135448611,0.256183807402191
ENSMUSG00000004071.14,0.0252216700683511,0.0303644736845527
ENSMUSG00000086464.3,1.9746371900614184,1.90974861463078
ENSMUSG00000039568.7,-0.2505213201982273,-0.24654465026964
ENSMUSG00000022517.18,-0.2277723153929709,-0.223168760819409
ENSMUSG00000097397.3,0.5573867136745415,0.565204755885368
ENSMUSG00000022516.11,0.6661179226642515,0.670242750404612
ENSMUSG00000022515.7,0.0234806794019171,0.0279987608031302
ENSMUSG00000106967.2,-0.3427016520452133,-0.34129181741361
ENSMUSG00000022540.18,0.1822029939559993,0.184542270572276
ENSMUSG00000022536.15,0.3498808930226202,0.35457670684966
ENSMUSG00000039473.9,0.1110599062320457,0.116026362524066
ENSMUSG00000039457.5,1.2008719464318849,1.19776198773026
ENSMUSG00000023143.11,0.1646539078063239,0.169116637649073
ENSMUSG00000051669.7,-0.3887658303188216,-0.37254762656078
ENSMUSG00000039427.15,0.1124601915289297,0.116943351201515
ENSMUSG00000022544.15,-0.2079790799586549,-0.202742662601571
ENSMUSG00000039345.17,-0.0616442496717837,-0.0582296624467952
ENSMUSG00000057880.13,-0.6046908390892166,-0.600078944878885
ENSMUSG00000043140.11,0.2423284424771849,0.247173213483822
ENSMUSG00000022711.17,0.1775916123088587,0.18201543557769
ENSMUSG00000008393.10,-0.1325365656719447,-0.127852995250699
ENSMUSG00000022710.18,-0.2743009981069388,-0.26971162083783
ENSMUSG00000022507.7,-0.1439387423658994,-0.139659400520489
ENSMUSG00000022505.10,0.1332141192599839,0.131850347451056
ENSMUSG00000116270.2,2.1057969297861354,2.02455826378764
ENSMUSG00000022503.11,0.3646570036007349,0.369888647613116
ENSMUSG00000050908.13,0.3563967780120817,0.360788894405924
ENSMUSG00000038055.13,-0.2006033046121487,-0.195460432614015
ENSMUSG00000068663.15,-0.1449186667416802,-0.140396260825467
ENSMUSG00000022500.16,1.004634343847915,1.00882010757726
ENSMUSG00000037972.8,-0.337595609341493,-0.352488920769819
ENSMUSG00000022498.17,0.0211684996246821,0.02682441281228
ENSMUSG00000037965.16,-0.037407745614375,-0.032574249601986
ENSMUSG00000005846.13,0.0271454042462079,0.0319906215406204
ENSMUSG00000097537.4,0.0128757894116826,0.0169263631648951
ENSMUSG00000062203.16,0.0250603006145309,0.0295995802715039
ENSMUSG00000071669.15,-0.3411900302142611,-0.325148392515756
ENSMUSG00000065979.13,-0.0155096674534057,-0.0108327170847037
ENSMUSG00000022545.14,0.3739368674134086,0.372545667011669
ENSMUSG00000009569.15,0.3896448999629526,0.395886281825461
ENSMUSG00000087526.3,-0.0395339525912268,-0.052773923409636
ENSMUSG00000022685.10,0.0614887889586835,0.0653976843948564
ENSMUSG00000022684.16,-0.343429930447053,-0.339159412804333
ENSMUSG00000121810.1,-0.4239730449080637,-0.435666912384436
ENSMUSG00000022682.9,-0.1671495146903792,-0.163706567502782
ENSMUSG00000022681.16,0.0434611094605195,0.049403085696109
ENSMUSG00000022680.15,-0.1311142563758317,-0.126949956671729
ENSMUSG00000022679.14,-0.5566166405668715,-0.553767047716608
ENSMUSG00000060657.9,-0.1921650310448896,-0.187522884782297
ENSMUSG00000022678.17,-0.0848788386135133,-0.0776118870503462
ENSMUSG00000022677.16,-0.23236572173959,-0.228790997467459
ENSMUSG00000085612.2,0.0130012487778603,0.0015947299470517
ENSMUSG00000023088.18,0.389322160861826,0.398170641990013
ENSMUSG00000022676.8,0.3222494765062901,0.315967157678025
ENSMUSG00000022674.16,0.2033370287266491,0.207870022665628
ENSMUSG00000022673.6,0.3003950298471065,0.294514427789284
ENSMUSG00000022672.9,-0.3637179627515262,-0.356199258150377
ENSMUSG00000022671.14,-0.1831015842703001,-0.180547271574088
ENSMUSG00000071637.6,0.6115037867757511,0.629621393850066
ENSMUSG00000041974.11,1.0103508489642947,1.00703824800974
ENSMUSG00000041957.16,0.0796826068000157,0.0843247985789552
ENSMUSG00000022792.17,-0.0680628294256344,-0.0630175351740618
ENSMUSG00000022789.16,0.3481935805457233,0.352741181865574
ENSMUSG00000115923.2,0.4332476098501891,0.443533134627226
ENSMUSG00000022788.17,0.3633597496559176,0.366570548454517
ENSMUSG00000022779.17,0.4706747469739903,0.474723743757216
ENSMUSG00000026181.14,0.2847367832370379,0.288974274351311
ENSMUSG00000116823.2,-0.1901124791406839,-0.18343734841287
ENSMUSG00000063358.18,-0.0587045418353179,-0.0542737496388184
ENSMUSG00000084792.2,-0.9247104149224796,-0.906876764548409
ENSMUSG00000022773.20,0.3894937451508933,0.370828623905872
ENSMUSG00000022771.18,0.3346556413138923,0.339802446350211
ENSMUSG00000022769.10,0.5980001570972548,0.603561522104314
ENSMUSG00000041774.17,0.3258467410011248,0.330131112176513
ENSMUSG00000038965.18,0.3447497717159568,0.349286743081643
ENSMUSG00000050240.17,-0.1043126048233882,-0.0987547138205616
ENSMUSG00000041720.15,-0.689570666134804,-0.684552639373631
ENSMUSG00000022766.15,0.254206300811869,0.258822413796153
ENSMUSG00000065331.3,0.4892968632483785,0.507877187571803
ENSMUSG00000022765.11,-0.1739760416945025,-0.169028367166621
ENSMUSG00000006134.5,0.090559311536712,0.0950325739447923
ENSMUSG00000022763.19,-0.1826992185592978,-0.178794802403131
ENSMUSG00000022761.13,-0.0499064217245673,-0.04560747507909
ENSMUSG00000022760.18,0.1642160659465914,0.170123444190993
ENSMUSG00000022756.18,0.992764104985042,0.989389162497614
ENSMUSG00000005899.15,0.4730008468175918,0.477112900940514
ENSMUSG00000012114.18,0.2602825911174327,0.266202764947321
ENSMUSG00000022750.19,0.2324440110282361,0.235896790267869
ENSMUSG00000012017.5,0.493568559161767,0.489447763807424
ENSMUSG00000003166.21,0.1525681244647989,0.157178117259765
ENSMUSG00000003527.10,0.0647125298701355,0.07710676392107
ENSMUSG00000003528.16,-0.1992883306833802,-0.194560986092727
ENSMUSG00000003531.16,-0.3691562068628594,-0.365161476104021
ENSMUSG00000003526.13,-0.5622368615271688,-0.557846819758525
ENSMUSG00000060166.7,0.1021949520463977,0.10713204465047
ENSMUSG00000005732.15,0.2116991589016472,0.218067056101038
ENSMUSG00000022721.20,0.2435452595369294,0.248411016608956
ENSMUSG00000022718.13,-0.5260458286826266,-0.520986316269206
ENSMUSG00000013539.15,-0.1638170740415153,-0.159266086811592
ENSMUSG00000118669.2,-0.2708972131752877,-0.267593480236878
ENSMUSG00000000326.14,-0.0818100943108087,-0.0771711270839733
ENSMUSG00000087556.2,0.1996530166706226,0.209470379307828
ENSMUSG00000075704.18,0.0636972846602705,0.0679660099571531
ENSMUSG00000000884.18,0.1413261453393462,0.159542030862042
ENSMUSG00000041378.3,0.1754577635560228,0.175158142582952
ENSMUSG00000000028.16,-1.0210220984727103,-0.989592644948269
ENSMUSG00000005262.14,0.1194699882568143,0.123734134839493
ENSMUSG00000071632.11,-0.0963272166874997,-0.096554256668301
ENSMUSG00000022706.17,0.5569842125391675,0.561298001576873
ENSMUSG00000022702.17,-0.1036214721585959,-0.0976834009408291
ENSMUSG00000043008.10,0.0377469715060715,0.0434851505640097
ENSMUSG00000062901.4,-1.1815419922955743,-1.17588231369165
ENSMUSG00000041215.17,0.0564332193281364,0.0590128856661666
ENSMUSG00000033918.17,0.0613412602909801,0.0657673076762669
ENSMUSG00000022822.18,0.3474960908422262,0.352526483580889
ENSMUSG00000003235.14,0.224275054587845,0.228578704943937
ENSMUSG00000003233.13,-0.0198765335142285,-0.0142269632327747
ENSMUSG00000022841.16,0.1709329481108782,0.175095300904546
ENSMUSG00000121849.1,0.1678355154071102,0.132699435963486
ENSMUSG00000003234.17,-0.0291199499041223,-0.0252734120948715
ENSMUSG00000033809.16,0.1212314959279305,0.126410237708215
ENSMUSG00000115219.3,0.5438324827587696,0.537926941537037
ENSMUSG00000006998.17,0.2579706008042083,0.262450320458342
ENSMUSG00000045983.17,-0.1501277418758432,-0.145397549814016
ENSMUSG00000050821.15,-0.6364622024348808,-0.623370984198006
ENSMUSG00000022843.18,-0.6018036840663978,-0.598049289753769
ENSMUSG00000021018.9,-0.1121088974434005,-0.106662766873477
ENSMUSG00000022847.16,0.1491258277830401,0.150504011400989
ENSMUSG00000006958.15,-0.2241349635590852,-0.218628860218445
ENSMUSG00000099764.2,0.1672011885789256,0.189762029245892
ENSMUSG00000033653.20,0.6397799456052228,0.644576863294067
ENSMUSG00000043391.11,0.0977323915533971,0.093748571729234
ENSMUSG00000022853.8,-0.4702624969076278,-0.465385760498381
ENSMUSG00000097290.10,0.2173216363782865,0.221378773867686
ENSMUSG00000033618.8,1.056547902341081,1.06304075014052
ENSMUSG00000022856.10,-0.1587900756474033,-0.150587832621574
ENSMUSG00000022855.10,-0.2040960409799674,-0.199464157429868
ENSMUSG00000033581.18,0.8373622760928028,0.864835009926094
ENSMUSG00000022858.17,0.4668961202946724,0.472114228718837
ENSMUSG00000013089.16,0.330452757038988,0.340830166753358
ENSMUSG00000004462.8,-0.061451558994051,-0.0569607990813698
ENSMUSG00000004460.18,0.0182117881429844,0.0228303674191941
ENSMUSG00000116831.3,-0.6186617495764992,-0.613816130764674
ENSMUSG00000022868.7,-0.6427560627183052,-0.637928440905247
ENSMUSG00000022871.14,-0.4589319022353376,-0.454167967429991
ENSMUSG00000022877.10,-0.3579857305414801,-0.353261038215761
ENSMUSG00000060459.15,-0.2533302067352974,-0.248771921704043
ENSMUSG00000090021.3,0.1610634164164491,0.150604056296888
ENSMUSG00000022875.19,-0.4875318329210256,-0.482935885607628
ENSMUSG00000022884.17,-0.1878873232733564,-0.183262403072047
ENSMUSG00000022881.16,0.0764364736606476,0.0811408202736407
ENSMUSG00000068463.6,-0.3702120991931841,-0.368970429046802
ENSMUSG00000081988.2,0.2406928893303142,0.236054798498
ENSMUSG00000045231.6,-0.8143109723367102,-0.828856979895402
ENSMUSG00000022885.17,0.058628251251228,0.063212867508934
ENSMUSG00000022887.10,0.0893767439325732,0.0940431461208712
ENSMUSG00000109783.2,0.1774279055488357,0.180945497963075
ENSMUSG00000033355.7,3.3360054693452743,3.339538899771
ENSMUSG00000022508.6,-0.4658007910683452,-0.454876760175451
ENSMUSG00000115919.3,-1.0803821842611716,-1.07712103187626
ENSMUSG00000121816.1,-0.4185365894431881,-0.413887036210958
ENSMUSG00000115869.3,0.3187386370922217,0.330057707860086
ENSMUSG00000119959.1,-0.6247914615533571,-0.611789863049655
ENSMUSG00000033306.16,-1.4981600173669507,-1.49323289721411
ENSMUSG00000116875.2,-0.0338359055460449,-0.0297895070736773
ENSMUSG00000022512.4,1.3912561362649352,1.39250684736773
ENSMUSG00000022514.15,-0.5292837080807401,-0.52456402946846
ENSMUSG00000092545.9,-0.5176855745174486,-0.512635809837396
ENSMUSG00000038127.16,-0.30529551746482,-0.300664117451548
ENSMUSG00000051065.10,0.4940558674135532,0.498702990628101
ENSMUSG00000038084.17,-0.3442615608185095,-0.339797344145273
ENSMUSG00000097184.4,2.1236269101436767,2.09269104004808
ENSMUSG00000022528.9,-0.3413785743979111,-0.323102168904052
ENSMUSG00000023176.10,0.2470996996489771,0.251847660214849
ENSMUSG00000022533.15,-1.3169268537396506,-1.31217020082793
ENSMUSG00000022538.21,0.1825240036236343,0.186541402328652
ENSMUSG00000046546.4,-1.1387611072681632,-1.12129942687095
ENSMUSG00000116581.3,-0.1956571416325011,-0.237543104801943
ENSMUSG00000047434.15,0.5307644311802349,0.53659376911966
ENSMUSG00000087605.2,-0.6758320514653536,-0.677409987383248
ENSMUSG00000049076.13,0.0687158970085974,0.0742107719313608
ENSMUSG00000047714.15,-0.2073255093504938,-0.202268598708191
ENSMUSG00000046598.16,-0.4769920528470451,-0.472012127684743
ENSMUSG00000022770.18,0.1048595285662622,0.108942668794641
ENSMUSG00000107002.2,-0.2802133075132913,-0.274992660016965
ENSMUSG00000022774.14,-0.1105882823125566,-0.106038866121372
ENSMUSG00000022772.13,0.0710529741080344,0.0757101703652012
ENSMUSG00000022781.9,0.2196555261620334,0.224001404756206
ENSMUSG00000023791.19,-0.4167243888690014,-0.409835283711685
ENSMUSG00000035790.16,0.3752684938383192,0.373449340905116
ENSMUSG00000052384.15,0.032369784615038,0.0346664304461203
ENSMUSG00000035764.6,-0.512452225935249,-0.508932224186433
ENSMUSG00000022787.11,-0.3539544989228558,-0.347720470194994
ENSMUSG00000014074.18,0.1457477999079104,0.150258772123108
ENSMUSG00000053774.10,-0.5986178464993459,-0.593391342051086
ENSMUSG00000014075.16,0.5852892456131495,0.581690970562044
ENSMUSG00000005615.16,-0.2135507129498356,-0.208752352458832
ENSMUSG00000035699.9,-0.193935193306731,-0.189359815678593
ENSMUSG00000022797.17,0.1443923366175739,0.153300562919297
ENSMUSG00000022791.20,0.8050883056238174,0.810735385535758
ENSMUSG00000075265.5,0.95448893996346,0.961133998177511
ENSMUSG00000035629.20,0.3763662242655749,0.380854798636177
ENSMUSG00000022800.15,-0.3227842904116544,-0.318125159763542
ENSMUSG00000022801.14,0.5640804334903675,0.570672734155495
ENSMUSG00000035578.17,0.452454567198677,0.454515264105854
ENSMUSG00000060636.15,-0.935468351959228,-0.930676958306549
ENSMUSG00000022802.3,-0.4484677185595371,-0.437327464763415
ENSMUSG00000022807.10,0.1735104011496366,0.177850985541444
ENSMUSG00000022808.6,0.179502670642492,0.183991967489312
ENSMUSG00000097318.4,-0.1993307024744793,-0.192212074165688
ENSMUSG00000022811.18,-0.1883851482060008,-0.184169338536187
ENSMUSG00000075254.13,0.1142208841322771,0.122119359152052
ENSMUSG00000090214.10,0.0078282177373944,0.0168640761419286
ENSMUSG00000022817.16,0.5797916720576701,0.58419959076451
ENSMUSG00000022814.7,0.2444560711288304,0.248921585416051
ENSMUSG00000086083.2,0.9652139579884372,0.976256422246832
ENSMUSG00000061751.17,0.2152652439792177,0.219744067019075
ENSMUSG00000022833.8,1.718558919845344,1.69847845355907
ENSMUSG00000022836.12,-0.0238040271454071,-0.0189167800632166
ENSMUSG00000116665.3,0.0232119915776608,0.0282124690304769
ENSMUSG00000116840.2,0.1143763225498446,0.118815104700487
ENSMUSG00000035376.11,0.1513407899301498,0.155697235542828
ENSMUSG00000022840.10,0.5544059368673508,0.561078651556873
ENSMUSG00000034473.15,0.2656822119043427,0.269229974775993
ENSMUSG00000022844.9,-0.5732112041708395,-0.56843312215276
ENSMUSG00000052133.17,-1.4503626811637111,-1.44434952222458
ENSMUSG00000022848.9,-0.3490977513528419,-0.344423361293357
ENSMUSG00000022849.6,1.3342599968083568,1.33179252472404
ENSMUSG00000034422.15,1.8930205308112944,1.8966819341666
ENSMUSG00000049502.18,1.4555287354734847,1.45988762395142
ENSMUSG00000022906.16,1.657976737772577,1.66245000075065
ENSMUSG00000086324.10,-0.2693459497602651,-0.265792764613599
ENSMUSG00000022905.13,-0.4572387588130485,-0.452204204670903
ENSMUSG00000034379.10,0.3306483468823746,0.33010619855722
ENSMUSG00000003955.9,-0.1505934714169735,-0.146119922968784
ENSMUSG00000075229.12,-0.5081404201708488,-0.503335673358345
ENSMUSG00000022901.14,0.0165574966181752,0.0142750435666939
ENSMUSG00000022837.15,0.5454803686642223,0.541799513505744
ENSMUSG00000116908.2,-0.3537134397605082,-0.344920285856009
ENSMUSG00000034243.18,-0.170168288254159,-0.165364202744904
ENSMUSG00000022831.15,0.931796741862787,0.936170387336757
ENSMUSG00000022828.11,0.1756130348378385,0.179585713799451
ENSMUSG00000022827.15,0.6151160344093844,0.618897301297341
ENSMUSG00000022821.14,-0.2028226140244607,-0.198301948840169
ENSMUSG00000022820.5,-0.5345451405997452,-0.529540344368519
ENSMUSG00000022816.12,0.6434206208114798,0.662429332408405
ENSMUSG00000108763.2,0.7158525912136624,0.705956524765133
ENSMUSG00000034158.10,-0.5259761818450395,-0.522022156423134
ENSMUSG00000022812.15,0.2063346483663657,0.211535096870746
ENSMUSG00000022809.5,0.0745036675107702,0.0807366824986418
ENSMUSG00000046516.12,0.227079199396944,0.231617027445196
ENSMUSG00000002847.8,1.3424433570016945,1.34638130552699
ENSMUSG00000002844.10,0.7113373742086649,0.719607326849635
ENSMUSG00000075122.6,0.2609110752393135,0.223743441058214
ENSMUSG00000002846.10,-0.1854472030964967,-0.180783853590189
ENSMUSG00000034064.15,0.3853451138931472,0.389633983905696
ENSMUSG00000002845.15,0.1843998558124841,0.193803235901291
ENSMUSG00000091238.2,-0.355721021055492,-0.34723844567718
ENSMUSG00000022799.5,0.0351566287222103,0.038111860507111
ENSMUSG00000022793.18,0.0695122799967151,0.0694375538189796
ENSMUSG00000022790.15,0.5045608121183524,0.509260791729794
ENSMUSG00000022708.17,-1.0604946093176044,-1.05529901014938
ENSMUSG00000116903.2,-2.028973576667113,-2.02622697544851
ENSMUSG00000081824.6,0.2309280691025296,0.190737326795742
ENSMUSG00000022704.17,-0.3631109790528484,-0.356961709354986
ENSMUSG00000022701.19,0.194053110038659,0.196497862511531
ENSMUSG00000036304.15,0.1370739818816937,0.144794893868413
ENSMUSG00000036292.15,-0.3186275975438048,-0.314480116111174
ENSMUSG00000052459.14,0.1446425360420034,0.149087343934147
ENSMUSG00000022698.18,-0.444254978355954,-0.439351870887279
ENSMUSG00000068284.15,-0.4254118868333935,-0.420572293806796
ENSMUSG00000043065.13,-0.1027857202657425,-0.106616570058337
ENSMUSG00000036208.14,-0.3254694374334876,-0.32217416551109
ENSMUSG00000022668.11,-0.1141580384556013,-0.109440522072625
ENSMUSG00000022667.19,0.8003956588856347,0.802680815166395
ENSMUSG00000062082.17,1.6173332102761295,1.55644700360553
ENSMUSG00000022665.16,1.1793076872051982,1.18698012880322
ENSMUSG00000022664.12,0.0471945350655296,0.0502256156805475
ENSMUSG00000022663.4,-0.5025850610302333,-0.497771446060441
ENSMUSG00000022661.15,0.3709215997220664,0.363590958299896
ENSMUSG00000033157.18,0.4863300896250415,0.493811389816367
ENSMUSG00000086237.2,-0.2869925076209816,-0.263228857271441
ENSMUSG00000033149.18,-0.040805069193844,-0.0363664361852496
ENSMUSG00000085781.3,0.1320601073803948,0.0682419837267695
ENSMUSG00000085826.3,-0.5435798308814904,-0.539795008965215
ENSMUSG00000087141.2,-0.5055390497743453,-0.50076198103125
ENSMUSG00000048087.7,-1.1921734392442924,-1.18707521513928
ENSMUSG00000022656.16,-0.5601411657968053,-0.555273836900454
ENSMUSG00000048164.10,-0.4715728747681681,-0.472439564913068
ENSMUSG00000064061.14,0.7475819014970068,0.74820959267028
ENSMUSG00000033031.14,0.0433642666680394,0.0553867666690422
ENSMUSG00000032965.12,1.0116940593929655,1.00366167953928
ENSMUSG00000055447.20,0.843463024399584,0.847974046330761
ENSMUSG00000022641.16,0.2387500749393728,0.241852741874631
ENSMUSG00000022639.16,0.1169257799775366,0.104642329266957
ENSMUSG00000081453.2,-0.5925001337673249,-0.585556443249451
ENSMUSG00000022637.12,-0.4645029102635937,-0.461285217762585
ENSMUSG00000022636.14,0.0739624750955565,0.0783460905959315
ENSMUSG00000035356.18,0.5523948963376565,0.549130233199477
ENSMUSG00000075033.5,0.4250524353028355,0.434603232518602
ENSMUSG00000022604.19,-1.1320301844000276,-1.12826178296221
ENSMUSG00000102101.2,-0.5081082212435756,-0.508574325388434
ENSMUSG00000022601.12,-0.2024947733362382,-0.201327341669604
ENSMUSG00000071533.12,-0.1843343431941412,-0.17974266072652
ENSMUSG00000044763.9,-0.2479577837115392,-0.244757165736493
ENSMUSG00000052917.16,0.1841476828474298,0.188105009371283
ENSMUSG00000035270.16,0.2990494096882485,0.300141131182422
ENSMUSG00000035258.16,-0.2677158283723738,-0.263768010224886
ENSMUSG00000022757.20,0.0696972968942964,0.0740815283484816
ENSMUSG00000022754.7,0.4587465499238993,0.456000181543668
ENSMUSG00000022752.10,-0.1675509699904876,-0.163017758987463
ENSMUSG00000022751.10,-0.3451081447519678,-0.340403347021791
ENSMUSG00000097876.2,-0.2747306415722705,-0.27149021845078
ENSMUSG00000022749.9,0.0548175547954688,0.0594866540814672
ENSMUSG00000022748.9,0.0455262487643134,0.0522163682351768
ENSMUSG00000043336.15,0.5760882603585361,0.575498975108459
ENSMUSG00000035107.14,0.1148471630330646,0.113634349524609
ENSMUSG00000022747.18,-0.1151485253364348,-0.117866406088244
ENSMUSG00000022742.7,-0.0032615392567692,0.0017355628111071
ENSMUSG00000022744.13,-0.2313502905105579,-0.225294429593757
ENSMUSG00000022724.16,0.3847322509266463,0.388254858731962
ENSMUSG00000022723.17,0.1020813531564328,0.106187945904438
ENSMUSG00000022722.19,0.0661454675717711,0.0581074689233672
ENSMUSG00000050312.13,0.2784929462394506,0.280724820541279
ENSMUSG00000022911.12,0.4971990943661135,0.499586595287045
ENSMUSG00000022912.9,0.1314618569791711,0.134997712401773
ENSMUSG00000059920.10,0.0698459101597865,0.0738974710882064
ENSMUSG00000047141.6,-0.2268522064305959,-0.221353252991075
ENSMUSG00000054604.8,-0.2742570396728711,-0.269437604740281
ENSMUSG00000004843.8,0.1782285132581333,0.183147768303893
ENSMUSG00000022707.18,-0.0673867153312681,-0.0627717630373731
ENSMUSG00000022883.12,-0.0110706779292019,0.0155257051120035
ENSMUSG00000052516.20,-0.308791753917786,-0.286624458760133
ENSMUSG00000032932.16,-0.2506606478608468,-0.245976865811636
ENSMUSG00000022876.19,2.3616522898719152,2.30193115119462
ENSMUSG00000048490.15,-0.0788650225557443,-0.0736738050592104
ENSMUSG00000050299.9,-0.3074256032896625,-0.300607795223073
ENSMUSG00000022867.12,0.362132955255093,0.366461040288951
ENSMUSG00000090386.12,0.4217852374383295,0.419595017330182
ENSMUSG00000109841.4,0.4987723589162719,0.49038749472171
ENSMUSG00000116798.2,0.8408553780151625,0.843005303505281
ENSMUSG00000022865.15,0.5150058648423038,0.519404486184146
ENSMUSG00000022863.16,0.1582688772617579,0.165914821086483
ENSMUSG00000022864.15,0.116625626518337,0.117040898085949
ENSMUSG00000022762.19,0.1281102066867563,0.161066013489474
ENSMUSG00000022889.8,-0.5012584529536991,-0.496886016993426
ENSMUSG00000120279.1,-1.0039419212801235,-1.00848675708878
ENSMUSG00000053062.17,0.3479889661757683,0.357150837908658
ENSMUSG00000022890.14,-0.4962247702961035,-0.491699173244502
ENSMUSG00000008976.17,-0.5499582387362041,-0.545122317557179
ENSMUSG00000022892.12,0.2316153524303326,0.23629496293533
ENSMUSG00000115469.2,0.3838534712439582,0.3957279389946
ENSMUSG00000041134.16,0.3374785587928694,0.344327318288614
ENSMUSG00000022893.15,0.5101926725259965,0.516767427483155
ENSMUSG00000022894.7,-0.6170627828584474,-0.602305560341071
ENSMUSG00000116993.3,-0.1141481301077075,-0.113361937715013
ENSMUSG00000116810.3,-0.4520744095020768,-0.44837124850331
ENSMUSG00000044442.12,0.3835188246659768,0.38406861972515
ENSMUSG00000052299.10,0.1088632579745972,0.11339834441607
ENSMUSG00000041079.13,-0.1632151036778701,-0.158797011571581
ENSMUSG00000025616.15,-0.0383710497597404,-0.0338482473804811
ENSMUSG00000025613.14,0.0829292921978861,0.0873590234236267
ENSMUSG00000093606.3,-0.4160264195376398,-0.458390365873037
ENSMUSG00000120450.1,-1.388792800714957,-1.35235895259964
ENSMUSG00000025612.6,-0.5368246889787874,-0.531879397288502
ENSMUSG00000002489.17,-1.1456045350627186,-1.13611609243487
ENSMUSG00000022982.11,-0.6116574255729454,-0.60691384149418
ENSMUSG00000022983.17,0.0295114117699323,0.0333202812461309
ENSMUSG00000053414.9,0.4095182962178908,0.448728860737018
ENSMUSG00000022978.12,-0.029876441626465,-0.0241648058002339
ENSMUSG00000039956.10,0.4668641169818351,0.471246238488972
ENSMUSG00000039929.15,-0.0695343963685375,-0.0635953423858119
ENSMUSG00000116836.2,0.1949767550093942,0.198743171291213
ENSMUSG00000022972.11,0.2311440640580039,0.235322640259796
ENSMUSG00000022973.19,0.286333026327938,0.290748277474428
ENSMUSG00000087354.3,0.1826640858713651,0.188353927098214
ENSMUSG00000022974.13,0.0485773723003366,0.0532008292872417
ENSMUSG00000022971.19,-0.0070337446729785,-0.0032350523433267
ENSMUSG00000022967.14,-0.074216478552855,-0.0693430937451253
ENSMUSG00000022965.9,0.0657593460431835,0.0699043647777729
ENSMUSG00000022964.15,-0.3086623915511039,-0.305989903300313
ENSMUSG00000085337.2,0.0153798236886033,0.0186700857009311
ENSMUSG00000039763.11,-0.2102495326994305,-0.205480447355598
ENSMUSG00000022962.16,-0.0346336262231398,-0.0296384479169267
ENSMUSG00000022961.19,0.1989294872814114,0.203255520357639
ENSMUSG00000022960.14,0.3772973147657802,0.391589066805104
ENSMUSG00000085169.3,0.3115478714245608,0.287450970550078
ENSMUSG00000058240.15,0.0713956544832173,0.0753840968219564
ENSMUSG00000022957.21,0.4015876814537866,0.4059843549072
ENSMUSG00000022956.12,-0.3162326229538627,-0.311650495413699
ENSMUSG00000087190.3,-0.2929723751634878,-0.289739787832251
ENSMUSG00000039680.11,0.2080457791634774,0.208022941601138
ENSMUSG00000089774.3,-0.7972379896302039,-0.806997516014934
ENSMUSG00000051989.12,-0.4036228930235729,-0.402189019472877
ENSMUSG00000022951.19,1.6399896198324089,1.64423412790477
ENSMUSG00000022948.17,-0.1418891538984097,-0.123293334249998
ENSMUSG00000051483.10,-0.3435486226642443,-0.338178838542337
ENSMUSG00000022946.11,0.9913430029653676,0.997591463587139
ENSMUSG00000097768.4,0.6294423878209757,0.633338497854975
ENSMUSG00000039456.12,0.3523361522166026,0.359241781019318
ENSMUSG00000022945.13,0.6826859831945092,0.681831259280388
ENSMUSG00000047109.14,0.5291361281145281,0.532022902568871
ENSMUSG00000040820.17,0.3604162303756847,0.362480974217572
ENSMUSG00000022941.9,-0.0722340571062286,-0.0572898020093775
ENSMUSG00000022940.18,-0.005626597222925,-0.0006517307979837
ENSMUSG00000040785.20,-0.8616230281938178,-0.856701954120226
ENSMUSG00000022898.14,0.3875217460500919,0.391676641344753
ENSMUSG00000022897.16,-0.0228709113443917,-0.019760307529974
ENSMUSG00000040732.21,-0.1143568557637897,-0.122530380918463
ENSMUSG00000022895.17,-0.1776546531187149,-0.172382044317926
ENSMUSG00000022913.17,-0.0355898481406104,-0.0310162555456443
ENSMUSG00000022914.18,-0.3790202384776231,-0.374503846954483
ENSMUSG00000040681.17,0.0081168742353776,0.0125986832159382
ENSMUSG00000023147.18,0.2054588243674528,0.200928338827209
ENSMUSG00000000159.17,0.1633174194298728,0.167825850498198
ENSMUSG00000000157.17,0.3181173086792358,0.313331758358808
ENSMUSG00000040605.8,0.703462025393251,0.703536568637074
ENSMUSG00000000386.19,5.083331642185925,5.06963647673774
ENSMUSG00000023341.17,3.4415035863442016,3.43590989412233
ENSMUSG00000000385.9,0.8750043421225614,0.881510575343274
ENSMUSG00000005251.16,0.3128763082157978,0.316103450250283
ENSMUSG00000014039.19,0.1860800143041159,0.184111677391946
ENSMUSG00000045975.9,-0.0464459889290344,-0.0418506676385456
ENSMUSG00000046962.17,0.8786837773623454,0.880562906275404
ENSMUSG00000080717.12,1.085722183021721,1.08374525004832
ENSMUSG00000121789.1,0.0996745555045671,0.0991658523085405
ENSMUSG00000046201.10,0.1989726083606216,0.203539889671404
ENSMUSG00000116858.2,-0.9352694120903045,-0.919905733134577
ENSMUSG00000023800.16,-0.1794849846716551,-0.178588668223516
ENSMUSG00000036983.8,-0.1011249794212496,-0.098265068520702
ENSMUSG00000116852.3,-0.1727648827820008,-0.175116396128933
ENSMUSG00000116620.2,0.6729535156876262,0.642247972525901
ENSMUSG00000069729.15,-0.2593826403186973,-0.255324609987091
ENSMUSG00000121103.1,2.582645159186235,2.55456057692642
ENSMUSG00000004945.16,0.2221194921475668,0.226269185726134
ENSMUSG00000034265.9,-1.2273700547430182,-1.21655373038885
ENSMUSG00000002365.11,0.0603547076152227,0.0648284319702524
ENSMUSG00000023805.18,0.1151705106272908,0.121805681062396
ENSMUSG00000015659.13,-0.3040856535507499,-0.300159058640857
ENSMUSG00000034345.15,-0.0113996676921664,-0.0071482007024845
ENSMUSG00000034377.11,-0.3235026334506244,-0.318993311018714
ENSMUSG00000051639.4,-0.5093343547512799,-0.503349428898658
ENSMUSG00000058542.4,0.1906239850346826,0.192528399896511
ENSMUSG00000038141.12,0.1956482767578351,0.184694253224103
ENSMUSG00000092074.3,1.0218331873954714,1.01138961580634
ENSMUSG00000096255.3,0.418583170365012,0.417253503160219
ENSMUSG00000121395.1,0.2421956264160712,0.248188175457474
ENSMUSG00000000579.15,0.0107642800521855,0.0084259447629116
ENSMUSG00000093880.4,0.0426158887334479,0.0012427562680278
ENSMUSG00000052397.9,0.3749816097366827,0.374479947574441
ENSMUSG00000023806.11,0.5302771644271645,0.532486629182344
ENSMUSG00000116618.2,0.6845977393470497,0.677973361978572
ENSMUSG00000052031.9,0.1997305477503168,0.201695970855255
ENSMUSG00000023809.11,-0.3865536026774647,-0.351963710015932
ENSMUSG00000056133.6,0.103598932696557,0.111090076615124
ENSMUSG00000090069.4,-0.8474340034077774,-0.873637594481268
ENSMUSG00000033450.9,0.3564228159064742,0.345367752655312
ENSMUSG00000073471.4,-0.1005860227304516,-0.102687997492106
ENSMUSG00000069135.12,-0.9282080591226084,-0.922835775402836
ENSMUSG00000023861.19,0.0137670950588314,0.018516146518118
ENSMUSG00000087478.3,-0.0732851886024385,-0.0687897306688877
ENSMUSG00000073468.13,-0.1973316960402524,-0.192179106487089
ENSMUSG00000023873.14,5.151649633501594,4.85748409936382
ENSMUSG00000062078.16,-0.0868469120544925,-0.0819513296894725
ENSMUSG00000023826.18,-0.3672263085900256,-0.36419111662443
ENSMUSG00000023827.9,0.8655645534529717,0.822213725546743
ENSMUSG00000014426.10,0.3709063938192692,0.374811400092636
ENSMUSG00000097350.4,-0.0300311133636543,-0.0404765101514463
ENSMUSG00000059481.6,-0.3963177523877094,-0.391622167100873
ENSMUSG00000023828.4,-0.4934197144076884,-0.486945414896264
ENSMUSG00000023829.10,-0.576288113612753,-0.571553059489762
ENSMUSG00000023830.15,0.0141673303876725,0.0184490239107632
ENSMUSG00000078247.7,-0.3359879940972366,-0.273441614793137
ENSMUSG00000068037.12,1.983986979983472,1.95832278737578
ENSMUSG00000073460.6,-1.8384427305182047,-1.84670343776953
ENSMUSG00000057388.10,-0.3651195228868357,-0.359988200501974
ENSMUSG00000068039.14,-0.0192166302722285,-0.0143718866110144
ENSMUSG00000064637.3,-0.8695086036824572,-0.817683372663114
ENSMUSG00000062480.13,0.3635842327383312,0.368056737409583
ENSMUSG00000023832.15,-0.0249201399498685,-0.0201600609974503
ENSMUSG00000060475.14,0.0528229616234925,0.0574555478454267
ENSMUSG00000006818.6,-0.3210869570781026,-0.316476386749695
ENSMUSG00000068036.17,0.347501890121605,0.352763595797841
ENSMUSG00000048826.8,-0.4908798618840064,-0.489025148478406
ENSMUSG00000023886.11,1.3255549257534454,1.33966842769774
ENSMUSG00000023885.10,0.0894576983065538,0.123285978346912
ENSMUSG00000050088.10,-0.0613461803678279,-0.0564041988336515
ENSMUSG00000023883.14,-0.3475792112316903,-0.343399801780402
ENSMUSG00000116953.2,-0.198856758636431,-0.188301367932039
ENSMUSG00000116895.2,-0.1154400266442086,-0.107661783183387
ENSMUSG00000036552.20,0.3003573446255524,0.29426209050941
ENSMUSG00000014773.14,1.270949362983629,1.25534355379332
ENSMUSG00000014763.9,0.163864507196192,0.168185582518961
ENSMUSG00000116718.3,1.1603455556040203,1.16137024182538
ENSMUSG00000014769.11,0.1253411279902023,0.130349394019886
ENSMUSG00000014767.18,-0.0098982911410855,-0.0055967430617277
ENSMUSG00000014771.14,-0.0893149243533412,-0.0839512599048592
ENSMUSG00000051977.17,-0.1543156100085779,-0.151494966933243
ENSMUSG00000023852.15,-0.0083537201656424,-0.0035971174142532
ENSMUSG00000048027.10,0.1594092499389252,0.155633534012325
ENSMUSG00000060149.9,-0.0264454717910439,-0.0204882362795552
ENSMUSG00000120995.1,0.1178452736175986,0.114969843438762
ENSMUSG00000096696.2,-0.4347368202758983,-0.428763637571757
ENSMUSG00000095990.2,0.5011363855001303,0.511545806327587
ENSMUSG00000116802.3,-0.1627552302554728,-0.157582523802071
ENSMUSG00000072761.13,0.0808413183943664,0.0855633278516505
ENSMUSG00000116590.2,-0.5090567994970446,-0.545475828072816
ENSMUSG00000043801.8,-0.1042357828224537,-0.0908181398338272
ENSMUSG00000116564.2,0.137795368544748,0.142269961361248
ENSMUSG00000097379.3,0.1734578787243298,0.181685527042831
ENSMUSG00000023845.8,-0.1239018468887587,-0.119319127385474
ENSMUSG00000080316.12,-0.5433252569013259,-0.554619472223695
ENSMUSG00000045551.8,0.3085477148764872,0.287959616920781
ENSMUSG00000052270.8,2.111364409799593,2.08977288373377
ENSMUSG00000007564.16,0.3334947587005688,0.337704508095434
ENSMUSG00000067942.7,-0.0363787905312449,-0.0331869433523125
ENSMUSG00002075486.1,-0.6691074512566225,-0.684194500543359
ENSMUSG00000023882.16,0.7954198305142883,0.783250413733938
ENSMUSG00000023892.9,0.5108627376645052,0.515012291428616
ENSMUSG00000121093.1,1.0988976643438502,1.10238666580637
ENSMUSG00000057409.8,1.5432146713460668,1.54528252549792
ENSMUSG00000067931.7,0.0034414791328767,0.0113081733602963
ENSMUSG00000035868.10,-0.1960086128585617,-0.194973973507922
ENSMUSG00000073448.5,0.2323281909551726,0.227764188764047
ENSMUSG00000067928.7,0.139222027667971,0.148454205454411
ENSMUSG00000061544.14,0.5867730066582124,0.590301575980953
ENSMUSG00000069743.6,0.7446717267605643,0.743754281803147
ENSMUSG00000078546.9,0.7702961674527103,0.762243911358427
ENSMUSG00000071267.12,0.2106594067038208,0.214983895218562
ENSMUSG00000053347.16,0.1219002904693609,0.125105978897766
ENSMUSG00000063383.6,1.0900821856196576,1.06669744389843
ENSMUSG00000096433.3,-0.1793796957460693,-0.171027894135445
ENSMUSG00000117284.2,0.2682872990114679,0.268161868442207
ENSMUSG00000033972.10,0.0033285868498681,0.0078966264868185
ENSMUSG00000044501.18,0.5023911254276511,0.507558746606181
ENSMUSG00000071266.14,0.0980830223552542,0.10279026208972
ENSMUSG00000117183.2,0.23461809860189,0.245909323463325
ENSMUSG00000059142.17,0.1032240946617975,0.103812843379681
ENSMUSG00000002617.15,-0.0366979538156229,-0.0368737763179559
ENSMUSG00000067882.16,-0.0776043430434172,-0.108030927922082
ENSMUSG00000071256.5,0.2280475469903055,0.232175131991714
ENSMUSG00000062012.15,0.9643332888345784,0.978532238329471
ENSMUSG00000041319.15,0.0848233978608904,0.0900003634019148
ENSMUSG00000023904.11,-0.0066031620648233,-0.0018751222394715
ENSMUSG00000023905.16,0.4309893853546114,0.432479568890724
ENSMUSG00000023909.5,0.0792273248644268,0.0685185626439134
ENSMUSG00000097006.9,1.9881564526696651,1.98937657108141
ENSMUSG00000040097.17,0.8796258597138935,0.882766099674115
ENSMUSG00000115692.2,0.2093042929482294,0.203761470392599
ENSMUSG00000039218.18,-0.1611634110736958,-0.15665735584537
ENSMUSG00000117219.2,0.1468240871559414,0.19930505637053
ENSMUSG00000092981.3,-0.4808674691273802,-0.476011574494284
ENSMUSG00000055839.7,0.0379969558639509,0.0424288003883042
ENSMUSG00000016946.7,0.5707030048206343,0.571004057429707
ENSMUSG00000024122.17,-0.0889969208544841,-0.0841913264100501
ENSMUSG00000036820.13,-0.1770093485457077,-0.175441321054244
ENSMUSG00000024121.14,0.0858001522480241,0.0909180454060448
ENSMUSG00000036473.17,0.1642760441498679,0.167793035785862
ENSMUSG00000117406.2,0.165933302210239,0.186798244287176
ENSMUSG00000085185.12,-0.1939611354007543,-0.166724884012506
ENSMUSG00000024118.15,0.1209927376787217,0.12772046247309
ENSMUSG00000072082.8,0.4003261432599527,0.419864286224425
ENSMUSG00000024130.17,-0.1809110470701136,-0.176254558887321
ENSMUSG00000073437.12,-0.3173180810450535,-0.31287099360496
ENSMUSG00000034681.18,0.0573874418979646,0.0621753486391892
ENSMUSG00000024132.7,-0.4616651057528977,-0.456545014105665
ENSMUSG00000024137.10,-0.3258950329315154,-0.319874119115766
ENSMUSG00000043445.8,-0.63985143253498,-0.634323734468093
ENSMUSG00000024142.16,0.0994257091682822,0.103540619327387
ENSMUSG00000045744.12,0.1777277862552697,0.18129895280001
ENSMUSG00000052752.16,-0.0009627617916482,0.0024516415123041
ENSMUSG00000032855.7,-0.0171512891620732,-0.014252475835842
ENSMUSG00000002496.11,0.0723261498184714,0.0776950020417283
ENSMUSG00000041429.4,-0.2840505286259231,-0.286707216325044
ENSMUSG00000002504.16,-0.2806098050169125,-0.269609687239836
ENSMUSG00000041130.11,-0.2235594687591098,-0.218763446386026
ENSMUSG00000040888.11,0.2177630022741624,0.221681148589659
ENSMUSG00000019320.15,-0.5484274458449969,-0.543735805813079
ENSMUSG00000040688.17,0.1365811545372793,0.140656426194934
ENSMUSG00000044533.16,-0.5031531347004261,-0.498484042885622
ENSMUSG00000040048.15,-0.2981753981198386,-0.293524428278176
ENSMUSG00000075705.14,-0.187970501451231,-0.183239083258401
ENSMUSG00000039628.10,0.4955950187171316,0.503603821191173
ENSMUSG00000024155.9,-0.098827374439779,-0.0966162682514565
ENSMUSG00000024158.18,-0.2380054999703,-0.233204457141396
ENSMUSG00000045316.6,-0.5038380900473977,-0.499562140658388
ENSMUSG00000046070.10,-0.4160302036673023,-0.412346395439036
ENSMUSG00000039183.7,0.0591734302748943,0.0637957287608618
ENSMUSG00000024160.18,0.6912408217179554,0.693876736617299
ENSMUSG00000073436.12,0.8867355425327286,0.891343067553456
ENSMUSG00000024163.19,0.3237684203917952,0.328235542152439
ENSMUSG00000038880.14,0.1126685904213846,0.11752045242253
ENSMUSG00000073435.11,-0.3702122349983,-0.363505680085056
ENSMUSG00000024165.10,1.063676705295025,1.06650611973889
ENSMUSG00000038002.10,0.0288539886095833,0.0351845167150819
ENSMUSG00000024169.17,0.1574013544433056,0.163437287474823
ENSMUSG00000024168.9,-0.2507303406553301,-0.243878320137666
ENSMUSG00000024170.16,0.4565642300511661,0.46220288805038
ENSMUSG00000036636.11,0.0128892681344694,0.0177238145028534
ENSMUSG00000067722.5,-0.155466686906091,-0.150371115227141
ENSMUSG00000015127.15,0.3672774427940202,0.371023100836195
ENSMUSG00000035521.14,-0.3658600323247398,-0.360973074977498
ENSMUSG00000015126.11,0.3065577143219903,0.305745364312883
ENSMUSG00000047507.14,-0.2138756888299421,-0.206593296203184
ENSMUSG00000015120.17,-0.0403891328202118,-0.0357122659018673
ENSMUSG00000121610.1,-0.1785297406288757,-0.166090203232964
ENSMUSG00000002279.20,-0.1305137726539406,-0.125865981851498
ENSMUSG00000041199.4,1.1198547115651687,1.13564198756328
ENSMUSG00000063011.8,-0.2020438971252127,-0.144543674360969
ENSMUSG00000002280.12,0.0438271733683194,0.0493096557763365
ENSMUSG00000061046.10,0.1893026182267141,0.189823489070098
ENSMUSG00000057411.10,-0.1390336501952607,-0.135390575241631
ENSMUSG00000002274.15,-0.6524903647709082,-0.650825115992677
ENSMUSG00000025737.6,0.1176018899811569,0.122744769159316
ENSMUSG00000025736.16,0.0159092826352466,0.0206091990878112
ENSMUSG00000039615.10,-0.0409225948166768,-0.0361956214369435
ENSMUSG00000093076.3,-0.2484349485964017,-0.259173705990624
ENSMUSG00000120308.1,-0.614923511832997,-0.593726856777015
ENSMUSG00000025733.18,0.0224418195295953,0.0273029152163941
ENSMUSG00000073434.13,-0.1389403328519892,-0.121201733809154
ENSMUSG00000025732.7,-0.5540320491405523,-0.549309066046507
ENSMUSG00000025731.17,-0.7776475403217128,-0.772875946086233
ENSMUSG00000025730.16,0.0201096270668685,0.0243247346214587
ENSMUSG00000084862.2,0.5080143168948061,0.507718729548813
ENSMUSG00000025728.17,0.28820862521804,0.292778900189921
ENSMUSG00000097405.3,0.0847713439235201,0.0857195563348398
ENSMUSG00000037326.11,0.0884524456744621,0.0930332067791396
ENSMUSG00000097523.4,0.3193484234806499,0.328938643361209
ENSMUSG00000037098.19,0.4019345310939929,0.40929600133783
ENSMUSG00000036775.14,-0.7421706556303836,-0.73727540704627
ENSMUSG00000024177.10,0.61733625037006,0.634584291369435
ENSMUSG00000049124.5,0.1006422025487288,0.0920486189119637
ENSMUSG00000024180.15,0.3944920901195862,0.399279168075405
ENSMUSG00000024181.10,-0.5229804237213803,-0.518249654801566
ENSMUSG00000024182.19,0.1010319611901412,0.106710913335612
ENSMUSG00000024187.16,-0.1584653281441563,-0.153004330427733
ENSMUSG00000024188.17,-0.040774818446616,-0.0358113997517337
ENSMUSG00000089764.3,-0.8621780426786555,-0.836895849906375
ENSMUSG00000024190.8,-0.0143391073470667,-0.0031483652527819
ENSMUSG00000001576.16,0.3267723059210057,0.331321787466503
ENSMUSG00000015575.16,0.0917092580901765,0.0954907366174279
ENSMUSG00000048249.15,-0.3071371429581584,-0.302268098277233
ENSMUSG00000024191.16,0.1540022375027406,0.158250705260686
ENSMUSG00000118147.2,-0.3079420068483712,-0.302470677708585
ENSMUSG00000024193.9,-0.1854529831593886,-0.181270386630685
ENSMUSG00000024194.17,-0.0845440993479478,-0.0779735088618377
ENSMUSG00000067629.14,-0.2840695643522648,-0.289403633361045
ENSMUSG00000117819.2,-1.0745668295506108,-1.06435715212129
ENSMUSG00000118007.2,0.0584280765044155,0.0492614095521814
ENSMUSG00000048731.16,-0.0291970873297281,-0.0272774105795336
ENSMUSG00000057789.15,0.6847715355243968,0.688177149591522
ENSMUSG00000042644.10,0.7163809431982324,0.703231028682833
ENSMUSG00000024208.17,-0.0449223268937578,-0.0429887162196906
ENSMUSG00000044857.9,0.1389212955448998,0.142775246338351
ENSMUSG00000097090.2,-0.0770909647338557,-0.0669200373231001
ENSMUSG00000046711.17,0.2941534861477672,0.300790815081358
ENSMUSG00000062753.15,1.370269797158962,1.34621191509945
ENSMUSG00000024213.15,-0.2183967378848429,-0.213580069461423
ENSMUSG00000056692.14,-0.1896767101091633,-0.185128617121576
ENSMUSG00000024217.11,0.4486897237775173,0.452696655579469
ENSMUSG00000039512.13,0.1696107509665314,0.174060414041882
ENSMUSG00000024218.14,0.2853244920666171,0.289289485842802
ENSMUSG00000117216.2,-1.1029635619654747,-1.04618908644633
ENSMUSG00000024219.17,-0.009616589083429,-0.0042248586482758
ENSMUSG00000117171.2,-0.9295707881137382,-0.929461209942007
ENSMUSG00000024220.15,-0.4284580447715004,-0.423791362213426
ENSMUSG00000002250.17,0.1866515499187645,0.191693170178109
ENSMUSG00000007570.17,-0.179999508777528,-0.177881812331914
ENSMUSG00000037805.16,-0.7302356333388278,-0.725363807709356
ENSMUSG00000002249.22,0.3366529721725285,0.338459653690436
ENSMUSG00000024222.19,0.5714864656868182,0.578978756465654
ENSMUSG00000117084.2,0.2070280279528681,0.201261849120828
ENSMUSG00000004865.17,0.2029203225844292,0.207575952796756
ENSMUSG00000053436.16,0.1287250834156133,0.133419910873205
ENSMUSG00000063952.17,-0.1308718586470117,-0.12631400876362
ENSMUSG00000005936.20,0.4079252248589368,0.412395284476946
ENSMUSG00000024006.18,-0.2119103402041926,-0.20659440545432
ENSMUSG00000071172.14,0.4259998839982804,0.430657445026899
ENSMUSG00000117007.2,4.359108380839304,4.17751675580757
ENSMUSG00000085912.3,5.032392870093626,4.79325908172406
ENSMUSG00000023067.15,6.737447676266123,6.72343799378343
ENSMUSG00000117050.2,5.855443212749987,5.7459335630311
ENSMUSG00000024007.16,0.3758413395301828,0.378037401640215
ENSMUSG00000052712.18,0.4201549225640729,0.424681111100618
ENSMUSG00000024012.19,-0.2616079611579451,-0.256856731451647
ENSMUSG00000024013.16,-0.3662760831312251,-0.370706754618354
ENSMUSG00000097125.4,-0.83327069075495,-0.854419890727444
ENSMUSG00000024014.9,-1.5561783956773352,-1.54946355377131
ENSMUSG00000042203.9,0.4064560993635989,0.409514207953924
ENSMUSG00000089900.3,0.7191829938494165,0.747190204925605
ENSMUSG00000090083.12,-0.1402545063679112,-0.145122977950957
ENSMUSG00000098374.2,-0.293753605146612,-0.281230442648007
ENSMUSG00000024019.19,-0.2101743860405391,-0.204643261932671
ENSMUSG00000024018.19,0.1687767049631196,0.173354675428092
ENSMUSG00000044477.13,0.2215053781900623,0.226095862654094
ENSMUSG00000062202.15,-0.1156530125716931,-0.110218654600693
ENSMUSG00000117725.2,0.2181334778014667,0.22247707426614
ENSMUSG00000024026.14,-0.5317465902743232,-0.527162415463365
ENSMUSG00000118053.2,-0.8918692861344676,-0.889326977656061
ENSMUSG00000121758.1,-0.568227693895422,-0.563528465440906
ENSMUSG00000033826.11,-0.505115311761719,-0.528483170317374
ENSMUSG00000117786.2,-0.1500908166999107,-0.141667990112055
ENSMUSG00000024030.8,-0.213633390987106,-0.209357501045214
ENSMUSG00000086010.10,-0.5042411533425561,-0.504138484562655
ENSMUSG00000024032.8,-0.6584085858887712,-0.655380500945985
ENSMUSG00000024036.17,0.3261226397745192,0.317042895486535
ENSMUSG00000041119.13,0.729739187324327,0.729896597959942
ENSMUSG00000118081.2,0.8623140939966358,0.866445742418601
ENSMUSG00000024037.14,-0.5799632284962554,-0.574346436155814
ENSMUSG00000118049.2,-0.7290654385955878,-0.708091010961021
ENSMUSG00000024038.18,-0.4603072177275393,-0.456048524598808
ENSMUSG00000006705.14,-0.2850156213215797,-0.279868619938244
ENSMUSG00000118239.2,-0.7551070398622562,-0.737926224901282
ENSMUSG00000024039.16,-0.1310860378400897,-0.126467022240829
ENSMUSG00000061613.14,0.5613211332292816,0.565583190959054
ENSMUSG00000024042.8,-0.6544151674221059,-0.632391546401133
ENSMUSG00000117879.2,1.6993457677123431,1.69363864539842
ENSMUSG00000058392.14,0.4317562701373458,0.437588353019324
ENSMUSG00000097305.4,-1.8101531079851936,-1.7589104044738
ENSMUSG00000038146.9,-0.2220756294438759,-0.226325446787022
ENSMUSG00000024002.19,0.2329444736709851,0.236974262388821
ENSMUSG00000097217.4,-0.8159010410953756,-0.800841456489508
ENSMUSG00000024045.7,-0.0883197424144385,-0.0837097232883232
ENSMUSG00000002625.11,-0.1007229252150485,-0.0965807698920462
ENSMUSG00000024050.19,0.0278082220498849,0.0322884504560025
ENSMUSG00000117872.2,0.5620819018063616,0.565360072809028
ENSMUSG00000079563.11,0.3223345776720432,0.326412777474617
ENSMUSG00000091586.3,0.3193222945351476,0.323854039661449
ENSMUSG00000048440.17,1.6296010560146252,1.62731690160124
ENSMUSG00000073424.10,-0.1957886607096391,-0.191140923207725
ENSMUSG00000024298.16,-0.938231634428405,-0.933407868388789
ENSMUSG00000091968.2,-2.265131274079218,-2.21033476744197
ENSMUSG00000097030.2,0.1104414519235256,0.121345386506193
ENSMUSG00000095253.5,0.2759076710586819,0.281888455290715
ENSMUSG00000095325.4,0.4469652990231041,0.450037695717638
ENSMUSG00000024292.16,-0.131040886418722,-0.125755228299774
ENSMUSG00000024055.16,-0.2649988024543171,-0.260026541273791
ENSMUSG00000053600.9,-0.4152408156270805,-0.404155418614299
ENSMUSG00000053390.17,0.2234003844483878,0.227613026488561
ENSMUSG00000067430.8,0.2147445250063308,0.243322486127743
ENSMUSG00000067424.14,-0.0721990768781731,-0.0684796514110807
ENSMUSG00000094441.3,0.1248380908283229,0.116319428085487
ENSMUSG00000096910.3,-0.1714494240945648,-0.171267699914858
ENSMUSG00000091515.6,-0.2442757145734143,-0.222161669696026
ENSMUSG00000003929.12,-0.0624280923740202,-0.0617740332864013
ENSMUSG00000055240.18,-0.4689425456457674,-0.467911399939619
ENSMUSG00000024299.18,-0.5188593236216659,-0.516822486024635
ENSMUSG00000024300.18,1.465796144184629,1.47553324446219
ENSMUSG00000073423.11,0.1078657602098893,0.111774529866074
ENSMUSG00000059208.16,0.2539435080007425,0.2590593583372
ENSMUSG00000079557.12,-0.5374525670430031,-0.532774010590663
ENSMUSG00000077450.14,0.0297182982644725,0.0343511154031092
ENSMUSG00000090952.4,-0.5275872866488995,-0.520010885991336
ENSMUSG00000002289.17,-0.1715678509224477,-0.165510777973183
ENSMUSG00000042099.17,-0.1377587028360825,-0.124306018379799
ENSMUSG00000067288.14,-0.4945362559451728,-0.491056002598122
ENSMUSG00000041881.14,-0.4167584446495997,-0.412287042726724
ENSMUSG00000002308.17,-0.5332217503217105,-0.529967198941381
ENSMUSG00000092564.4,-0.5887885745275813,-0.576623386742272
ENSMUSG00000002307.17,1.2529476690591193,1.25655691173583
ENSMUSG00000024308.16,1.7859627556948825,1.79028113249626
ENSMUSG00000051390.11,-0.1415822595595531,-0.13072149671805
ENSMUSG00000101438.4,1.688650986255528,1.69059701003616
ENSMUSG00000041354.17,0.1588419500839997,0.162802775220607
ENSMUSG00000024309.16,-0.1031189438228585,-0.100871237766702
ENSMUSG00000117603.2,-0.2523560612810357,-0.261814631965528
ENSMUSG00000024312.11,0.0395843139744944,0.0445141524143021
ENSMUSG00000067370.5,0.4779533038416211,0.456004652620536
ENSMUSG00000008668.16,-0.4407870777824381,-0.436175275957729
ENSMUSG00000024319.19,0.4985501410571214,0.503242144389242
ENSMUSG00000121503.1,2.9740557107263057,2.97943506478759
ENSMUSG00000061232.17,2.353136910734416,2.35779300465857
ENSMUSG00000024325.9,0.3534064761665185,0.359463538076623
ENSMUSG00000024327.17,-0.1134000279169336,-0.114750429938511
ENSMUSG00000039656.18,-0.122660846994209,-0.117978334296217
ENSMUSG00000024330.18,0.9471520956618706,0.948001201139525
ENSMUSG00000024335.21,0.1800414251052089,0.185020865599049
ENSMUSG00000037649.11,-0.1485189848308503,-0.167191695710599
ENSMUSG00000096727.4,2.689001633898919,2.68987563815719
ENSMUSG00000037321.18,2.777307370684568,2.77418904521473
ENSMUSG00000024338.16,3.414342855131816,3.41790134799674
ENSMUSG00000092550.3,3.191799460158894,3.19492005041885
ENSMUSG00000024339.13,2.170254016877023,2.17335366982921
ENSMUSG00000081512.2,2.237249842515161,2.23841099428912
ENSMUSG00000073421.7,0.5911299606872775,0.59791419855628
ENSMUSG00000036594.16,0.6519068997071651,0.657723113770421
ENSMUSG00000060586.12,0.5547549565135949,0.555440772501626
ENSMUSG00000036322.14,0.010476563157109,-0.0097587939504693
ENSMUSG00000015468.15,-0.513635575211986,-0.513072110521803
ENSMUSG00000034786.18,-0.3470539906058905,-0.344438822302045
ENSMUSG00000034673.15,0.0606265308285669,0.0649851590509777
ENSMUSG00000015478.14,-0.5836247689419373,-0.579199973118751
ENSMUSG00000092395.2,-0.4825784108567831,-0.479938527746426
ENSMUSG00000034254.18,0.1470152111057105,0.148438923304098
ENSMUSG00000015474.17,-0.0842220486049419,-0.0783558356919369
ENSMUSG00000120681.1,-0.7114770315215381,-0.715849085947753
ENSMUSG00000033739.9,0.1103781971077365,0.114902690789563
ENSMUSG00000015461.16,0.5192120888774838,0.523661577801008
ENSMUSG00000033327.19,-0.1362324282759608,-0.105563404532597
ENSMUSG00000092471.2,-0.2687710653969444,-0.263781921807954
ENSMUSG00000073418.5,0.3605936211269947,0.365284785903625
ENSMUSG00000024365.10,-1.375727911797326,-1.39803815747184
ENSMUSG00000015451.18,-0.0763988304407219,-0.0714740610812011
ENSMUSG00000061207.12,-0.4140004097742797,-0.413095324980319
ENSMUSG00000040482.17,-0.1026357856190881,-0.0978697769568924
ENSMUSG00000040356.17,0.062644647428947,0.0670843715501193
ENSMUSG00000024369.17,0.3531186052611726,0.359596912174627
ENSMUSG00000090231.11,1.117710559628783,1.1170699038562
ENSMUSG00000024371.15,1.315099058790885,1.31953277645597
ENSMUSG00000049823.10,-0.6690240103136892,-0.663082853217488
ENSMUSG00000013787.16,0.0658844910407716,0.0707433480517537
ENSMUSG00000007038.6,-0.4715359697776285,-0.467193269100421
ENSMUSG00000092203.9,-0.3513064118422856,-0.342818939705237
ENSMUSG00000090877.4,0.8728326297896896,0.886413393204701
ENSMUSG00000091971.4,2.456208611472561,2.41834770497294
ENSMUSG00000092609.2,1.164969370701716,1.14274183306765
ENSMUSG00000007033.5,-0.6243475854561722,-0.609039423429481
ENSMUSG00000073415.5,-1.0542486269306242,-1.04486752159445
ENSMUSG00000007050.18,0.2214554017348055,0.22320958401122
ENSMUSG00000120992.1,2.053964721232602,2.05656683465775
ENSMUSG00000007029.17,0.3457244622401336,0.350945258296864
ENSMUSG00000007035.16,-0.4461713051326399,-0.434906700837817
ENSMUSG00000120973.1,-0.307131155156403,-0.292832467972365
ENSMUSG00000007041.10,0.7481304904852654,0.752018110924539
ENSMUSG00000007039.13,0.1332956759209363,0.126683662570205
ENSMUSG00000007036.16,0.0546270004012589,0.0591495895740407
ENSMUSG00000024387.14,-0.1419112820381069,-0.137078536101586
ENSMUSG00000092417.4,-0.2254285420503912,-0.221076837233626
ENSMUSG00000092241.2,-0.4307484863635594,-0.426368490859925
ENSMUSG00000043311.8,0.3055392463040862,0.310079470871665
ENSMUSG00000024391.8,-0.0452802043648677,-0.0407890875566284
ENSMUSG00000024392.18,0.0513708770686153,0.0555707948159366
ENSMUSG00000024393.15,0.3953027766285199,0.399679652407147
ENSMUSG00000024397.15,0.7052977673668186,0.686810871966669
ENSMUSG00000073412.7,1.054949322958473,1.05264921124083
ENSMUSG00000042419.9,-0.1619864333905254,-0.150382211312755
ENSMUSG00000081650.2,-0.1890203331034127,-0.177148061791609
ENSMUSG00000024403.17,-0.2434821056842835,-0.238111751919645
ENSMUSG00000019432.16,0.7697799673786057,0.774468472425913
ENSMUSG00000073411.13,2.3507009447315803,2.35540951190372
ENSMUSG00000079507.11,2.4198338324522006,2.41447963019403
ENSMUSG00000091705.9,1.9300950458444628,1.92714737085902
ENSMUSG00000079505.3,2.744387651549536,2.74618756529292
ENSMUSG00000035929.12,2.63913525969956,2.64314106840995
ENSMUSG00000055413.13,3.00262150197594,2.99148210875187
ENSMUSG00000073409.13,3.4530196569633804,3.44840753757966
ENSMUSG00000060550.18,3.5713785991033635,3.56598403823177
ENSMUSG00000067235.15,0.7385148781220205,0.743151982915209
ENSMUSG00000050410.16,-0.4240406151678897,-0.41425040652249
ENSMUSG00000040312.15,1.380817880385626,1.36185653665062
ENSMUSG00000092389.3,0.2223842963247916,0.243755919899809
ENSMUSG00000038838.16,-0.0715091752702395,-0.06734542277179
ENSMUSG00000001524.15,-0.0506801515754429,-0.043722563584107
ENSMUSG00000003534.18,-0.008164303854639,0.053374049495616
ENSMUSG00000059714.14,0.2513766712495422,0.255408216420482
ENSMUSG00000001525.11,0.5219593250115445,0.528059901518085
ENSMUSG00000061607.16,0.387973947464272,0.393174467451811
ENSMUSG00000034595.18,0.9484220058372386,0.957856691334692
ENSMUSG00000024422.15,-0.3614193705081903,-0.356454574478645
ENSMUSG00000050705.16,-0.1359768833797724,-0.13109527888289
ENSMUSG00000084998.2,0.1719436459554948,0.177207286920914
ENSMUSG00000024426.18,-0.4586381923644579,-0.457459674436793
ENSMUSG00000024436.17,0.416062296309384,0.419736785296469
ENSMUSG00000039220.17,-0.1156891002241464,-0.110672752987509
ENSMUSG00000038762.16,0.0917011814391452,0.0965068588984975
ENSMUSG00000038500.16,-0.4720210431077519,-0.468031111948823
ENSMUSG00000024429.10,-0.2262257536226999,-0.221551849981785
ENSMUSG00000092368.3,2.9128449491917103,2.91255522987707
ENSMUSG00000053835.18,2.668855154156653,2.65961936531597
ENSMUSG00000067212.9,2.235584086592729,2.23998876722141
ENSMUSG00000056116.19,2.923182435100029,2.92759771675437
ENSMUSG00000073407.2,2.8751009357866755,2.83217982703415
ENSMUSG00000079492.3,1.7735316937014354,1.79260417007174
ENSMUSG00000091373.5,2.791075907628083,2.7614666852899
ENSMUSG00000073405.7,2.2487760718645786,2.23481526719866
ENSMUSG00000092243.9,2.3724118725511123,2.37054931426941
ENSMUSG00000079491.11,2.5182613828654627,2.52026143221907
ENSMUSG00000121510.1,2.386709069685397,2.39044569802438
ENSMUSG00000073402.12,1.6871301120424502,1.67715157177389
ENSMUSG00000092474.2,0.3359072720923453,0.359796646792453
ENSMUSG00000054128.17,1.991880969815703,1.97841900653125
ENSMUSG00000024446.14,-0.2360009829845172,-0.233457302481108
ENSMUSG00000045409.17,-0.3881587987606559,-0.382886102626658
ENSMUSG00000024457.18,0.7347330386830822,0.739172098092076
ENSMUSG00000036492.13,-0.7495417876024542,-0.739734831602511
ENSMUSG00000036398.14,0.3958122285911168,0.400128143316962
ENSMUSG00000036315.14,-0.0546678145867697,-0.0504463697532481
ENSMUSG00000036214.15,0.4420744081499486,0.437711567843124
ENSMUSG00002076029.1,0.7155614075289098,0.725214626481225
ENSMUSG00000024462.18,-0.3623298665818002,-0.362729326954395
ENSMUSG00000035186.7,6.4287432572024255,6.30939083144356
ENSMUSG00000016206.7,1.3970774691139924,1.41347271719394
ENSMUSG00000119584.1,-0.4089991599525487,-0.403943555027308
ENSMUSG00000023919.10,0.2140377177771654,0.218565416815188
ENSMUSG00000023921.10,-0.3110948452940289,-0.306479204256239
ENSMUSG00000061665.8,-0.0062130013741756,-0.0017469968459317
ENSMUSG00000023915.6,0.4044949932585074,0.406222891407344
ENSMUSG00000041293.6,-1.4825323995437836,-1.45828168763751
ENSMUSG00000056492.7,-0.0346765235466922,-0.0302270112221274
ENSMUSG00000023913.18,0.0213540443520797,0.0183192212453272
ENSMUSG00000090307.8,0.0108869355253651,0.0263586344892604
ENSMUSG00000023912.11,-0.0476045022715965,-0.0243668414242456
ENSMUSG00000023963.11,-0.5401421748618495,-0.532620242085123
ENSMUSG00000039601.17,-0.1605509146114716,-0.166279076372652
ENSMUSG00000023960.14,0.1013035160734909,0.10568595888881
ENSMUSG00000023961.17,0.7330972152332604,0.736957152654081
ENSMUSG00000023959.11,1.1240573815991994,1.11991839441622
ENSMUSG00000038954.15,0.0214677113207372,0.0267976764815624
ENSMUSG00000023932.10,0.0635475687382855,0.0679526487886493
ENSMUSG00000097119.3,0.1547864834293203,0.159196961545109
ENSMUSG00000023938.9,-0.0026416774085051,0.0015878867745124
ENSMUSG00000023947.9,0.9261422931922396,0.931354041699773
ENSMUSG00000037089.12,-0.096560437159205,-0.0917989523374786
ENSMUSG00000023944.15,0.4167191698410254,0.421787011530891
ENSMUSG00000023942.16,0.0528067972190678,0.0585170175236508
ENSMUSG00000067389.4,0.0941123711905056,0.10018617178506
ENSMUSG00000036026.16,-0.1818550730770408,-0.17763470469018
ENSMUSG00000086472.2,-0.1386478827961002,-0.134742597377146
ENSMUSG00000023939.8,-0.1791254224660582,-0.17605521184551
ENSMUSG00000023951.19,-0.8957566310808102,-0.891125596213695
ENSMUSG00000023967.10,-0.0939243868427518,-0.0893384473140879
ENSMUSG00000034509.10,-0.0439710150966377,-0.0465492618222447
ENSMUSG00000023952.14,-0.0424020623108407,-0.037468798649772
ENSMUSG00000023953.10,0.2134616643973047,0.213218236857525
ENSMUSG00000067150.7,-0.0122871606334821,-0.0081363981012438
ENSMUSG00000067148.16,0.020882970512478,0.0254831667512084
ENSMUSG00000071074.10,-0.0560580295375432,-0.0515753706116698
ENSMUSG00000012296.17,0.1205120261372727,0.131907462020194
ENSMUSG00000032842.14,-0.1671500664179745,-0.161185031164069
ENSMUSG00000015597.18,-0.3531696668680026,-0.348170409263275
ENSMUSG00000023968.16,-0.8961842804242368,-0.885281132117914
ENSMUSG00000067144.8,-0.7876789728508263,-0.786775020759971
ENSMUSG00000015599.10,2.7904441357702026,2.75296949072351
ENSMUSG00000040658.8,0.1476391166742663,0.150513135150069
ENSMUSG00000040327.17,0.2221328084546083,0.225264750647439
ENSMUSG00000015605.7,0.1789332459992661,0.18262134706304
ENSMUSG00000023972.11,0.593311390802159,0.581611793545589
ENSMUSG00000003546.11,0.0049139623800953,0.0095722506731163
ENSMUSG00000002767.14,-0.2724275119385519,-0.267172778211947
ENSMUSG00000038545.14,0.8754521570860732,0.879068052967037
ENSMUSG00000023971.10,0.1630758931173281,0.168478235840154
ENSMUSG00000063576.13,-0.5784238781110409,-0.573653081274729
ENSMUSG00000002768.9,0.2011638882896518,0.205457808083366
ENSMUSG00000059409.10,0.0269726316128668,0.0313082077002296
ENSMUSG00000002763.17,-0.2990364665691546,-0.294418240378557
ENSMUSG00000002769.10,-0.5950259432155824,-0.59031710481421
ENSMUSG00000023973.14,-0.1872890483981814,-0.182794130293955
ENSMUSG00000062619.7,-0.7602044479673961,-0.754684522206988
ENSMUSG00000063888.8,0.2224817936878347,0.226963319480643
ENSMUSG00000036568.8,-0.073564649076443,-0.0688512801450998
ENSMUSG00000036430.9,0.3684495630624894,0.368479552177263
ENSMUSG00000023977.16,-0.8626416602376034,-0.857781998635053
ENSMUSG00000034729.17,-0.2719573108387205,-0.267359671354004
ENSMUSG00000047150.9,-0.2439213982587956,-0.242806048566274
ENSMUSG00000034382.15,0.6238438301290578,0.629062596900592
ENSMUSG00000023980.8,-0.2042311100431428,-0.200874148786132
ENSMUSG00000034165.17,-0.1267548875761562,-0.121861234626093
ENSMUSG00000023988.9,0.1063930126117716,0.114037985395731
ENSMUSG00000092558.4,0.3513355084162583,0.355570453807801
ENSMUSG00000083672.2,-0.2402400406108585,-0.258406868488982
ENSMUSG00000090115.8,-0.3559074930627243,-0.362124388830019
ENSMUSG00000084880.2,-0.3259950937817703,-0.321271318548892
ENSMUSG00000023266.12,-0.2382001357931939,-0.230662307766549
ENSMUSG00000023990.19,-0.8532529952502654,-0.844634310975339
ENSMUSG00000023991.17,0.3329348394655942,0.33752477320517
ENSMUSG00000043939.17,4.939642799806091,4.6456302022703
ENSMUSG00000051682.16,-0.0757156562461287,-0.0724242978493414
ENSMUSG00000071068.8,3.489581693292961,3.33748193067639
ENSMUSG00000043740.16,1.2577207654176128,1.25390631301703
ENSMUSG00000023994.14,0.0541103902140133,0.0580571819817699
ENSMUSG00000040771.15,-0.2030717061332982,-0.198107887376575
ENSMUSG00000117221.2,-0.7667415932760745,-0.756429505985758
ENSMUSG00000064120.15,0.0634353898463478,0.0678495920663554
ENSMUSG00000040260.9,-0.052040735015436,-0.0607595874030872
ENSMUSG00000039316.15,-0.394691179453432,-0.376755904514949
ENSMUSG00000038910.8,0.1215154759283202,0.122319366476574
ENSMUSG00000023923.11,0.3144274794287522,0.318759383143514
ENSMUSG00000017831.9,-0.1387269327699952,-0.134503788620567
ENSMUSG00000044957.4,-0.4156666127547408,-0.409766258485551
ENSMUSG00000000708.15,-0.3082272015916173,-0.303791900896625
ENSMUSG00000023122.7,0.2020914852815885,0.206123485350747
ENSMUSG00000024174.10,0.4344905602718609,0.449056144836307
ENSMUSG00000032915.7,0.3708273253217347,0.376424287592514
ENSMUSG00000057835.8,0.5147210203746063,0.513206009165103
ENSMUSG00000003198.11,-0.0819842013251742,-0.0888835146551506
ENSMUSG00000062101.13,0.1125714347485211,0.110177116137966
ENSMUSG00000003208.10,-0.0328670635174494,-0.0321013750619398
ENSMUSG00000038781.8,0.001752762026521,0.0065855250172988
ENSMUSG00000003199.17,-0.1480949331860875,-0.14285865167898
ENSMUSG00000003200.11,0.1042196396979845,0.107956699227639
ENSMUSG00000002835.10,-0.469325892702781,-0.464694371003463
ENSMUSG00000019578.12,-0.4860858563079282,-0.481332803054357
ENSMUSG00000002833.12,-0.0731294379576792,-0.0690335761204819
ENSMUSG00000002831.16,-0.3254208943347855,-0.320002274106567
ENSMUSG00000011305.12,0.0205774471686618,0.0315339091568419
ENSMUSG00000037095.9,0.6270595499911568,0.631348273468453
ENSMUSG00000121227.1,0.5831336065546918,0.587127423766903
ENSMUSG00000001227.13,-0.5306996222426419,-0.522746716725214
ENSMUSG00000044469.9,-0.3824933454617036,-0.38434814414337
ENSMUSG00002075797.1,-0.5010336517175783,-0.492678015325705
ENSMUSG00000019579.14,0.0922263155409519,0.0967563280767651
ENSMUSG00000001229.10,0.4395244294134913,0.443351524399015
ENSMUSG00000043683.5,0.0682664973388737,0.0734681834208535
ENSMUSG00000047123.9,0.4987109483937099,0.502992961469001
ENSMUSG00000024197.11,-0.1806882614454987,-0.177188685956236
ENSMUSG00000024201.13,-0.1827834213615511,-0.178482584636904
ENSMUSG00000013236.18,0.0107443026450739,0.0147890949241831
ENSMUSG00000042625.17,-0.0694005401903242,-0.0645882403186076
ENSMUSG00000071054.13,-0.0590180930202595,-0.0544904938174723
ENSMUSG00000049760.7,-0.4176217593855605,-0.412658130798191
ENSMUSG00000120175.1,-1.8594341077195404,-1.82099706128965
ENSMUSG00000057863.7,-0.5927584755915736,-0.589809245165389
ENSMUSG00000041168.11,-0.2505025860837876,-0.246122500630987
ENSMUSG00000040828.11,-0.1673184345942195,-0.151906101356059
ENSMUSG00000002372.10,0.3180783747570365,0.322655832402059
ENSMUSG00000054723.7,0.1893420588118805,0.192245000035507
ENSMUSG00000002379.8,-0.1013049467088812,-0.0964520737658817
ENSMUSG00000007603.10,-0.3946598358478965,-0.38563276420481
ENSMUSG00000024206.16,-1.0012928761034574,-1.01454566933796
ENSMUSG00000024212.10,0.2177547573104115,0.223332966495044
ENSMUSG00000002660.9,-0.0944555395157925,-0.0893645468591435
ENSMUSG00000002661.15,0.5331341990719277,0.532755288780022
ENSMUSG00000002658.10,0.7398738379307407,0.745566652103839
ENSMUSG00000109739.2,0.11942054506385,0.128251423745072
ENSMUSG00000007670.11,0.1289209567567256,0.133016268125466
ENSMUSG00000091390.2,-0.5370375422462509,-0.532813078057049
ENSMUSG00000046329.15,-0.6255451963119031,-0.620822494357625
ENSMUSG00000044279.16,-0.0386243259968917,-0.0322147388551544
ENSMUSG00000002668.9,0.389017333728754,0.391633161638921
ENSMUSG00000024164.16,-0.0051935563013717,-0.0003729699710111
ENSMUSG00000005823.10,-0.2592914483871952,-0.254518912636108
ENSMUSG00000019487.12,-0.4286240087332347,-0.419569975964875
ENSMUSG00000034116.18,0.1831699633723863,0.201500513544236
ENSMUSG00000004730.16,-0.0709927429269139,-0.0775425305386085
ENSMUSG00000086594.3,-0.3974131076312526,-0.393402223094498
ENSMUSG00000024228.13,-0.4582928896589439,-0.453594479147151
ENSMUSG00000048915.13,-0.189547053992295,-0.190441016714902
ENSMUSG00000023965.14,-0.144545994345617,-0.140203509873669
ENSMUSG00000000127.16,0.4721092439786071,0.476255708434847
ENSMUSG00000024083.17,0.1939171982982633,0.198574344705603
ENSMUSG00000024085.14,-0.5787869990974662,-0.573650350129092
ENSMUSG00000091160.2,-0.490222911118444,-0.484825548185687
ENSMUSG00000117105.2,0.965022578139806,0.943854147539385
ENSMUSG00000117300.2,0.4859304373271514,0.495421507548417
ENSMUSG00000024091.10,0.0829564359499482,0.0875851676816275
ENSMUSG00000056515.10,0.2738160516838905,0.280784005256954
ENSMUSG00000061950.18,0.0438595248939864,0.0482115812742959
ENSMUSG00000024096.18,0.2792994352818633,0.283966672886093
ENSMUSG00000024098.7,-0.6829543065169869,-0.678011339377187
ENSMUSG00000034647.16,-0.2959573724210668,-0.289665556987273
ENSMUSG00000024099.16,-0.2211742369380601,-0.217141053797973
ENSMUSG00000024101.16,0.1169736768946572,0.121479640161752
ENSMUSG00000035842.11,0.0787833612357872,0.0816867826158818
ENSMUSG00000023460.15,0.1143990015221664,0.11884001466053
ENSMUSG00000033278.11,-0.0614881617011733,-0.0468249846631934
ENSMUSG00000032796.9,-0.0409594336876396,-0.0331617185653819
ENSMUSG00000024044.20,-0.6458921791043541,-0.633508524763026
ENSMUSG00000049672.16,-0.4226121146626432,-0.417934852908254
ENSMUSG00000073374.5,-0.0116221821387128,-0.0163585892618943
ENSMUSG00000003279.18,-0.1200322313593922,-0.129244959278884
ENSMUSG00000047407.18,0.0141758733678511,0.0207930564562408
ENSMUSG00000121796.1,-0.8820625920368214,-0.884624884374933
ENSMUSG00000034868.10,0.2365892400088142,0.28083162705248
ENSMUSG00000024048.16,0.2684104864604361,0.272736835662922
ENSMUSG00000024052.18,-0.5419162413325078,-0.536687392963282
ENSMUSG00000024053.12,0.4123522043195904,0.411563543785697
ENSMUSG00000024054.15,0.1654705658876868,0.171785655840585
ENSMUSG00000052525.15,-0.4912956514643194,-0.450157495654135
ENSMUSG00000085492.9,-0.4989194785549536,-0.502647988057368
ENSMUSG00000041057.11,0.0084669028026183,0.0128678418217366
ENSMUSG00000039770.7,-0.3237211939169788,-0.318706073963941
ENSMUSG00000024063.14,-0.2696310175490785,-0.266027545117667
ENSMUSG00000054469.15,-0.1986754157750674,-0.193946532641781
ENSMUSG00000024065.9,-0.4576933918442417,-0.452613503965739
ENSMUSG00000024066.10,2.1568025162027182,2.16124067421507
ENSMUSG00000038541.9,-0.0879702554654357,-0.0760237639473488
ENSMUSG00000117226.2,0.8595738333832823,0.830261648411479
ENSMUSG00000117113.2,-0.4361757996983696,-0.410678390693676
ENSMUSG00000058704.10,-0.5785227993891909,-0.573820986865676
ENSMUSG00000024067.15,0.0400176343254823,0.0433236232581103
ENSMUSG00000024068.9,-0.198360011648066,-0.19285374621458
ENSMUSG00000024069.15,0.0329449672685391,0.0381214756201292
ENSMUSG00000039193.10,-0.2901188649744559,-0.245725415178614
ENSMUSG00000024072.10,-0.34319628417313,-0.339015549838079
ENSMUSG00000024073.17,-0.4442659599169805,-0.440209331851999
ENSMUSG00000097546.2,0.1723327805779989,0.186501452478078
ENSMUSG00000024078.8,0.0029463331339799,0.0078750108825411
ENSMUSG00000001870.17,1.93506243631944,1.95443938656293
ENSMUSG00000071042.13,-0.2339964096583102,-0.22211376528865
ENSMUSG00000002017.11,0.1711545018406386,0.175759589941514
ENSMUSG00000024074.9,0.1112362500359152,0.115736103653912
ENSMUSG00000056121.17,0.0948711060267133,0.100015164647225
ENSMUSG00000061062.6,0.2347524955579025,0.232710678689651
ENSMUSG00000024077.16,-0.0896604855337344,-0.0850183974550189
ENSMUSG00000039414.11,0.0779848362670346,0.0840896874885151
ENSMUSG00000050668.11,0.2647609883829986,0.268990804172078
ENSMUSG00000091549.2,0.9966252384580276,0.994492321919877
ENSMUSG00000024079.5,1.5743565294714053,1.57836801156509
ENSMUSG00000062691.12,0.0132097530379187,0.0174454641325461
ENSMUSG00000024081.10,-0.0383034362128677,-0.0342776419237858
ENSMUSG00000024082.6,0.2770988151204233,0.281430985003806
ENSMUSG00000024070.16,-0.2116256414359289,-0.206825629168868
ENSMUSG00000024084.9,-0.5703525125179794,-0.563651521247455
ENSMUSG00000036368.9,0.4229312475990961,0.427480240370797
ENSMUSG00000024087.5,1.1882829087594486,1.12394715956079
ENSMUSG00000059811.14,-0.2158467854223035,-0.210838854839731
ENSMUSG00000024095.17,0.1023148740059141,0.1068433495134
ENSMUSG00000035473.11,-0.2567934640579059,-0.252194324275627
ENSMUSG00000024097.12,0.3241115256997208,0.329246074617981
ENSMUSG00000055760.13,-0.1403281435514115,-0.142239022980293
ENSMUSG00000035051.16,0.2165734083909065,0.22097571653108
ENSMUSG00000117440.2,-0.0511316162243203,-0.0480516592006713
ENSMUSG00000045257.11,-0.2410575382727437,-0.237715103761435
ENSMUSG00000024241.8,-0.0457145825713449,-0.0410956706730639
ENSMUSG00000024242.16,-0.0004386978855207,0.0043440113858314
ENSMUSG00000024246.10,0.0034534047070298,0.0054675764788836
ENSMUSG00000054640.17,0.4801289750105538,0.463974253721709
ENSMUSG00000024247.15,-0.4771401051223077,-0.472722354235235
ENSMUSG00000032624.17,0.1886292298104839,0.193938554806369
ENSMUSG00000024248.15,-0.2729185175054249,-0.268165904899056
ENSMUSG00000055817.19,0.2638380572406832,0.266085765504398
ENSMUSG00000000673.10,-0.211504991418814,-0.20685783426446
ENSMUSG00000121087.1,-0.2126443356710319,-0.207651149440623
ENSMUSG00000097254.3,0.4884987401363685,0.491966067731991
ENSMUSG00000117485.3,0.6018219503604298,0.593699599057786
ENSMUSG00000045817.9,-0.4562707660431815,-0.452420289092895
ENSMUSG00000024251.11,0.422649425310819,0.427147143508486
ENSMUSG00000040852.7,-0.9933898627133692,-0.943060563182721
ENSMUSG00000040505.14,-1.11554486349894,-1.11089027152444
ENSMUSG00000024254.16,-0.755101860370403,-0.750608216687199
ENSMUSG00000024120.13,-0.2909147080772086,-0.286056222397779
ENSMUSG00000061130.14,-0.0932702314917763,-0.0888185660549891
ENSMUSG00000024131.9,0.7992599766545226,0.802484742867847
ENSMUSG00000024127.16,0.3863462103302579,0.39117152139211
ENSMUSG00000071037.7,1.032096408749647,1.03439486711232
ENSMUSG00000117501.3,-0.1898278069249044,-0.199884865605813
ENSMUSG00000024135.11,0.0461769302194179,0.0505889690755638
ENSMUSG00000120162.1,-0.3576838251058597,-0.354244505760385
ENSMUSG00000045038.15,-0.2775447516807637,-0.273100881342234
ENSMUSG00000120725.1,-0.9655693661019374,-0.938684278520582
ENSMUSG00000024140.11,-0.6998439039678481,-0.695139322004441
ENSMUSG00000024143.16,-0.0120653445183351,-0.0074585599092995
ENSMUSG00000024145.7,0.1749066722668035,0.178952544508938
ENSMUSG00000024146.10,-0.0001112765425243,0.0055684735003178
ENSMUSG00000071035.6,0.3154641640500054,0.28785137080498
ENSMUSG00000037104.10,0.2692009137067924,0.272542436777379
ENSMUSG00000024150.13,0.2305417827233348,0.235029925017022
ENSMUSG00000085287.10,-0.713671117963301,-0.694193349560785
ENSMUSG00000036918.17,-0.2918083128724222,-0.286351485320255
ENSMUSG00000089701.2,0.1586838623528818,0.162935742692672
ENSMUSG00000036438.15,0.4204775730203187,0.4250078486984
ENSMUSG00000117545.3,0.9423643948510078,0.954456694790367
ENSMUSG00000045394.10,0.0065065000907944,0.025908824861152
ENSMUSG00000024151.14,-0.0828995537496994,-0.0792443479119258
ENSMUSG00000005370.5,0.2110554725900758,0.213252846093926
ENSMUSG00000005371.16,-0.0877015890994559,-0.0831698891320008
ENSMUSG00000034998.19,0.1041539818538726,0.108300199988235
ENSMUSG00000034709.9,0.006094470547198,0.0093380792248519
ENSMUSG00000033855.16,0.3851344267762862,0.399023839744179
ENSMUSG00000024109.19,-0.8172442431069483,-0.816682809771207
ENSMUSG00000055660.10,-0.2616720393453145,-0.256924822639382
ENSMUSG00000066057.9,0.458118825792076,0.466171838919863
ENSMUSG00000117499.2,0.4540896197376599,0.46071972165787
ENSMUSG00000095193.5,-0.0373774941508754,-0.0364915974571151
ENSMUSG00000063889.17,-0.0687960522297849,-0.0645152843177828
ENSMUSG00000024231.16,-0.2174188694376249,-0.212845298090692
ENSMUSG00000024232.3,0.2377682509193436,0.246414885716674
ENSMUSG00000073647.5,0.4312605439941314,0.43363968651397
ENSMUSG00000024235.12,0.8332883157462607,0.818972848716156
ENSMUSG00000097641.3,0.1718152930862987,0.190031789834251
ENSMUSG00000024234.8,0.0809835913907882,0.0854189090819307
ENSMUSG00000033960.7,0.0405528607392193,0.0484593057568093
ENSMUSG00000024236.19,0.4032735415693989,0.40760415468768
ENSMUSG00000050945.9,0.8246306542786305,0.812135403266538
ENSMUSG00000024238.16,0.1156294973001155,0.120257236289534
ENSMUSG00000041225.17,0.118018264433927,0.122523841376519
ENSMUSG00000006740.15,0.0167904886371597,0.0216209418630589
ENSMUSG00000091165.2,0.3313088554967536,0.340895542689106
ENSMUSG00000117519.2,0.4892149796525059,0.470862020237157
ENSMUSG00000024240.14,-0.0763150233106559,-0.0703226889255345
ENSMUSG00000101320.2,-0.1917564324926265,-0.175022944921656
ENSMUSG00000073639.7,-0.0179727173518474,-0.0137004156031248
ENSMUSG00000061013.7,-0.5116056383020285,-0.507143503119149
ENSMUSG00000057440.9,-0.428432003321163,-0.425058515117107
ENSMUSG00000024283.16,0.0016001580728409,0.0060088369630737
ENSMUSG00000036904.7,-1.2083730682680571,-1.2027180321661
ENSMUSG00000024286.9,-0.2757928830899159,-0.270701628617036
ENSMUSG00000036103.10,-0.5992103645029037,-0.594245321422586
ENSMUSG00000024287.9,0.2954506222170424,0.299853701699894
ENSMUSG00000047879.18,0.2500451377974478,0.253667328845199
ENSMUSG00000024290.10,0.1252371584150443,0.12946355221989
ENSMUSG00000024293.17,0.1605416838851054,0.165902557243912
ENSMUSG00000002477.6,0.4978973550746227,0.50156852898288
ENSMUSG00000002475.17,-0.6055014740275043,-0.600674147873248
ENSMUSG00000024294.16,-0.6649920582177341,-0.660670354511079
ENSMUSG00000097222.4,-0.2034960798374871,-0.206466602967225
ENSMUSG00000005836.11,0.053377808328731,0.0573035908661263
ENSMUSG00000041238.17,-0.3980359075954705,-0.378106461270286
ENSMUSG00000097440.3,0.03994071507733,0.023014550600686
ENSMUSG00000040957.16,0.0337238306722193,0.0230826522480827
ENSMUSG00000049411.16,-0.2797294113359581,-0.279519843432453
ENSMUSG00000024404.8,-0.2248610781022745,-0.220057433698303
ENSMUSG00000024410.16,-0.3126284872770815,-0.307433559074435
ENSMUSG00000024413.15,-0.1214000321816825,-0.116411137299636
ENSMUSG00000086935.2,-0.3510371590438335,-0.341139261686746
ENSMUSG00000024421.17,2.821127540660357,2.82656123793811
ENSMUSG00000024424.16,-0.9038228437136352,-0.898601703021423
ENSMUSG00000117418.2,-1.667400062363085,-1.66148626309479
ENSMUSG00000117573.2,-0.42003631007801,-0.414781397494549
ENSMUSG00000024430.15,-2.085054230096778,-2.07318190970261
ENSMUSG00000044252.19,-0.2172635191434349,-0.212645050571288
ENSMUSG00000117494.2,0.4704310470291893,0.478084453437551
ENSMUSG00000024423.7,0.3543695716386447,0.359932567808237
ENSMUSG00000037013.18,-0.1132101286930417,-0.108660364843785
ENSMUSG00000036743.5,0.877442886760123,0.881675708261952
ENSMUSG00000054321.8,-0.1846284506087203,-0.171370043624657
ENSMUSG00000036225.16,0.1378537330711607,0.144747959043013
ENSMUSG00000024411.12,-1.166810692890521,-1.14980194904218
ENSMUSG00000058064.7,-0.4293234790825893,-0.401218152848029
ENSMUSG00000024304.15,-0.0810199414178606,-0.0765254834041765
ENSMUSG00000024331.12,-0.4444908048019726,-0.439407964702529
ENSMUSG00000034774.7,-0.5957518934806041,-0.594780066089841
ENSMUSG00000044393.16,0.30071752581473,0.305188567263572
ENSMUSG00000085595.2,0.5426486380980713,0.547126199180163
ENSMUSG00000061808.5,0.0645201714372917,0.0690707974604318
ENSMUSG00000091449.4,0.1666701469457248,0.137536125949836
ENSMUSG00000056124.6,0.3659232895335891,0.350012605641372
ENSMUSG00000033382.16,0.147107957967869,0.15218409026288
ENSMUSG00000033107.7,-0.0145361838753894,-0.013333568042631
ENSMUSG00000024317.16,-0.2039076306204761,-0.198842258193367
ENSMUSG00000042680.9,0.1931232483357282,0.198496848048161
ENSMUSG00000024277.15,-0.1698604694358241,-0.165674101870139
ENSMUSG00000024276.8,-0.3107090257331732,-0.305876451009502
ENSMUSG00000063281.10,0.3617892813744747,0.36704157501488
ENSMUSG00000051469.15,-0.1027959667920884,-0.0980244449451982
ENSMUSG00000047989.12,0.049309339509566,0.0529073202555613
ENSMUSG00000000420.16,-0.1102279300008018,-0.10546185692304
ENSMUSG00000024273.9,0.4630669047960412,0.4624213261038
ENSMUSG00000040446.5,0.1866713415636278,0.193500578878329
ENSMUSG00000024270.12,0.7482474201189644,0.754744348096519
ENSMUSG00000024271.9,0.2513038820864959,0.255361543247617
ENSMUSG00000039616.11,0.9040499089916142,0.908019173716893
ENSMUSG00000024269.12,-0.2280094959089948,-0.226442304528443
ENSMUSG00000033632.18,0.2822434994787435,0.273355336643212
ENSMUSG00000033628.16,0.1724694428886354,0.17704292691833
ENSMUSG00000024259.10,-0.1660269823613891,-0.161527727130192
ENSMUSG00000092124.3,-0.0103964832729806,-0.0075066769407681
ENSMUSG00000024260.16,0.2464183795797057,0.250148806949158
ENSMUSG00000041915.10,0.0058951247841383,0.0104737391519806
ENSMUSG00000097748.2,0.0457529862621244,0.0504822744332439
ENSMUSG00000024258.5,0.5142311904910817,0.526784302294868
ENSMUSG00000024400.17,0.1963063091290763,0.200806616229983
ENSMUSG00000091561.4,1.2698987758876252,1.28122598703383
ENSMUSG00000044982.8,-0.3937885006106016,-0.388737953976829
ENSMUSG00000024395.10,0.0688473394280154,0.0743284286077458
ENSMUSG00000052229.6,-0.0738281546028201,-0.0694266532437923
ENSMUSG00000120022.1,-0.39473583574011,-0.35440532826441
ENSMUSG00000024384.5,-0.0668708419986159,-0.0616427109372331
ENSMUSG00000024386.10,-0.4158026144284327,-0.410934578515936
ENSMUSG00000024383.10,-0.2113589713097067,-0.207201312512632
ENSMUSG00000024382.14,0.6808559966084553,0.684210675770783
ENSMUSG00000024381.17,-0.1289567467879788,-0.125758336901012
ENSMUSG00000090523.3,0.4975779975444292,0.499436485848384
ENSMUSG00000038299.17,-0.1158722687296361,-0.111125318948544
ENSMUSG00000024378.10,-1.7658004485734504,-1.76107212029382
ENSMUSG00000117730.2,-0.3197604715401037,-0.308511909861143
ENSMUSG00000042834.16,-2.385767974460117,-2.38442695589028
ENSMUSG00000087590.4,-0.5756424967607469,-0.571941079352147
ENSMUSG00000005871.16,-0.3600588139331452,-0.355342911457106
ENSMUSG00000014504.17,0.0528295211766521,0.0570629785164386
ENSMUSG00000005873.7,0.2105948194070141,0.210995367086864
ENSMUSG00000014503.16,0.1155954607992906,0.119867185348254
ENSMUSG00000036501.8,0.1448989281773121,0.150175503439059
ENSMUSG00000003778.15,0.4838927441961711,0.490036930626341
ENSMUSG00000003779.17,0.3163938779166086,0.317357682081449
ENSMUSG00000024370.18,0.0514035083563725,0.0565487682556788
ENSMUSG00000034300.18,0.2209184270975185,0.226326875063996
ENSMUSG00000038773.12,0.2540629402376839,0.258495111872599
ENSMUSG00000038418.9,-1.3842693205852936,-1.36996528840197
ENSMUSG00000024360.9,-0.0842962149790501,-0.0800380129141701
ENSMUSG00000120539.1,-0.3949024108392014,-0.400767655793337
ENSMUSG00000024359.11,-0.2114701135266757,-0.206800854438231
ENSMUSG00000118145.2,0.3630686569755774,0.373027627900717
ENSMUSG00000037815.8,0.1595858719108914,0.163764585613075
ENSMUSG00000024357.11,-0.0770835908638109,-0.0723666242412414
ENSMUSG00000118386.2,-0.1106245662863779,-0.118537069617516
ENSMUSG00000117869.2,0.3855625008905807,0.399615753207061
ENSMUSG00000037236.17,0.1246035584210098,0.128658067149784
ENSMUSG00000118030.2,0.1552952106850584,0.159633826050753
ENSMUSG00000037058.17,-0.2859329690652653,-0.281373233111558
ENSMUSG00000024354.14,0.3857616558268044,0.390182159969262
ENSMUSG00000073600.6,0.8940358535905092,0.895932980998795
ENSMUSG00000024352.13,0.5055476971569266,0.532202670651899
ENSMUSG00000024350.7,-0.0056880086804062,-0.0014813453537556
ENSMUSG00000073599.11,1.1915269470706853,1.19129197792311
ENSMUSG00000024349.11,1.1381191237317458,1.14065154151454
ENSMUSG00000091896.10,0.01316257018464,0.0174162753977308
ENSMUSG00000046668.10,-0.3054906957032675,-0.30164128256903
ENSMUSG00000100320.2,-0.4660477047770196,-0.434784372309205
ENSMUSG00000043991.6,-0.2402410758382649,-0.235697533062092
ENSMUSG00000110185.3,-1.5247649509880468,-1.51873034995357
ENSMUSG00000046727.14,-0.3608645237216073,-0.360788605540138
ENSMUSG00000024346.7,0.1380618516083541,0.142176929171291
ENSMUSG00000024485.17,1.1877179236982895,1.13449953350085
ENSMUSG00000119977.1,-0.3118940570450622,-0.305288196686205
ENSMUSG00000024483.20,0.045240239403637,0.0497753071384123
ENSMUSG00000117942.2,-0.3962509105136664,-0.380607186585667
ENSMUSG00000090264.2,0.8876607606580357,0.839750910854071
ENSMUSG00000006050.13,0.1016595687954733,0.106290694894124
ENSMUSG00000117679.2,0.5351863848715028,0.536328573421684
ENSMUSG00000033272.13,0.1855153538801554,0.193576551658292
ENSMUSG00000051439.8,0.7015547611299602,0.71142116697839
ENSMUSG00000006850.9,0.0332349970162081,0.0413400415199691
ENSMUSG00000014294.5,-0.6682261315310907,-0.663309819885858
ENSMUSG00000024474.9,0.1062951612389719,0.11271192031085
ENSMUSG00000042660.9,-0.0156534844514067,-0.0112375523488746
ENSMUSG00000044595.11,0.3926136040216301,0.404980404526453
ENSMUSG00000001380.8,0.1995689699767811,0.204226338120177
ENSMUSG00000019143.16,-0.0905644760101538,-0.0857265085648131
ENSMUSG00000001383.10,0.4008704430772112,0.406029196525828
ENSMUSG00000051316.9,0.339181476782563,0.336042935090699
ENSMUSG00000103309.2,1.3954816957838854,1.39193529139392
ENSMUSG00000102918.2,0.3465752843344393,0.374184961169422
ENSMUSG00000024456.18,0.2978812402259878,0.301823997601296
ENSMUSG00000024454.17,-0.1288828284709371,-0.124742177421466
ENSMUSG00000044024.17,0.1363155814796647,0.146710605620086
ENSMUSG00000038524.14,0.8109973723128232,0.820629390698835
ENSMUSG00000024451.10,-0.2653664567758881,-0.260229764164268
ENSMUSG00000051375.16,0.2072733997054237,0.211986276976526
ENSMUSG00000097080.10,0.1618476393613045,0.154306341638039
ENSMUSG00000024442.7,-0.1022098940971659,-0.0975664162723058
ENSMUSG00000024440.14,-0.2511255115322036,-0.247209971628287
ENSMUSG00000060450.15,0.3152936513192301,0.319728099704286
ENSMUSG00000052102.16,-0.4688023414890152,-0.465635562118674
ENSMUSG00000024425.5,-0.3503971235753153,-0.345526498096559
ENSMUSG00000024427.8,-0.2450511776941761,-0.239892930938496
ENSMUSG00000036585.17,-0.2179849771417366,-0.212382128159074
ENSMUSG00000036452.19,-0.0473502138910622,-0.0424402112543082
ENSMUSG00000086312.2,1.538956624385688,1.53178659875889
ENSMUSG00000085289.2,-0.5874077458771304,-0.591107558622414
ENSMUSG00000024431.16,-0.1825043316586158,-0.177738675180238
ENSMUSG00000024487.6,0.1418446279330654,0.146338678411779
ENSMUSG00000056671.8,1.1763399185867682,1.1790491145295
ENSMUSG00000024493.10,0.2821196039857385,0.287772427515624
ENSMUSG00000024491.17,0.224336204479845,0.229644457949858
ENSMUSG00000024498.17,0.2652173973890911,0.266876509717767
ENSMUSG00000024501.21,-0.0951328217592639,-0.0932372992791381
ENSMUSG00000097891.2,-0.1650001078048472,-0.164742160853548
ENSMUSG00000043424.11,0.0276720508363785,0.0333158386672371
ENSMUSG00000024472.10,-0.1694286411046455,-0.1668512042093
ENSMUSG00000071856.11,0.1019869847919082,0.109722333229177
ENSMUSG00000034653.12,-0.0374929607038316,-0.0308858406925231
ENSMUSG00000054477.18,0.0473673660324916,0.0520050876900911
ENSMUSG00000120742.1,-0.4856990895108313,-0.469633085254953
ENSMUSG00000098284.9,0.0208463393343749,0.0224521330784018
ENSMUSG00000024477.5,-0.0554966857629703,-0.0506352585886951
ENSMUSG00000033319.6,-0.1368169722853254,-0.131796399737482
ENSMUSG00000033184.15,0.1833473761589424,0.188835640728489
ENSMUSG00000057561.12,0.496650490824842,0.501502170951898
ENSMUSG00000117780.3,2.4455082952266918,2.42949251711372
ENSMUSG00000033022.9,0.0006506311467121,0.0052854644600546
ENSMUSG00000032905.6,0.0216093756999797,0.0265134002394902
ENSMUSG00000024480.10,-0.3975772485639325,-0.392238689860968
ENSMUSG00000042705.10,0.5820326125744314,0.588242852114409
ENSMUSG00000117621.2,0.2125110447373013,0.193693716746696
ENSMUSG00000019647.18,-0.6061584059259574,-0.605554894984923
ENSMUSG00000059040.6,-0.2413697713043306,-0.237111627356892
ENSMUSG00000024505.17,0.2817023750829274,0.289727624845302
ENSMUSG00000037416.14,-0.1277361155613893,-0.121293118114798
ENSMUSG00000062210.15,-0.4188300146473722,-0.379803821078604
ENSMUSG00000024507.7,-0.8777944421916751,-0.872944099103331
ENSMUSG00000073565.6,-0.2935078476279994,-0.288705876730601
ENSMUSG00000024528.9,0.3337584722704315,0.329476443631252
ENSMUSG00000034484.9,0.0291256121523769,0.0342359235987319
ENSMUSG00000024535.17,0.1222086827613852,0.128618999901044
ENSMUSG00000024538.9,-0.1852669702099883,-0.172559468535689
ENSMUSG00000048799.9,0.0515658988798497,0.0563307232933794
ENSMUSG00000073563.4,-0.1571946729151588,-0.152895151967872
ENSMUSG00000052713.10,0.4281459921984852,0.41400459727338
ENSMUSG00000001700.11,-0.1206197955958841,-0.115799139458431
ENSMUSG00000053644.14,-0.2309195520524564,-0.226333284913809
ENSMUSG00000008301.12,0.0569545964122535,0.061612052093082
ENSMUSG00000024590.9,-0.1298935570531656,-0.126037471859
ENSMUSG00000032656.15,0.5451868032065084,0.524029612832415
ENSMUSG00000024592.16,0.1907269091538359,0.193528901325204
ENSMUSG00000024594.10,-0.0972854768709147,-0.0924471604526823
ENSMUSG00000024597.12,-1.0329117870263484,-1.02943147586905
ENSMUSG00000024601.10,-0.2843610752717868,-0.280139845868871
ENSMUSG00000058152.9,-0.721523799103608,-0.711811375807716
ENSMUSG00000073555.2,0.72196398927528,0.726524466046037
ENSMUSG00000085977.2,1.6735183485614578,1.66957656631199
ENSMUSG00000068606.7,4.999160116771671,4.98555901431099
ENSMUSG00000118361.2,-0.3907864760287937,-0.388739997911759
ENSMUSG00000090942.2,0.092031622425385,0.0921768728476254
ENSMUSG00000054072.13,1.7587491847376375,1.76298707752191
ENSMUSG00000063388.6,3.242309211105729,3.24773932412914
ENSMUSG00000024603.9,0.2702649620455704,0.274458341728232
ENSMUSG00000024604.8,0.1763549300258646,0.179919190222873
ENSMUSG00000043079.18,-0.1857186591771715,-0.183015726795513
ENSMUSG00000054008.10,-0.453262205621554,-0.448615195242699
ENSMUSG00000024608.12,-0.4042937265084569,-0.399616361007638
ENSMUSG00000024610.17,0.6496767084235695,0.648823522338216
ENSMUSG00000024613.17,0.4441389583602301,0.446221173224384
ENSMUSG00000024620.12,0.926315579540516,0.92804531580955
ENSMUSG00000024621.17,-1.1132879950473715,-1.11124475112633
ENSMUSG00000024622.9,0.2037241103040092,0.208051334657884
ENSMUSG00000034320.15,-0.5140257277745787,-0.509678508139071
ENSMUSG00000033871.15,-0.5553583724489568,-0.544515789385613
ENSMUSG00000045094.9,-0.0328893179343567,-0.0232970329679389
ENSMUSG00000024576.15,0.2294426176951182,0.234247965225688
ENSMUSG00000098098.9,0.3209312841161434,0.327836039817253
ENSMUSG00000120623.1,-0.5633181570472143,-0.541446846319143
ENSMUSG00000024579.8,0.2118458550499737,0.219809807544338
ENSMUSG00000024580.9,-0.7232171447614708,-0.718626954640719
ENSMUSG00000098702.3,0.0393253616128876,0.0312167416535533
ENSMUSG00000033032.16,0.0628338558898415,0.055773637714301
ENSMUSG00000032735.16,0.479478358520316,0.492470604083583
ENSMUSG00000045629.9,-0.3423084985845571,-0.311011437403389
ENSMUSG00000045730.5,0.7998560441229475,0.791752593892733
ENSMUSG00000042211.8,-0.1392181992597021,-0.134760262200296
ENSMUSG00000024581.14,0.0647756774998679,0.0691120809996072
ENSMUSG00000117875.2,-0.83384296791927,-0.828337775919009
ENSMUSG00000024583.4,0.0171073042438065,0.0212518898992417
ENSMUSG00000040560.11,-0.4089334930977278,-0.403260223382896
ENSMUSG00000117977.2,0.7141525267895225,0.698320862790997
ENSMUSG00000045991.20,-1.221484667500317,-1.21688178167418
ENSMUSG00000024588.11,-0.433899650434873,-0.429207325095495
ENSMUSG00000024587.11,0.0484324891968981,0.0531429346760439
ENSMUSG00000039529.10,0.3900286874503852,0.39487848572983
ENSMUSG00000024589.19,1.0765780777975442,1.08146845062228
ENSMUSG00000120682.1,2.4707499488406968,2.51420712691872
ENSMUSG00000118017.3,-0.1436079060421547,-0.134829460525482
ENSMUSG00000032688.10,0.3181095443153526,0.327343946493838
ENSMUSG00000042439.14,-0.3827774381536837,-0.375535927271698
ENSMUSG00000024516.14,-0.0067709618654561,-0.0021389460532108
ENSMUSG00000041891.17,-0.268520585439118,-0.263557670872463
ENSMUSG00000046318.17,0.0537320038841695,0.065858954524963
ENSMUSG00000024521.9,1.1768658336172964,1.15069846766449
ENSMUSG00000024524.18,0.2962020997130399,0.300050584381684
ENSMUSG00000117757.2,0.1864423996484329,0.193039371368042
ENSMUSG00000109901.3,-0.1597999297620479,-0.155924137674229
ENSMUSG00000062526.5,0.3654977534551153,0.369876620874795
ENSMUSG00000024525.8,-0.7832808425331809,-0.775283085262862
ENSMUSG00000001473.8,0.9361270587512356,0.928834481914251
ENSMUSG00000024527.11,-0.2250898471233492,-0.220390407835056
ENSMUSG00000073542.4,-0.361628906545675,-0.357180727498996
ENSMUSG00000024537.6,0.1309948354142947,0.135547114435816
ENSMUSG00000024539.18,0.2654165564002714,0.273531244702511
ENSMUSG00000118134.3,-0.3740927245895465,-0.368918580460576
ENSMUSG00000079614.5,-0.6465431983319122,-0.642072132316295
ENSMUSG00000024542.10,0.7961088970322805,0.79197374706261
ENSMUSG00000024544.10,-0.6321136539259702,-0.63152416023248
ENSMUSG00000038121.7,-1.0345914602316053,-1.02992701172419
ENSMUSG00000009535.14,-0.0310779138920881,-0.0266098840590303
ENSMUSG00000053477.19,0.0257510708461998,0.0302849769270105
ENSMUSG00000038903.14,-0.1952369095081905,-0.178606357494192
ENSMUSG00000024511.16,0.4107696637772788,0.382675624466037
ENSMUSG00000044906.7,-0.4894895127645308,-0.47740414167575
ENSMUSG00000038425.19,-0.3514529385514239,-0.362497619077998
ENSMUSG00000098721.3,-0.524165243512334,-0.522941792503272
ENSMUSG00000024513.17,0.1827796415480406,0.187656890367955
ENSMUSG00000117810.2,-0.7227201376672991,-0.705117290609393
ENSMUSG00000037253.9,-0.1457104272742747,-0.140383694702937
ENSMUSG00000024515.14,-0.2066845070661601,-0.201766118662203
ENSMUSG00000036941.3,0.0627575922786694,0.0659643678284798
ENSMUSG00000024556.5,0.6047171693448358,0.603023337078957
ENSMUSG00000024558.13,-0.6002640053195427,-0.62567304189365
ENSMUSG00000024560.8,-0.0071451204062285,-0.0027133229925118
ENSMUSG00000024561.12,0.0572069220479252,0.0653044442188127
ENSMUSG00000025885.19,0.3665759383884484,0.370470048991706
ENSMUSG00000036880.11,-0.799087272586245,-0.794235887067076
ENSMUSG00000053846.6,-1.610272181571105,-1.60155512299104
ENSMUSG00000062328.9,-0.2697691612685197,-0.265133728004674
ENSMUSG00000036299.6,0.1415014676725585,0.146081294508372
ENSMUSG00000035765.11,-0.625234964562925,-0.620125731812068
ENSMUSG00000092569.4,-0.3963169521631706,-0.384960116070046
ENSMUSG00000025880.13,0.1055681910712147,0.106635390883317
ENSMUSG00000052928.10,-0.5367329415172558,-0.531525021341739
ENSMUSG00000097712.2,-0.7768098384027691,-0.760873547527119
ENSMUSG00000044646.16,-0.1766848470299083,-0.142031119652647
ENSMUSG00000024563.17,-0.1486779696852794,-0.144237931107831
ENSMUSG00000090000.3,-0.1626868106113161,-0.163986823035278
ENSMUSG00000025421.16,-0.1615815095399508,-0.157501861215786
ENSMUSG00000025423.17,-0.6854270111042896,-0.679513414812324
ENSMUSG00000047466.11,0.0578007491015703,0.0623282679249283
ENSMUSG00000041840.9,-0.2279795381496044,-0.221472702912099
ENSMUSG00000025428.16,-0.2757828088475251,-0.271139959714709
ENSMUSG00000025429.10,0.1783943827156295,0.183695380792437
ENSMUSG00000039840.9,0.2366020571660327,0.241315629374443
ENSMUSG00000053950.11,0.2815981286296512,0.295778045578465
ENSMUSG00000118061.3,-0.3609641796487792,-0.356448207719598
ENSMUSG00000024570.8,-0.3418660749447008,-0.337107758733987
ENSMUSG00000024571.16,0.0895729594098322,0.0938366655988028
ENSMUSG00000057130.13,-0.0090175967504053,-0.0035806707593609
ENSMUSG00000078963.4,0.0348289686781016,0.0460651466360894
ENSMUSG00000034006.18,0.1381577073067653,0.142184340867879
ENSMUSG00000033323.15,-0.3861229811831768,-0.381938481156938
ENSMUSG00000033016.17,-0.1472548015932404,-0.145098632861666
ENSMUSG00000024566.11,-0.3299290340630797,-0.325579326346659
ENSMUSG00000041258.19,0.0433048505169858,0.0484721557747583
ENSMUSG00000118012.2,-0.0142016521778028,-0.0005676405323592
ENSMUSG00000058881.14,-0.6694167847821336,-0.646171719284794
ENSMUSG00000046982.12,0.1108057427789255,0.115535238409569
ENSMUSG00000049090.4,-0.593913077905063,-0.58922341851057
ENSMUSG00000048410.18,-0.0519979327424164,-0.0498946436625765
ENSMUSG00000118385.2,0.6115334497116309,0.608267493674519
ENSMUSG00000056162.15,2.06702770281913,2.0249976600256
ENSMUSG00000117676.2,3.282731006283032,3.20819376643989
ENSMUSG00000024644.18,0.5104809450529757,0.514379230153063
ENSMUSG00000024646.15,-1.1026220546856993,-1.09792000837075
ENSMUSG00000024645.6,-0.4320181861519565,-0.427408002244422
ENSMUSG00000069324.7,1.314991592319791,1.32328369733216
ENSMUSG00000056153.16,-0.0191103153386506,-0.0151434935598672
ENSMUSG00000023066.11,0.2531751570832035,0.250129429941707
ENSMUSG00000024614.8,0.12982591075232,0.134550729983155
ENSMUSG00000110277.3,1.251476312513109,1.24776669026834
ENSMUSG00000024831.15,0.5195318910067421,0.508960998714434
ENSMUSG00000024829.13,-0.0895756882627304,-0.0851981866305684
ENSMUSG00000024900.6,-0.8155406564363689,-0.810464745235256
ENSMUSG00000024905.16,-0.9768358675798444,-0.950739372343884
ENSMUSG00000024908.16,0.1433815495574343,0.147634076728275
ENSMUSG00000024913.17,1.0341577846222392,1.04078400745557
ENSMUSG00000035372.3,0.0658943557189628,0.0731510151516973
ENSMUSG00000117739.2,0.3364689995454719,0.344244134700679
ENSMUSG00000045098.20,-0.0851058054094744,-0.080167050682965
ENSMUSG00000082848.2,1.5159069491349204,1.52017830449723
ENSMUSG00000024843.16,1.3060034146769657,1.30599689074886
ENSMUSG00000001750.17,1.4516428179846892,1.45571900114098
ENSMUSG00000059734.8,-0.6334932627618349,-0.628618489141926
ENSMUSG00000024885.10,1.862599116054105,1.86999443708581
ENSMUSG00000036908.18,0.6690637063157777,0.673309576671227
ENSMUSG00000024866.11,-0.1178934869047284,-0.112604046312781
ENSMUSG00000024869.11,-0.1410158519725113,-0.100014954372088
ENSMUSG00000086107.2,-0.9244934807510288,-0.912764153706453
ENSMUSG00000024871.12,0.0419197771556645,0.0321651354631212
ENSMUSG00000037916.15,-0.4622952816111324,-0.457789274456876
ENSMUSG00000060803.7,-0.1925467099411107,-0.187524694306464
ENSMUSG00000038155.12,0.1890158025915412,0.249940470675922
ENSMUSG00000058216.14,2.4055769562644373,2.40922061568271
ENSMUSG00000024856.11,-0.3756574716935941,-0.370404479597877
ENSMUSG00000024851.15,0.4468000868177123,0.447792544657612
ENSMUSG00000024847.16,-0.1984099557667158,-0.193094815438383
ENSMUSG00000024845.20,-0.6541334880296719,-0.648897486397555
ENSMUSG00000024835.16,-0.1702521302322991,-0.165776524353497
ENSMUSG00000024830.18,0.0468721274278041,0.0516387281614767
ENSMUSG00000075289.6,-0.9925792373852164,-0.989580563009798
ENSMUSG00000040385.8,0.1171832988308706,0.121734351332729
ENSMUSG00000117839.2,0.1400679377489617,0.145050650434458
ENSMUSG00000024824.8,0.1718860234905461,0.176668807859219
ENSMUSG00000024854.5,0.2874445201242055,0.295176281198691
ENSMUSG00000034616.18,0.4832147641412789,0.484344995782282
ENSMUSG00000024858.15,-0.004736849747471,-0.0001240005934148
ENSMUSG00000054611.18,0.210649179503453,0.215151338724174
ENSMUSG00000041845.12,0.2219661899311503,0.221271572000695
ENSMUSG00000087132.10,1.3944402301143908,1.37702764736463
ENSMUSG00000049303.11,1.9826210075068904,1.97766119447011
ENSMUSG00000042041.8,0.3627251299829271,0.361882091224684
ENSMUSG00000024892.18,-0.5012187271132968,-0.496480153657443
ENSMUSG00000045045.8,0.6027060693814088,0.602858859500516
ENSMUSG00000024889.6,0.1827294679854869,0.190371878182243
ENSMUSG00000071691.12,-0.7052170242398286,-0.648703776935033
ENSMUSG00000067889.8,-0.4091623002790361,-0.404539943080711
ENSMUSG00000033760.18,0.337528906644142,0.341837396591275
ENSMUSG00000103651.2,0.0416717178847569,0.0460815295851846
ENSMUSG00000094936.9,-0.1718682209790025,-0.1680503639474
ENSMUSG00000006456.11,0.2014584368457522,0.206803775546755
ENSMUSG00000095913.2,0.0563067029426886,0.0633617103119967
ENSMUSG00000034108.7,0.0127739059041996,0.0178659902362491
ENSMUSG00000083282.4,-0.8996025065902336,-0.893780143354046
ENSMUSG00000006463.14,0.4927599112163601,0.49559768019767
ENSMUSG00000006464.10,0.6051049882708681,0.59850082888389
ENSMUSG00000063904.5,0.4574819201155499,0.461699107612069
ENSMUSG00000024901.16,-0.3394548835222029,-0.356627527741053
ENSMUSG00000024902.6,0.0273902217890242,0.0286548284208062
ENSMUSG00000024891.7,-0.7009930792453734,-0.695896699502118
ENSMUSG00000056481.8,0.830502372418064,0.864383997774497
ENSMUSG00000024875.6,-0.0064308350294302,-0.0029081000090865
ENSMUSG00000024870.7,-0.091131373383205,-0.0863707216251926
ENSMUSG00000024862.17,0.4550905728205605,0.460171517663549
ENSMUSG00000024855.11,0.3876532691037631,0.385031382780251
ENSMUSG00000024853.11,0.1786175637833929,0.182758796188073
ENSMUSG00000118243.2,-0.6199216957274776,-0.60821426309428
ENSMUSG00000024844.16,0.0721810701990325,0.0761516559767367
ENSMUSG00000024841.9,0.1158945853070113,0.120099556285804
ENSMUSG00000039148.6,0.4038452481794756,0.407192309777349
ENSMUSG00000117959.2,0.3783697645159828,0.382577314383624
ENSMUSG00000086938.11,0.1165274667536936,0.0984891874766257
ENSMUSG00000024914.17,0.0203168324024783,0.0243258921108393
ENSMUSG00000047423.11,0.1754212404801683,0.179934412015474
ENSMUSG00000117771.2,0.1617483462663144,0.184064769062643
ENSMUSG00000095098.3,-0.5000133162458668,-0.493648029191237
ENSMUSG00000024911.8,0.1794357759402864,0.183270121478005
ENSMUSG00000024909.16,0.93590328698569,0.933471992632356
ENSMUSG00000024906.11,-0.1178620573409501,-0.104684151095726
ENSMUSG00000056201.10,0.496347222784757,0.501690126069682
ENSMUSG00000056185.6,-0.1891781558102267,-0.183164503092315
ENSMUSG00000121780.1,0.4617807080872363,0.448609079625142
ENSMUSG00000049562.7,0.2691637433620599,0.255839373586635
ENSMUSG00000024925.12,-1.1441536878290794,-1.13941620579078
ENSMUSG00000024926.11,0.2162974583545272,0.218649837884721
ENSMUSG00000024927.9,0.1776476098881101,0.182151849240835
ENSMUSG00000056917.14,-0.0236102951457537,-0.0232658588341751
ENSMUSG00000054874.13,0.0453737456462112,0.0501554394938497
ENSMUSG00000004054.10,0.1509082334882882,0.15551033443512
ENSMUSG00000118077.2,0.3080021782194113,0.308582614894047
ENSMUSG00000024937.16,1.4080463947694823,1.40945277302721
ENSMUSG00000089766.3,0.3410264118186037,0.354895359841317
ENSMUSG00000118125.2,-0.9700576746841229,-0.952905738597316
ENSMUSG00000024940.12,-0.3349030606182959,-0.299503433028156
ENSMUSG00000024941.10,-0.1399200743529895,-0.135243920343154
ENSMUSG00000092341.6,0.3020805016982953,0.306557516358588
ENSMUSG00000102349.2,0.2144590006656601,0.21875532440182
ENSMUSG00000092274.5,1.9185711206789564,1.92141264719682
ENSMUSG00000043488.7,0.2723190615804378,0.276248239517519
ENSMUSG00000024816.13,0.7966400252100205,0.801033681870944
ENSMUSG00000024818.16,0.1327813384782276,0.137192320634942
ENSMUSG00000024826.16,0.6271960573988885,0.631815051331915
ENSMUSG00000110156.4,-0.7590457087155501,-0.742314314334502
ENSMUSG00000045664.6,-0.0816145856291804,-0.0604013793406349
ENSMUSG00000024833.16,-0.4898803072060634,-0.492357191815583
ENSMUSG00000024942.20,0.8678777614719797,0.872088625002375
ENSMUSG00000097404.3,0.5067402450752695,0.503695664866328
ENSMUSG00000119968.1,0.3597113334536685,0.36682165854201
ENSMUSG00000024807.19,0.169862873660789,0.175153726828414
ENSMUSG00000007338.11,0.0024505461096348,0.0073505884658507
ENSMUSG00000038274.14,-0.4587371801054338,-0.45443724145301
ENSMUSG00000120982.1,-0.2304165505397931,-0.225284117279478
ENSMUSG00000075227.7,-0.456377811084424,-0.450621962422123
ENSMUSG00000024799.17,-0.6755852689982405,-0.671146834268092
ENSMUSG00000024797.15,0.2676933150347199,0.272741653578014
ENSMUSG00000024792.10,0.3436135252762296,0.345033440640055
ENSMUSG00000024790.9,0.3438641458100634,0.342524627942273
ENSMUSG00000024787.15,-0.1880788872006898,-0.171707335913808
ENSMUSG00000024944.7,-0.3877202911924025,-0.387624828056367
ENSMUSG00000039699.15,3.2403396358212597,3.118788999794
ENSMUSG00000024777.11,0.0026914552093042,0.0100096666765722
ENSMUSG00000024773.16,-0.538178848079097,-0.534114363752262
ENSMUSG00000024772.10,0.3061396172809223,0.311272220619968
ENSMUSG00000024769.8,-0.3160399584484,-0.311186617793492
ENSMUSG00000024947.18,0.1191344122270784,0.123319685252884
ENSMUSG00000024948.16,-0.126911827636794,-0.122636629277337
ENSMUSG00000079467.10,-0.2112589636024813,-0.213579003292929
ENSMUSG00000024949.18,0.0319728977028483,0.0362769209999712
ENSMUSG00000032648.15,0.5997061225415,0.612721271298699
ENSMUSG00000032946.17,0.1122183423896861,0.122061362608986
ENSMUSG00000033768.18,-0.3573164673772119,-0.331583283485548
ENSMUSG00000118668.1,0.8222347254364365,0.825310483641836
ENSMUSG00000047810.10,1.3156820599948664,1.28802665195488
ENSMUSG00000024953.18,-0.2461670114979892,-0.241165198700741
ENSMUSG00000038812.17,-0.315556509194557,-0.312258544470183
ENSMUSG00000024955.16,-0.0724348348216401,-0.0679031620329932
ENSMUSG00000024958.15,-0.1735842733204928,-0.168332683533407
ENSMUSG00000024959.15,-0.5358858057805604,-0.530050291338081
ENSMUSG00000120718.1,-0.2913711240496277,-0.292016671726447
ENSMUSG00000024960.10,0.0873784972560157,0.0915288579134963
ENSMUSG00000056612.8,-0.4155646583893614,-0.41349015514657
ENSMUSG00000056629.17,-0.2323657641021534,-0.228751271736488
ENSMUSG00000024962.14,-0.8816706410036025,-0.876315247822444
ENSMUSG00000024963.13,0.0325348873413319,0.0397588892698548
ENSMUSG00000037349.10,-0.0803103184924762,-0.0690479804860132
ENSMUSG00000047656.10,0.5186741965923142,0.51737864871125
ENSMUSG00000024965.10,0.3908078300193314,0.40063329472065
ENSMUSG00000024966.10,0.4435146835539789,0.448844267309108
ENSMUSG00000036278.8,-0.923579591294092,-0.918996258817027
ENSMUSG00000024767.12,0.1540841304738744,0.158569099069945
ENSMUSG00000035885.6,-0.616634770919693,-0.61178737851663
ENSMUSG00000024764.11,0.0755281507597653,0.0805488680299338
ENSMUSG00000024969.17,0.5848465160296131,0.589275437800504
ENSMUSG00000024970.6,0.4098754278304953,0.401103362346383
ENSMUSG00000053080.11,-0.1928618022964008,-0.194067410802054
ENSMUSG00000024758.16,-0.0416225457711302,-0.0372785815372126
ENSMUSG00000024759.15,0.2293869452872073,0.233872464482233
ENSMUSG00000060675.14,1.527519245942665,1.53083368968242
ENSMUSG00000063590.4,-1.0406878190305775,-1.03120822264915
ENSMUSG00000075044.15,-0.4526845552811396,-0.413161701053914
ENSMUSG00000052562.16,-1.0367217185907671,-1.03168760688329
ENSMUSG00000010095.14,0.3287502877412123,0.333403410690306
ENSMUSG00000108414.3,0.0741965124724193,0.0715094079313912
ENSMUSG00000042729.12,0.1720030867405119,0.177872515708933
ENSMUSG00000010110.18,-0.2208052827507647,-0.215835398097375
ENSMUSG00000120219.1,-0.224850744467587,-0.220031508348551
ENSMUSG00000010097.16,-0.1934347601669941,-0.188551241745247
ENSMUSG00000117924.2,-0.363314452765574,-0.359853344004558
ENSMUSG00000118346.2,0.2364286315675387,0.238884951386937
ENSMUSG00000003680.17,0.3560569784186116,0.365658990187687
ENSMUSG00000120814.1,0.3553723017632075,0.376165292684398
ENSMUSG00000071662.5,0.3060083745442942,0.309448920465083
ENSMUSG00000071660.11,0.6479468183857067,0.652435309741223
ENSMUSG00000071659.5,-0.0453882486286555,-0.0406762425783921
ENSMUSG00000071658.6,0.1136313649812036,0.0933452613767182
ENSMUSG00000071657.13,0.3493261481974696,0.353759860756862
ENSMUSG00000071655.13,0.2253154743797434,0.229701459525505
ENSMUSG00000071654.7,0.0290309217897248,0.0241272412496416
ENSMUSG00000096740.9,-0.2894630448195525,-0.303777441006443
ENSMUSG00000071652.9,0.2585511130946254,0.265012232058559
ENSMUSG00000071650.7,-0.1002365823267954,-0.0956022234026999
ENSMUSG00000120807.1,0.0027765186721109,0.0001402554806739
ENSMUSG00000071649.7,-0.1950884053017461,-0.189389538967231
ENSMUSG00000071648.5,-0.809521896944698,-0.790577638136745
ENSMUSG00000071647.6,0.1799346524998001,0.184540492038412
ENSMUSG00000114220.2,-0.0353727192896247,-0.0308013532957983
ENSMUSG00000071646.10,0.1180807592752903,0.122205628247554
ENSMUSG00000071645.7,0.4153605211388312,0.419187451494631
ENSMUSG00000071644.11,-0.2063735836319367,-0.202181029996521
ENSMUSG00000069833.14,0.022057202557507,0.0283796360218721
ENSMUSG00000024654.9,-0.003571748821671,0.0003000228049982
ENSMUSG00000024660.10,0.1915914189805187,0.185342831356584
ENSMUSG00000118100.3,-0.1970905426796232,-0.183138474159534
ENSMUSG00000024661.8,-0.1405870121160191,-0.13586090297944
ENSMUSG00000024663.21,-0.6316101546772404,-0.630616256784177
ENSMUSG00000024664.6,-1.175453038838899,-1.16842992974446
ENSMUSG00000024665.9,-1.2270860437307427,-1.22212236125866
ENSMUSG00000010663.6,-0.4344184584705759,-0.429612344202977
ENSMUSG00000064032.3,0.4771582162566782,0.48059431965568
ENSMUSG00000024742.16,0.3195968900823576,0.325478274221966
ENSMUSG00000036372.15,-0.8004187098702845,-0.795155780923351
ENSMUSG00000036098.16,0.6893602913962886,0.693797754904479
ENSMUSG00000035735.11,0.5333032086092886,0.521430932701227
ENSMUSG00000024668.9,0.2487606205105202,0.253877508449131
ENSMUSG00000034820.5,-0.1580655877038966,-0.153288791440274
ENSMUSG00000024667.13,-0.1119713807335408,-0.116454570074803
ENSMUSG00000024666.7,0.0571902988811801,0.0628274986450741
ENSMUSG00000117955.2,0.3703309272121209,0.378068278862428
ENSMUSG00000034445.9,0.5365889298511325,0.541467308465191
ENSMUSG00000034371.10,0.672683106342816,0.677866535210245
ENSMUSG00000024740.11,-0.2021069128791543,-0.197501920271991
ENSMUSG00000043789.9,-0.2196072021778107,-0.21498640577903
ENSMUSG00000118392.2,-0.2927772759839798,-0.294290193540921
ENSMUSG00000048832.10,0.1591363036227558,0.164046701543853
ENSMUSG00000024737.3,1.5866570160962363,1.58283609201402
ENSMUSG00000024736.16,0.9546612873807891,0.955215537645439
ENSMUSG00000034659.15,0.019471247623068,0.0241521338493472
ENSMUSG00000024735.14,0.262143330379009,0.266760198795397
ENSMUSG00000034117.4,-0.5293902286534781,-0.509658273560288
ENSMUSG00000024732.8,0.0577680345809958,0.0638501744837892
ENSMUSG00000101264.2,6.37097915978426,6.22187080103802
ENSMUSG00000075010.7,1.6361311996021763,1.63969363420665
ENSMUSG00000024672.12,2.3711243961864605,2.33927545282253
ENSMUSG00000101389.2,3.648604912933395,3.50547199697931
ENSMUSG00000024675.20,5.081210640404343,5.04642729666526
ENSMUSG00000056290.17,1.958738699048303,1.91152967975306
ENSMUSG00000079419.5,2.756738616611915,2.7526166824687
ENSMUSG00000099757.3,1.5551929437959158,1.54145028925017
ENSMUSG00000024677.14,2.737263094328024,2.7194706415143
ENSMUSG00000024678.7,1.4280792218860443,1.42494859903386
ENSMUSG00000024679.11,3.38989328255963,3.39221804474334
ENSMUSG00000024683.7,0.1753967143308983,0.180071650085879
ENSMUSG00000041488.17,-0.0539482043751403,-0.0502678748330684
ENSMUSG00000046139.9,-0.0036019284023613,0.0010592205066564
ENSMUSG00000024687.12,0.2017775583350033,0.206099348981765
ENSMUSG00000046805.11,2.972686205015895,2.97693431876918
ENSMUSG00000039982.9,1.041412786411967,1.05991231921791
ENSMUSG00000086213.3,-0.5472590092729654,-0.554127174904256
ENSMUSG00000111118.2,1.5316538941343765,1.54973189210262
ENSMUSG00000024691.14,0.2753439982374749,0.268672390123439
ENSMUSG00000120104.1,-0.5761086650024168,-0.573162992089634
ENSMUSG00000071633.12,-0.6791261752105016,-0.674048558602393
ENSMUSG00000063683.13,-0.5326340115254583,-0.527889836842429
ENSMUSG00000024694.10,-0.2412508852286154,-0.236339428529497
ENSMUSG00000084981.8,-0.1874043065996543,-0.18302935455058
ENSMUSG00000024695.17,-0.1420592051660526,-0.137341901686637
ENSMUSG00000024696.10,1.0734992300708972,1.06587439589464
ENSMUSG00000024642.19,0.1941404780169747,0.199803744358264
ENSMUSG00000024640.10,-0.9900957125764184,-0.967739625584503
ENSMUSG00000041491.9,0.1579160506923025,0.166430730607451
ENSMUSG00000024639.6,-0.0401043252175923,-0.0356806537369169
ENSMUSG00000075268.3,-0.3828581811223313,-0.379952558540691
ENSMUSG00000024697.5,1.1931260354742108,1.16107398676706
ENSMUSG00000046230.12,-1.197664881852332,-1.19082944623485
ENSMUSG00000024712.10,0.183054221397936,0.187812519670511
ENSMUSG00000024713.17,0.3542983278289951,0.358592100651771
ENSMUSG00000117822.2,-0.5979142337927037,-0.59377336229983
ENSMUSG00000024725.14,0.1927694220526688,0.195854294441945
ENSMUSG00000037847.15,-1.334131927963382,-1.33455377012345
ENSMUSG00000024726.11,-0.0818111013170493,-0.076904777974551
ENSMUSG00000047044.8,-0.4811430324504859,-0.473034773709883
ENSMUSG00000094732.4,0.0499020564662648,0.0251753608544834
ENSMUSG00000024659.16,0.6661795855947332,0.658146013513519
ENSMUSG00000114469.3,-0.4645042404083436,-0.448916912832841
ENSMUSG00000053279.9,-0.538589703938559,-0.533875401381244
ENSMUSG00000024747.4,0.3701468878399597,0.374812799423334
ENSMUSG00000024750.12,-0.3054513748717488,-0.300587729696861
ENSMUSG00000058624.14,-0.3514802048071693,-0.347204523016753
ENSMUSG00000035171.10,-0.1618397012353825,-0.159569214619299
ENSMUSG00000047368.5,-0.742166614508246,-0.739007430829831
ENSMUSG00000024754.14,-0.2034719368570806,-0.197738906872474
ENSMUSG00000118021.2,0.676781334220876,0.691689782277996
ENSMUSG00000097930.4,-2.1177452052305434,-2.113844714327
ENSMUSG00000118155.3,-1.9904950557727696,-1.98727529409691
ENSMUSG00000120551.1,-0.6683389895713405,-0.69881782052938
ENSMUSG00000033863.3,-0.5582222989711632,-0.553784065278351
ENSMUSG00000024943.10,0.1462785542664038,0.150897368837242
ENSMUSG00000033207.8,-0.4579841159797833,-0.464171575767416
ENSMUSG00000044424.5,-0.9418976340888148,-0.946061159008619
ENSMUSG00000051255.7,-0.010298900990321,-0.0025713618642023
ENSMUSG00000074925.5,-0.8322915145520479,-0.827012440657545
ENSMUSG00000024812.12,0.8599025423863553,0.864991953817926
ENSMUSG00000059363.11,0.187132660598922,0.190820244970771
ENSMUSG00000074922.2,0.2108897947758386,0.215064434321338
ENSMUSG00000048572.6,-1.278304783684046,-1.30571239053722
ENSMUSG00000041731.14,-0.0770333596253326,-0.0675123897516904
ENSMUSG00000058927.7,-0.3443769940086817,-0.306377039361882
ENSMUSG00000024878.10,0.4845367369202095,0.483313789121567
ENSMUSG00000052085.8,-0.5636388655680308,-0.55909763037541
ENSMUSG00000120776.1,-1.3037894704126904,-1.2938433030244
ENSMUSG00000032702.17,-0.0742960325804381,-0.0699320527054772
ENSMUSG00000024921.18,-0.313405771391782,-0.308612986611196
ENSMUSG00000093772.2,-0.2005880089229968,-0.197155633797896
ENSMUSG00000024924.15,0.2638737903222796,0.267711863994646
ENSMUSG00000041360.9,0.1011325383333744,0.105520898436573
ENSMUSG00000040929.18,-0.3923598672871385,-0.385579722992027
ENSMUSG00000089993.2,0.0166502480347884,0.0344069714200728
ENSMUSG00000064202.17,0.0392244154927397,0.0409113163565376
ENSMUSG00000040105.4,0.2477459437519651,0.253134843326117
ENSMUSG00000024780.8,-0.2416688905112802,-0.237248878715354
ENSMUSG00000063754.8,-1.264396718251565,-1.26123178546645
ENSMUSG00000024782.8,-0.4267317218455769,-0.422056936954317
ENSMUSG00000100075.2,-0.6051747125268466,-0.602349721791995
ENSMUSG00000118038.3,-0.0854854187135447,-0.113183504148065
ENSMUSG00000024785.8,-0.2906947236364021,-0.285961548737187
ENSMUSG00000024789.14,-0.1035782893241175,-0.0988157381139192
ENSMUSG00000016495.13,1.4267261003162044,1.4250584644994
ENSMUSG00000016496.8,3.3083709116688422,3.30124562081833
ENSMUSG00000117964.2,4.269478145364653,4.16408367943375
ENSMUSG00000097855.10,-0.9572512292168436,-0.958022690471387
ENSMUSG00000038658.16,-0.2414215108318956,-0.236621497590821
ENSMUSG00000046324.13,0.1564569540560256,0.159422598873303
ENSMUSG00000046138.16,-0.1951862459961932,-0.19167718065518
ENSMUSG00000118251.2,0.234988599052611,0.250058406973
ENSMUSG00000074909.6,-0.1039504293864159,-0.0992090020470758
ENSMUSG00000024810.17,0.1734974401943656,0.182267099653543
ENSMUSG00000024817.14,-0.051981606280599,-0.0472209070845271
ENSMUSG00000024827.11,0.7007254174348709,0.705554870872984
ENSMUSG00000024863.7,1.2981531575343466,1.30283604555342
ENSMUSG00000053536.8,0.3582273598828234,0.362085279740885
ENSMUSG00000052595.9,-0.3218977541025757,-0.316884192148146
ENSMUSG00000118366.2,-0.6224472310401462,-0.617744254264379
ENSMUSG00000024887.11,0.2791450851759159,0.283554174687815
ENSMUSG00000040451.19,-0.4804787565554952,-0.472240322423362
ENSMUSG00000097787.4,0.2845414297899381,0.295080692635989
ENSMUSG00000062456.5,-0.8104351117180937,-0.775357712935261
ENSMUSG00000024896.10,0.1128993162777271,0.116588357518392
ENSMUSG00000118106.2,0.8194177462887521,0.814878132485051
ENSMUSG00000118168.3,0.0179072453063724,0.0322998840708681
ENSMUSG00000024899.8,0.0056876438035156,0.0102270702245428
ENSMUSG00000013662.7,-0.0699510820762315,-0.0653775135030394
ENSMUSG00000013663.9,-0.260627409192099,-0.256025947608052
ENSMUSG00000120097.1,1.4483882599152529,1.43774257079645
ENSMUSG00000117914.3,1.6691257833292623,1.69417028313228
ENSMUSG00000071573.16,0.3314981407706389,0.33043079421999
ENSMUSG00000120362.1,-0.3206520903955858,-0.331478647563614
ENSMUSG00000024766.16,0.8475281242988307,0.847271611908084
ENSMUSG00000024778.14,0.9247084653744266,0.927636318437901
ENSMUSG00000024781.17,-0.0301864147395337,-0.0255826029572363
ENSMUSG00000045932.13,4.126978344963006,4.1261136334614
ENSMUSG00000074896.4,5.94400803205065,5.94182075190812
ENSMUSG00000079339.8,4.674312329984024,4.46473506877607
ENSMUSG00000062488.10,6.417677106369953,6.41618613360554
ENSMUSG00000067297.6,6.807724425050536,6.56988876385068
ENSMUSG00000034459.9,5.267059586551091,5.26919580169738
ENSMUSG00000009378.5,-0.9999332806955156,-0.994519880171251
ENSMUSG00000033610.17,-1.048159235951737,-1.04328234533023
ENSMUSG00000024795.12,-0.2044070679951971,-0.201560696522367
ENSMUSG00000024800.9,-0.0295431920676726,-0.0183456744508933
ENSMUSG00000024805.17,-0.1036653530501033,-0.101235267672595
ENSMUSG00000114235.2,-0.144101043917386,-0.139650135426982
ENSMUSG00000041180.14,-0.3060419047314773,-0.300971293565612
ENSMUSG00000087579.9,-0.2651929711685091,-0.260226342733101
ENSMUSG00000067279.4,0.5111405406904507,0.515947368897475
ENSMUSG00000120860.1,0.4571219349858135,0.461878688150314
ENSMUSG00000024811.13,0.0432466337091714,0.0477095310178368
ENSMUSG00000040565.9,-0.010798925666591,-0.0070893934276337
ENSMUSG00000039652.17,-0.420364954249109,-0.413938384092406
ENSMUSG00000023307.15,-0.3304908873444085,-0.326103850652763
ENSMUSG00000120174.1,-0.9162220012581918,-0.919239339083776
ENSMUSG00000056999.17,-0.1599900998731243,-0.155313429154163
ENSMUSG00000012443.5,-0.9829311193691932,-0.962751772787047
ENSMUSG00000102353.2,-0.7080174529411293,-0.696044367020207
ENSMUSG00000024986.13,-0.3172660744784161,-0.316838129192414
ENSMUSG00000053799.9,-0.2034889123287267,-0.198680567402231
ENSMUSG00000120139.1,0.6804210089868625,0.677802509646546
ENSMUSG00000024987.7,0.7508151815907631,0.7499862295186
ENSMUSG00000048612.17,0.8129592920187362,0.822273964525434
ENSMUSG00000024990.14,-0.890816852164894,-0.88597353133921
ENSMUSG00000024992.14,0.0646193852776531,0.0706757978848292
ENSMUSG00000054237.7,-0.3265971844517553,-0.322444553206723
ENSMUSG00000044026.4,0.2953544402515248,0.304748427908967
ENSMUSG00000024998.18,-0.0088355614170156,-0.010241428437678
ENSMUSG00000024999.8,0.2722199129718777,0.272118207222364
ENSMUSG00000048720.9,-0.2688321342437998,-0.263830057590049
ENSMUSG00000025001.12,-0.8316316955552286,-0.812250090657625
ENSMUSG00000025002.6,1.1721577961682503,1.22207653559398
ENSMUSG00000003053.18,-1.6841742249332328,-1.67952917477772
ENSMUSG00000032808.3,-1.2953370759522962,-1.28844650526379
ENSMUSG00000025003.7,-0.6959329956403869,-0.691805307684813
ENSMUSG00000062624.6,0.0566206756612162,0.0618044781896417
ENSMUSG00000074882.4,-0.4616782602856092,-0.45703317192556
ENSMUSG00000025004.17,-0.6672489945156509,-0.665853970987046
ENSMUSG00000042248.5,-1.3089112190012575,-1.30173800185763
ENSMUSG00000067225.3,-1.4742893646816824,-1.46965083736251
ENSMUSG00000054827.13,-1.2003170321285457,-1.19574174970948
ENSMUSG00000060613.11,0.1920381216843437,0.196456047021371
ENSMUSG00000117785.2,-0.0497067114089049,-0.0859613130376709
ENSMUSG00000055044.13,1.059482899000896,1.06402121245667
ENSMUSG00000025006.19,-0.5102632860319385,-0.50531676404878
ENSMUSG00000114796.2,-0.1983543874107205,-0.180073533218224
ENSMUSG00000025007.14,1.1622499786753944,1.14562883242237
ENSMUSG00000096592.2,-0.4177281919585259,-0.399987669104464
ENSMUSG00000025008.16,0.1788436621459702,0.194044418436318
ENSMUSG00000048120.17,0.2963025075882665,0.297409937924958
ENSMUSG00000025010.15,-0.0267441998102758,-0.025217442856127
ENSMUSG00000049164.8,0.4506446320243876,0.454617208336126
ENSMUSG00000061132.14,1.1479469547410106,1.124694172042
ENSMUSG00000025014.14,2.820921644283226,2.70473464447147
ENSMUSG00000025016.12,-0.5320411323338227,-0.527601147528834
ENSMUSG00000025017.11,0.0929434604913027,0.0974551781893507
ENSMUSG00000025019.18,0.0515610031099579,0.0571959866939475
ENSMUSG00000025154.16,-0.9469026614814262,-0.962900882435873
ENSMUSG00000067199.5,-0.5167660795145728,-0.521765863369164
ENSMUSG00000047604.4,-1.3571442500667896,-1.34843584352357
ENSMUSG00000035049.5,0.3161901028843173,0.328817383158056
ENSMUSG00000011752.8,0.0053636846747797,0.0097022288959811
ENSMUSG00000034321.15,0.1806888628914268,0.186098756484204
ENSMUSG00000025157.9,0.0024367790773996,0.0048614149065418
ENSMUSG00000025159.9,-0.0346567878164903,-0.0297996816780967
ENSMUSG00000025171.3,-0.7595510375045085,-0.751126673127311
ENSMUSG00000025176.15,-0.2422798583746581,-0.237752872350486
ENSMUSG00000090369.4,-0.1289961061313682,-0.116922238228452
ENSMUSG00000049670.10,-0.1024913258639681,-0.111146693482937
ENSMUSG00000025178.10,0.156214807648439,0.16132296379752
ENSMUSG00000018821.4,0.0778268280426597,0.0800665725852803
ENSMUSG00000044345.10,-0.7957582090050825,-0.790566721219491
ENSMUSG00000018820.14,-0.2383126152018577,-0.23422243895379
ENSMUSG00000025184.11,-0.0093377901242829,-0.0024559592776645
ENSMUSG00000090117.8,0.559141236803606,0.534404263492419
ENSMUSG00000060224.5,-0.330040036511779,-0.325322819464723
ENSMUSG00000118354.2,-0.6061654736111617,-0.60172572557474
ENSMUSG00000025188.16,1.001444699356669,0.999488684304249
ENSMUSG00000025190.14,-0.1222147181199733,-0.116991130694773
ENSMUSG00000040414.9,-0.0072391041210793,-0.0026193002647338
ENSMUSG00000025192.14,-0.0749039718622122,-0.07301840896083
ENSMUSG00000040018.10,0.4466767204972965,0.451190561369478
ENSMUSG00000025193.15,-0.4183198834680674,-0.413742171193388
ENSMUSG00000025194.6,-0.60057480458837,-0.595697321668382
ENSMUSG00000025195.10,-0.0644752744909869,-0.0597321327341737
ENSMUSG00000025196.5,-0.4463050509184594,-0.441433426659642
ENSMUSG00000025197.10,-0.2518984414322099,-0.24836277453352
ENSMUSG00000025198.17,-0.028671900376531,-0.0239774133683575
ENSMUSG00000025199.17,-0.7254245033989882,-0.720610978056353
ENSMUSG00000025200.8,0.0501812265079278,0.0547316095931311
ENSMUSG00000057506.6,0.4585586642254203,0.462643428690604
ENSMUSG00000025203.7,0.0633669221310039,0.0714078462111664
ENSMUSG00000037071.4,-0.3001297100424991,-0.296509747200383
ENSMUSG00000051984.14,-0.7596304779877812,-0.766920734843149
ENSMUSG00000025204.11,-0.3160877654693684,-0.310424971600078
ENSMUSG00000036450.5,0.0399297574583413,0.0441380004154789
ENSMUSG00000036097.10,0.2341630088029267,0.238760135238084
ENSMUSG00000118204.2,0.0976269813308516,0.133774837860055
ENSMUSG00000025207.17,0.4513745427652637,0.455946102922398
ENSMUSG00000025208.10,-0.0366026054437198,-0.0306736440283275
ENSMUSG00000025209.6,-0.2326353219284653,-0.227717044237925
ENSMUSG00000035342.15,0.5880569790687793,0.594815593528278
ENSMUSG00000025212.18,0.8715217161735548,0.875593429590639
ENSMUSG00000025217.16,0.0458312658683984,0.0505143493427501
ENSMUSG00000057605.5,-0.679119691153947,-0.659902809624058
ENSMUSG00000025218.7,0.368812159845772,0.372431073962764
ENSMUSG00000041035.10,0.2863977273224092,0.290684911752119
ENSMUSG00000040913.12,0.4196789766572241,0.425181326950491
ENSMUSG00000056209.8,0.1806222624509267,0.191012928702769
ENSMUSG00000087367.3,0.1883812736121089,0.197678049238103
ENSMUSG00000025220.9,0.2102445600210815,0.214822960232968
ENSMUSG00000039901.11,0.3733253193022588,0.377262647243473
ENSMUSG00000074811.4,-0.051546209458596,-0.0313370134493815
ENSMUSG00000025223.16,-0.17303407023236,-0.168153366041396
ENSMUSG00000055491.15,0.0932512722313216,0.0985798351090926
ENSMUSG00000015176.12,0.0286767194891338,0.0322149844414881
ENSMUSG00000117703.2,3.190928999082652,2.99376843347905
ENSMUSG00000038754.6,1.0429004296842337,1.0520171441418
ENSMUSG00000025224.17,0.6737856045258904,0.678715786233621
ENSMUSG00000086816.2,0.7054168289178698,0.711136754486093
ENSMUSG00000118087.3,-0.7210882916301644,-0.737734572300191
ENSMUSG00000025225.16,0.7203683905109048,0.721301032319963
ENSMUSG00000025226.12,-0.4508253792764685,-0.45293651637764
ENSMUSG00000036748.17,-0.0635514509619514,-0.0618803457735578
ENSMUSG00000025227.15,0.822407721566096,0.834999093579788
ENSMUSG00000025228.6,-0.0368417803255317,-0.0322844760067323
ENSMUSG00000025231.18,0.2828685587846224,0.287307898002133
ENSMUSG00000025034.10,0.00075884016489,0.0080578006028472
ENSMUSG00000025035.10,-0.221193180280947,-0.217081697795921
ENSMUSG00000025036.8,-0.0734553049315703,-0.0693344800619963
ENSMUSG00000047731.18,-0.3428097798459167,-0.338175511746938
ENSMUSG00000003555.9,-1.442039747603095,-1.41766376050122
ENSMUSG00000120748.1,-0.1280197052037376,-0.10309403021063
ENSMUSG00000062376.8,-0.1400509869559311,-0.13695072908993
ENSMUSG00000003559.9,0.2574832957792285,0.262332588803499
ENSMUSG00000064105.14,-0.3368309372721684,-0.331628078265854
ENSMUSG00000117814.2,-0.8311740081665477,-0.839277489439232
ENSMUSG00000025041.18,-0.1035936166830621,-0.0989350306725743
ENSMUSG00000025050.9,-0.4778331391650172,-0.470809093725038
ENSMUSG00000025049.7,-0.4402424184431659,-0.438443223065576
ENSMUSG00000071528.5,-0.5912779831395067,-0.586609160719325
ENSMUSG00000025047.10,0.1348946137290366,0.139015314723336
ENSMUSG00000033033.11,0.0870595348246738,0.0879726872959811
ENSMUSG00000053617.13,-0.1113892713020996,-0.104909744508873
ENSMUSG00000042694.18,0.3559510465496568,0.356055729189325
ENSMUSG00000025060.16,-0.1330566960251375,-0.128630727385831
ENSMUSG00000025066.11,-0.5051938255089137,-0.500046414299796
ENSMUSG00000025068.9,-0.5785262271810724,-0.573441759369081
ENSMUSG00000025069.16,1.1420905806088346,1.20459741493544
ENSMUSG00000117975.2,1.479102626721261,1.47888831219916
ENSMUSG00000025027.19,0.1190063039145067,0.123273531616122
ENSMUSG00000025026.16,-0.065204193699763,-0.0614305074237324
ENSMUSG00000025025.15,-1.484707795059426,-1.47915306211076
ENSMUSG00000025024.8,0.2640778557156023,0.268588245012867
ENSMUSG00000034765.7,1.5634207397076,1.53374239584492
ENSMUSG00000024974.11,-0.1064519840770359,-0.101533404372309
ENSMUSG00000024975.14,0.0725699862258984,0.0769030604309348
ENSMUSG00000084957.4,0.1368252567778121,0.142980537140162
ENSMUSG00000024976.15,0.0087289229949358,0.0132133979952476
ENSMUSG00000024978.12,-0.2288861114639652,-0.224092526579861
ENSMUSG00000024981.7,0.0811465805772192,0.0854465978089475
ENSMUSG00000024982.11,-0.0170747576648518,-0.0125082423052119
ENSMUSG00000024983.11,-0.0026571097346494,0.0028984575555817
ENSMUSG00000024985.22,0.2435587455025468,0.249634714748363
ENSMUSG00000025075.15,-0.1486934467700978,-0.144072889375283
ENSMUSG00000049134.16,-0.0512482441786391,-0.0624173286621846
ENSMUSG00000025076.13,0.5742508576878934,0.578621532007304
ENSMUSG00000025077.15,-0.0693383535746837,-0.064535874675287
ENSMUSG00000025078.10,-0.6994497873995306,-0.692879662726308
ENSMUSG00000035173.15,-0.1895174701152905,-0.184608346862163
ENSMUSG00000025083.19,1.2667491280049008,1.25576995200185
ENSMUSG00000025085.17,0.0484924692490967,0.0532651414202104
ENSMUSG00000097785.4,-0.9136806070936314,-0.916365133846277
ENSMUSG00000033478.7,-0.3247573457023169,-0.320426717231645
ENSMUSG00000025086.14,-0.3436368565646341,-0.338944403169439
ENSMUSG00000054843.10,-1.192382285176949,-1.18697694198535
ENSMUSG00000087002.2,-0.9095937677196226,-0.905462601141489
ENSMUSG00000025089.16,-0.6217848195987287,-0.616760440595396
ENSMUSG00000025092.8,-0.8198501916012224,-0.799882646693707
ENSMUSG00000041362.18,0.5902078418600483,0.594587869403067
ENSMUSG00000025094.9,-0.2753496510042827,-0.25978129296941
ENSMUSG00000074746.4,-0.0411451782021671,-0.0367076830797614
ENSMUSG00000040022.15,0.3933749742234426,0.398163290776774
ENSMUSG00000057858.9,0.3513099061938962,0.358096311709865
ENSMUSG00000033417.17,0.2493999709235967,0.253932100159432
ENSMUSG00002075851.1,1.3395806795545828,1.32797186955739
ENSMUSG00000024991.9,-0.1714914007749269,-0.16661205226182
ENSMUSG00000024993.16,0.3597637586777054,0.364013853626227
ENSMUSG00000063698.10,2.304486702943179,2.2726054238563
ENSMUSG00000024997.8,0.4600526595872693,0.464495278176174
ENSMUSG00000003228.10,0.5424939333032803,0.554239955041575
ENSMUSG00000074733.15,0.0548698642059796,0.0563762905325894
ENSMUSG00000059326.8,1.147462392516519,1.13832633234901
ENSMUSG00000068270.16,-0.0526827191823539,-0.0383199257118166
ENSMUSG00000004317.15,-0.317980878070264,-0.312358754006185
ENSMUSG00000046269.18,1.2671956643243567,1.25715353649753
ENSMUSG00000039521.14,-0.2462345528153316,-0.234300701758034
ENSMUSG00000031143.5,0.3072986387206927,0.273959117858043
ENSMUSG00000031144.16,0.0334107152316431,0.0504144091828803
ENSMUSG00000087644.2,-0.8122925282695401,-0.82762202570844
ENSMUSG00000031145.16,-0.3208684256206017,-0.313656203044154
ENSMUSG00000031146.7,0.436279293747727,0.419481905279908
ENSMUSG00000031147.9,-0.7035417298269212,-0.696699965848702
ENSMUSG00000031148.15,0.3862989247976093,0.390867276190116
ENSMUSG00000039382.13,-0.7275207274885689,-0.722377345943085
ENSMUSG00000031149.8,0.1461655455050384,0.148100285444039
ENSMUSG00000031150.14,1.157012537399505,1.13981625010769
ENSMUSG00000000134.18,-0.0627856607229912,-0.0576262788341347
ENSMUSG00000031153.17,-0.0902712328770611,-0.0854887246858747
ENSMUSG00000031154.16,0.0595007948434102,0.0637804338036934
ENSMUSG00000031155.18,-0.5930509923309206,-0.598666663475642
ENSMUSG00000031156.19,-0.0449764500310714,-0.0389174562590468
ENSMUSG00000031157.11,-0.2214471318163212,-0.216722675769295
ENSMUSG00000031158.13,-0.3570074474271641,-0.352338629045186
ENSMUSG00000031161.16,-0.2474179270398364,-0.242543412337652
ENSMUSG00000087193.9,-0.430479358905375,-0.429281800205934
ENSMUSG00000039231.19,-0.0455816515211108,-0.0358967338116565
ENSMUSG00000031165.7,-0.1920586195131212,-0.156611760483325
ENSMUSG00000031166.14,-0.480387010180325,-0.474939957471526
ENSMUSG00000031167.17,0.2522613713439258,0.257123404916677
ENSMUSG00000055188.13,0.2385995802730924,0.232937019398358
ENSMUSG00000039201.11,0.3713537835291085,0.388409546098569
ENSMUSG00000031168.15,-0.3896045943170986,-0.385055191936768
ENSMUSG00000031169.14,-0.4718842873248785,-0.466971251365535
ENSMUSG00000031171.12,-0.3645593433375987,-0.359593727792461
ENSMUSG00000015342.7,0.1477874726770517,0.1448100772272
ENSMUSG00000015340.11,1.1060350727242898,1.10967507474866
ENSMUSG00000031176.9,-0.2703012329817039,-0.265444606254336
ENSMUSG00000031174.18,-0.0521241858326137,-0.0406313195631442
ENSMUSG00000031173.14,-0.6708651470751493,-0.666330526303662
ENSMUSG00000058254.13,-0.1139460013342933,-0.109936467362415
ENSMUSG00000008035.13,0.60067852327399,0.605755929842616
ENSMUSG00000085587.2,0.5672532035361729,0.576578990652691
ENSMUSG00000040363.16,0.2681858698393312,0.272780153554617
ENSMUSG00000031007.3,-0.3209058591412929,-0.316664578292028
ENSMUSG00000044148.7,0.3334099525721739,0.337451314408178
ENSMUSG00000064127.14,-0.2685366138059424,-0.263533056199729
ENSMUSG00000087424.3,-0.3276527214002416,-0.316812956792552
ENSMUSG00000031010.18,-0.6900581310405272,-0.6844117607207
ENSMUSG00000084349.4,-0.8064305948512288,-0.801664354386855
ENSMUSG00000000787.13,-0.3662238452019488,-0.361528079051321
ENSMUSG00000031012.18,-0.3806858837077731,-0.375848034237294
ENSMUSG00000025037.7,-0.5128146387668895,-0.508140273247251
ENSMUSG00000040147.15,-0.1480880878614868,-0.143505397514735
ENSMUSG00000025040.14,-0.0243186074836665,-0.0182714791451519
ENSMUSG00000037369.18,0.088821814785158,0.092840536558044
ENSMUSG00000073274.6,0.2337717372005941,0.258518906421339
ENSMUSG00000060090.17,-0.354454865851289,-0.349146571912399
ENSMUSG00000037315.16,0.2435135315362383,0.257662959477708
ENSMUSG00000023070.7,-0.8648921815918076,-0.860348224821736
ENSMUSG00000031059.10,-0.8267599616285519,-0.822323486352337
ENSMUSG00000031060.17,0.0231658876559017,0.0279632959547927
ENSMUSG00000001924.16,0.3476568869270042,0.352078007341716
ENSMUSG00000031065.15,0.1083121721172613,0.112576361318662
ENSMUSG00000031066.11,0.5946490416498644,0.571971774165414
ENSMUSG00000001127.13,0.1664058419826136,0.170746505460489
ENSMUSG00000001128.8,-0.2339805480654102,-0.241286293331728
ENSMUSG00000009406.14,-0.162993732133348,-0.164405590802958
ENSMUSG00000001134.10,-0.5116986128816069,-0.508044148532224
ENSMUSG00000086877.9,-0.4464578808348668,-0.443885232250201
ENSMUSG00000054737.12,0.4377552846851656,0.446611219677621
ENSMUSG00000036782.14,-0.6878624798140839,-0.696631747715966
ENSMUSG00000036769.15,0.2106450723949033,0.223972799090598
ENSMUSG00000031093.15,0.2505189191759186,0.245777460384522
ENSMUSG00000017057.10,0.1302901150632173,0.135068025558859
ENSMUSG00000016239.12,0.0651931094845324,0.077290112971504
ENSMUSG00000006373.11,-0.2122187015462875,-0.207506572922183
ENSMUSG00000059708.13,-0.3898467070939105,-0.381307011726033
ENSMUSG00000016319.4,-0.1107561322078735,-0.106135807182192
ENSMUSG00000016308.14,-0.1264757169811302,-0.121847734315911
ENSMUSG00000006423.16,0.0107631179545722,0.0153272761614139
ENSMUSG00000044149.8,-0.29888587183748,-0.291954343644338
ENSMUSG00000050379.16,-0.0514189459718767,-0.0419002927631137
ENSMUSG00000079641.4,-0.531106541329689,-0.528811477023173
ENSMUSG00000036572.17,-0.0904925972970867,-0.0858527154290875
ENSMUSG00000016409.5,-0.0410158754977762,-0.0374334160829666
ENSMUSG00000016427.8,-0.7742148684723105,-0.770196973268193
ENSMUSG00000036537.7,-0.1732586247298638,-0.152529541831999
ENSMUSG00000048047.4,-0.0857257926303223,-0.0811050879742228
ENSMUSG00000036502.15,-0.218755908412849,-0.210554639505089
ENSMUSG00000016534.16,-0.0965853804401962,-0.091958529642796
ENSMUSG00000031095.16,-0.3116697753432144,-0.306665389625538
ENSMUSG00000000355.14,-0.2628170046308434,-0.258111049288767
ENSMUSG00000048970.10,-0.2967555956837834,-0.292051998476116
ENSMUSG00000001986.17,2.8289107658521537,2.82402570674999
ENSMUSG00000037475.16,0.0364623914388737,0.0410317475276805
ENSMUSG00000025860.16,-0.0361035244262581,-0.0311497863969868
ENSMUSG00000025862.15,-0.38020276960528,-0.375672353826357
ENSMUSG00000045284.10,-0.9443714504128036,-0.963133916460813
ENSMUSG00000001173.16,0.4244608870102641,0.429412767754605
ENSMUSG00000031101.7,1.2402061274395066,1.22783059683563
ENSMUSG00000036985.13,0.0389376880426486,0.0434537937503135
ENSMUSG00000063785.13,0.0116426418851725,0.0256273951016814
ENSMUSG00000036959.16,-0.4257099099298431,-0.421521373259772
ENSMUSG00000031103.13,0.5445109381410467,0.543261011768193
ENSMUSG00000036932.15,-0.5937147147038598,-0.589056242467158
ENSMUSG00000036916.14,0.1662144650273635,0.172498600222865
ENSMUSG00000031105.17,-0.3615050485941041,-0.357032100292539
ENSMUSG00000031107.7,0.7791961813189897,0.772800415520996
ENSMUSG00000031109.17,0.3087492625432124,0.312534399048287
ENSMUSG00000119984.1,-0.1661775051246488,-0.165789642343134
ENSMUSG00000085396.9,-0.0944136193132214,-0.089536069243757
ENSMUSG00000050029.8,0.3369816247749198,0.341045848438699
ENSMUSG00000031119.5,0.4728277929029176,0.476111307225809
ENSMUSG00000083621.2,-1.048826621230092,-1.03042502363393
ENSMUSG00000081684.5,-0.9330772369995484,-0.913696216703474
ENSMUSG00000025626.17,0.527694353421016,0.528291304516166
ENSMUSG00000025630.9,0.1517329239516102,0.156441589773872
ENSMUSG00000036022.16,-0.30315554606606,-0.296952540186292
ENSMUSG00000023074.12,-0.2643209880529249,-0.259798894186266
ENSMUSG00000083798.2,-0.3844308532456175,-0.394619171806049
ENSMUSG00000067925.5,0.5863185157642489,0.58048172056816
ENSMUSG00000067924.5,0.8075935755309924,0.796476153850797
ENSMUSG00000073176.5,1.066037132615312,1.02003169667447
ENSMUSG00000035967.16,-0.3227402534213276,-0.331471214716084
ENSMUSG00000061273.4,-1.6526949143507903,-1.64704030126294
ENSMUSG00000060681.16,-0.1756633653133184,-0.169861629376743
ENSMUSG00000023092.17,0.4310370825151585,0.445452248639169
ENSMUSG00000067873.12,-0.2178940549734498,-0.213174170175459
ENSMUSG00000031133.13,-0.0303784589957639,-0.028038465274692
ENSMUSG00000031134.17,0.3431930744804896,0.350347331741432
ENSMUSG00000031138.5,-0.0297406970222845,-0.024889792043384
ENSMUSG00000062949.14,-0.8695821460925712,-0.86493937030073
ENSMUSG00000081603.2,-0.3015329768531316,-0.292523464051897
ENSMUSG00000000838.18,0.3066219652997238,0.311151801426175
ENSMUSG00000035847.16,-0.3904758453424624,-0.385752392445139
ENSMUSG00000045237.6,-0.0740884900228763,-0.074937228092856
ENSMUSG00000073139.10,-0.0733503484769747,-0.0687605673867978
ENSMUSG00000031337.17,-0.5204303832624223,-0.517689673425513
ENSMUSG00000015214.15,-0.1007327960390942,-0.0966264076943388
ENSMUSG00000035776.15,-0.1171638243332155,-0.112014235563641
ENSMUSG00000015217.12,0.2837673288238169,0.287848955430023
ENSMUSG00000073131.13,-0.3799951234717947,-0.375184413294367
ENSMUSG00000031343.14,-0.2972706951821818,-0.282514547753209
ENSMUSG00000031347.13,0.0003306479146871,0.0045419571782758
ENSMUSG00000031349.5,-0.1936891015596163,-0.18917413986104
ENSMUSG00000057836.13,2.5276006915988587,2.52593092220267
ENSMUSG00000078317.7,0.269717793417804,0.287687209062312
ENSMUSG00000031365.14,-0.2074274857179443,-0.202638865755399
ENSMUSG00000031371.15,-0.0469179405275818,-0.0423367929554936
ENSMUSG00000031375.19,0.2865394763056699,0.292311752963926
ENSMUSG00000019558.15,-0.0121752423335442,-0.0079609162581225
ENSMUSG00000002015.6,-0.0121180955237855,-0.0069579263651672
ENSMUSG00000031378.15,0.4995226490474659,0.503904414337012
ENSMUSG00000002010.18,-0.4126084097348428,-0.407887804447486
ENSMUSG00000002014.13,-0.6199328070020668,-0.615353554751684
ENSMUSG00000031389.18,-0.0683012413757942,-0.0648041585587799
ENSMUSG00000031390.9,-0.7883420456484675,-0.774903984447681
ENSMUSG00000031388.15,-0.3496744050691385,-0.346161496184381
ENSMUSG00000031387.15,-0.5753707569349303,-0.586377088524784
ENSMUSG00000031386.15,0.1938745960361419,0.198335092273953
ENSMUSG00000031392.19,-0.1944139275209861,-0.189583374029041
ENSMUSG00000031393.18,0.1286471141317749,0.13330505634243
ENSMUSG00000031328.17,1.0924286324906414,1.09922240660432
ENSMUSG00000001964.15,0.3229011054285166,0.323479368452178
ENSMUSG00000008682.14,-0.6692352948169629,-0.664387174593536
ENSMUSG00000019088.15,0.3244349889427578,0.326936743425281
ENSMUSG00000009995.18,0.1832100836838343,0.188048044624045
ENSMUSG00000019087.14,0.0251759787390133,0.0308382481458261
ENSMUSG00000015291.11,-0.0009794063625973,0.0043758806670162
ENSMUSG00000001962.9,-0.3237736627291829,-0.320836907372687
ENSMUSG00000015289.5,-0.084459660555743,-0.0788110229577417
ENSMUSG00000015290.16,0.1177980620759284,0.122626184739404
ENSMUSG00000032806.14,0.2261732344848185,0.241434010598252
ENSMUSG00000031399.16,0.4978174108032362,0.502121923764799
ENSMUSG00000004221.17,0.0745856112682465,0.0792880133323243
ENSMUSG00000031400.11,1.742073398669011,1.74223284913693
ENSMUSG00000031403.15,-0.385133422029071,-0.381903212841431
ENSMUSG00000031402.13,0.5896554462461585,0.593807310983394
ENSMUSG00000031196.14,-0.3453194004321226,-0.337290540446713
ENSMUSG00000031198.5,0.4218172063581779,0.42502582628935
ENSMUSG00000090110.9,-0.1956664764915791,-0.190665519230613
ENSMUSG00000031200.17,0.3430273854099103,0.346227394642688
ENSMUSG00000031201.18,0.0399859314335296,0.0449093832011819
ENSMUSG00000031197.12,0.4976998250696493,0.501665062520125
ENSMUSG00000087396.9,0.0880563839230088,0.0883029552863919
ENSMUSG00000016382.16,0.0442122374267472,0.0488301220759961
ENSMUSG00000025246.14,0.1582281535494153,0.163182712059444
ENSMUSG00000035725.14,0.0921245134686363,0.0960669952817863
ENSMUSG00000047996.17,0.2236797513684163,0.24522757612521
ENSMUSG00000081049.2,-0.0595768095772851,-0.0695012387526144
ENSMUSG00000025666.17,-0.0199184645415366,-0.0100668987695979
ENSMUSG00000045103.20,0.2418243992374723,0.246077732269427
ENSMUSG00000035476.10,-0.0756305874951653,-0.0716337559755973
ENSMUSG00000025059.17,-0.3847528988830827,-0.379665722252756
ENSMUSG00000087232.2,-0.9110108101189852,-0.898754193461301
ENSMUSG00000006678.7,-0.3824643463767382,-0.379743228297798
ENSMUSG00000087640.2,0.3505993178669896,0.421161510242823
ENSMUSG00000079509.11,-0.0549024897406854,-0.0503396124295125
ENSMUSG00000035150.16,-0.1932884726090158,-0.188659265805555
ENSMUSG00000043929.17,-0.0103219587532776,-0.0091123279956409
ENSMUSG00000079508.9,-0.1414510839567529,-0.136775978277604
ENSMUSG00000025151.17,0.2717686417271489,0.276388265526696
ENSMUSG00000071723.8,0.4101724126055746,0.3955930714649
ENSMUSG00000073062.4,-0.0843484326045911,-0.073237381227454
ENSMUSG00000071722.5,0.1332008025473238,0.166802654540213
ENSMUSG00000025656.18,-0.120967482469128,-0.119320094107398
ENSMUSG00000050332.8,-0.3473336698257311,-0.341849457075334
ENSMUSG00000035062.14,0.5218741225191101,0.516530041312108
ENSMUSG00000057421.13,0.0779706871108527,0.0826430338494441
ENSMUSG00000031207.17,0.985422318514561,0.989383602552052
ENSMUSG00000078122.6,0.4972067483417945,0.517531978088953
ENSMUSG00000044206.4,-1.869745233455097,-1.87824498112703
ENSMUSG00000031209.15,-0.9604313817843536,-0.959144753618364
ENSMUSG00000034457.11,5.019574469711586,4.95224057143236
ENSMUSG00000046532.9,1.5446759688866614,1.54138751551709
ENSMUSG00000031214.14,-0.2856719378364727,-0.275920116912301
ENSMUSG00000047694.13,-0.2158741714272033,-0.211333498752758
ENSMUSG00000031216.14,-0.4241566572859518,-0.412546517980359
ENSMUSG00000031217.9,0.1707301458783829,0.177076431191663
ENSMUSG00000034403.17,-0.1117431285624497,-0.106653143949145
ENSMUSG00000059327.10,-1.0915033411055564,-1.11198178615355
ENSMUSG00000031220.15,-1.3541022618146674,-1.32882284319381
ENSMUSG00000031221.8,-0.2173812830503583,-0.212318007484239
ENSMUSG00000044359.2,0.2723886960568288,0.276149270529284
ENSMUSG00000015668.14,0.4259530518845841,0.429550836785319
ENSMUSG00000034311.4,-0.3506660353570847,-0.344529955923909
ENSMUSG00000000881.13,0.1594893262688463,0.165811340728889
ENSMUSG00000046032.17,0.3957859485999558,0.40008507263375
ENSMUSG00000042903.9,-0.6271992821788392,-0.621934617742958
ENSMUSG00000031304.19,2.555130677752412,2.54545643797721
ENSMUSG00000079487.12,0.2158271252228075,0.219860704128439
ENSMUSG00000047797.15,-0.2701154144961651,-0.265495228823195
ENSMUSG00000031310.17,0.1951186241023475,0.196824555791318
ENSMUSG00000031311.18,0.0191008263163644,0.0231858009278327
ENSMUSG00000031314.19,0.0693238894755294,0.0741265413282803
ENSMUSG00000034160.14,-0.60191410114653,-0.597234123458214
ENSMUSG00000084284.2,0.0390705340546575,0.0375790134966525
ENSMUSG00000082284.2,-0.0169608402446687,-0.0432591185135183
ENSMUSG00000079481.12,0.2910829064137512,0.279361921312174
ENSMUSG00000049191.13,0.1476876368690845,0.136968496798344
ENSMUSG00000079480.4,-0.5391040355141934,-0.534295479788974
ENSMUSG00000031320.10,-0.5428797674446962,-0.538144563629717
ENSMUSG00000067567.13,0.1571780642983022,0.152954077732354
ENSMUSG00000034055.17,-0.3247216577227893,-0.321267369269218
ENSMUSG00000048949.9,-0.6396146013894324,-0.636795270628123
ENSMUSG00000031327.11,0.8319326339553416,0.817929633400478
ENSMUSG00000097571.11,0.1721909310208763,0.178925756522405
ENSMUSG00000086370.11,-0.2759551254727989,-0.27759915794571
ENSMUSG00000033965.11,-0.6008656165075874,-0.595883585566669
ENSMUSG00000121614.1,-0.19488628739397,-0.200008270523282
ENSMUSG00000056537.12,0.0286885036562641,0.0326936039512659
ENSMUSG00000031333.8,-0.1364322073004225,-0.131727099602591
ENSMUSG00000083327.2,-0.079036605877142,-0.0677044623966979
ENSMUSG00000073016.4,0.3501608217841949,0.358162337143732
ENSMUSG00000087174.9,-0.1538053652055369,-0.145098310218981
ENSMUSG00000031226.14,-0.0329621418333275,-0.0266445980589409
ENSMUSG00000031227.9,0.3755941579685534,0.37381654051791
ENSMUSG00000031229.17,-0.1538940400910147,-0.150070797608267
ENSMUSG00000031232.18,-0.1323113565084724,-0.127408188803114
ENSMUSG00000031231.5,-0.5807019643398761,-0.576276684746114
ENSMUSG00000033792.13,0.7302425656000651,0.740594835081151
ENSMUSG00000033777.5,1.4678190009151806,1.47409266543054
ENSMUSG00000062070.13,-0.3874121390851983,-0.382982232147362
ENSMUSG00000047242.15,-0.4353079720456405,-0.429698546076833
ENSMUSG00000052821.4,0.6564388348466604,0.655571001288059
ENSMUSG00000031242.8,0.2657733395815853,0.270136822802722
ENSMUSG00000063663.12,-0.0453013001109787,-0.0397885567675682
ENSMUSG00000086629.10,0.5284937931065412,0.530161637995806
ENSMUSG00000031245.9,0.0264642976346793,0.0310299704923346
ENSMUSG00000031246.15,-0.1761201764236081,-0.171380169396557
ENSMUSG00000048621.4,-0.2422137793116502,-0.235217719656855
ENSMUSG00000025525.13,-0.1879741439297496,-0.183431356054732
ENSMUSG00000025531.15,-0.0743588009046076,-0.0694993925009362
ENSMUSG00000025592.18,0.1731349360947925,0.158217918449361
ENSMUSG00000025597.14,-0.2305537895705047,-0.243367955976352
ENSMUSG00000082070.2,-0.0096506479336426,-0.0234061593965242
ENSMUSG00000055733.7,0.1450867241492699,0.129336660132443
ENSMUSG00000034480.20,-0.2908604548108352,-0.286157261961619
ENSMUSG00000031253.16,-0.1235336758204291,-0.106832373104161
ENSMUSG00000031255.15,1.214932911940455,1.20025991242078
ENSMUSG00000031256.12,0.3140364857611731,0.318529346830915
ENSMUSG00000031257.15,0.360061815726411,0.357022602179272
ENSMUSG00000067369.13,-0.2258888367841423,-0.221535588616257
ENSMUSG00000048007.5,-0.9310722760035453,-0.925744403465406
ENSMUSG00000031264.14,0.5521117670052252,0.571961563255468
ENSMUSG00000079435.10,-0.600041787094582,-0.596213407769096
ENSMUSG00000031266.8,1.0264836611686137,1.03083253232843
ENSMUSG00000045427.14,-0.2454698593673643,-0.240698370475284
ENSMUSG00000049804.10,1.128287581344206,1.13338705187701
ENSMUSG00000033460.15,0.2648838380253219,0.271882196789197
ENSMUSG00000049047.12,-0.288882661961808,-0.29750873918968
ENSMUSG00000033436.14,0.6929088226979302,0.682332167853706
ENSMUSG00000052676.17,0.4497142895455519,0.452887205367843
ENSMUSG00000072969.3,0.6004791069568127,0.600202731988891
ENSMUSG00000043384.16,0.3182415098199086,0.323643267003219
ENSMUSG00000072964.15,-2.166790637630798,-2.1416279838837
ENSMUSG00000051579.11,-0.3122837325556233,-0.307047763104062
ENSMUSG00000042712.11,-0.536758606791607,-0.53431971553853
ENSMUSG00000049536.6,-0.1944412315593174,-0.211023459380597
ENSMUSG00000031422.17,0.4279456839555338,0.432821230062024
ENSMUSG00000087368.8,-0.5647259447125179,-0.546228179856703
ENSMUSG00000031425.16,0.2527581215552604,0.248676480650618
ENSMUSG00000044348.16,0.0257811295691346,0.0266625226726354
ENSMUSG00000042595.8,-0.9562807619835322,-0.950665894970526
ENSMUSG00000031271.15,0.3792493812209983,0.380125795316785
ENSMUSG00000031438.12,-0.3336112375005878,-0.329431209398281
ENSMUSG00000042473.9,-0.3300203646596792,-0.323734850292648
ENSMUSG00000072945.4,0.0308338211859892,0.0361792647932156
ENSMUSG00000047230.7,0.170885191950328,0.175246856825681
ENSMUSG00000031434.16,0.5426158861631024,0.541346660685597
ENSMUSG00000031433.16,0.2197787653324289,0.238917785281648
ENSMUSG00000072944.12,-1.803398556068515,-1.74827990945677
ENSMUSG00000031432.4,0.0183974813545863,0.0228956533161715
ENSMUSG00000031431.14,0.6098412422676506,0.620144847895579
ENSMUSG00000000266.12,0.2911950757226306,0.293991092966501
ENSMUSG00000031429.15,0.1278950173122704,0.13216800496772
ENSMUSG00000079418.6,0.2159007257760253,0.21954777424365
ENSMUSG00000031274.17,-0.7992984754703646,-0.814366524713247
ENSMUSG00000042271.14,-0.4712388146831547,-0.465793948246933
ENSMUSG00000031278.13,0.2619214248524233,0.267519461575096
ENSMUSG00000047045.18,-0.1195469887477836,-0.119140486638724
ENSMUSG00000042225.4,0.0807504525010532,0.0861886892020338
ENSMUSG00000041718.17,0.0511951875172873,0.0560820892535243
ENSMUSG00000041688.17,1.0489152887106492,1.05294860944945
ENSMUSG00000041353.13,-0.4009277372455888,-0.400168460164243
ENSMUSG00000025269.17,-0.0008061893123737,0.0057012227872117
ENSMUSG00000025270.14,-0.3721571542562402,-0.367449229574435
ENSMUSG00000025271.14,0.1944242920918466,0.198866494703809
ENSMUSG00000025268.16,0.3833580689758616,0.38838306942255
ENSMUSG00000025266.12,-0.257766774005159,-0.252767098056618
ENSMUSG00000025265.15,0.040256189031697,0.0278558429640736
ENSMUSG00000025264.13,0.333922087477415,0.338459374388487
ENSMUSG00000084771.10,-0.8916159317652664,-0.881362421332099
ENSMUSG00000025262.9,-0.06285436999527,-0.0510942194090623
ENSMUSG00000041229.16,0.2220257971008939,0.227203317500862
ENSMUSG00000025261.19,-0.4644378572187581,-0.460057815184705
ENSMUSG00000025260.11,-0.4858035852085806,-0.480950475993373
ENSMUSG00000025257.6,0.7337867863438896,0.726640848157
ENSMUSG00000041133.12,0.1287195042259112,0.133373375216313
ENSMUSG00000041115.19,0.2880450611544244,0.292104338448212
ENSMUSG00000025332.15,0.263677012255532,0.268187066083776
ENSMUSG00000087403.10,-0.4440150365755907,-0.443118381022812
ENSMUSG00000041096.14,-0.3502228019895413,-0.348536086652354
ENSMUSG00000045180.14,0.5284996442023482,0.532932106052992
ENSMUSG00000047238.5,-0.1183495273891008,-0.123037469263533
ENSMUSG00000050148.10,0.0152844716780278,0.0194723019300743
ENSMUSG00000041633.15,-0.5307932450898797,-0.554653064500213
ENSMUSG00000086316.9,0.218009442613892,0.194977885692562
ENSMUSG00000025283.16,-0.0360631087013536,-0.0333267303303739
ENSMUSG00000025287.16,0.891927457123741,0.891875755222428
ENSMUSG00000025289.16,-0.561528175465242,-0.556757964995815
ENSMUSG00000085711.5,-0.2886736283645105,-0.296272021124737
ENSMUSG00000071708.12,-0.0826141556095978,-0.0743408112123933
ENSMUSG00000046873.19,0.161266134260979,0.166336967550753
ENSMUSG00000031309.16,0.2028717936733597,0.207782476899026
ENSMUSG00000067194.7,-0.7262750058916978,-0.720927884998875
ENSMUSG00000044150.13,0.2310993434494911,0.233682348361469
ENSMUSG00000040990.18,0.7456094586872766,0.751452043422558
ENSMUSG00000031303.9,-0.6307844558665419,-0.626326656795338
ENSMUSG00000031299.11,-0.4621960534634515,-0.456813405874217
ENSMUSG00000031295.14,0.0708539391077795,0.0753967757252934
ENSMUSG00000085695.2,0.0334613406459873,0.0438655251977099
ENSMUSG00000031292.15,-0.1325456390890321,-0.12563742867913
ENSMUSG00000043518.8,0.3289179345263707,0.350707450887802
ENSMUSG00000040855.16,-0.6495437361223345,-0.644934507988795
ENSMUSG00000059461.8,-0.9010125678394127,-0.883746614312668
ENSMUSG00000031353.14,-0.0128268914444415,-0.0080661833804516
ENSMUSG00000038344.15,-0.1136823245781898,-0.107773341401636
ENSMUSG00000031357.4,-0.0682434575901453,-0.0637115828017199
ENSMUSG00000031360.15,1.0293140669408447,1.03183939116623
ENSMUSG00000031367.16,0.0732800322734764,0.0955606282343697
ENSMUSG00000031370.13,0.6178173171806852,0.62203441062797
ENSMUSG00000120789.1,-0.2666945105661606,-0.264750226586014
ENSMUSG00000031373.5,-0.555326805399079,-0.553374192834348
ENSMUSG00000040749.12,0.314011617732173,0.332896824176199
ENSMUSG00000031379.14,0.0038411376420748,0.0082929207375623
ENSMUSG00000031380.11,-0.812599341884401,-0.810717513235838
ENSMUSG00000031381.17,0.3335608740419325,0.329447407204821
ENSMUSG00000061778.11,-0.3066349739742162,-0.301994728376013
ENSMUSG00000040621.15,0.4075687642549637,0.406736210565851
ENSMUSG00000040586.9,0.4280390190082813,0.436973354036372
ENSMUSG00000079317.11,0.6930954700398816,0.696661428824498
ENSMUSG00000079316.11,-0.6136491568582101,-0.608845542825253
ENSMUSG00000051224.14,0.4150334386888017,0.430513741382988
ENSMUSG00000049775.17,0.1702421812042353,0.173144700456671
ENSMUSG00000040522.6,0.1607943185397747,0.156445987091616
ENSMUSG00000044583.14,1.1182385669916606,1.12767785945685
ENSMUSG00000025742.6,0.4178721773396429,0.42039346858163
ENSMUSG00000031358.18,-0.1041260410444145,-0.0998753367222257
ENSMUSG00000031355.17,-1.0088214359539638,-1.0062420092478
ENSMUSG00000031352.11,-0.2483840317517748,-0.244135820528583
ENSMUSG00000035299.18,-0.1169013027885392,-0.101647556663825
ENSMUSG00000072844.7,0.4647451662316681,0.500708778699522
ENSMUSG00000087263.2,0.0983035580944663,0.109115041505473
ENSMUSG00000086695.2,-0.2770739048449787,-0.236746376845328
ENSMUSG00000121608.1,-0.8273380762622711,-0.833488796117454
ENSMUSG00000121914.1,-1.405327457233705,-1.39346928849599
ENSMUSG00000121607.1,-2.152218255696895,-2.1117089061835
ENSMUSG00000121606.1,-0.3932082302224355,-0.388051281421909
ENSMUSG00000056673.15,-0.1826280546176173,-0.178212012624384
ENSMUSG00000069049.12,-0.2626306349225126,-0.257516548100115
ENSMUSG00000099876.2,-0.8328872773447393,-0.797979234778577
ENSMUSG00000068457.15,0.03809897979916,0.0430316858505578
ENSMUSG00000069045.12,-0.2994007944743934,-0.294130883792903
ENSMUSG00000095366.3,0.958271640965028,0.932571429720122
ENSMUSG00000095134.3,0.1565842115375002,0.163427543184648
ENSMUSG00000096768.10,0.0197097604200468,0.034047986095156
ENSMUSG00000099871.2,-0.1941406628011366,-0.175574916108486
ENSMUSG00000064337.1,0.9543520545074738,0.958863482523354
ENSMUSG00000064339.1,-0.34203026248084,-0.337807799403479
ENSMUSG00000064340.1,-0.7845020657634367,-0.7864052422298
ENSMUSG00000064341.1,-1.4157021250992958,-1.41132963291644
ENSMUSG00000064342.1,-0.8529340851893765,-0.853647878120592
ENSMUSG00000064343.1,-1.3425792783028585,-1.33717299280832
ENSMUSG00000064344.1,-1.5608288698118908,-1.56610883308088
ENSMUSG00000064345.1,-1.6412728885115906,-1.63694063620998
ENSMUSG00000064346.1,-0.554984496656137,-0.557923253419052
ENSMUSG00000064347.1,-0.4042234755086099,-0.400974303868389
ENSMUSG00000064348.1,0.6091015044896021,0.60981675370947
ENSMUSG00000064349.1,0.002753145060984,0.0064784598478999
ENSMUSG00000064350.1,-0.8099250566533215,-0.806080167387382
ENSMUSG00000064351.1,-0.7587157840480766,-0.754346206759611
ENSMUSG00000064352.1,-0.5461930180724501,-0.541547646929648
ENSMUSG00000064354.1,-0.961524790521302,-0.958077542750277
ENSMUSG00000064356.1,-1.4663872518290693,-1.46704907300523
ENSMUSG00000064357.1,-1.271705977482709,-1.26891704656595
ENSMUSG00000064358.1,-1.4834476136407555,-1.47951194510692
ENSMUSG00000064360.1,-1.57407877423324,-1.575608790115
ENSMUSG00000065947.1,-1.5565442778845382,-1.55466629597849
ENSMUSG00000064363.1,-1.3836496892844683,-1.37932454049185
ENSMUSG00000064364.1,-1.6596716253987578,-1.72747938259115
ENSMUSG00000064365.1,-0.5067372282129174,-0.656808270319054
ENSMUSG00000064366.1,-1.1800306248764652,-1.22548129566824
ENSMUSG00000064367.1,-1.0827474557552963,-1.0781138703261
ENSMUSG00000064368.1,-1.061225000235681,-1.05660007082468
ENSMUSG00000064369.1,-3.356995694207757,-3.35389643750285
ENSMUSG00000064370.1,-1.731461796053018,-1.72723376839037
ENSMUSG00000064371.1,-1.5967266388326888,-1.58736799395472
ENSMUSG00000064372.1,-1.1052090973365447,-1.10022169210976
