,baseMean,log2FoldChange,lfcSE,stat,pvalue,padj
eGFP,726.663938180865,10.358632146396292,0.785055175061719,13.19478232288823,9.402608029675534e-40,6.492748281544369e-38
ENSMUSG00000048538.8,41.07591327980998,-1.050060517488516,0.23711250555156396,-4.428532839488566,9.487627450558948e-06,5.369625073194774e-05
ENSMUSG00000025912.17,9.970063162730838,1.7194339653436974,0.60009585673839,2.865265517227657,0.004166597204846328,0.012734504629466794
ENSMUSG00000099032.3,233.96647340293967,-1.8632225563904985,0.1606989248556956,-11.594492981602926,4.394603711411075e-31,2.1869972676925738e-29
ENSMUSG00000100131.2,257.5581231613543,-1.6113841642725035,0.12699004244610054,-12.689059183175223,6.799767114934582e-37,4.3230942291954133e-35
ENSMUSG00000067736.3,62.535355909312955,-1.2290602466761202,0.2709588865184542,-4.535965815582922,5.734046805263837e-06,3.3901582750334987e-05
ENSMUSG00000101111.2,431.9802129516488,-1.2394051963370278,0.13250151586738565,-9.35389446847905,8.447852746087636e-21,2.4983485826134585e-19
ENSMUSG00000100862.2,718.9801330123048,-1.2663914683531152,0.1382440744132147,-9.160547920251844,5.1634473123645665e-20,1.4275645902690693e-18
ENSMUSG00000102070.2,431.42094452476186,-1.0101994259532674,0.12013589759098255,-8.408805745911316,4.1420645390506527e-17,9.084844289905627e-16
ENSMUSG00000042215.9,9.674063939770344,-1.359475636807381,0.5018950522055335,-2.708685074366215,0.0067550425142364895,0.019412340415265034
ENSMUSG00000037432.16,39.33341603048588,-1.1949642407822885,0.2170582208039764,-5.505270596783577,3.686016560734043e-08,3.10260365465555e-07
ENSMUSG00000026077.16,9.588300891795956,2.7641350239022797,0.8165293141849825,3.3852244810846708,0.0007112006659316793,0.0026771121572055283
ENSMUSG00000026043.19,251.94069512762204,1.2766015488974973,0.16068567484025473,7.944712869810129,1.9464110792822666e-15,3.671974470091722e-14
ENSMUSG00000100213.2,11.555439469757234,-1.1413034130995632,0.38921293475366764,-2.9323368038163804,0.0033642168256393583,0.010566349777503203
ENSMUSG00000026104.15,688.8145364650449,2.574961850969823,0.09919614742092478,25.958284851964443,1.4660281126646488e-148,5.2894294304940525e-146
ENSMUSG00000043629.13,9.36891496430175,-1.5966815381371822,0.5420727696558297,-2.9455114285687873,0.0032242123640324858,0.010171251070502436
ENSMUSG00000073678.5,221.86359096698615,-1.824706238129825,0.135206884411604,-13.49566071336247,1.658615322682394e-41,1.208946279644056e-39
ENSMUSG00000103030.2,37.884822406893825,-1.6993329138618603,0.33030590022403866,-5.144724671007218,2.6791344643057705e-07,1.9737247875886105e-06
ENSMUSG00000025981.14,739.5861848341676,-1.5161639085017369,0.2845466512264692,-5.328349154582142,9.91094603240505e-08,7.85473767927895e-07
ENSMUSG00000101122.2,15.058674774742034,-1.0846094541710627,0.4169407317616464,-2.601351634771688,0.009285722074911717,0.02547263656816687
ENSMUSG00000038305.16,467.61846055491424,5.4690329813512335,0.18050721899288613,30.298139940689964,1.2128799834292905e-201,7.001713568340608e-199
ENSMUSG00000064294.13,6327.892170152926,-1.5736174977483153,0.10543954623456377,-14.924357643266045,2.288285493960938e-50,2.2016357499229504e-48
ENSMUSG00000047528.14,7.433817048069803,2.6561530598732617,0.7208845720573107,3.684574705618885,0.00022908482993350872,0.000978441037466824
ENSMUSG00000097573.4,19.106763734599774,-1.2525823158711076,0.4266327667062268,-2.9359730747863955,0.0033250318181206676,0.01045465342028703
ENSMUSG00000079550.10,53.48562322999432,-1.503686423636916,0.22413875804249775,-6.7087300597597235,1.9632545919746107e-11,2.4919692411062076e-10
ENSMUSG00000085400.2,7.225791467973195,1.3452100053950333,0.5471630153473742,2.4585177865887147,0.013951186560625143,0.035967046167013586
ENSMUSG00000084416.4,22.49085700713341,-1.439349911774349,0.28003934234409,-5.139813212408528,2.7501171441250467e-07,2.01777786598946e-06
ENSMUSG00000101211.3,17.736899226302278,1.0370157119369228,0.4060704154803425,2.5537829706461928,0.010655965311537376,0.02866989767722049
ENSMUSG00000026179.15,767.4169665774971,1.1629476365486056,0.15829828721240105,7.346558557441552,2.033751480380855e-13,3.1594296409963937e-12
ENSMUSG00000026198.16,24.71549375401937,-1.1489625987852314,0.2905869618684325,-3.953937201440721,7.687559449912081e-05,0.0003651970308792994
ENSMUSG00000054702.15,39.335496609713275,1.1173657555907437,0.2667613577415712,4.188634234922463,2.8063829322233535e-05,0.00014653299015140173
ENSMUSG00000097564.3,14.877137093785771,-1.0162709551856675,0.38176347338424205,-2.6620434537035926,0.0077667851183024755,0.021862735094078666
ENSMUSG00000052477.16,7.2363897086741575,3.5671170536556622,0.7549933536720933,4.7246999411400425,2.3045537793606718e-06,1.4619481381860755e-05
ENSMUSG00000072109.13,9.370379947904977,1.9768996986513363,0.524924602021154,3.7660640995669494,0.00016584123167690592,0.0007348543615477758
ENSMUSG00000079457.12,15.650909492026788,1.6505650598430968,0.4079146168701297,4.0463493868095375,5.2022569717210526e-05,0.0002570363196065358
ENSMUSG00000070034.14,59.17057104160712,1.8435853291254238,0.22911835761758143,8.04643219467612,8.524257956223056e-16,1.6692278266514403e-14
ENSMUSG00000070031.12,82.14297673270211,1.7225344915183745,0.2695389713905379,6.390669529648741,1.6516097966417925e-10,1.8768529594593975e-09
ENSMUSG00000073628.6,7.9389520407710465,1.9751304089817696,0.5387383440587363,3.6662146490290097,0.00024616732153099393,0.0010424550423519087
ENSMUSG00000090246.2,34.47634960223418,1.1928316965432382,0.26671891180639556,4.472242663501432,7.740351954795212e-06,4.461212436565675e-05
ENSMUSG00000026222.17,204.243523792509,1.2519596274006968,0.1203214948233375,10.405120292420664,2.349591518902589e-25,8.873751232807213e-24
ENSMUSG00000079434.9,26.56085629302778,1.5767333198362776,0.33217005596243787,4.746765373741503,2.0669548236482076e-06,1.3187573835053462e-05
ENSMUSG00000026271.16,12.603139664362743,3.193127738040057,0.5143865703454973,6.207642116113828,5.37854632109961e-10,5.653545557619051e-09
ENSMUSG00000093805.8,12.373421238665319,-1.339663677870888,0.37292599932111836,-3.592304318576976,0.0003277667635363249,0.0013476723451157381
ENSMUSG00000026390.8,36.06646276784082,1.1750357100461593,0.46302671852778204,2.537727658097674,0.011157477307225414,0.029797319115077197
ENSMUSG00000003721.15,1855.2198297719829,1.2275202396418934,0.3452748590490841,3.5551972797051805,0.00037769558627125506,0.001534600985660685
ENSMUSG00000036155.14,155.5662257814088,1.3530233738619157,0.1809449658802464,7.477540849394939,7.572623334216137e-14,1.227956179319183e-12
ENSMUSG00000026348.8,235.89648296840096,1.65590903432715,0.22045833069757897,7.511210980721333,5.858288836385578e-14,9.585807764933861e-13
ENSMUSG00000102014.2,18.301892900987745,1.6117133681198632,0.4524102062768078,3.5625044390217275,0.00036733369520729046,0.0014967136897887114
ENSMUSG00000104515.2,14.580638251123537,1.4746498819506586,0.45609030110810006,3.2332410453980365,0.0012239424279708747,0.00435823763150152
ENSMUSG00000102055.2,16.92755385094778,1.301205400783289,0.3815214655508885,3.4105693080845283,0.0006482740544817439,0.0024659702567950783
ENSMUSG00000004552.17,149.1453504631891,-1.0955438329434082,0.14311212768006953,-7.6551432132469,1.9309693042556023e-14,3.321543384864941e-13
ENSMUSG00000052688.13,8.99654624094683,2.126850294837006,0.5316887556065408,4.000179188312407,6.329453922610785e-05,0.000307047660541576
ENSMUSG00000026435.16,261.5065332476797,1.8921589941509998,0.3101243542228033,6.101291202662567,1.0521501873070403e-09,1.065588175664225e-08
ENSMUSG00000020423.7,86.79871312447145,1.283833048165417,0.26975821364728697,4.759199102067188,1.943626387587067e-06,1.2444727606768657e-05
ENSMUSG00000003051.14,6.545085194132258,1.8226397875893117,0.59267201366359,3.0752924814564815,0.0021029621519450957,0.006995699587328168
ENSMUSG00000026421.15,115.0573668202414,1.3042173479772585,0.1709985561038002,7.627066436663755,2.4015584397866568e-14,4.0871805899765366e-13
ENSMUSG00000041801.6,25.102010471443574,3.9160105622690162,0.4897933063889825,7.995230868179752,1.2933129199535868e-15,2.488678941436022e-14
ENSMUSG00000097113.9,26.670728078418165,1.9748363862622358,0.39022694216406495,5.060738183044127,4.176363768067422e-07,2.985303709794405e-06
ENSMUSG00000097448.2,4.687638669450446,3.181871922030961,0.8545569759246123,3.723416941963693,0.00019654453973910342,0.0008530919691773655
ENSMUSG00000026365.16,12225.58395994124,-1.074883532221134,0.10839557480947877,-9.91630455496362,3.536064445189805e-23,1.206441656571614e-21
ENSMUSG00000026360.10,33.91494360055988,1.4800565926837765,0.2573148262496508,5.751928927903295,8.823089341333033e-09,8.003445969460612e-08
ENSMUSG00000026358.14,16.408456852226905,2.2683387609622816,0.45234656229568226,5.014603735353585,5.314287523140588e-07,3.75040574738215e-06
ENSMUSG00000006014.18,1403.0131882899943,1.1693957006189233,0.16619359427610772,7.036346411018308,1.9734595622160566e-12,2.784063382395125e-11
ENSMUSG00000066842.19,15.520609289054443,-1.2427087288243859,0.37227723955994885,-3.3381270643709846,0.0008434516920621426,0.0031212037999591904
ENSMUSG00000056708.6,40.5878200469685,1.5207928034657985,0.2566499641912767,5.925552369578273,3.112493696813097e-09,2.9787472833160886e-08
ENSMUSG00000060519.12,153.1369033762718,2.5133436652464267,0.171619884093927,14.644827891101954,1.4536889189434805e-48,1.3362827056173446e-46
ENSMUSG00000103222.2,33.715679613191945,1.031072601124549,0.25491891233463915,4.044708145353419,5.238834617373732e-05,0.000258484995548505
ENSMUSG00000102864.2,11.993866557861342,-1.191389732502222,0.41122132669815015,-2.8971983094075786,0.0037651167330055003,0.011646512201238085
ENSMUSG00000026691.11,14.976119888391711,-2.124974562678842,0.5315285882323446,-3.9978556369765044,6.391891301397648e-05,0.00030986824071807474
ENSMUSG00000026581.15,27.582227918693555,1.4091417655327632,0.3377109611128998,4.172626677230279,3.0110808853141798e-05,0.00015642879530905054
ENSMUSG00000026574.6,14.766364713716607,-1.4327615824436473,0.3871581315435416,-3.7007141674422313,0.0002149935394375812,0.0009248246680069067
ENSMUSG00000026566.16,27.12148879573594,1.0666547326957867,0.3663248736169191,2.911772608188302,0.0035938415592120126,0.011192559642327961
ENSMUSG00000040612.14,216.32964212472362,-1.0495784135943356,0.3206846578210794,-3.272929926631944,0.0010643886194416407,0.003844158297242682
ENSMUSG00000052534.16,167.14529766246773,-1.029709059931836,0.15286798417249223,-6.735936667876376,1.62877224785116e-11,2.083904351151413e-10
ENSMUSG00000059089.5,38.4629783733238,1.9393990505006244,0.31717816375379476,6.114541516817837,9.68349584531529e-10,9.841705073210581e-09
ENSMUSG00000059498.14,47.126592905291865,-1.0767227167699664,0.2687330095998855,-4.006663410546738,6.158252415737578e-05,0.0002994470985981291
ENSMUSG00000026649.15,27.22275272252608,1.0441468131918055,0.2934458909342314,3.558226049332635,0.00037336793085699857,0.001520871007092352
ENSMUSG00000038370.7,166.3063731561597,-1.2213281171341301,0.22959232673983984,-5.31955111251634,1.040235871728165e-07,8.199172092179615e-07
ENSMUSG00000005677.15,3639.7861000679795,-1.7571296259418505,0.11809210434920286,-14.879315053493762,4.49073389232013e-50,4.235965459736217e-48
ENSMUSG00000005674.10,3058.873336664905,-1.7878169638790105,0.12388577099488354,-14.4311727611789,3.2943152989783427e-47,2.9167827236107633e-45
ENSMUSG00000004707.15,25.008084932253485,1.4430462835949696,0.30327129933942276,4.7582685428465314,1.9526061787728997e-06,1.2491140235837982e-05
ENSMUSG00000038179.14,7.3218116885118505,2.788331768990258,0.6694275395192221,4.165248072992063,3.1101419370477167e-05,0.00016116900694963248
ENSMUSG00000026548.5,10.70810229322379,3.6161922787016914,0.7262060568577849,4.9795677749488405,6.37264337680399e-07,4.445142059644039e-06
ENSMUSG00000026547.16,91.33860255751192,1.1118348994316478,0.1896469128917788,5.862657516951576,4.5551714335090495e-09,4.277662952892145e-08
ENSMUSG00000037924.7,5.455245735252477,3.12197322639788,0.7827964588466295,3.988231156535619,6.656778456441864e-05,0.00032098438584486795
ENSMUSG00000070501.15,6.709659775090941,4.807387637939358,1.081499050632277,4.445114986581646,8.78448697545528e-06,5.007018800543862e-05
ENSMUSG00000043263.14,27.895254376067623,2.9389631400658414,0.35797413602557215,8.20998738259653,2.2121174050982185e-16,4.580384274085723e-15
ENSMUSG00000066677.13,15.358517856508447,3.0565086266672656,0.4949375524830758,6.175543987989842,6.593604469845869e-10,6.86739841178654e-09
ENSMUSG00000073490.12,99.98703954935554,2.5314286090237896,0.25072836845662033,10.09629913282734,5.736638494353067e-24,2.044226339518604e-22
ENSMUSG00000073489.7,117.37521866023621,2.816806807327121,0.2006345739609489,14.039488567286405,8.93551386491211e-45,7.28572520330009e-43
ENSMUSG00000090222.3,16.791180916102693,1.927873446750262,0.35386336507963556,5.448073005004069,5.0918459464081024e-08,4.1895963910240443e-07
ENSMUSG00000090272.10,123.61922585760462,1.281229894119104,0.15321089162781287,8.362524886491283,6.139003003872943e-17,1.3283072166700795e-15
ENSMUSG00000026536.10,16.590904584987737,2.3959905486089963,0.42947292600214737,5.578909410920623,2.420312395900894e-08,2.089111752251298e-07
ENSMUSG00000039997.17,327.40991199028565,1.6816224424080248,0.13234743715226668,12.706120183296834,5.468078727720063e-37,3.4918279733830065e-35
ENSMUSG00000026535.10,97.73474698029231,2.268361320469727,0.19543735981315918,11.606590073864647,3.8152900301473864e-31,1.9052687098646047e-29
ENSMUSG00000054203.8,8.571251625124463,2.7005954419337943,0.5959552773111334,4.531540443971739,5.855512356781342e-06,3.452073297919458e-05
ENSMUSG00000028354.14,107.37112682793375,1.6165513436465333,0.21307411095516934,7.58680318505074,3.278945602715434e-14,5.528240997475368e-13
ENSMUSG00000104520.2,5.25519324042829,2.0409778116155914,0.6933995129555696,2.9434370424000713,0.003245898351809459,0.010232591746027546
ENSMUSG00000079164.11,170.24019808733246,-1.0449865955704871,0.1669864465936097,-6.257912644333597,3.9016424850234533e-10,4.186505899171634e-09
ENSMUSG00000042901.11,211.11657235481516,1.006833148952336,0.12863187485617117,7.827244608524284,4.9867827371191475e-15,9.064137085907247e-14
ENSMUSG00000097615.3,30.68545115240467,2.347088663434273,0.3009677060377695,7.798473445319506,6.266053496351677e-15,1.1289848197171961e-13
ENSMUSG00000026614.8,507.31269475987045,1.2364518341475124,0.28054686498057896,4.407291574023136,1.0467124225114321e-05,5.8619145058925066e-05
ENSMUSG00000089872.11,124.08797095403656,1.0791287997990422,0.1869835868365967,5.771248792772829,7.868619654623137e-09,7.169186796434414e-08
ENSMUSG00000026628.14,20.962493917409294,2.0556060051330456,0.45712653435636375,4.496798699352135,6.898424276371053e-06,4.0095875616829255e-05
ENSMUSG00000026622.16,37.75633257286831,-2.2543740302848883,0.2698034360154716,-8.355616457588825,6.509188115851193e-17,1.4041943630487954e-15
ENSMUSG00000016262.15,11.30500209279838,-1.393923270717322,0.47148766372157086,-2.956436356605249,0.0031121645203167863,0.009858375407640882
ENSMUSG00000009633.4,222.6996028657997,-1.1620523211843305,0.40701330836517813,-2.855072051210966,0.004302706636292664,0.013095036308514494
ENSMUSG00000026648.19,130.04345342808273,-1.1077579476035058,0.128132540127896,-8.645406908329397,5.3613893675004976e-18,1.2874471106783226e-16
ENSMUSG00000026770.6,10.224466004097991,-1.960369533548006,0.5766913992603421,-3.399338946379908,0.0006754894892886918,0.002558704543153386
ENSMUSG00000104101.2,8.944337307916452,-1.6806350194458892,0.5125469372707755,-3.278987537014624,0.0010418023676014654,0.003772025029910775
ENSMUSG00000026723.11,48.57856695295476,1.4435751332679396,0.22258095581789036,6.4856183583335545,8.836859533256584e-11,1.0368581852354391e-09
ENSMUSG00000026728.10,136.1599521163099,1.3485824768924664,0.16307939368121777,8.269484245990213,1.3453975104420636e-16,2.842866306105397e-15
ENSMUSG00000082884.2,47.9251952880305,-1.2249636062205695,0.25170498032437694,-4.866664158340991,1.134976543275543e-06,7.5658113037194635e-06
ENSMUSG00000026981.16,20.496778731744804,1.979395675650214,0.34484829036617454,5.73990282378494,9.473089371691787e-09,8.560778072151275e-08
ENSMUSG00000026969.4,77.10899715476786,1.4465666888080162,0.18169652394888744,7.961443936125855,1.7004310831260504e-15,3.2418258113177224e-14
ENSMUSG00000036752.5,1068.010287092546,1.4207579283382552,0.12064663710588278,11.776191715077474,5.178009963660982e-32,2.7273372188158868e-30
ENSMUSG00000015090.14,12.663726676244504,-1.1486793221190204,0.37999637409833603,-3.0228691651193578,0.0025039047217509294,0.008136985576291243
ENSMUSG00000052403.12,93.56085803729124,-1.3903858844404346,0.2186667983844972,-6.358468202363403,2.03775555254276e-10,2.2921970486591674e-09
ENSMUSG00000026938.11,206.9816598039891,-1.2911583649339222,0.20649981169701004,-6.252588582639455,4.0370462245432415e-10,4.315751934267264e-09
ENSMUSG00000049086.9,37.48626931555576,1.089454971114009,0.34911254434695116,3.1206411478336875,0.0018045779261530038,0.006127922030644741
ENSMUSG00000026923.16,249.50817025431516,1.1455601859835982,0.1803475075139775,6.351960178295304,2.125883638034552e-10,2.3800840559261584e-09
ENSMUSG00000026831.17,6.176877204602535,5.893280916040056,1.578127145189261,3.734351147817871,0.0001881997602965528,0.00082057369806642
ENSMUSG00000055632.19,41.53601428483974,1.4751056763223906,0.24681177994680906,5.976642106143775,2.2778386058259874e-09,2.210744233979869e-08
ENSMUSG00000026822.15,4707.149137407945,4.368207281937396,0.6987221501477218,6.25170860980131,4.0598634449960486e-10,4.336931845905475e-09
ENSMUSG00000039157.13,366.5354914683084,-1.0294774219878522,0.17466454889300062,-5.894026169091183,3.768974415029885e-09,3.578542023533638e-08
ENSMUSG00000079442.13,17.6986584679728,2.542985296578531,0.4202877761653791,6.050581151277385,1.443242382995076e-09,1.4276130275109621e-08
ENSMUSG00000026797.17,36.116260887083264,1.39623846705524,0.23445593240283025,5.955227716977935,2.5970995426859904e-09,2.5104715740150175e-08
ENSMUSG00000026796.17,90.40179529152374,1.4085039282929783,0.30425756651356367,4.629314381340744,3.668784189846475e-06,2.2483181922660013e-05
ENSMUSG00000052248.18,6.864291416275035,1.6036208608248468,0.5834436886538027,2.7485443617102616,0.005986053394572652,0.017512816255923883
ENSMUSG00000036249.17,102.17088115318266,1.7461868539204781,0.1663005321671874,10.500188010011772,8.620825277754369e-26,3.3266243424746265e-24
ENSMUSG00000026946.10,422.76577074429935,1.886057825266579,0.09930463208910248,18.992647025511225,1.961854874968632e-80,3.370653518517535e-78
ENSMUSG00000085315.9,28.64761090796115,-1.3148965634955536,0.2771352003980425,-4.7446032175162145,2.0891543212214975e-06,1.330568189049808e-05
ENSMUSG00000017412.17,31.168077613697687,-1.1134718255723939,0.251213274386824,-4.432376546542857,9.32000677227532e-06,5.291358683614376e-05
ENSMUSG00000026832.13,9.362572700122163,1.53226340146558,0.5693138695909941,2.6914211708321583,0.007114831039037706,0.020284717810231563
ENSMUSG00000026896.15,1201.008099057677,2.381817388736298,0.09835649763469015,24.216167167549035,1.5031922000977205e-129,4.4273611901653674e-127
ENSMUSG00000027030.16,20.774968579853642,1.5304030434811011,0.3370493164879968,4.540590853076549,5.6096799101204074e-06,3.320709617016313e-05
ENSMUSG00000005233.17,74.19799109868208,-1.628201916226861,0.22571557274827503,-7.21351166161088,5.452705183502992e-13,8.146318965664096e-12
ENSMUSG00000027068.7,11.669601494333488,1.8321902311637486,0.5392718558799264,3.397526147872441,0.0006799808929399236,0.002572341873370636
ENSMUSG00000086813.3,21.12169498230462,3.760484034016071,0.5193215298193575,7.2411479557262535,4.449027165359108e-13,6.7233884869594395e-12
ENSMUSG00000121134.1,6.68757858303435,-1.3486286634851639,0.5390558347939343,-2.5018348312669807,0.012355155041794547,0.03243762007698361
ENSMUSG00000027004.4,22.40996147762566,2.2444054515141785,0.36443836104003036,6.158532392443863,7.342216790377199e-10,7.590463661799695e-09
ENSMUSG00000034059.15,5.753384532946214,1.5315824525332322,0.6492803675026386,2.358892289357583,0.018329575077040743,0.04525015865751831
ENSMUSG00000027078.15,1755.793225206268,2.022447202500681,0.07271125427654004,27.814775341500535,2.8747193050106162e-170,1.1853699717118061e-167
ENSMUSG00000120340.1,8.17344324574838,1.2333310594192812,0.5284421943555673,2.3338996631851523,0.019600976396750697,0.04775979931755969
ENSMUSG00000027253.16,374.540710614712,-1.55473123777403,0.13638086469865973,-11.399922131372943,4.184932293262288e-30,1.9932984441043345e-28
ENSMUSG00000075028.13,10.838000046959184,1.048632178952496,0.4078086845674948,2.5713826572002314,0.010129333568687423,0.027427118585984407
ENSMUSG00000068735.15,52.685688052089084,1.0400312685832944,0.1874719627063484,5.547662986877534,2.8951323573566282e-08,2.472340247418394e-07
ENSMUSG00000040272.15,71.78246005098933,1.7306319871738363,0.21780239521981382,7.945881336278335,1.9281493472072495e-15,3.642284211897254e-14
ENSMUSG00000005089.16,869.4758391313022,-2.173445850209987,0.10290335444266725,-21.121234210308714,5.075157117952854e-99,1.0932039929297847e-96
ENSMUSG00000087185.2,67.9326148235101,-2.0022274095736905,0.21450234812081917,-9.334291335803602,1.0166908611967243e-20,2.9822931928437247e-19
ENSMUSG00000005087.18,77.19266460491056,1.162922224517014,0.2255445409151546,5.156064606123553,2.521939133482386e-07,1.8703301939577487e-06
ENSMUSG00000027186.17,11.192146796759575,-1.6892477448310474,0.39945394110454785,-4.228892422891193,2.3484460001667465e-05,0.00012428592839899702
ENSMUSG00000032724.6,107.14863096868162,1.373385071884778,0.18005155896691505,7.627732188295805,2.3891924212968306e-14,4.0744196620029074e-13
ENSMUSG00000074971.5,8.400517856442836,-1.4646553654836396,0.4452081521723448,-3.28982153255059,0.0010025094557342491,0.0036471430464221537
ENSMUSG00000121215.1,7.264034507805218,-1.3520368015541069,0.5513241844259809,-2.452344445875886,0.01419287297194094,0.036433927913740956
ENSMUSG00002075416.1,9.07090718782415,-3.104208213869715,0.587610665115981,-5.282763568045544,1.272495708518767e-07,9.868166612220766e-07
ENSMUSG00000040152.9,8.05207187593766,4.470223636055171,0.971802055943987,4.599932268833178,4.22628332251065e-06,2.5531067773325116e-05
ENSMUSG00000040093.17,120.06859563099928,-1.5134887130083075,0.5051097254238632,-2.9963563099844532,0.002732269717763733,0.008795921607576666
ENSMUSG00000074923.11,6.45034859816497,2.841391654900674,0.7134747360331742,3.9824698919241883,6.820276707966584e-05,0.0003279914476820185
ENSMUSG00000046814.4,258.0484927413021,-1.4472876695402674,0.13226079509541308,-10.942680848819883,7.203771144539776e-28,3.1034276166566583e-26
ENSMUSG00000027293.14,104.77689697045359,1.2960003124942143,0.1489378518426415,8.701618134411445,3.271849468660236e-18,8.030498559813695e-17
ENSMUSG00000054484.15,212.95760367162634,1.0624396969748091,0.12211433191094571,8.700368583677912,3.3080794336281182e-18,8.105637077439898e-17
ENSMUSG00000060802.9,15866.010552556821,1.0420078049202317,0.07333022916556786,14.209798834359914,7.965399171628207e-46,6.722610575727385e-44
ENSMUSG00000027204.14,44.198528060787396,1.4652463611864144,0.30515570686574056,4.801635126657091,1.5737525626745766e-06,1.025390383048284e-05
ENSMUSG00000027359.17,10845.676575398107,-1.3446604869650625,0.09763916508012269,-13.77173274537563,3.77059676899273e-43,2.9256587403281223e-41
ENSMUSG00000074807.4,52.13111756180011,-1.2273505596805803,0.2643224667036433,-4.643383420966172,3.4274942500917005e-06,2.1121091809275585e-05
ENSMUSG00000103009.3,14.144158732702547,-1.079420440959828,0.36322733821220193,-2.9717488949832767,0.0029610875510160794,0.009454516711562845
ENSMUSG00000027346.16,1974.3705993144645,-1.263811697600712,0.18288953895345228,-6.910245959569992,4.838141155312621e-12,6.550098794884779e-11
ENSMUSG00000084839.2,74.21835854784115,-2.3453791671518647,0.27155015292223134,-8.637001827885374,5.770746122005749e-18,1.3811510453198503e-16
ENSMUSG00000027435.9,63.743733790168676,1.5263091678873288,0.22385808421952125,6.81819990199947,9.218830796518192e-12,1.2161441138514675e-10
ENSMUSG00000032869.16,457.2518049987051,1.0960404545605837,0.10479787668031953,10.458613182631536,1.3379962062478417e-25,5.094976582735845e-24
ENSMUSG00000027459.17,18.709475259407736,1.296843910821556,0.49520094393887576,2.6188235840310305,0.00882335648969367,0.02436637597766151
ENSMUSG00000051817.10,39.05931292485788,-2.278574609651491,0.3956645174896343,-5.758855062638225,8.468637643013349e-09,7.701284087206594e-08
ENSMUSG00000042745.10,87.02831606514154,1.3780838442032315,0.24320450486574705,5.666358215543568,1.4586442209442714e-08,1.2898991051879734e-07
ENSMUSG00000003283.16,36.355702923192005,1.238629978532252,0.3201243814258924,3.8692147502641574,0.000109186440763324,0.0005036045743356638
ENSMUSG00000027597.16,3529.8235790366916,-1.1730781403665012,0.11971189398039754,-9.799177854111882,1.1350571145393136e-22,3.7314679446540716e-21
ENSMUSG00000027602.10,221.04284233091113,-1.1163499289690806,0.11939360753547322,-9.350164987999046,8.751110959093709e-21,2.5827409685407034e-19
ENSMUSG00000027624.21,39.728642750922,1.3500421051244946,0.25972905226532744,5.197886387177637,2.0156725482651984e-07,1.513537264129206e-06
ENSMUSG00000027639.17,479.52575792608366,1.7183737729841637,0.11367044082270816,15.117155881046614,1.2481821561713719e-51,1.2597038376129537e-49
ENSMUSG00000027641.14,44.84056793234044,1.4009267572361779,0.26957462258411774,5.196805039758646,2.027427942354912e-07,1.5215725462332861e-06
ENSMUSG00000027412.13,88.1692279094322,1.2270716658902523,0.17171080013947465,7.14615309516667,8.924352543185399e-13,1.302287723996478e-11
ENSMUSG00000017002.15,17.114108479816576,1.6863592723442429,0.5949605595727538,2.834405147049128,0.004591108504548381,0.013850099903353312
ENSMUSG00000017652.17,7.070917541548438,2.7011754817934945,0.7478317207664179,3.6120097700926426,0.0003038331161421546,0.0012622105734495035
ENSMUSG00000018459.16,107.79628294234935,1.0604862235074854,0.22750386188345245,4.6613987768293805,3.140675238838293e-06,1.9503539176813358e-05
ENSMUSG00000039671.19,467.7512722434314,1.339501433464238,0.1234659290125981,10.849158502080027,2.0126977361691104e-27,8.460750984311342e-26
ENSMUSG00000039501.15,1110.9144693413086,2.009749903526382,0.09085420177166009,22.120604928954183,2.0022562011628724e-108,4.586755792886123e-106
ENSMUSG00000074577.10,20.523640624775005,-1.0842576025195128,0.2805129647544412,-3.86526734501795,0.00011096758286739515,0.0005105612948375448
ENSMUSG00000087442.2,11.352659799190594,-1.7145250118436595,0.5611050129416899,-3.0556223385974866,0.0022459395583918074,0.007405391753874929
ENSMUSG00000120918.1,54.15095472297319,-1.309335114893115,0.38570018137541806,-3.3946966533020233,0.0006870467846000229,0.002596349619101213
ENSMUSG00000027513.12,21469.435864010702,-1.3611897263500703,0.11607231187359832,-11.727083784050011,9.259405132633809e-32,4.8068969379198244e-30
ENSMUSG00000027514.15,867.7719397074004,5.1849022542135925,0.15095781808691552,34.34669578509893,1.5778375239448904e-258,1.3394912438572154e-255
ENSMUSG00000085704.3,24.221879314380665,1.0397549917350164,0.36123895847874704,2.8783024846313436,0.003998215653649086,0.012277074109247575
ENSMUSG00000049401.11,633.9853669238698,1.27669630560284,0.07794388001890237,16.379686324227443,2.671171432096674e-60,3.159864435083541e-58
ENSMUSG00000027577.15,81.73234879474218,3.357419270507141,0.7297612886145136,4.600708920695643,4.210554704720212e-06,2.5457363007340635e-05
ENSMUSG00000027580.18,1638.1494840492808,1.3817853209760889,0.11524254162982926,11.990236430349858,3.997625028434957e-33,2.193677734234726e-31
ENSMUSG00000040329.15,10.918160367594897,2.5507950345203003,0.5179139309661009,4.925133081016232,8.430295953667206e-07,5.733554722117112e-06
ENSMUSG00000027533.11,280.7062058439345,-1.0715526325316864,0.3535845555455486,-3.030541395899996,0.002441157209459534,0.00796355805762206
ENSMUSG00000027559.6,52933.65614574036,-1.0064423641296,0.09180858639074713,-10.96239909245606,5.794263105155058e-28,2.518759190771018e-26
ENSMUSG00000078780.8,12.094575491548573,1.028342116778897,0.415664808170625,2.4739696422815185,0.013362105049947118,0.03463396193980546
ENSMUSG00000039519.7,5799.332228362613,-1.0270915886105176,0.12128355029298879,-8.468515195418814,2.485408170152002e-17,5.604595423692764e-16
ENSMUSG00000039304.12,195.1320746173028,2.5079238145276976,0.16609971005346985,15.098905432889444,1.6464380297821546e-51,1.6500967809594483e-49
ENSMUSG00000039221.11,257.25872414599314,-1.5549217924169618,0.15576109408589633,-9.982735429166166,1.8139572620160622e-23,6.308200290461641e-22
ENSMUSG00000104444.2,191.27060222145468,-1.5300731142964537,0.1295048762979616,-11.814791520097666,3.273599486216451e-32,1.7433427226965248e-30
ENSMUSG00000027663.14,138.88701674002922,1.0298606281808023,0.19383024748162028,5.313209065981601,1.077113418463093e-07,8.46672159872514e-07
ENSMUSG00000105135.2,42.03022165269875,-2.0709417100508376,0.23388928141335555,-8.854367748434079,8.415948508493678e-19,2.1611916169854226e-17
ENSMUSG00000059834.13,55.29582564386565,-1.0087220979437435,0.22594069007961315,-4.464543759640227,8.023954866935373e-06,4.606273533795199e-05
ENSMUSG00000120422.1,11.863571879282022,1.515213160167483,0.48075943027727647,3.1517076207815387,0.00162318718294834,0.005590308612022923
ENSMUSG00000104965.2,7.7091073189481065,-1.6998255992137157,0.4853081047781874,-3.502569980756101,0.00046079272079424473,0.0018269671831050935
ENSMUSG00000036381.14,12.357735084204911,1.1996653515649118,0.4124134281889209,2.908890132004532,0.0036271430405729016,0.01128409751272863
ENSMUSG00000036353.14,11.550804314329033,-1.557594543222373,0.43667787970947036,-3.566918810402461,0.00036120332960590837,0.0014746496330615188
ENSMUSG00000027762.7,137.6298057336689,1.7690763044405051,0.19048341762569754,9.287298214675904,1.5825434621862138e-20,4.558735977299689e-19
ENSMUSG00000027765.7,126.28009366271586,-1.1895116315328695,0.2577530555067842,-4.614927373776801,3.9323280136326e-06,2.39457206298505e-05
ENSMUSG00000036894.4,41.720871756329544,1.0841965249152572,0.24109894732336254,4.496894478187539,6.8953187257045255e-06,4.009397254204985e-05
ENSMUSG00000043300.3,46.887717974513485,1.0021416047354266,0.20212167621498892,4.958110498101588,7.118207656639194e-07,4.931827791676277e-06
ENSMUSG00000027834.16,5.641066598880339,1.6441976994129592,0.6004809419961414,2.738134692413809,0.00617887638590071,0.01799667891045793
ENSMUSG00000102545.2,5.946284718471435,1.6108086837180065,0.6189089319663074,2.6026586473722064,0.00925040053281958,0.025395050502121395
ENSMUSG00000027995.11,46.163352176746685,2.1441415969722,0.2712072690442699,7.905914928195402,2.6597277812801062e-15,4.946545275700322e-14
ENSMUSG00000027953.14,93.2818043371445,1.0422179950915096,0.1649582606243785,6.318070954110706,2.64848416681039e-10,2.9088982873217312e-09
ENSMUSG00000028039.12,40.61602703945275,1.4101859905606966,0.28365069682017857,4.9715583510612325,6.641686784627832e-07,4.614965030127534e-06
ENSMUSG00000086389.2,82.52846582485441,1.1122127963758515,0.2307963874650033,4.819021686569949,1.44263873753262e-06,9.463710118213986e-06
ENSMUSG00000028041.18,24.023741028786606,1.1303210663923349,0.293351161127092,3.85313309158041,0.00011661596024366123,0.0005342862026147679
ENSMUSG00000027951.17,589.5791194244991,1.7432939167701167,0.0889582528973908,19.59676432473247,1.6477387293803807e-85,3.088333161352942e-83
ENSMUSG00000056071.13,9.631789097398784,1.4267071421551407,0.4978885615098872,2.8655150016472284,0.0041633154625697584,0.012727169827537969
ENSMUSG00000027907.5,38.413788625169154,1.604215509404492,0.25643371776913054,6.255868079129832,3.953108046517661e-10,4.232288970871133e-09
ENSMUSG00000041959.15,461.63402484177476,1.5609465481998501,0.18873898829681754,8.270397983404738,1.3351257603462567e-16,2.8252983831843367e-15
ENSMUSG00000038526.15,202.47798685996082,-1.5269791684936214,0.18958993630771726,-8.054115098257277,8.005585947823499e-16,1.571926753727738e-14
ENSMUSG00000050936.6,16.743626576198142,2.6935241093553364,0.5175988362656194,5.203883626919678,1.9516624902235534e-07,1.4731377122858956e-06
ENSMUSG00000015947.11,50.017663614386215,1.805401634902796,0.31833052766194925,5.671468734597897,1.4157844238461781e-08,1.2535337917146038e-07
ENSMUSG00000038403.11,693.8092757009816,1.3213743118209864,0.1835009244021039,7.200913652758888,5.981041661295292e-13,8.871366213341587e-12
ENSMUSG00000087610.2,38.25414820538704,1.0412202822990617,0.24311615080596186,4.282810001915875,1.8454775031765484e-05,9.941743682659181e-05
ENSMUSG00000027875.13,22574.524232428124,-1.0074415211478533,0.10362303038718308,-9.722177757044845,2.425378078158582e-22,7.919243534838157e-21
ENSMUSG00000051076.9,98.5582892829852,1.0850053229936683,0.2397765793987407,4.525067985015082,6.0376094118337286e-06,3.543504637315347e-05
ENSMUSG00000027860.17,123.2301879524794,1.007354827409738,0.14289385795211726,7.049671986232575,1.7934004503873557e-12,2.5375969669767434e-11
ENSMUSG00000027858.14,9.449059393558459,-1.3362536204410302,0.4667890779615673,-2.8626497138201024,0.004201147311899247,0.012826519569564189
ENSMUSG00000002233.14,137.6210543149515,1.6903237397249105,0.14856687073318722,11.377528054424598,5.41118244529538e-30,2.55209755067003e-28
ENSMUSG00000002227.16,810.0047419871182,1.798414002654906,0.08118261775721945,22.15269785994275,9.825546755327766e-109,2.324627717588366e-106
ENSMUSG00000105677.2,10.533428259700763,1.7858293792269306,0.5009519226249913,3.5648717942216357,0.0003640340876321833,0.0014836882103099885
ENSMUSG00000040724.6,19.09831689307882,-2.140842996058012,0.43838855281085115,-4.883437266624314,1.0425232811738571e-06,6.9752878970334286e-06
ENSMUSG00000089664.3,8.497767600440755,1.183867421434953,0.47520197715416357,2.4912931308172697,0.01272790623811304,0.03327701862834192
ENSMUSG00000004038.10,396.83099171038276,1.6240259588489476,0.2207787400990501,7.355898299448331,1.8964736877999825e-13,2.9589090013329024e-12
ENSMUSG00000068747.15,43.43249759684778,-1.0077308334078776,0.30854885955015027,-3.266033246329615,0.0010906544371610588,0.0039282068472943354
ENSMUSG00000068744.13,22.289535036873986,7.738664586505438,1.551357810811682,4.988317029490774,6.090755919930138e-07,4.258807627734096e-06
ENSMUSG00000027965.16,77.26310323629158,1.0653785544836183,0.16461485526616942,6.471946609927664,9.674831016583114e-11,1.1296695892502225e-09
ENSMUSG00000120078.1,4.819787146903509,3.23929169611509,0.8749027749713459,3.702459048916813,0.000213519833227437,0.0009187591631301047
ENSMUSG00000104723.2,10.960942581886318,-1.2973200836679692,0.4715117814892294,-2.751405446477913,0.005934014780551904,0.017385241841844312
ENSMUSG00000104653.2,13.16336557186915,1.3711996873181327,0.42750076136371495,3.207478936280828,0.0013390386597075096,0.004712266748817064
ENSMUSG00000033308.17,3453.3996135123716,-1.5013188119821739,0.0717942598032282,-20.911404562104945,4.216366360621037e-97,8.818927437171421e-95
ENSMUSG00000028132.16,1900.3881859146154,-1.6457109194939983,0.11924150332509773,-13.801494224768065,2.496242711003724e-43,1.94733917865977e-41
ENSMUSG00000028127.11,6122.105067683557,-1.071636603139025,0.08833143279743084,-12.131996155848544,7.148537058088755e-34,4.093955826283211e-32
ENSMUSG00000106087.2,36.942483965891995,-1.4194544397866473,0.2424762106712223,-5.8539946490309935,4.799040692682887e-09,4.48864259732984e-08
ENSMUSG00000057359.8,17.941905015832063,-1.2748097801043015,0.4045111092176378,-3.151482743131338,0.0016244376148939726,0.0055925294986044405
ENSMUSG00000104960.3,69.84135632157592,-1.3586251217937084,0.1838367229225282,-7.390390234307295,1.46398512534108e-13,2.3192352721100404e-12
ENSMUSG00000051278.13,18.28029779834782,1.028489715005157,0.32892790317858445,3.126793759563658,0.001767238527349428,0.006018118552785971
ENSMUSG00000028028.12,39.806604030064356,1.0301387306636365,0.21987683724371707,4.685071622718516,2.7986205022402137e-06,1.750569913488131e-05
ENSMUSG00000105837.6,16.87628556373729,-1.0963086556243802,0.4356765263230607,-2.5163362939858067,0.011858197463544837,0.03135535100657367
ENSMUSG00000027999.16,204.36626091942006,-1.0786028187386305,0.17627650294745242,-6.118812210951106,9.427542368774397e-10,9.608636402976843e-09
ENSMUSG00000019232.15,2219.966461607261,-1.3019609970760024,0.15462000306965415,-8.420391742519158,3.752275060962394e-17,8.280249798135974e-16
ENSMUSG00000106290.2,11.788274303610121,-1.6456206461309457,0.41177348360429455,-3.996422090433467,6.430703217706168e-05,0.0003112270584773153
ENSMUSG00000037922.14,17.312759035613592,-1.0668707817384078,0.3647811637037824,-2.924687149155409,0.0034480267730680656,0.010793298864351418
ENSMUSG00000046818.8,5.232266781427026,3.0848309620936245,0.8406561362192206,3.669551471981623,0.00024297641270839147,0.001031406266775012
ENSMUSG00000037894.14,309.91879061414613,-1.1281634577340465,0.10964846300068551,-10.2889126473847,7.906414665880743e-25,2.9182960730943957e-23
ENSMUSG00000121473.1,161.92115529243776,-1.1694922609495095,0.36032574084277624,-3.2456528312802475,0.0011718164663562904,0.004193381409799853
ENSMUSG00000105504.5,71.34519181276812,3.341024209085103,0.25459652591738524,13.12281931988829,2.436971885871236e-39,1.6511914674597973e-37
ENSMUSG00000040253.16,704.0444722465867,2.836695019408261,0.10585146874396599,26.798825307466178,3.3347201252094137e-158,1.2664916012374278e-155
ENSMUSG00000028268.15,1049.674590996636,5.281102484614998,0.13607217467686925,38.81103904715302,0.0,0.0
ENSMUSG00000040264.11,428.82056077112986,5.187584827409091,0.22756505224440057,22.79605227712084,5.017802514007963e-115,1.341054183003017e-112
ENSMUSG00000028270.13,377.5284090432646,4.873158785392536,0.2144804678054917,22.720757909815415,2.7934642174675048e-114,7.330050106634732e-112
ENSMUSG00000098871.3,36.81388770531092,4.731595274920435,0.4891938163984936,9.672230343701063,3.956596763228083e-22,1.2717506567240019e-20
ENSMUSG00000040213.14,846.1788608380139,-2.0232753209552445,0.13358069166715694,-15.14646537387784,7.995246920854887e-52,8.125873490266037e-50
ENSMUSG00000120786.1,215.77704386806613,-1.206837231783206,0.17538085190505512,-6.881237140053033,5.933498062015248e-12,7.936259873123638e-11
ENSMUSG00000086561.2,171.6914282000194,-1.7771178434293604,0.17207835354539708,-10.327375912278981,5.299038116308085e-25,1.9710236622308836e-23
ENSMUSG00000028186.15,19792.694381486195,-1.4710957906917808,0.07134402365125177,-20.619748023785164,1.8250648881567148e-94,3.762762352268244e-92
ENSMUSG00000028037.14,1898.0721203813962,6.0257230048750285,0.13971593620782105,43.128387272243884,0.0,0.0
ENSMUSG00000039146.6,150.90040892675069,2.621279433115191,0.15984436093758006,16.398948437967185,1.9457694963913886e-60,2.3207723447868195e-58
ENSMUSG00000065431.3,8.004997876958841,-1.3438878130653737,0.5282618531685223,-2.5439804237325014,0.010959722670634883,0.029356109425130405
ENSMUSG00000086765.9,11.813723166055215,2.4827898458214794,0.6088788280027096,4.077641940623415,4.549475647863285e-05,0.00022829635796231892
ENSMUSG00000028211.12,1602.6183820937522,1.7027289030390673,0.3275528106651001,5.1983339711897285,2.01082613559484e-07,1.5106841639200798e-06
ENSMUSG00000028214.14,20.418848811755176,2.7161793138211747,0.46800758087160077,5.803707941573636,6.486422108689721e-09,5.97015585922258e-08
ENSMUSG00000085467.2,7.74255791481802,1.2213352180561363,0.5003509809006779,2.440956977555276,0.014648399746002646,0.03745008062609569
ENSMUSG00000082676.2,18.969495016770715,1.644423411553953,0.3234407023922532,5.0841573104169075,3.692618058105436e-07,2.6582136053781116e-06
ENSMUSG00000078772.3,61.42666723002706,-1.1572490688478865,0.2197866899660576,-5.265328255439874,1.399390888714274e-07,1.081156815092313e-06
ENSMUSG00000096105.2,50.472566658408034,1.203696271766275,0.24520873061424023,4.9088638432695815,9.160554776727568e-07,6.180697827850971e-06
ENSMUSG00000040183.14,20.0558604586299,1.0178667849354124,0.33682895016847325,3.0219100360176925,0.0025118518862424217,0.008159137164584883
ENSMUSG00000040296.16,947.7071217532848,2.3235983601165686,0.10457758143272099,22.218895563304205,2.255485454807559e-109,5.425194347297115e-107
ENSMUSG00000061322.16,76.23359060523372,1.076734886977588,0.26509317226878987,4.061722441820712,4.871197244715594e-05,0.00024325646586759671
ENSMUSG00000028457.19,138.87589063043967,2.1116070147268573,0.21986397681726236,9.60415182739052,7.678751425821422e-22,2.4517641720675835e-20
ENSMUSG00000028461.13,181.74002277322344,-1.027383997764817,0.13051304092795443,-7.871887670841654,3.493297517676293e-15,6.446965444386733e-14
ENSMUSG00000043770.11,13.755801449960924,-1.0895218097925836,0.4596375250115049,-2.3703935177296773,0.017769161497132795,0.04410052256691668
ENSMUSG00000028480.15,11.127763082720401,2.4940623475890478,0.513367123795751,4.858243218125006,1.1843187413567215e-06,7.851211793872394e-06
ENSMUSG00000035561.6,642.3197321227971,1.1335741173044136,0.1595519094852414,7.104735511857159,1.2055318199282942e-12,1.7398235225205142e-11
ENSMUSG00000028327.15,1617.9745983412606,1.1365674934573082,0.09725084813648863,11.686967417108487,1.485982946127433e-31,7.57798794293679e-30
ENSMUSG00000035517.18,410.61928981449,1.3822873900158743,0.11407204773726645,12.11766964330817,8.514582907872299e-34,4.837892146709174e-32
ENSMUSG00000039853.19,206.13146797844334,1.3673893603645497,0.11708846343111252,11.678258645601199,1.64633660623418e-31,8.366172500412565e-30
ENSMUSG00000028339.18,116.06946190799981,1.2357914895162787,0.17774160318791513,6.9527418868263124,3.582538211035659e-12,4.928807574992053e-11
ENSMUSG00000060317.10,170.3417516653348,2.5183322957963057,0.23041318295692428,10.929636331906874,8.318111054363733e-28,3.5622248883257386e-26
ENSMUSG00000038578.16,144.66544266085722,-1.203075721154256,0.12952638083361803,-9.288267867992515,1.5681950360519932e-20,4.526438152060473e-19
ENSMUSG00000078689.9,8.264843596961665,-2.006455057755836,0.4966124460365396,-4.040283472090439,5.3386634336870134e-05,0.0002628713431421733
ENSMUSG00000073842.11,1773.3935411467835,-1.8185450276577542,0.13675259254078487,-13.29806619289791,2.375325380978304e-40,1.6804262695234746e-38
ENSMUSG00000078688.12,195.41634659902502,-1.7636078062160343,0.1718484142172287,-10.262578297561173,1.038950193752736e-24,3.8056165472689053e-23
ENSMUSG00000078687.10,25.273694035775144,-2.097632347248463,0.508907804456872,-4.121831751995129,3.758716848668556e-05,0.00019208853243620608
ENSMUSG00000078686.12,1096.895707299615,-2.087086537825323,0.1911448075435221,-10.918876451038885,9.364706431313712e-28,3.986768236481401e-26
ENSMUSG00000078685.7,93.46490543196673,-1.5788672806589614,0.259354080322795,-6.087690151987913,1.1455128760311968e-09,1.1520586638942322e-08
ENSMUSG00000078683.10,664.1057526470961,-1.642590121455417,0.3017157420398409,-5.4441644653679235,5.204911390806041e-08,4.27774949841189e-07
ENSMUSG00000078680.4,59.85619342143774,-2.009762292759457,0.330960230008174,-6.072519023538931,1.259191760355665e-09,1.2584941471920331e-08
ENSMUSG00000073834.11,24.019898586521478,-2.071283360262227,0.43407572448610493,-4.771709735010833,1.8266862932317793e-06,1.1737638728370899e-05
ENSMUSG00000094793.2,992.7525851996154,-1.693472263642149,0.15853061416504136,-10.682304314289272,1.2317557457324155e-26,4.937971922891728e-25
ENSMUSG00000110439.2,268.99022849931737,-1.811715894895361,0.24012578576873198,-7.544861910999622,4.5276698959490887e-14,7.510727809004282e-13
ENSMUSG00000073835.6,11.416851916987572,-1.9206695064519534,0.4842364825484284,-3.966387448429947,7.29702093923206e-05,0.00034882612187809567
ENSMUSG00000078675.10,23.954806391149283,-2.454237128747711,0.4219629497820786,-5.816238439927473,6.018659897295304e-09,5.564465063277759e-08
ENSMUSG00000095532.2,100.51630753301352,-1.480298656524371,0.29939114403260175,-4.944363539234066,7.639303021249735e-07,5.250020057270294e-06
ENSMUSG00000096688.2,530.4869239031514,-1.8720780816746947,0.20881059081122955,-8.965436448418002,3.0905445873664156e-19,8.154065719355048e-18
ENSMUSG00000078674.3,32.67604415326426,-2.4019496943391285,0.4405727167689548,-5.451880252491348,4.984001423934114e-08,4.1125848227682756e-07
ENSMUSG00000078673.11,33.75260881672564,-3.0039752602207956,0.4776632650827377,-6.288897388206035,3.1972870946799727e-10,3.4798829072715966e-09
ENSMUSG00000081207.5,10.49594024273798,-1.5533225741633097,0.4781954296298038,-3.248300753032747,0.0011609648650187123,0.004158611301054866
ENSMUSG00000082644.2,27.232432793622348,1.6659155035214626,0.3519996840022191,4.732718747301376,2.215323542848959e-06,1.4084382982553382e-05
ENSMUSG00000066154.13,82987.50640296428,-1.06371085278136,0.09235113159393524,-11.518113903124219,1.0692590476430672e-30,5.195806927806313e-29
ENSMUSG00000028358.16,10.984177835945024,1.2681648232654303,0.4678742364993217,2.710482271376934,0.006718544013844663,0.019334402234856666
ENSMUSG00000045672.16,535.1098070355912,-1.041385089090071,0.16058611393508146,-6.484901238167215,8.87899274757249e-11,1.040955510422146e-09
ENSMUSG00000061540.4,1365.3612781246713,2.593717023492193,0.5871708844003716,4.417312050717464,9.993590328237808e-06,5.625097332961312e-05
ENSMUSG00000083219.2,7.829856693314443,-3.004975489374893,0.6981461306185771,-4.304221362241742,1.6757404842077954e-05,9.095256362574992e-05
ENSMUSG00000059049.16,7.3223386390155225,-1.6786066447409829,0.5020486010043184,-3.3435142362373487,0.0008272444942692257,0.003066733249754294
ENSMUSG00000085569.3,15.223422105515407,1.1150916729906886,0.40435614711066875,2.7576968495683527,0.005821015337508084,0.017085396247898448
ENSMUSG00000015224.11,129.71039510552708,-1.3032555499719414,0.20506065752479502,-6.355463625753552,2.0779891839519818e-10,2.332001547651244e-09
ENSMUSG00000120569.1,5.718340746991423,1.8909602072325002,0.617658366475096,3.0614985724616486,0.0022023204214765123,0.007286540193202436
ENSMUSG00000028527.19,1072.7217087099762,-1.6420770143076227,0.19127703639815008,-8.584809997210433,9.098668028459144e-18,2.1456205389987317e-16
ENSMUSG00000028520.13,6.929665314520635,2.012446031691097,0.6239310123051074,3.22543036329631,0.0012578343143029075,0.004458021813364332
ENSMUSG00000078612.10,102.286824685822,1.2562480683954491,0.2185250703005569,5.748759474908851,8.990059933934668e-09,8.139557400661551e-08
ENSMUSG00000028518.9,1092.3304905001958,-1.2612812927173338,0.08438900091966081,-14.946038926543123,1.652930251434113e-50,1.6118303641011566e-48
ENSMUSG00000034785.16,133.43932690679623,-1.7804450950089885,0.4528990751561664,-3.9312182176460935,8.451651478766459e-05,0.00039782855232080083
ENSMUSG00000028600.17,24.402632593461682,-1.3716237375745526,0.37699788316484806,-3.638279679609737,0.0002744652808267288,0.0011504742761810486
ENSMUSG00000098980.3,9.141104092728266,-1.684687944370738,0.5538806466863808,-3.0416082498088164,0.002353179348431004,0.007714921480362619
ENSMUSG00000028555.16,8.020091454117507,-1.1274122394040835,0.4585566727175174,-2.458610476045996,0.013947585621815459,0.035964187188501105
ENSMUSG00000066072.14,75.56069675895375,-1.321338801467043,0.30460334906530884,-4.33789978186924,1.4385071686374456e-05,7.854004580504143e-05
ENSMUSG00000073771.12,23.02055788538302,1.0444933291586542,0.4055573876472898,2.5754513688381926,0.010010934999056854,0.02713707999744337
ENSMUSG00000087385.9,53.66815358764793,-1.0140211364060274,0.20494402091768182,-4.947795655933387,7.505864440055743e-07,5.170626997560119e-06
ENSMUSG00000028655.12,202.8361416544403,-1.8266214479710374,0.6667254982338969,-2.739690401536484,0.006149708302387277,0.01792981620607135
ENSMUSG00000042677.8,48.77815223244155,1.0113975948151332,0.21941395549926704,4.609540867688846,4.035592019728375e-06,2.4502172498409725e-05
ENSMUSG00000073758.11,23.62137767040834,1.2835468391761022,0.3045964791167485,4.213925396964726,2.509702138265843e-05,0.00013252843490469318
ENSMUSG00000050234.8,32.13760860956204,1.0015049684215143,0.29679564464442637,3.3743924026289513,0.0007397883011821284,0.0027774830548557075
ENSMUSG00000087470.4,24.72509725897155,-2.0321339687335955,0.3108990474892801,-6.536314553371747,6.305323353447379e-11,7.570584578781411e-10
ENSMUSG00000028789.17,15.514937470628661,-1.2642794773323607,0.39238442574068816,-3.222042961939255,0.0012728004862092226,0.004504427811910618
ENSMUSG00000000409.15,7.515416918187748,1.4417010722613093,0.49664997936708755,2.902851368479991,0.0036978208818735816,0.011476763648860114
ENSMUSG00000070729.6,12.503814032144001,-1.2774445761840953,0.3853798184501859,-3.3147677045501998,0.0009171930938826718,0.003363895992608569
ENSMUSG00000023232.18,174.4860868050478,1.28864036010008,0.13857231912658163,9.29940675181272,1.4123148147744244e-20,4.0928769893221875e-19
ENSMUSG00000028581.18,109.8770344337471,1.0640787094928286,0.23077317638138353,4.610928905074722,4.008736301323394e-06,2.4349361237668027e-05
ENSMUSG00000056529.8,14.632250011138662,1.2615377626425368,0.36665793873506014,3.440639433567806,0.0005803413327124101,0.0022400337292606317
ENSMUSG00000037731.6,51.13593123808371,1.629158587973225,0.24871310018526782,6.550352943852397,5.740125704746537e-11,6.920759746942524e-10
ENSMUSG00000000682.8,11.478254356505557,3.175984247778676,0.5966640957134017,5.322901563200831,1.0212501525445713e-07,8.058328158295929e-07
ENSMUSG00000012126.17,20.59143493985442,1.0796894453570196,0.312512149174413,3.4548719088499986,0.0005505543173462548,0.0021410940199248583
ENSMUSG00000028843.9,38.520431426014824,1.1310266282094115,0.22982388844036436,4.921275311651925,8.598207622476321e-07,5.825790253876914e-06
ENSMUSG00000028838.12,216.78148685878696,-1.2452351175456111,0.17218654030192906,-7.23189579953283,4.762976069624743e-13,7.160340691335863e-12
ENSMUSG00000037139.16,7.5337980562611975,1.6633667613919993,0.5426714185688296,3.0651453245478533,0.0021756425397063744,0.007208189424481725
ENSMUSG00000070661.8,45.19005953500528,-1.4752879385085118,0.36078084145964634,-4.0891526627073524,4.3295184797788994e-05,0.0002183214909160345
ENSMUSG00000028919.12,561.4941177846914,1.1767173649948166,0.12471205211093551,9.435474319258955,3.892291856118169e-21,1.1727255963986936e-19
ENSMUSG00000006218.5,22.81501555018927,1.318069216654576,0.34780841070428603,3.7896415845309326,0.00015086480371771555,0.00067659442114794
ENSMUSG00000082334.2,8.772142168694486,1.2357061728557936,0.4512162893480216,2.738611619366201,0.006169921240447889,0.017981482904310165
ENSMUSG00000084350.2,25.09327271333321,1.2641176386714181,0.2686479878903593,4.7054796449371885,2.5326977611347733e-06,1.594759776993763e-05
ENSMUSG00000066007.16,5.866237918761637,1.4480968306249504,0.5992586532165245,2.4164804677450746,0.015671367004306883,0.039661957661802166
ENSMUSG00000078496.10,13.155287299064227,-1.2286523135892378,0.3794320547034216,-3.2381352559935896,0.0012031375501724945,0.004293689694384135
ENSMUSG00000029009.18,114.06130249864222,1.898593521966,0.23730533483951344,8.000635650479559,1.2377854615869597e-15,2.388197831767781e-14
ENSMUSG00000029003.12,166.54838898355376,1.1869623437375263,0.14408472595170244,8.237947054397695,1.7519067569822128e-16,3.668115682756635e-15
ENSMUSG00000055401.15,301.56767378603337,1.0119643141331067,0.16215683646028,6.240651558227614,4.357519539420308e-10,4.630907363248445e-09
ENSMUSG00000087273.2,8.84514131384832,3.584154178359333,0.7276502004368705,4.925655453963263,8.407803570424134e-07,5.7209533771033055e-06
ENSMUSG00000028961.16,481.2679666981186,1.0916095781829052,0.11259239286311118,9.695233846837898,3.159131559434285e-22,1.0268600600395405e-20
ENSMUSG00000102813.2,18.424189669838768,6.289679459430544,1.0437257084737261,6.026180449869483,1.6787974179926443e-09,1.6493127526528142e-08
ENSMUSG00000028957.13,526.9216602016702,-1.0867533614265894,0.3673260869233549,-2.958552087952708,0.0030908800039487865,0.009797403957168655
ENSMUSG00000108391.2,7.048699110953311,-1.6901861562556002,0.5566708846789069,-3.03623954974853,0.002395489641300603,0.007839389229761974
ENSMUSG00000029032.13,51.176777209090304,2.0117003641526323,0.23219923032992132,8.663682309774666,4.567651474262774e-18,1.106046075110073e-16
ENSMUSG00000042333.17,93.83009549692055,1.0855444487039154,0.14449928933527306,7.512455277099609,5.802856935359158e-14,9.50588323395044e-13
ENSMUSG00000073684.14,66.08122695980335,1.0270018419155422,0.18036394133873487,5.694053003569976,1.240585437012049e-08,1.1065592723706979e-07
ENSMUSG00000073680.3,28.834878531179015,-1.6337230012796327,0.2569855134382743,-6.357257183183747,2.053879656272895e-10,2.3085351401347682e-09
ENSMUSG00000023571.5,19.32925888137429,-1.2000207277881654,0.3617802111802141,-3.316988300364492,0.0009099342682220156,0.003340669386665004
ENSMUSG00000035692.8,1330.642448656862,5.951527318302518,0.15169824547897456,39.232670750482754,0.0,0.0
ENSMUSG00000078349.5,98.89091110346715,1.9267262383532164,0.22232947734840225,8.666085403214135,4.472315343677133e-18,1.0847807569739223e-16
ENSMUSG00000078485.5,7.514417778494639,2.199299583915652,0.5587125591103193,3.936370407384014,8.272325888878247e-05,0.00039002354533907503
ENSMUSG00000106535.2,27.256989113565993,-1.923619690771517,0.39650617829203266,-4.851424255373753,1.2257802293706084e-06,8.100027596280503e-06
ENSMUSG00000015653.14,33.63822577072587,-1.607723523904952,0.29004318750958347,-5.543048735981191,2.9725008406340838e-08,2.5339121164814587e-07
ENSMUSG00000084923.2,12.271935207914186,-2.2362510704814764,0.7794580561101783,-2.868981920132181,0.004117953368257549,0.012604518135883976
ENSMUSG00000039899.6,38.16333805902334,2.0072199544972444,0.24861114774265658,8.073732705562207,6.818104692868623e-16,1.3516330621906588e-14
ENSMUSG00000042453.15,371.1771732064435,-1.6496691275474935,0.17376585979743556,-9.49363200268779,2.231216532498845e-21,6.85125893553688e-20
ENSMUSG00000073152.5,25.679226357876512,-1.4789042317636534,0.3613224594411255,-4.093031565353408,4.257697335178332e-05,0.00021492510647531894
ENSMUSG00000073102.8,16.121135626626558,1.7002594968464189,0.42687316837019,3.983055443231634,6.803487544913948e-05,0.0003275114484596334
ENSMUSG00000029177.10,24.09537983852541,-1.0161041074743962,0.2975080890529498,-3.415383126922483,0.0006369235568926291,0.0024282913301517015
ENSMUSG00000029163.10,168.91301340438068,1.2090673588866923,0.1761825235423795,6.8625839531459505,6.762597017707867e-12,9.003487099590401e-11
ENSMUSG00000006641.13,363.1900847298988,-1.2104776423138084,0.15581269244105853,-7.7687999825284635,7.923316854143755e-15,1.408242719692151e-13
ENSMUSG00000037379.8,140.56832937579037,2.1877081170256787,0.567702784967395,3.853615263048825,0.00011638643395288943,0.000533503979902169
ENSMUSG00000120013.1,11.792880071765493,-1.5222088457182579,0.45336906889610207,-3.3575489598896753,0.0007863681556981902,0.0029332812672618973
ENSMUSG00000052783.17,10.629030552601591,-1.1640063792605124,0.4461064122692707,-2.6092572248388035,0.009073900662698163,0.024991323351919826
ENSMUSG00000029101.17,86.85750967997222,1.952547425480946,0.21879266171458067,8.924190647801902,4.489699638859736e-19,1.1674836970815083e-17
ENSMUSG00000107040.2,20.071015935584043,2.484064558647583,0.4039303039357859,6.149735571814099,7.761223232683774e-10,8.000712406720873e-09
ENSMUSG00000120374.1,31.97531346018311,1.5451740045583566,0.27752022622661593,5.567788789911864,2.5799227131317064e-08,2.2202411804363023e-07
ENSMUSG00000046572.11,21.809329576682458,1.1366214448725487,0.3387488564517927,3.3553513856195143,0.00079264232603176,0.002953631306297537
ENSMUSG00000039765.16,47.42792836005938,1.1057069116094216,0.23251793010413035,4.7553619246233785,1.98091211426381e-06,1.2666603293334208e-05
ENSMUSG00000105263.2,18.16307019428224,-1.0242897076399526,0.3037328878863672,-3.3723371702282066,0.0007453314332372539,0.0027968339169214896
ENSMUSG00000015880.14,32.97373221298881,-1.8168200372341605,0.27825790053148197,-6.529266675857085,6.609248313913813e-11,7.920349700491818e-10
ENSMUSG00000015882.19,211.3639413297479,-1.0214801914810776,0.12082047734817886,-8.454528685045577,2.8021690410511414e-17,6.260201795735305e-16
ENSMUSG00000097145.7,8.3409486039582,1.8100128428757143,0.5898765274373476,3.0684605314592055,0.002151647485983168,0.007136882674720541
ENSMUSG00000106981.2,9.781240106356696,-1.349613038379995,0.48493336824189825,-2.7830896505904508,0.005384392574947842,0.015943281420116386
ENSMUSG00000044827.11,20.520825838325443,1.5110467692682437,0.3145897592660889,4.803229363833671,1.5612686707236025e-06,1.0177158742494594e-05
ENSMUSG00000029206.14,18.61031391540909,-1.404616992537239,0.38516271574098293,-3.6468145413166786,0.00026551141308529363,0.0011177048074895043
ENSMUSG00000082039.3,5.6958093399746925,3.197000404147726,0.7922162416322631,4.0355148457455305,5.448269430657214e-05,0.00026735608440409695
ENSMUSG00000029156.12,38.928501551898464,2.4740839058147994,0.2668949878893492,9.269877734985862,1.8635942324787703e-20,5.346996414141871e-19
ENSMUSG00000035836.3,8965.018166259219,-1.0156382271495008,0.14587662317142608,-6.962309690675931,3.347386302132165e-12,4.618598507269108e-11
ENSMUSG00000061906.6,79.50220650602769,-2.02590299930301,0.34580918285210716,-5.858441879981631,4.672300738109467e-09,4.378613263142586e-08
ENSMUSG00000106705.2,10.739466590543083,-1.4718933571705692,0.5254462297473991,-2.8012254610298783,0.005090893756552606,0.015189534565757125
ENSMUSG00000107198.3,57.93213764608926,2.58393189881257,0.22136113495235485,11.672924876215188,1.7529110385514544e-31,8.876495476622663e-30
ENSMUSG00000082361.7,46.97292946104297,1.7181555637721608,0.25840115167978067,6.649179202967937,2.947319771557101e-11,3.673205435501907e-10
ENSMUSG00000029405.17,1177.588728553373,1.028705059428997,0.09552360182879616,10.769119251519763,4.815859403008638e-27,1.9633469746954992e-25
ENSMUSG00000029417.10,5729.825327014654,7.271954113616564,0.13685022463424906,53.13805025203178,0.0,0.0
ENSMUSG00000034842.17,19.678038601437613,1.164096946113856,0.3448373974165004,3.375785094178286,0.0007360538869374715,0.002765615645998851
ENSMUSG00000034855.14,91.65547024345075,3.7853036620242553,0.2448722744830748,15.458277871657904,6.634874285721796e-54,7.145858633696787e-52
ENSMUSG00000060183.8,70.30326243359045,2.2900631650402974,0.2630121982950667,8.707060660628118,3.1185621970012934e-18,7.693519594379944e-17
ENSMUSG00000029381.17,93.09063284601402,1.0078910899975333,0.21274507722219796,4.7375530524960565,2.1631423841687087e-06,1.376475788726755e-05
ENSMUSG00000058013.12,308.57257165995213,1.0681894033958865,0.12279188479810867,8.699185659965858,3.342742431947369e-18,8.176687928451599e-17
ENSMUSG00000034687.9,107.32358805378503,-1.0208614025376692,0.2156800237736509,-4.733221856508277,2.209837169361193e-06,1.4055694150824477e-05
ENSMUSG00000029322.13,141.69722992569018,2.5309256222938785,0.16091580519710535,15.728260000276258,9.683574590130124e-56,1.0750257575750612e-53
ENSMUSG00000035273.15,55.151731528841175,1.6292268481413044,0.23078335511704864,7.059550925217261,1.670415525914441e-12,2.3727792194879145e-11
ENSMUSG00000029309.8,47.72796495861303,-1.105516722757143,0.3162235663616471,-3.4959972638244983,0.00047229354284951256,0.0018699973691095103
ENSMUSG00000034438.17,71.39723264005652,1.7780496524261045,0.23192353211738576,7.666534034701415,1.767062910980597e-14,3.0432281540897345e-13
ENSMUSG00000029298.16,615.1965926290366,4.341538350298871,0.1551553698324501,27.98187619923971,2.700175294828802e-172,1.1461449957343903e-169
ENSMUSG00000079363.8,408.306476473729,3.4847873687324116,0.1574051751213254,22.1389631315895,1.3326712274143304e-108,3.1021147022650995e-106
ENSMUSG00000119978.1,5.907116619448195,3.302541015360685,0.928166185849352,3.5581354564630856,0.000373496699110283,0.0015209662419750575
ENSMUSG00000079362.6,19.714809823831708,3.6381968147722925,0.49612136342439406,7.333279884704527,2.245872166935073e-13,3.4665697447280186e-12
ENSMUSG00000105096.2,876.2481340640607,4.67016935409826,0.15959666975157408,29.262323339000616,3.129763019728452e-188,1.672916292619297e-185
ENSMUSG00000104713.5,82.03459718385031,3.816401208108067,0.2693643743466996,14.168173565506354,1.4420237658964445e-45,1.2099585458963656e-43
ENSMUSG00000092021.10,3252.859439388354,2.002009792446206,0.14675920729557101,13.641459567263714,2.2697187524701913e-42,1.697232178012943e-40
ENSMUSG00000109771.3,36.6176915384587,-1.0360353540211078,0.3542401573982113,-2.924669415321175,0.0034482232542681172,0.010793298864351418
ENSMUSG00000029352.15,17.156851013291263,1.1453352865062942,0.36380790506453625,3.148186915573267,0.001642866062389697,0.005641171309162052
ENSMUSG00000048163.14,15.099779635618868,1.4142371439138095,0.4146218495308969,3.41090838679601,0.0006474684229331506,0.0024635550434408725
ENSMUSG00000029591.15,56.930985590848195,-1.7617191029053392,0.27359493422823755,-6.439151031340672,1.2014360516490344e-10,1.3871300077919092e-09
ENSMUSG00000029561.18,1308.6116600034152,5.928152648582889,0.1574758174363016,37.64484442813453,3.97303802133815e-310,5.733888472395215e-307
ENSMUSG00000087477.3,5.571081737722595,4.522417897566046,1.0918128626494807,4.1421181708663735,3.441129528061363e-05,0.00017692333932661772
ENSMUSG00000041827.16,516.8311376775348,5.172902847174342,0.18039560396115065,28.675326524521957,7.749941706934818e-181,3.856798576361493e-178
ENSMUSG00000041609.17,18.05018682909544,1.1877868501615019,0.33900213973981835,3.503773902645923,0.0004587146452428592,0.0018197278065269224
ENSMUSG00000086219.9,13.270080638963162,1.1180250959244318,0.3926886993733229,2.847102801044812,0.004411911264016498,0.013387868663222476
ENSMUSG00000066894.15,81.6001924507904,1.2828859890819937,0.17793390231229717,7.209901949041514,5.599218038957073e-13,8.347925076263272e-12
ENSMUSG00000097368.3,31.394892260586346,1.0826340259622231,0.24940459105927987,4.34087448576637,1.4191677613712002e-05,7.762073100506035e-05
ENSMUSG00000032690.17,192.20157126343514,2.690804216268415,0.1736108777900091,15.49905311534151,3.520421122807033e-54,3.848993760935689e-52
ENSMUSG00000032661.10,249.17606420043293,5.158742913560988,0.23328137782589514,22.113822207493612,2.3270351158724434e-108,5.24746418629236e-106
ENSMUSG00000107179.2,17.021321428187004,3.9978036307021756,0.5566071770258451,7.182450740329826,6.847273611707513e-13,1.0124984914360946e-11
ENSMUSG00000001166.18,56.11827306178399,2.774714247707411,0.29377194333632695,9.445130178857003,3.549628132326817e-21,1.0739671531601808e-19
ENSMUSG00000029605.18,83.33983823047097,2.8684550681288448,0.21843513557289732,13.131839164087083,2.1633769894475963e-39,1.472729090174892e-37
ENSMUSG00000066861.15,338.56958727326094,5.8604926883809965,0.22604320777980255,25.92642683645655,3.35433373836843e-148,1.1807254759056872e-145
ENSMUSG00000052776.11,654.3611080192786,5.185023531475471,0.1567309602048882,33.082318418117865,5.337857859121216e-240,3.8517982311418696e-237
ENSMUSG00000042726.15,677.280095676287,1.8994106685781187,0.13693439926812795,13.870953381545338,9.500556364738783e-44,7.492460626006017e-42
ENSMUSG00000104985.2,25.28699018004315,2.0290687124228235,0.3586202200307287,5.65798747278935,1.531583115762134e-08,1.3510884796258626e-07
ENSMUSG00000056735.7,10.480389317191776,1.3872851294009936,0.46253733439596284,2.999293302912895,0.002706066656230868,0.008721293877338965
ENSMUSG00000008348.10,135.08972133715642,1.1882453126918762,0.14541565808716783,8.171371146149855,3.049040457311295e-16,6.268340723634844e-15
ENSMUSG00000104814.2,35.83262764073737,1.2310629024348383,0.31079318981065907,3.9610356429779707,7.462539118177631e-05,0.00035579572036187503
ENSMUSG00000060371.13,26.067783393687563,-1.714407129273916,0.352658508698354,-4.8613803069766055,1.1657005608732957e-06,7.73489218139007e-06
ENSMUSG00000004814.11,15.336985000748054,-1.4509601208876954,0.5404762779710457,-2.6845953837874568,0.007261765907153862,0.020654671969263804
ENSMUSG00000005514.15,2717.464926298993,-1.4630383628294346,0.2631929972659394,-5.558804292012106,2.7162906373934027e-08,2.333423004694142e-07
ENSMUSG00000004951.11,74.51269857354414,3.3046818008524923,0.25205595902032574,13.11090526761164,2.851739781576384e-39,1.9142469082655986e-37
ENSMUSG00000029699.14,54.655445555265224,1.6439206822103445,0.22992330075862674,7.149865528140321,8.686294978485774e-13,1.2701176203597435e-11
ENSMUSG00000039747.12,7.764502904044416,-1.24988396776676,0.5324071639345125,-2.347609221728089,0.018894332669685796,0.04640623027380963
ENSMUSG00000105802.2,20.485138374287764,-1.0373884000423292,0.3241400520055161,-3.2004326328197026,0.0013722144335793591,0.004813812172517032
ENSMUSG00000047592.18,4.074640938263332,2.6588493356645784,0.8173965889602033,3.252826561274077,0.0011426321673365537,0.004094975773280642
ENSMUSG00000085227.3,10.578852220591328,1.460429759161068,0.5135675907679753,2.843695329327889,0.004459366649830471,0.01351198393666877
ENSMUSG00000044197.9,835.1003610848493,-1.1807608833783152,0.1384832745637675,-8.526378994848288,1.5099997565158766e-17,3.486770637765941e-16
ENSMUSG00000036526.9,4.509857686611631,2.076834306109975,0.8242972833990061,2.519520988284843,0.011751463420100436,0.031107322098108858
ENSMUSG00000039533.9,28.747734369247752,-1.923036834581279,0.3300528160761377,-5.826451831084109,5.661819880829568e-09,5.251374326486654e-08
ENSMUSG00000120417.1,14.256338011099738,1.372244243586142,0.4406288545709799,3.114285933276506,0.0018439070300166702,0.006237990215002481
ENSMUSG00000107317.2,7.994982200709297,1.3860941237522715,0.5456850791152035,2.540098999957525,0.011082109461354335,0.029634427227397765
ENSMUSG00000041147.11,56.545264689993374,-1.4236086634058824,0.25500284222585007,-5.582716847308805,2.3679008919943216e-08,2.0495993298224066e-07
ENSMUSG00000041132.12,507.45326986995025,-1.1668630788053358,0.14696838800916157,-7.939551454647492,2.02913701002622e-15,3.818058061108006e-14
ENSMUSG00000107096.4,45.73312766676781,-1.4061280225522763,0.20401091534024746,-6.8924156347573335,5.485282421776785e-12,7.361221183954507e-11
ENSMUSG00000106734.5,137.8922501054546,2.267129087640386,0.19623796918904154,11.552958364833039,7.132234907124441e-31,3.5250826773842444e-29
ENSMUSG00000107222.2,21.19610000952488,2.6143378500622525,0.44252941047989935,5.907715483197249,3.4688443811937588e-09,3.304446343854015e-08
ENSMUSG00000107215.2,27.91328173240533,3.166372278429481,0.3950410635864783,8.015299092410254,1.0986932264971664e-15,2.1340969912257207e-14
ENSMUSG00000047735.15,558.6483671588626,3.28904004373689,0.12124480480746727,27.127265774065755,4.696539069300479e-162,1.8827903291151256e-159
ENSMUSG00000032827.16,27.39375601808704,-1.3572682885040155,0.26379303525194325,-5.145201378071702,2.672339857503206e-07,1.9697246590135993e-06
ENSMUSG00000019577.7,30.567764097969388,1.0527648528213651,0.39006179934455426,2.698969380212041,0.006955457559241399,0.01989715827452366
ENSMUSG00000001761.8,146.60332055431346,1.1295939126164167,0.16582157106083412,6.812104754465318,9.61810262156307e-12,1.2665005203868452e-10
ENSMUSG00000121179.1,20.85122079819383,-2.7125514321602284,0.34513195405259606,-7.859461867581381,3.857872422551121e-15,7.09258787289908e-14
ENSMUSG00000029763.18,466.47362616022974,2.1173366685615225,0.11495820102433854,18.418317698910823,9.366974856302389e-76,1.57190908286228e-73
ENSMUSG00000001642.19,126.22745143502819,1.7351836522607191,0.16469386018112972,10.535812630491327,5.907086124745531e-26,2.2916953481808472e-24
ENSMUSG00000029762.7,24.36789289817903,1.05851542377782,0.32005102471369784,3.3073333376286382,0.0009418873957020087,0.00344570821160238
ENSMUSG00000052131.8,5.170420855399101,2.4695782821059056,0.796834195802252,3.0992373258021844,0.0019401953584766798,0.006510323044300266
ENSMUSG00000046806.14,262.6082193151823,1.124390262256429,0.15255340292226846,7.370469886072269,1.70027671084532e-13,2.675942583524499e-12
ENSMUSG00000120276.1,118.44462571065917,-1.1166860278583108,0.17809023160015766,-6.270338456100487,3.602641454705865e-10,3.880098617486197e-09
ENSMUSG00000073155.13,639.589171253211,-1.0763443286534153,0.10934882888303295,-9.843217706563163,7.332732934217565e-23,2.461069807130881e-21
ENSMUSG00000029843.5,8.15623962416734,-2.097350206213319,0.5446410053952845,-3.850885602510086,0.00011769146754471624,0.0005387006849366776
ENSMUSG00000038507.7,1370.2245400891675,2.4245096543822724,0.0850945589973753,28.49194687591078,1.4740109986232545e-178,6.862234429719616e-176
ENSMUSG00000037172.15,122.16564581402952,-1.0712733944237816,0.14951710827644102,-7.164888398210006,7.784994815866875e-13,1.1441246963603945e-11
ENSMUSG00000033542.14,312.9735360938551,1.0565688807000915,0.10635340760117433,9.934508959621008,2.946239473605613e-23,1.0075859735326117e-21
ENSMUSG00000039347.8,143.68745820830273,1.075532779246763,0.1499297290676344,7.173579155616176,7.306197639978273e-13,1.0766968533922826e-11
ENSMUSG00000054435.17,126.31875789454564,1.0246739804048755,0.14380553119025868,7.125414244666316,1.0376812266525942e-12,1.5035959300251244e-11
ENSMUSG00000043505.9,6.463179963817379,1.5619977021198794,0.5603134373981903,2.7877212964461457,0.005308018720167089,0.015746212984471004
ENSMUSG00000108298.2,9.54051395412327,1.2321298881509855,0.4590229149040385,2.684244834288,0.007269384981915737,0.020672268780100082
ENSMUSG00000038065.14,18.71068307117644,-1.5788161888134122,0.32012421734370533,-4.9318861344322995,8.143938795453548e-07,5.559759919393831e-06
ENSMUSG00000003477.6,3572.3695988833533,-1.2599381910593508,0.1469290636574075,-8.575146126277177,9.896107064541441e-18,2.3222864578123915e-16
ENSMUSG00000029798.12,776.7836901957012,3.3692491894548566,0.13240917051091722,25.44573896546735,7.869341425625241e-143,2.641170591967988e-140
ENSMUSG00000054422.8,23585.856302166823,-1.5585573469889178,0.14500978395524527,-10.747946134930723,6.059586647208433e-27,2.4634353378172427e-25
ENSMUSG00000107749.2,8.069107768132323,1.3587080040969108,0.5367904556520537,2.531170198334566,0.0113682670707169,0.030257133576978363
ENSMUSG00000108371.2,16.479307356997175,2.9473888848077605,0.4890057081725058,6.027309774813538,1.6671128605147282e-09,1.638949101018294e-08
ENSMUSG00000108435.2,37.98776046823279,-1.0409713387173976,0.2542887794899656,-4.093658166142069,4.246201869908093e-05,0.00021449487359647738
ENSMUSG00000056737.15,24.706169980566468,2.4575529384452546,0.34605883063808784,7.101546676077718,1.2336832993232668e-12,1.77867306451882e-11
ENSMUSG00000056666.14,3000.6380885225763,-1.0718573308073194,0.17318518972118996,-6.189081944783486,6.051562006265228e-10,6.333295349849149e-09
ENSMUSG00000108368.2,753.4878397206592,-1.0010260994183997,0.18638857881140591,-5.370640764589288,7.845736313334549e-08,6.283555298226649e-07
ENSMUSG00000072999.10,59.37507172033821,1.5596635130542227,0.24340125036705593,6.407787596416232,1.476464020303249e-10,1.6857855016626972e-09
ENSMUSG00000102577.2,26.215438033016973,2.2773512528022155,0.36183786018095127,6.293844573542791,3.0969793098082673e-10,3.3809081239903867e-09
ENSMUSG00000079523.9,171.1760979138067,2.659455694857916,0.15194543753708625,17.502701877499984,1.366311979798969e-68,2.032846854892652e-66
ENSMUSG00000079494.3,206.13221726103353,1.1695893204836505,0.20495266166619336,5.706631526398823,1.1523386879978288e-08,1.0316719568973118e-07
ENSMUSG00000030047.15,17.400568786393926,1.203327041697174,0.3483498721691641,3.4543633795646116,0.0005515936096838068,0.0021436355397828327
ENSMUSG00000033174.18,1714.1292489325456,-1.0782732083767448,0.12329898142202769,-8.745191533140341,2.2263765682677765e-18,5.549407017830837e-17
ENSMUSG00000121030.1,15.434997165903862,1.798248630782754,0.39844085199302115,4.513213496527337,6.385268713624879e-06,3.732369302350517e-05
ENSMUSG00000085624.2,38.53455213291079,-1.1758817342063943,0.21561139219068823,-5.453708740799912,4.932997679654952e-08,4.0751587013612056e-07
ENSMUSG00000030095.11,140.50101054451096,1.1682170799107356,0.19243088843911416,6.070839714905562,1.2724314048361807e-09,1.2708463691761772e-08
ENSMUSG00000030022.15,19.958962242271323,1.394734921625164,0.33495597171822944,4.163935082185782,3.128090882705513e-05,0.00016198611044901355
ENSMUSG00000107655.2,9.83800704771041,-2.035106053297619,0.5287700239011563,-3.8487545838605337,0.00011871987276366997,0.0005428913826759458
ENSMUSG00000093661.2,55.98277659285911,1.9148578466683586,0.26969476397705955,7.1000927805600185,1.2467316302476623e-12,1.7939013846195676e-11
ENSMUSG00000091845.2,10.811552954649343,-1.174089422136531,0.44104803794611164,-2.6620443151817947,0.007766765240183471,0.021862735094078666
ENSMUSG00000108030.2,5.557418776304649,-1.9842344727794707,0.7460230879668545,-2.659749416317836,0.007819880696754156,0.021982181187291776
ENSMUSG00000061353.12,2981.7400632597964,-1.191445829721303,0.11689368923829198,-10.192559046472544,2.1405409538231255e-24,7.761881167229988e-23
ENSMUSG00000107785.3,24.144963344935626,1.1768861765685048,0.374024112377765,3.146551619591434,0.0016520809655488976,0.005668766641655181
ENSMUSG00000120675.1,20.3725390221356,-1.2403124046726453,0.3150555385453766,-3.936805587990025,8.257344966545713e-05,0.0003895717638352002
ENSMUSG00000082791.4,30.93016728161254,1.0000133957873838,0.27659500054506564,3.6154427730679517,0.0002998347074849545,0.0012477236109624795
ENSMUSG00000030145.15,11.615916655730294,1.5892782291481662,0.4275546829162814,3.7171344219830695,0.00020149524795011738,0.0008727429226939057
ENSMUSG00000041477.15,39.0838004390878,1.3038686560582369,0.2665583008687727,4.891495225654722,1.0007282160378256e-06,6.711203352164451e-06
ENSMUSG00000030137.9,21.746390355234382,3.2170454275047407,0.41818410317208526,7.692892683156125,1.438451629730948e-14,2.4951603269563753e-13
ENSMUSG00000086527.2,4.398087994286807,3.1746895182264185,0.9059620226873691,3.5042192042545977,0.0004579482332145374,0.0018176867166535215
ENSMUSG00000030107.11,1227.433415869784,4.465446620527352,0.10816800639281567,41.28250828910479,0.0,0.0
ENSMUSG00000107736.3,236.5084300354108,4.932137930320905,0.21895333789034138,22.525977351352697,2.3100771331041335e-112,5.953398783028367e-110
ENSMUSG00000059908.10,54190.58372466629,-1.378065635964919,0.08293491272347908,-16.61623061640704,5.317242461848618e-62,6.558841299948654e-60
ENSMUSG00000049037.9,44.504099493766375,1.3335814747727923,0.2692077282479955,4.953726564433136,7.280549676031965e-07,5.03463789767577e-06
ENSMUSG00000043832.14,41.24728780488594,1.4650901076723126,0.24648599034036298,5.9439082344973295,2.7830543963011514e-09,2.6830354741094334e-08
ENSMUSG00000030148.16,21.0408246177084,1.0567049624380729,0.3587522579656029,2.9455005201371853,0.0032243260565097457,0.010171251070502436
ENSMUSG00000008845.10,122.09660002897775,-2.45568005155605,0.29337048176916486,-8.370576469544995,5.733703949800467e-17,1.2443430887747417e-15
ENSMUSG00000008153.13,66.28234086869118,1.125559690479738,0.2248012589454651,5.006910084755305,5.531074834412936e-07,3.890081481980872e-06
ENSMUSG00000092482.2,23.158408094620263,1.4321803356683651,0.30982210425767714,4.622589272963008,3.789796289087273e-06,2.31755678152998e-05
ENSMUSG00000030124.3,10.7270873702882,2.8224027202393467,0.5171759623852178,5.457335463199822,4.833326778321571e-08,4.0065808193415803e-07
ENSMUSG00000037997.13,171.82667645204225,2.7351082027221194,0.17680665067510395,15.46948710514343,5.574945408569331e-54,6.049444521539292e-52
ENSMUSG00000001521.13,16.66608856920235,1.0071274628404447,0.37322215954057175,2.6984664149636677,0.006965976638149309,0.019919353049687106
ENSMUSG00000112144.3,8.747195964815234,-1.0825498536694833,0.44880078224375747,-2.4120944002310525,0.015861174225715337,0.0400750116291183
ENSMUSG00000030165.18,4.331736750494534,3.555630249005183,1.0252595518502055,3.468029381036847,0.0005242899628148514,0.002048890534347126
ENSMUSG00000030149.16,23.58822657028501,1.174911069360561,0.36607657975242264,3.2094680029931237,0.001329808466362546,0.0046809258015961626
ENSMUSG00000030187.16,32.89534976479187,1.7139462671214083,0.29102001712366254,5.889444595809726,3.874956864740425e-09,3.671922355346935e-08
ENSMUSG00000107838.2,38.00640991541057,-1.0171647760830977,0.2821069173626913,-3.60560026529012,0.00031143221518643464,0.0012911777447775423
ENSMUSG00000030208.16,25.062339026916028,1.2528190660598404,0.34647213065448534,3.6159302732178404,0.000299270929727388,0.001245768115900105
ENSMUSG00000030236.11,17276.34895949484,-1.2396143869002358,0.07224251844921865,-17.159069388916674,5.376828984766217e-66,7.461384221937119e-64
ENSMUSG00000107516.3,107.13306866675914,1.131252206076342,0.21400273560809885,5.286157687946538,1.249122284489623e-07,9.692114413846365e-07
ENSMUSG00000030244.8,3069.188393953923,-1.5875828114715165,0.12036968495628039,-13.189224612892726,1.0122098621192441e-39,6.956291776240443e-38
ENSMUSG00000030256.12,149.4966688132822,-1.1128257747118036,0.2569775465420623,-4.3304397200696885,1.4881188013120428e-05,8.113536282786324e-05
ENSMUSG00000108126.2,31.649445660677117,-1.040189035349201,0.34211423803015717,-3.0404728003676627,0.0023620702564860776,0.007740553574388527
ENSMUSG00000030292.11,8.14988450592174,3.500739874075216,0.7646891007487543,4.577991069373717,4.694627309632757e-06,2.8206853177610304e-05
ENSMUSG00000030309.17,38.9225457069833,1.2309720702696352,0.2654228171436205,4.637777880277548,3.5217495653883737e-06,2.1655683735698767e-05
ENSMUSG00000107970.2,7.337162510113265,1.6351276802998127,0.5418791461218437,3.0175135766013543,0.0025485762466853517,0.008267262843821756
ENSMUSG00000030427.18,5.8044846063099325,1.8024996399032869,0.6584635679671472,2.7374326046133186,0.006192080620694567,0.018027861109111153
ENSMUSG00000070873.6,36.53530969922191,-1.6117078439230783,0.2591476511248424,-6.21926472004429,4.994899893582671e-10,5.2694733380252275e-09
ENSMUSG00000081723.2,11.27213881042413,1.8723031183406782,0.4431098372079812,4.225370238083612,2.385482528218404e-05,0.00012615347690453647
ENSMUSG00000062524.5,6.849069315431362,3.525054993603637,0.8726324085931926,4.039564608065069,5.355051579578105e-05,0.00026358835060188
ENSMUSG00000092518.10,11.806739159867638,5.64208037658167,1.0781956704487703,5.232890959609683,1.6687919237743757e-07,1.2729389558092912e-06
ENSMUSG00000035279.9,7.2524752504570955,1.4692891820296845,0.6164620335996706,2.383422014572658,0.017152518300031134,0.04285012014991333
ENSMUSG00000030378.16,12982.646918232578,-1.3158889289940559,0.08825287811041545,-14.910436431860198,2.819039142623255e-50,2.6943293315456167e-48
ENSMUSG00000098290.2,9.044651852621536,-1.0385308583268051,0.4434972872234674,-2.3416848044969325,0.01919691942173903,0.0469576171346674
ENSMUSG00000120336.1,10.524426507078392,-2.0867804197336475,0.5488481352088823,-3.8021089730758657,0.00014346959353609556,0.0006466437145262121
ENSMUSG00000099055.2,6.591518178248729,-1.4365466996700607,0.599509414285243,-2.3962037383228822,0.01656587936860708,0.04160924333166185
ENSMUSG00000098330.2,66.30726889385319,-1.5341551258045085,0.5357376236201573,-2.8636314833326657,0.0041881495333587525,0.01279224847945683
ENSMUSG00000041571.11,772.4317497595337,1.470332045251196,0.0968321735110097,15.184333800831405,4.4910280114594595e-52,4.596774202934958e-50
ENSMUSG00000001918.18,19.455557218298264,1.482670825642319,0.3521031597599845,4.210898949765177,2.5435650963017614e-05,0.00013416934016749642
ENSMUSG00000041187.17,103.42887758683776,1.3100191260123077,0.190416027541868,6.879773425187464,5.99478305869817e-12,8.003395846728214e-11
ENSMUSG00000040987.16,5.708285736819464,1.7891503713189265,0.6199482592010436,2.8859672476936846,0.0039021276266894785,0.01202551909211671
ENSMUSG00000002983.19,19.198772307636702,1.57221623873444,0.3559543269106669,4.416904416866425,1.0012447830402478e-05,5.633514506369145e-05
ENSMUSG00000109325.2,9.917632520837115,1.2571008519717393,0.45321224334758103,2.7737574843220503,0.005541296977777505,0.016357536916196555
ENSMUSG00000091955.3,10.946716449628454,2.081843686037737,0.4797149189322418,4.339751806492787,1.4264373084021558e-05,7.797857285931785e-05
ENSMUSG00000054385.15,5.871661457620371,1.9471441670853473,0.7277735678774407,2.6754807443257573,0.007462215973076145,0.021141480354031197
ENSMUSG00000030483.15,35.04298197927448,2.826448391518335,0.4610221762066705,6.13082957261317,8.742201582917929e-10,8.973503075723439e-09
ENSMUSG00000005547.15,7841.621092789721,-1.3014734117464724,0.1414187308089696,-9.202977599229913,3.48165496199234e-20,9.731451732665847e-19
ENSMUSG00000089832.9,62.71597138791536,1.078833707400461,0.17599819108101386,6.129799975636467,8.798962557310944e-10,9.025346668593571e-09
ENSMUSG00000053964.18,153.63452993927362,-1.1926297106271273,0.14850220129376632,-8.031057453942202,9.66360823703767e-16,1.8846647848233468e-14
ENSMUSG00000050855.17,8.831305712086877,-1.1958420949240842,0.43816326442135645,-2.7292157787424904,0.0063485148324496105,0.018392752210082082
ENSMUSG00000121377.1,25.308142345103757,-1.2297822575896291,0.29938071324947424,-4.107753783607464,3.995256761152866e-05,0.0002028123305556038
ENSMUSG00000036957.9,28.69295504632829,1.9304181198112724,0.28712409791524207,6.7232884102299355,1.7766841542076205e-11,2.267118100223199e-10
ENSMUSG00000108546.2,139.40591997516586,-1.054213482205582,0.12417419119533972,-8.48979544023917,2.0700113427017392e-17,4.719495054956003e-16
ENSMUSG00000056978.9,43.020533483455985,-2.9825129710901264,0.73447406893112,-4.060746454167643,4.8916070770779316e-05,0.00024410675427520302
ENSMUSG00000046826.8,36.17860445811941,1.4289725413523087,0.26236706931519715,5.446463022520556,5.1381278660469386e-08,4.2252684537201947e-07
ENSMUSG00000009687.15,41.258924997296816,1.3349663189042515,0.23479844366114866,5.685584189096327,1.3036624146596378e-08,1.1599541287526444e-07
ENSMUSG00000036560.15,10.153854912068965,2.3827694429972306,0.5742497127566579,4.14936114039807,3.334044612051083e-05,0.0001719075807114013
ENSMUSG00000057092.13,6.235097923942634,2.2633615727271956,0.6993116534005718,3.2365563504069375,0.0012098133760707057,0.004314313477502452
ENSMUSG00000030495.13,8.59597886818026,-2.173685826901258,0.5085529838842155,-4.274256362236094,1.9177627938401742e-05,0.00010288904327398288
ENSMUSG00000001802.17,128.940636525672,-1.6286165646325343,0.13487617675553565,-12.074901615756927,1.4333557821064378e-33,8.017903351689966e-32
ENSMUSG00000002068.17,35.510369993335175,-2.2589340147689905,0.3306969050841061,-6.830829016057699,8.442531143361917e-12,1.1167975202658037e-10
ENSMUSG00000109083.3,36.565469166709214,-2.162269100596882,0.3477732580243573,-6.2174679930261965,5.052411757667136e-10,5.3223654369819054e-09
ENSMUSG00000004609.12,8.960514585338117,-2.435192402402421,0.5178923155822746,-4.702121134322094,2.5747266699938714e-06,1.6205170214283276e-05
ENSMUSG00000030474.10,36.0244037067903,1.3428226438792787,0.26559798858793476,5.055846435503762,4.2848602642034564e-07,3.059826983324309e-06
ENSMUSG00000030731.14,30.61376406537977,-1.945479131078441,0.25139665778254844,-7.738683354976142,1.0045160703062976e-14,1.7744401379021404e-13
ENSMUSG00000030739.20,208.05519916193103,1.0538855242540177,0.1379782562538389,7.6380551027923,2.2052748618418254e-14,3.779872542292307e-13
ENSMUSG00000038387.10,196.92049070877536,1.0885837918371628,0.15446861568909745,7.047281332721856,1.824472121590922e-12,2.5789208284818984e-11
ENSMUSG00000003873.12,154.58990629945396,1.2150547989922271,0.14697902945667782,8.266858227896828,1.375353531905147e-16,2.901915522288755e-15
ENSMUSG00000040428.20,11.634206946542045,1.7476197910963152,0.43970106080436494,3.9745635088969666,7.050844650008903e-05,0.00033784126822353417
ENSMUSG00000030827.6,24.840914746397004,-2.3903101346906586,0.5019093545943359,-4.762433919213574,1.912718416016225e-06,1.2257705230881954e-05
ENSMUSG00000059824.13,1393.2392821529484,-1.0781163265529563,0.2604895663596946,-4.1388080974584955,3.491148099550769e-05,0.00017911215560866226
ENSMUSG00000040026.9,8165.305088031566,7.243561753525403,0.5656806211598217,12.805037829780774,1.5365092041085358e-37,9.943901719145465e-36
ENSMUSG00000099889.2,5.017127471209147,4.9667768760546345,1.3219944821794125,3.7570329853922764,0.00017193984022834233,0.000758848860604109
ENSMUSG00000025324.9,10.409189041466384,1.95522862835877,0.5373493279803124,3.638654645215089,0.0002740660352712892,0.0011494684745815883
ENSMUSG00000093405.2,10.382589434498279,-1.1142401480929283,0.40577775958258916,-2.7459369612546336,0.0060338356280558465,0.017641879210717578
ENSMUSG00000030554.17,16.675304000874963,-1.0639772749923582,0.36796241342952024,-2.8915379293112315,0.003833613148453039,0.011842188561317265
ENSMUSG00000086628.9,69.66195427016018,-1.639820868705878,0.24818493873069739,-6.607253756382166,3.9151463592857515e-11,4.81699848740085e-10
ENSMUSG00000025790.15,40.78150804323046,2.2925818557221294,0.2706681186940085,8.470084569930096,2.4521493707816053e-17,5.5469309904577e-16
ENSMUSG00000030609.19,319.9117251634844,1.430413400925774,0.11888566800101681,12.031840548799709,2.4171142820026447e-33,1.3416843583793143e-31
ENSMUSG00000039236.19,49.98350247045575,3.190065748157102,0.2881856273073841,11.06948246504507,1.7641647771691422e-28,7.833977250493865e-27
ENSMUSG00000039043.6,82.81969856411415,1.2092589319966973,0.17614670537073707,6.865066987495239,6.6460059218802285e-12,8.864617140903461e-11
ENSMUSG00000030536.11,142.43663552079244,1.0036685066467972,0.14205950182231902,7.065127596337315,1.6046847527724498e-12,2.281656192316453e-11
ENSMUSG00000109367.2,7.113158893091959,1.422522928145822,0.5886228148133217,2.4166968937433504,0.015662053113597158,0.039648263556469776
ENSMUSG00000025586.18,59.447987179199785,1.00275614293369,0.23564351287662616,4.255394645464713,2.0868060952060426e-05,0.0001112963250776556
ENSMUSG00000025813.15,406.05108381670476,-1.2075634245639986,0.18563106943206692,-6.505179484546984,7.760067088445965e-11,9.17225947751451e-10
ENSMUSG00000109194.2,122.40076453922708,-1.1165141365559477,0.21910872384575494,-5.0957082719441855,3.474398100019763e-07,2.508379858903713e-06
ENSMUSG00000109244.2,25.159947800958548,-1.183176521686801,0.3807055878821733,-3.1078517346401253,0.0018845258519321253,0.0063500997186748615
ENSMUSG00000049791.5,421.987523748163,-1.1055012344059785,0.13792891878200234,-8.015006890275354,1.1013084172919958e-15,2.1363014890266242e-14
ENSMUSG00000097162.4,37.81519244076314,-1.1721829543019395,0.237881856341337,-4.927584525908411,8.325241145422599e-07,5.673713248586693e-06
ENSMUSG00000030643.15,99.08886805179473,-1.0901974001321744,0.27680994050779445,-3.938432984495644,8.201549401134513e-05,0.0003873957065735248
ENSMUSG00000030641.11,33.37650410146735,2.592578001983695,0.3927213071798103,6.601572042529041,4.0682048350809225e-11,4.996794228075563e-10
ENSMUSG00000035547.15,32.128973445960035,1.0610941210160214,0.23536426283575643,4.508306011420611,6.534727914649728e-06,3.8150968148958286e-05
ENSMUSG00000070436.13,94.03439865933889,1.6024150416522582,0.19753634919306357,8.112000896028135,4.979293363586387e-16,9.980716919899825e-15
ENSMUSG00000035239.7,18.912620834099165,1.218918555493372,0.39559207921187056,3.0812511664080757,0.0020613268852402813,0.006879988345926859
ENSMUSG00000030729.18,54.782751023232905,-1.6807179606872393,0.3162560041228041,-5.314422299582987,1.0699622439812953e-07,8.419681082408971e-07
ENSMUSG00000109656.3,11.515619996406716,2.2050360598862717,0.5805939945045677,3.7978967759869313,0.00014592906708954927,0.0006556812877448241
ENSMUSG00000070427.5,578.845663641377,3.350708704024552,0.11571677371793197,28.956119293406395,2.3501350702185909e-184,1.2113267619069537e-181
ENSMUSG00000030966.14,152.47355259035083,1.5345147180053873,0.18005453174107774,8.522499840282011,1.5614586706103567e-17,3.599835708346432e-16
ENSMUSG00000073940.4,45.615735779029755,-1.6538116620111905,0.27233481112234487,-6.072714887955418,1.257656340931377e-09,1.2578306522745414e-08
ENSMUSG00000052305.7,551.0249332408921,-1.1622264331784,0.2031970015512172,-5.719702674281111,1.0671061880221557e-08,9.577410762149098e-08
ENSMUSG00000056144.15,40.96465889827176,1.480250928915796,0.285588677829624,5.183156910018966,2.1816135038565925e-07,1.6338892624628099e-06
ENSMUSG00000090215.11,82.94696654706394,2.283202563491039,0.2119249870088159,10.773635500546519,4.5853018755460976e-27,1.8746480642459285e-25
ENSMUSG00000057143.16,489.40357372367873,1.7088476972576463,0.15000992881594177,11.39156395010598,4.606465108695907e-30,2.1796886704491585e-28
ENSMUSG00000052749.11,9.79133731880358,2.170825121988446,0.549903666739238,3.9476462029445636,7.892332126032631e-05,0.00037443174636062765
ENSMUSG00000030921.18,550.1381725598728,4.039094749467675,0.13713568524710068,29.45327280926005,1.1431438754685669e-190,6.345327850293215e-188
ENSMUSG00000057596.14,30.59696739812095,1.9368580018605561,0.2844524906429666,6.809073801683187,9.822908172625718e-12,1.2922899794652175e-10
ENSMUSG00000030895.10,76561.06417267145,1.2698389669467602,0.17886720590794494,7.099339202515917,1.253547983814364e-12,1.801912799044711e-11
ENSMUSG00000086513.4,11.477696515284116,2.6819454511843,0.5190944583339004,5.166584632385297,2.3841027553530645e-07,1.774490508780579e-06
ENSMUSG00000078606.9,129.35307404259237,5.609245955446602,0.3281969882641004,17.09109515329506,1.7289611590561767e-65,2.331996957710163e-63
ENSMUSG00000063286.10,15.218555648833043,3.1991622194803115,0.5306990007274932,6.028204716976729,1.6579096649217687e-09,1.6310124256408296e-08
ENSMUSG00000031024.14,246.6054126785466,1.8114609636438075,0.34430822188993626,5.261160926394812,1.4314867510224624e-07,1.1030014303660533e-06
ENSMUSG00000109904.2,30.605231586659254,-2.301132509112471,0.8561826178540085,-2.6876655296742396,0.007195342930362108,0.02048189135522405
ENSMUSG00000031016.10,261.6089685512136,-1.3802446556312546,0.42197724476535303,-3.270898307321669,0.0010720645364471447,0.0038689760915241794
ENSMUSG00000030790.16,9.896854198981966,1.9905057635005845,0.5084185243267714,3.915092917073266,9.036939883036217e-05,0.0004237203261597748
ENSMUSG00000030787.5,37.457188776948136,1.5770552894722674,0.3763646536880719,4.190232196404177,2.7866913886756056e-05,0.00014562510617087412
ENSMUSG00000055116.9,53.24061598020245,2.85489022202552,0.6141778608048398,4.648311839642629,3.3466270651721515e-06,2.0658050386896703e-05
ENSMUSG00000109959.2,7.5961110501648745,3.391494380130847,0.7431596331894851,4.563614906766754,5.028026979657765e-06,3.0034969110273534e-05
ENSMUSG00000038156.17,18.35709750716174,2.1248761939208523,0.4137671718539544,5.135439296452597,2.8148572888523024e-07,2.063180314510738e-06
ENSMUSG00000048782.17,113.9353261575292,1.4961861657728757,0.1499493507864362,9.97794360512973,1.90371218033704e-23,6.600523355146694e-22
ENSMUSG00000108650.2,6.732311511820994,6.011554007456599,1.5463896116996072,3.8874769734448846,0.00010129159314210748,0.00046989401228765516
ENSMUSG00000042246.6,151.1398216992451,1.0845030687025108,0.24487385314167784,4.428823472937491,9.474853196627998e-06,5.366604447948794e-05
ENSMUSG00000098014.2,32.48970367027179,-1.10744062119522,0.2705654635451441,-4.0930597966375055,4.257178776408203e-05,0.00021492510647531894
ENSMUSG00000085118.3,10.545753097063095,-1.37589594236947,0.4782270748204881,-2.87707663328334,0.004013781067061637,0.012319627469126657
ENSMUSG00000030865.5,17.839139637804813,-2.2716258606694324,0.44394784846780855,-5.116875481004054,3.106385481599996e-07,2.261925089326496e-06
ENSMUSG00000108452.2,9.461431991513193,-1.1262196243486589,0.44837823051376396,-2.511762498054836,0.012012990636941919,0.03168338466234389
ENSMUSG00000042759.13,17.359638462837882,1.067001052364122,0.3637571092704709,2.9332788972950503,0.0033540245260981947,0.010538924877128052
ENSMUSG00000030707.16,42.12230040155598,1.6236845370987503,0.253259215290937,6.411156787457892,1.444195752908723e-10,1.6568070831461598e-09
ENSMUSG00000030681.19,723.4704513919464,1.0604428013050606,0.08191553964302305,12.945563270733835,2.489306926650311e-38,1.6329853438826038e-36
ENSMUSG00000051457.8,10.10742852626748,1.5532179772821952,0.5646764859361681,2.75063335549937,0.005948017580825043,0.017422609103178645
ENSMUSG00000107023.3,16.695343792389348,-1.1703517742039384,0.4047453628259012,-2.8915754983148707,0.003833154816756017,0.011842188561317265
ENSMUSG00000030793.5,13.5724642072698,2.3110274649713234,0.45195255063203266,5.113429411427083,3.1636200926998957e-07,2.293187603106223e-06
ENSMUSG00000042828.13,10.508744742158994,3.0380286786113366,0.580546885334164,5.2330462110095395,1.6673903234453182e-07,1.272542419247109e-06
ENSMUSG00000030786.19,7.335678734680241,1.9518425869297698,0.6826723448080773,2.8591206334548382,0.0042481720113346855,0.012947141779316891
ENSMUSG00000030789.10,13.28005168668582,2.3483610745672703,0.503169187896537,4.667140061545554,3.054211414796513e-06,1.899930135273417e-05
ENSMUSG00000030782.18,20.127666194147384,1.1084126662812424,0.34352484589454574,3.2265866050966796,0.0012527631319376857,0.004444414336313834
ENSMUSG00000030934.10,3304.575659869937,-1.3218617816328886,0.1320997874303759,-10.006539808624483,1.4265492113475382e-23,4.997077237419338e-22
ENSMUSG00000025479.10,78703.2414450414,-1.787925170357029,0.07970018047778299,-22.433138289510225,1.8697236384660395e-111,4.734009043919629e-109
ENSMUSG00000025492.7,5937.483572625193,1.7658726846051565,0.07117610287194523,24.809909693737847,7.008407959004667e-136,2.247674303652341e-133
ENSMUSG00000059108.5,4.9124625770252,4.337003424511106,1.122345967095221,3.8642304170574446,0.00011143998959739967,0.0005125245155735092
ENSMUSG00000025498.16,3027.0560660583446,4.393063312583689,0.09039240737751242,48.59991497113931,0.0,0.0
ENSMUSG00000037887.12,8.905841248818643,2.078026722575034,0.629254658834308,3.302362077739037,0.0009587422425916005,0.0035021378046664526
ENSMUSG00000010751.16,8.91653416487692,1.611773127683277,0.5155309379690669,3.126433369901822,0.0017694059491336997,0.006021237127540098
ENSMUSG00000037613.17,8.233268815051392,3.7753596175771014,0.7560577715321242,4.993480339374687,5.930082502454251e-07,4.156529901671673e-06
ENSMUSG00000037606.19,38.621800520322225,-1.0884229424869336,0.31859564152295117,-3.416314602685879,0.000634748689986165,0.002422822823031032
ENSMUSG00000051906.16,22.246234663214707,-4.0081136127547845,0.4422063577687188,-9.06389865803579,1.258693547498454e-19,3.408154836303506e-18
ENSMUSG00000079168.5,10.507986063241384,-4.8783812252136896,0.793326068076911,-6.149276346155239,7.783725916274055e-10,8.015649747222426e-09
ENSMUSG00000108852.2,6.645338396804263,2.8944989451143988,0.7108946842641454,4.071628342685563,4.66856273873669e-05,0.00023383781960302345
ENSMUSG00000108961.3,27.561591284789177,-1.5116576797222336,0.3718258923919902,-4.065498693481513,4.7929862839967045e-05,0.00023959950831534618
ENSMUSG00000109473.2,30.64196024252562,-1.7957977887996805,0.38433046360308193,-4.672535640199197,2.9750387167006167e-06,1.855382398266193e-05
ENSMUSG00000031502.12,436.41547479328545,1.316405592973043,0.11859016995583137,11.100461306896982,1.2479807453147363e-28,5.601125961796387e-27
ENSMUSG00000084783.2,8.479305706181446,1.2970881560543497,0.47263999360156833,2.744347015939968,0.0060631407399541395,0.01771320792692675
ENSMUSG00000109933.2,9.083265053071859,-1.277272871914712,0.5297375684119375,-2.4111427017414626,0.015902624938736124,0.04016567782916341
ENSMUSG00000074469.7,8.348836187808315,3.5026871582861343,0.6827108925663716,5.130557013846986,2.88886041225886e-07,2.114200480208918e-06
ENSMUSG00000031441.16,131.16870204438595,1.2322701143534336,0.41155640430338436,2.994170668876407,0.0027519196330322866,0.008851282403370173
ENSMUSG00000084780.8,11.160847804543211,1.5120282994629317,0.556767198589955,2.715728051674435,0.00661302138603414,0.0190708784140802
ENSMUSG00000091784.3,11.400643000686202,-1.0190705024171094,0.3852800437547819,-2.6450124239129145,0.008168791770893368,0.022785466338912465
ENSMUSG00000031539.7,50.92904720524199,1.3442142448873529,0.21404964106470675,6.279918238596811,3.3875112773929084e-10,3.6730700792888393e-09
ENSMUSG00000037406.8,7.639167160170442,-2.1584279886499567,0.5647863354560682,-3.821671760006399,0.00013255004396100763,0.0006000508890982629
ENSMUSG00000086289.4,20.726921022662133,1.9480204396560272,0.3414626129310136,5.704930396141465,1.1639064014529813e-08,1.0407371242731985e-07
ENSMUSG00000031557.17,45.115684022842245,1.1415032511704228,0.23854354420299004,4.785303475658322,1.7072916825554489e-06,1.1014588092373822e-05
ENSMUSG00000110183.2,51.393487172491994,-1.020631269864345,0.18345063448335544,-5.563519977669782,2.6438657998046116e-08,2.2739136604755754e-07
ENSMUSG00000109954.2,7.399140430876253,-1.7301476932167033,0.5294950157267656,-3.2675429264276743,0.0010848541326565105,0.00391219761181878
ENSMUSG00000039720.8,9.889723503399505,6.568199332695862,1.5305335277040462,4.2914442668556365,1.775147594911572e-05,9.587922937785857e-05
ENSMUSG00000062991.10,7.629773389955768,3.1326767887290523,0.6788322114924492,4.614802797648175,3.934687375208446e-06,2.394998236988962e-05
ENSMUSG00000110369.2,16.94056167682682,1.1448192961157577,0.43913782124323597,2.6069703877354002,0.009134725977408756,0.025134864691318048
ENSMUSG00000097357.4,23.075361365309227,-1.65925222476011,0.2849518135329987,-5.8229221431782925,5.782749870828116e-09,5.3600928796269344e-08
ENSMUSG00000097491.2,6.327011729924017,1.3846939446265916,0.5609966303044284,2.4682749767590915,0.013576598232589058,0.0351079494163636
ENSMUSG00000031639.13,136.90212412624655,1.553316888205029,0.1784464987882523,8.704664416241764,3.185157870887155e-18,7.844402456082495e-17
ENSMUSG00000085440.2,26.154434863312936,1.1345911641254856,0.3049852948983486,3.7201503911972025,0.00019910418179417552,0.0008634229422035881
ENSMUSG00000110035.2,15.77656499047304,-1.254244562115999,0.42651472270460616,-2.940682924525113,0.003274895719991439,0.010310491935191199
ENSMUSG00000018796.14,9188.939469371684,-1.4134623252778495,0.09846852335813092,-14.35445843071165,9.99028732275053e-47,8.738171311632464e-45
ENSMUSG00000109807.2,10.672987597969385,-2.006134173672594,0.5192767342384874,-3.8633238144485014,0.00011185457617265005,0.0005142673600903745
ENSMUSG00000038173.16,19.03167667677866,1.543094709443833,0.34789200328387526,4.435556709777799,9.183465140075369e-06,5.222055512276112e-05
ENSMUSG00000031561.17,195.85361319021408,-1.085816778284587,0.14822391018352765,-7.325517029878323,2.379794029081097e-13,3.669357631164359e-12
ENSMUSG00000121162.1,16.121408896989166,1.4834763882023847,0.4119787279691983,3.6008567615007956,0.00031717028772828827,0.0013112006853321847
ENSMUSG00000086866.3,6.954801082214499,2.9489777244004065,0.700796180687738,4.2080390927735625,2.5759630968756388e-05,0.00013567992486901177
ENSMUSG00000109729.2,7.202111265631451,3.2865795105539846,0.7530315522715613,4.364464544201151,1.2743451544650845e-05,7.03033228946487e-05
ENSMUSG00000037921.16,519.8115036766417,3.5434256416976693,0.1588352122743825,22.308816735022962,3.0341627860492043e-110,7.549834022114158e-108
ENSMUSG00000038508.8,72.3853259270685,2.4448497324092977,0.36064040792660973,6.779189682224472,1.2085177527646425e-11,1.574127094575751e-10
ENSMUSG00000034880.8,106.18178452537818,-1.2653844171326307,0.17158712046989685,-7.37458856857866,1.648533548449251e-13,2.6001788165267314e-12
ENSMUSG00000046718.9,2894.259795841849,2.863302985513783,0.08267742185385415,34.632223904793975,8.273066246897223e-263,7.462305754701294e-260
ENSMUSG00000031805.18,103.52526743429321,1.2207104056744849,0.16009195717361266,7.625057668266734,2.4392531639312106e-14,4.1415649013947337e-13
ENSMUSG00000031803.9,11.452928476276167,1.2062297200132628,0.41300589712465274,2.920611372406628,0.0034934530687539323,0.010924705241225732
ENSMUSG00000074240.6,14.788742146493561,2.1567719361607196,0.4777706005483832,4.514241633296786,6.354373539457491e-06,3.7158151913067465e-05
ENSMUSG00000120183.1,17.329304182884883,-1.5454427839446565,0.42885845150572305,-3.603619745672735,0.00031381606913453866,0.001299194925344137
ENSMUSG00000005410.7,27.239972359555573,1.1133111311231052,0.2794271141894294,3.9842630675002018,6.768985468793983e-05,0.0003261359000255405
ENSMUSG00000003824.13,72.04816702497742,-1.2918136616249252,0.22132711715717793,-5.8366714310363035,5.325396634944811e-09,4.958459628098291e-08
ENSMUSG00000052566.9,292.77149037742106,-1.1475497430045063,0.13014483834313192,-8.817481796542301,1.1706262002329131e-18,2.958752595755062e-17
ENSMUSG00000109731.2,37.60931823743152,1.666358087293396,0.29433259618940494,5.6614799341527355,1.5007305747116796e-08,1.325492267701283e-07
ENSMUSG00000055994.16,4.377097411010309,2.6967708850042107,0.8134860533199363,3.315079433751025,0.0009161708660266821,0.003361001001143131
ENSMUSG00000033192.6,9.924607769885144,-1.4716025576232326,0.47853113518161977,-3.0752493399718004,0.002103266387847625,0.006995699587328168
ENSMUSG00000057400.15,20967.759598938406,-1.0480320069685056,0.060719075991995046,-17.26034182579909,9.355547803186076e-67,1.3237182930939359e-64
ENSMUSG00000056973.7,6641.682056635773,-2.194389762156866,0.1335731901349368,-16.428369794418135,1.1983744159626701e-60,1.441244964264438e-58
ENSMUSG00000110496.2,67.11939677008228,-2.6954592052274413,0.5610284733335039,-4.804496265958899,1.5514159625515658e-06,1.0126655437152509e-05
ENSMUSG00000061959.14,2784.7649387913984,-1.491701232344922,0.14366202691746097,-10.383406557405445,2.9505505826811805e-25,1.1060349612793455e-23
ENSMUSG00000110659.2,45.36380940957281,-1.861497679453842,0.341401325378388,-5.452520365557087,4.966088269565732e-08,4.100147935147176e-07
ENSMUSG00000031725.9,6366.891418349353,-1.0365994493576842,0.08978489231067074,-11.545366070840478,7.790905982483646e-31,3.8374865235223205e-29
ENSMUSG00000097194.4,34.12165991973499,1.2136226265285353,0.34625345933351165,3.5050122787641893,0.0004565862248193631,0.001812779201263562
ENSMUSG00000074151.15,331.5759928562142,1.341903760662908,0.1591150358183227,8.433544660072801,3.3534962431533763e-17,7.445793504798389e-16
ENSMUSG00000054400.17,7.651297198510217,1.4333798336182302,0.6146654659987556,2.3319674081399135,0.019702405789108677,0.047982639275804324
ENSMUSG00000096188.2,508.57308615513193,-1.3950125695161137,0.08410270996269273,-16.58701093145429,8.652051564022358e-62,1.0581898997624633e-59
ENSMUSG00000091813.5,14.337348492685772,1.9479344789077557,0.4302609293965561,4.5273329410591545,5.973278940839382e-06,3.508602428742123e-05
ENSMUSG00000060560.9,27.803010784029862,-1.7057005697697436,0.4097950033117732,-4.162326421711008,3.150215897815089e-05,0.0001630699994163105
ENSMUSG00000036672.6,23.615673457265324,1.2277068307835812,0.2810812956886914,4.367799813130628,1.255044467324387e-05,6.929151397255376e-05
ENSMUSG00000031897.10,375.5022520045709,1.2697462853348302,0.1096771996663655,11.577121673395725,5.382300039744601e-31,2.669324885690518e-29
ENSMUSG00000031906.10,35.726469209576145,3.2100868910161307,0.43279551319286647,7.417098359764236,1.1971404320925207e-13,1.9090752172330675e-12
ENSMUSG00000000303.14,243.34640301061663,1.176896382192959,0.14566071293252889,8.079710434605014,6.492074221894614e-16,1.290545663503899e-14
ENSMUSG00000012519.15,167.08874854931454,2.9123748736414203,0.20412834729762436,14.267371054521414,3.4950778468250302e-46,2.9846723955845464e-44
ENSMUSG00000031767.14,6475.790283938932,-1.0957273335175475,0.13014172978537356,-8.419492620273246,3.78118276512813e-17,8.318602083281886e-16
ENSMUSG00000034330.11,19.46751776316566,1.3258402303569838,0.35313472275961943,3.7544884286541538,0.00017369586865424497,0.0007657224981772775
ENSMUSG00000031841.20,10.383854714516612,-1.9196036866856603,0.47525138440215087,-4.039133287534665,5.364907383327051e-05,0.00026398344137802936
ENSMUSG00000120688.1,12.05682422838153,1.116522947654837,0.4097833980265824,2.7246661358945756,0.006436653797736695,0.018619720907784323
ENSMUSG00000031832.16,27.34650776236748,1.180692241028423,0.29923890280022497,3.9456508828889323,7.958349875422172e-05,0.00037731572076903016
ENSMUSG00000110631.2,1288.255257305192,3.125743368205881,0.46588666482087787,6.709235537805431,1.9564665035809043e-11,2.485539135535177e-10
ENSMUSG00000040010.11,52.14371271085954,1.3236405423582798,0.2478318317578347,5.340881891441838,9.249550619402386e-08,7.357184193423353e-07
ENSMUSG00000006519.12,46.44398383341537,1.0977843864751524,0.23423270602380528,4.686725458244006,2.7761096800652422e-06,1.7396793270821353e-05
ENSMUSG00000033594.12,677.5099905347558,1.2610016273000535,0.4033158017810559,3.126586217875493,0.0017684864068941483,0.006020433113378314
ENSMUSG00000097637.2,50.00473486234249,1.5480510784529287,0.4124175088475325,3.7536017391182854,0.0001743117362598267,0.0007676737801958557
ENSMUSG00000001065.16,497.8099639032742,1.1631015686097266,0.38295070628415756,3.037209618688314,0.0023877934312194213,0.007815975232333565
ENSMUSG00000032815.17,142.90185869376748,1.4837713211035541,0.38638687051042186,3.8401183744765284,0.00012297499966326079,0.0005596894339767202
ENSMUSG00000001995.10,136.15188807389245,-1.2391468508878716,0.1830214239690498,-6.7705016386355945,1.2833663069541852e-11,1.670112041655798e-10
ENSMUSG00000110605.3,15.781351411054079,1.465496008779277,0.3881668730035816,3.7754278139179456,0.00015973327847315587,0.0007104069876501034
ENSMUSG00000025888.7,34.94612161672501,1.165681976573036,0.29517421337621536,3.9491321522971647,7.843504279864911e-05,0.0003723600452862184
ENSMUSG00000033538.14,21.10577783067368,1.4060719774311516,0.3075389452720156,4.57201274520693,4.8306154866964115e-06,2.892868459869511e-05
ENSMUSG00000025887.11,23.82078902834191,1.0165407508182793,0.28974155499511045,3.508439619009548,0.00045074353931931596,0.0017920470411725532
ENSMUSG00000047193.17,57.057838524783314,-1.3846245609149173,0.2833691740786739,-4.886292114930234,1.0275271213843206e-06,6.884527119692903e-06
ENSMUSG00000050578.11,22.01788290959312,2.5154806721482807,0.3643689720229855,6.9036632240727585,5.067836446915816e-12,6.848222434633806e-11
ENSMUSG00000037419.10,53.13429183419205,2.071719626289159,0.32956721977258596,6.286182308175931,3.2536783540898855e-10,3.535925151071177e-09
ENSMUSG00000031934.15,9.602304826449616,1.4407436735541264,0.6093635965811917,2.3643415550869085,0.01806215166453003,0.04470493378170155
ENSMUSG00000064797.3,20.976978296433806,-1.1190888815414644,0.2863380554353686,-3.9082785550105195,9.295609486902957e-05,0.0004350007656127869
ENSMUSG00000047822.9,868.1471931662603,1.5557998496730367,0.40579163753765335,3.833986967088927,0.00012608282470097607,0.0005729305182885663
ENSMUSG00000006235.7,9.206900600491526,-1.7757721856341497,0.48984164651579604,-3.6251964247325095,0.0002887419029169802,0.001204370850548514
ENSMUSG00000074472.11,8.464877473662067,1.1481902140009084,0.4587080936289969,2.5030956068753487,0.012311228212357273,0.0323555428722696
ENSMUSG00000059974.11,17.081957875268504,-1.169201401384974,0.40983823961977167,-2.852836286017877,0.004333093845008962,0.013168079673861726
ENSMUSG00000047412.17,501.5348070879244,-1.3558076768309268,0.09859090167070446,-13.75185391203086,4.964096500162182e-43,3.8311144754192835e-41
ENSMUSG00000111166.2,8.34181749003748,1.4316855799050898,0.5286294305505125,2.7082971495062966,0.006762944059127901,0.01943117831203143
ENSMUSG00000032020.16,14.35820813334577,1.1599463218271755,0.43911117121148063,2.6415778005076826,0.008252085197108926,0.02299113775379846
ENSMUSG00000048503.8,7.671031749373926,2.0680934449691035,0.5476292744408716,3.7764479393119053,0.00015908079101933613,0.0007079414048692751
ENSMUSG00000095385.5,79.51880330390318,1.0156634748495326,0.1709244545385357,5.942177657326072,2.812603517867077e-09,2.7097125480545833e-08
ENSMUSG00000040219.5,9.625686007245188,1.339932953566382,0.48108581176398685,2.7852265038814576,0.005349034335983924,0.015848339876189693
ENSMUSG00000034218.17,119.3505902612264,-1.0426635977642402,0.13823930610182827,-7.54245393127339,4.6120907239769795e-14,7.641985456766449e-13
ENSMUSG00000074280.7,22.771344992077257,-1.0858358254721128,0.3815539917804942,-2.8458248343966686,0.004429655425575427,0.013433239567536153
ENSMUSG00000036986.17,408.3529994138936,1.9810873956450148,0.1149602649823583,17.232801228746567,1.506744875205685e-66,2.1111982562105292e-64
ENSMUSG00000032333.7,63.415175751188556,1.3016644743734396,0.18283413853673872,7.119373246106788,1.0841894139574867e-12,1.5678378378992432e-11
ENSMUSG00000025235.9,65.65383622295579,1.1582221334287253,0.1974661041524103,5.865422515931009,4.479904363010657e-09,4.21748074148531e-08
ENSMUSG00000032294.18,159.98289652392282,1.4030268279028935,0.17404992288846535,8.061059750092397,7.563584621425445e-16,1.493264750429713e-14
ENSMUSG00000111394.2,12.28625287006668,1.3435284915671462,0.44148407142164753,3.0432094350330128,0.0023406936589591234,0.00768096654981766
ENSMUSG00000032400.19,11.3231237052028,1.0496364225706005,0.4211955679293362,2.49204052105956,0.012701154633842724,0.03321309361761519
ENSMUSG00000015357.11,1767.6565697762821,1.4951784322600357,0.25750481889120114,5.8064095215700275,6.382673808491524e-09,5.885926415600618e-08
ENSMUSG00000100130.2,14.43579986643849,-1.2397444957553572,0.4391023934753513,-2.8233608246659427,0.004752305392794834,0.014294554278619224
ENSMUSG00000036943.10,60.20775864301169,1.011199759687271,0.191602975398138,5.277578584497795,1.3090207385462593e-07,1.0135079022907519e-06
ENSMUSG00000066477.14,105.79215123031358,-1.5894953717181441,0.30633694481129925,-5.188715885043701,2.117491779345469e-07,1.5875138368578602e-06
ENSMUSG00000042487.7,102.85991888542767,1.0568653332107067,0.21198116330711175,4.985656823099668,6.175166752857342e-07,4.313649882731711e-06
ENSMUSG00000111709.2,7.9903295857486025,2.5834591295830713,0.6019173213194215,4.292049818270802,1.7703121543994937e-05,9.565385627964617e-05
ENSMUSG00000049624.15,340.0257070498541,-1.2892343757093243,0.11184072422368077,-11.527414407035343,9.598320084699807e-31,4.6956934055046653e-29
ENSMUSG00000032265.15,272.5287376741648,1.1182664144729046,0.17055186801499622,6.5567526611586455,5.499211010096644e-11,6.646952537497049e-10
ENSMUSG00000056131.14,242.817034859053,1.000903295414713,0.1180423520969218,8.479188000192464,2.267709968144495e-17,5.145847525198326e-16
ENSMUSG00000101335.2,29.27732112616951,-1.1863393639044282,0.2824107406823739,-4.200758657542345,2.6602205169765482e-05,0.00013960837273092926
ENSMUSG00000032369.14,174.0621479707225,1.2725705411154873,0.16447479419716352,7.737176673952838,1.0164876358219734e-14,1.7933923667705034e-13
ENSMUSG00000032372.15,168.24471725009053,1.588665493837179,0.15434335099458127,10.293060786874806,7.573006555806514e-25,2.802400784958965e-23
ENSMUSG00000032374.15,6.424249216234488,2.257244060177501,0.6293516097725271,3.586618394435122,0.0003349940033312838,0.0013734754136582633
ENSMUSG00000064225.7,2215.3525670978115,-1.0053548664750238,0.13754896379424705,-7.309068994361065,2.6899963081695035e-13,4.130002842500242e-12
ENSMUSG00000120031.1,12.912011271395148,2.0802847854115156,0.46302381319109503,4.492824615378819,7.028466630597464e-06,4.0736879683848434e-05
ENSMUSG00000049493.14,23.939730187375567,1.207684822247045,0.3192745055452905,3.7825908466585334,0.00015520441953260634,0.0006923988199983229
ENSMUSG00000032411.16,208.48741124622757,-1.2186158535750564,0.11741810740269419,-10.378432087954902,3.108381099448713e-25,1.1621802079596846e-23
ENSMUSG00000120338.1,18.60015703977542,-1.7511933736354728,0.33048114708734005,-5.298920646667522,1.1648924382981774e-07,9.082510896552835e-07
ENSMUSG00000100281.2,8.48486247409905,1.1143276625356524,0.45918005583059013,2.4267771397866906,0.015233610371517357,0.03871305949669634
ENSMUSG00000032527.14,1296.17128998026,-1.2964978705172665,0.07708422676177287,-16.81923689166741,1.7641643771953065e-63,2.2531345390869617e-61
ENSMUSG00000043719.15,10.416737077316224,-1.3019976381877985,0.4126680378698029,-3.1550726460637106,0.0016045814648952836,0.005532087840747428
ENSMUSG00000023277.14,28.977501296493916,1.4467334564352694,0.2671617322338592,5.415197170412399,6.122120496840286e-08,4.969316254803094e-07
ENSMUSG00000045322.11,9.565475090732946,2.543392474191723,0.5959943871169807,4.267477226580844,1.9769594553203576e-05,0.00010578968802070226
ENSMUSG00000036091.9,7.27868982763341,1.9839815397388785,0.5602982734943419,3.540938163820548,0.00039870700912219637,0.001609037319933302
ENSMUSG00000102375.2,58.79956899616784,-1.2482466173881956,0.2390543974709319,-5.221600734368326,1.7738309398199369e-07,1.3466558718296333e-06
ENSMUSG00000032596.15,621.1245394834029,3.0308479922396665,0.112326463402356,26.98249281990744,2.372174532200333e-160,9.25276293208519e-158
ENSMUSG00000025647.17,1227.7660935195586,3.05248575483464,0.08185181457730334,37.2928293721794,2.144693848638094e-304,2.8138383294131793e-301
ENSMUSG00000049734.10,89.3361552487304,1.3266855924612226,0.15908938514564114,8.339246463531714,7.476543548359093e-17,1.6080696943355949e-15
ENSMUSG00000032482.10,46.733531345255855,-2.2599849527003824,0.2883996942059913,-7.836294552677902,4.6403661220955246e-15,8.44511524263337e-14
ENSMUSG00000032489.18,27.39398066477102,1.3031371998574421,0.351672981382761,3.705536873300787,0.00021094343734510317,0.0009095714633297068
ENSMUSG00000032491.15,9.950580088421134,1.864453905653585,0.467546839171877,3.9877371622400912,6.670650757560356e-05,0.0003215458641720476
ENSMUSG00000049555.11,124.72184928319284,1.989619300122052,0.2660336851128799,7.47882471829777,7.499021279216008e-14,1.218109358283075e-12
ENSMUSG00000043953.13,16.91034042502995,2.1014613913261173,0.47572833986738805,4.417355905077909,9.991563609002249e-06,5.625097332961312e-05
ENSMUSG00000038060.16,417.04841548519437,-2.1524403266207606,0.17989473528408934,-11.964998993559384,5.4198246495203325e-33,2.962837475071115e-31
ENSMUSG00000010651.5,3975.984700381176,-2.3834048151030127,0.15023124294168055,-15.864907781054871,1.1088023233512048e-56,1.2501746195784835e-54
ENSMUSG00000052336.9,18.824038948374408,-2.4222237893009475,0.3759659372510066,-6.442668202901039,1.1739114769926744e-10,1.3575232721120413e-09
ENSMUSG00000032528.6,273.2261076657968,-1.0404446702811894,0.1414244367596604,-7.3568945658899265,1.8823790804025348e-13,2.9400968493906257e-12
ENSMUSG00000061536.14,142.954158215042,-1.0612848392770344,0.12576951274843975,-8.438331484990192,3.2189962739847864e-17,7.169221331195746e-16
ENSMUSG00000032526.12,187.08507373920344,-1.0797984712240296,0.10663251519620187,-10.126352822469022,4.221008011909106e-24,1.5191418361065392e-22
ENSMUSG00000038233.11,78.17404090846968,3.176113421028768,0.257658190325114,12.326848283072769,6.493728015505268e-35,3.9048951133238346e-33
ENSMUSG00000057895.12,13.679901998463171,2.1276992316365244,0.4556997198567443,4.669081719658281,3.025490226080942e-06,1.882875159241059e-05
ENSMUSG00000035498.11,18.58618654008712,3.9668147716773534,0.6051219973161865,6.555396745236192,5.549413634930623e-11,6.702019881114539e-10
ENSMUSG00000049103.15,31.441312817109555,1.5010438287815449,0.2759608445510942,5.439336262444385,5.34794333687137e-08,4.3853135362345234e-07
ENSMUSG00000019796.13,24.09863022783306,2.1044826462285626,0.3265453466828824,6.44468729261142,1.1583900450743968e-10,1.3417243282916289e-09
ENSMUSG00000039981.7,9.705216619171512,2.378639741614283,0.5593226210745916,4.2527150735372565,2.1119421913541822e-05,0.00011251218053017186
ENSMUSG00000112109.2,17.282906929296544,1.2917883308298541,0.4949438199618025,2.609969614186815,0.009055026531409965,0.0249536266758275
ENSMUSG00000060487.8,20.98483576440064,1.3726630342665043,0.34343234948377227,3.9968949818787083,6.417875540670013e-05,0.0003108146973253343
ENSMUSG00000019850.12,51.21864206576221,1.4261096301477285,0.20278425048308332,7.032644925581622,2.026546292486352e-12,2.8561636809729525e-11
ENSMUSG00000020010.8,342.32813864400566,1.4602020732783771,0.0995426245304659,14.669113660263895,1.0166437227678566e-48,9.465936907732713e-47
ENSMUSG00000039697.17,32.834572711809635,1.1920336127381912,0.2630187385486822,4.53212428633695,5.839347445308246e-06,3.44395023827906e-05
ENSMUSG00000046031.8,12.521384247338943,1.5548509190088837,0.47905707482503695,3.245648589109664,0.0011718339263943186,0.004193381409799853
ENSMUSG00000019842.7,30.476266379483114,1.7698297956797526,0.33370602971596475,5.303559534678324,1.1356614311343947e-07,8.873776813281854e-07
ENSMUSG00000075225.17,93.57193027850909,1.1306169955768413,0.18854810528790902,5.996437852559763,2.016927468771131e-09,1.9654488338490858e-08
ENSMUSG00000090708.2,17.029057183011112,2.3252501802520706,0.3738551867453684,6.219654729133908,4.98250065644199e-10,5.260237708395816e-09
ENSMUSG00000102114.3,7.038318164254106,2.2649094385491164,0.6609601680822083,3.4266958100074403,0.0006109730804062971,0.0023432270785074885
ENSMUSG00000019866.16,460.00014430731983,1.2794016728627677,0.1382358443532415,9.255209304422113,2.138110893412366e-20,6.11033988390639e-19
ENSMUSG00000112023.2,86.6253257538518,2.9078335087295812,0.48140384473606984,6.040320492919627,1.538084122175617e-09,1.517267946086022e-08
ENSMUSG00000112766.2,29.204249117056605,1.5453412451382182,0.3282952032739154,4.707169735431229,2.511797581539319e-06,1.5822899474803774e-05
ENSMUSG00000047669.9,14.213444887370267,2.041989129945325,0.4237464951169642,4.8188932615989835,1.4435675329554684e-06,9.465500515953348e-06
ENSMUSG00000020108.5,59.762863032191845,1.6765370755066586,0.3596879326803531,4.661087913106501,3.145423240730814e-06,1.952059463638937e-05
ENSMUSG00000059901.13,14.551928358225956,1.0232095465622144,0.38616782721231135,2.649649904676455,0.008057521797221573,0.022518620173799717
ENSMUSG00000037202.7,7.812315877863313,3.70957731093919,0.7624467698017254,4.865359075367146,1.1424919331947057e-06,7.598361096712439e-06
ENSMUSG00000020091.17,2578.510337613904,-1.2204258334108975,0.07020866482987029,-17.382837807387943,1.1130665297352854e-67,1.6063776157139638e-65
ENSMUSG00000020083.15,13.9294754388896,1.281451002124376,0.3763582301284316,3.4048704121259226,0.0006619545814097558,0.0025107302283588952
ENSMUSG00000037012.19,36.01263872778119,1.058733101147542,0.2449785067694224,4.321738731733058,1.548044330966276e-05,8.427527644098565e-05
ENSMUSG00000020077.15,86.86891460229238,1.2931005932493642,0.19777962947955088,6.538087853901367,6.23103212667125e-11,7.487614958544503e-10
ENSMUSG00000097134.3,13.702338120111026,2.1664189193219983,0.4375523462926798,4.951222265582084,7.374881426198003e-07,5.090114239258229e-06
ENSMUSG00000009092.6,11.775333917673766,-1.3917260665100408,0.5911242607391416,-2.354371422295926,0.018554061393814318,0.045718322355391534
ENSMUSG00000000290.14,84.7597230180476,1.3141244418032687,0.16199185817842443,8.112286978990257,4.967580856039053e-16,9.971088583359612e-15
ENSMUSG00000112652.2,323.31508842954406,-1.1461631584394922,0.11641256224393545,-9.845699951503319,7.153950617105986e-23,2.4066623614469367e-21
ENSMUSG00000032788.16,756.8683348167763,-1.1392035789776969,0.10795237035514389,-10.552835247896104,4.928694291731887e-26,1.9224571896830972e-24
ENSMUSG00000020327.5,8.783169124567857,-1.3224441644230653,0.467917626646522,-2.8262328433762476,0.004709901383600459,0.014175870024634376
ENSMUSG00000035863.15,32.85575965866295,1.5643743001011479,0.37929225897924657,4.124456176119177,3.7161173655158686e-05,0.00019008012808089793
ENSMUSG00000035852.12,7.656818369242369,3.128793830291804,0.6624345216573791,4.723174484421061,2.3219147345473066e-06,1.4710216615007344e-05
ENSMUSG00000091994.3,6.900670854823801,1.2857951184918406,0.5384080668398051,2.3881423731981504,0.016933780288187587,0.04239908346966053
ENSMUSG00000020150.14,803.4491883126612,-1.1720970613694992,0.10043163901685054,-11.670595768857693,1.8015715412705888e-31,9.091007162103893e-30
ENSMUSG00000020131.15,230.23683435605238,-1.3915933600288097,0.11897748454481095,-11.696274848580181,1.3317217759502953e-31,6.815393145572575e-30
ENSMUSG00000120873.1,14.639693435033404,-1.019480972055268,0.38304927079762613,-2.6614878287913086,0.007779615347075445,0.021894580477572704
ENSMUSG00000048240.16,15.417196376871903,1.2892284881855403,0.4169515240789101,3.092034478189238,0.0019878975867367024,0.0066595492042210045
ENSMUSG00000034949.19,6.345700400503537,1.8878369908780677,0.5773187687336432,3.2700079975211347,0.0010754444378865652,0.0038797784053784495
ENSMUSG00000034917.9,171.0457291248252,1.2171571183634184,0.19685380969649802,6.183050865207976,6.28744438924618e-10,6.5753911177971655e-09
ENSMUSG00000090034.2,15.389468876687522,-1.6446812054892535,0.364468540642375,-4.512546412347432,6.405391197457616e-06,3.742615617882928e-05
ENSMUSG00000112160.2,8.652198707764711,1.3265935373393964,0.46245522457345706,2.868588063986027,0.004123084010065384,0.012614871408366255
ENSMUSG00000020053.19,6004.238883648677,-1.1647478885119384,0.12827489818970358,-9.08009209088915,1.0848302584714575e-19,2.9429079492970068e-18
ENSMUSG00000004359.17,49.481403514399844,1.556582222743277,0.24803391349677892,6.275683033818242,3.4810269974487325e-10,3.7603429361661756e-09
ENSMUSG00000020027.19,143.78431220607084,-1.5672105999538666,0.49924062726530627,-3.139188828718902,0.0016941623896839454,0.005795248070139535
ENSMUSG00000112762.2,23.932680634180898,2.389937325358322,0.3692442773156337,6.472510129968459,9.6388056688763e-11,1.1263744405928968e-09
ENSMUSG00000036019.9,157.40587691707904,-1.354605764726902,0.11764980082940422,-11.513880645587504,1.123083878516309e-30,5.439042461324621e-29
ENSMUSG00000053825.16,105.25525606733126,-1.5071940900441423,0.16697512619972893,-9.026458756744987,1.7731695071982364e-19,4.765434325490679e-18
ENSMUSG00000035948.14,165.0258910926253,-1.2670396668162494,0.2096401418842532,-6.043879075009446,1.5045229269420722e-09,1.4861926681470217e-08
ENSMUSG00000019906.16,117.7480161166447,-1.2541281441395264,0.13972270161310604,-8.975836636856789,2.8120642402637725e-19,7.446552498254452e-18
ENSMUSG00000020184.16,621.6442837381085,1.178240462346212,0.16954345289858236,6.949489598109181,3.666101521518734e-12,5.034174801004602e-11
ENSMUSG00000112527.3,26.80044085684503,-2.6230197031461056,0.37825666106216066,-6.934497057581367,4.076688912271552e-12,5.5714748467711204e-11
ENSMUSG00000020102.16,631.1142223874903,-1.0941056897610975,0.12303376328117471,-8.89272717165196,5.962708885049483e-19,1.5421830578679955e-17
ENSMUSG00000074657.6,28.68082032791935,-1.1032262270060447,0.29789091050714395,-3.7034571653356547,0.00021268110644723145,0.0009162429039541624
ENSMUSG00000025408.16,118.75833034312559,1.2427130611316566,0.1721419427963595,7.2191183679259465,5.232569523034768e-13,7.833655949837943e-12
ENSMUSG00000025405.10,781.8750419373903,-1.0240465664849097,0.17307017560896054,-5.916944169506526,3.2797796023947027e-09,3.1326127876744106e-08
ENSMUSG00000087163.2,9.683038402364682,-1.0055903941780688,0.42348600881980547,-2.374553995255958,0.01757016618652074,0.04370434994896024
ENSMUSG00000056148.9,86.9524308540408,-1.576780828596746,0.19372667137805177,-8.139203638716868,3.9788626730066044e-16,8.065020519217882e-15
ENSMUSG00000069456.5,1152.1976444903871,-1.5013107035355355,0.10443900177348417,-14.375000507872533,7.426951454951056e-47,6.53571728035693e-45
ENSMUSG00000025351.15,33.83061890443326,1.0736277081422165,0.3168876984634163,3.3880384544689526,0.000703943941610606,0.002654643053390192
ENSMUSG00000097691.2,35.94750415807111,-2.525275056729408,0.3218346720653028,-7.84649783233116,4.278161434133033e-15,7.815496938912398e-14
ENSMUSG00000020471.12,93.70219534671736,-1.2399100614915806,0.16599965243033193,-7.469353359109929,8.058986090734547e-14,1.2995227626981115e-12
ENSMUSG00000020437.13,19.246060259719414,1.2146524287124452,0.36379024128406273,3.3388812861640056,0.000841165036484475,0.0031135403453562307
ENSMUSG00000040978.5,7.75597992008818,-1.5137680883224747,0.5221335840861112,-2.899196938216526,0.0037411982436160044,0.011593938812940985
ENSMUSG00000020122.17,7295.462725382882,-1.0382881507800192,0.1640553889924524,-6.328887805250867,2.469345691685956e-10,2.7287593432168235e-09
ENSMUSG00000020120.16,65.38030471482001,1.3818874949091968,0.19174652792234068,7.206844942031364,5.726314606326259e-13,8.511037322193674e-12
ENSMUSG00000020142.13,73.57741359285674,1.158523845812055,0.20882372803690338,5.547855393173138,2.8919490286827147e-08,2.47108397761687e-07
ENSMUSG00000042363.15,134.7275757426592,1.2740057992042144,0.20295069638859106,6.2774152632857545,3.4424776543759426e-10,3.7242756752588907e-09
ENSMUSG00000049811.18,32.42346574753174,1.4120484173808623,0.3090696920158493,4.568705550424697,4.907456400581973e-06,2.9339026832311114e-05
ENSMUSG00000020464.16,499.025131075779,1.0727833097209407,0.10015986036637059,10.710710915498996,9.066289438733388e-27,3.65487958602794e-25
ENSMUSG00000040711.9,45.71913508538819,1.6566417732908252,0.21891490870723213,7.567514625083622,3.8043235676772044e-14,6.376770932487505e-13
ENSMUSG00000020272.9,58.10948325061645,1.0842593966424716,0.18498956519424795,5.861192200240846,4.59555679375013e-09,4.309491595022864e-08
ENSMUSG00000020326.8,823.867509163895,1.3776247913363107,0.13635308661468207,10.103363448084734,5.3379338345713106e-24,1.906857948032999e-22
ENSMUSG00000019189.14,265.58593381513816,-1.167568806310248,0.10419999053110916,-11.205075934835786,3.8502345981224114e-29,1.769636487901358e-27
ENSMUSG00000020340.17,48.42514362584542,1.1787975517794085,0.2697117673428372,4.37058257929477,1.2391547919517075e-05,6.846662311426893e-05
ENSMUSG00000020399.15,5.9018923485836705,1.9277710535867052,0.6094507978258827,3.163128279532518,0.001560835385444521,0.00539544342101445
ENSMUSG00000046879.8,2530.3308884039907,3.137737889687683,0.13298967625665384,23.593845612739383,4.457666340142615e-123,1.2614321690380044e-120
ENSMUSG00000058163.15,90.21813099359831,4.354042067761755,0.3202610602249047,13.595290244477773,4.27063140729873e-42,3.160705254878732e-40
ENSMUSG00000048852.14,16.86179862022049,4.010416539809646,0.6045641710404885,6.633566347320079,3.27671586115188e-11,4.062677260149823e-10
ENSMUSG00000078153.4,45.654023909272794,1.1003435821774992,0.2415421190546065,4.5554936194326405,5.226270213424511e-06,3.114183803474094e-05
ENSMUSG00000069893.11,9.87726817414472,3.540639963900744,0.6998702566883114,5.058994763764586,4.2147243852026974e-07,3.0112327884774915e-06
ENSMUSG00000078922.10,1308.0881213320663,6.639929146268576,0.392096446361373,16.93442827112218,2.5078310878733748e-64,3.2606322756926616e-62
ENSMUSG00000040328.18,6.416509822292492,5.940650836899633,1.5742527097009997,3.7736322766298107,0.00016088785250980848,0.00071510116643719
ENSMUSG00000078921.4,178.09275723323373,4.566791050976938,0.26659724570988524,17.129925850571546,8.876777696884701e-66,1.2154384119096631e-63
ENSMUSG00000078920.4,619.2843848851774,2.938786153117572,0.1667238482134035,17.626669397385662,1.5376217908331581e-69,2.3861244822907675e-67
ENSMUSG00000040283.15,36.017435831392234,-1.077765384090802,0.27610495990619704,-3.903462597908267,9.482621005102648e-05,0.0004428905706978686
ENSMUSG00000121382.1,13.990304458956327,-1.571660354275943,0.4277776347273366,-3.6740124463910133,0.00023877109385476587,0.0010156040160660127
ENSMUSG00000085707.2,15.92868002787183,1.263059737152953,0.366402763356394,3.4471894414300457,0.0005664512339897349,0.0021946373715274773
ENSMUSG00000018900.8,291.8129780333135,-1.1679754913585167,0.15545356059343501,-7.51334023421424,5.763747282144917e-14,9.452545542717663e-13
ENSMUSG00000020400.18,103.0933651802513,1.0102449191538527,0.14995737832247014,6.736880375311777,1.618232987647984e-11,2.0722571852471787e-10
ENSMUSG00000120238.1,71.4794910132142,-1.0246658030960807,0.18797965945630773,-5.450939777525475,5.0104336678491964e-08,4.132033068251406e-07
ENSMUSG00000082292.4,583.7653965191706,4.6210854517263895,0.20269130357636794,22.798636992263976,4.730138598167779e-115,1.288025665070894e-112
ENSMUSG00000078853.9,2266.407426842029,3.1607310125751407,0.09823979393384938,32.17363235415016,4.1272212203700267e-227,2.836383650113344e-224
ENSMUSG00000069874.8,1921.2909106396448,2.4241381691642743,0.16070044324323973,15.084825655988052,2.0381228338938777e-51,2.0285647406038927e-49
ENSMUSG00000085882.3,9.494285110874625,-1.119908279255894,0.4529562792710249,-2.4724423316489683,0.0134193362341907,0.03475109645286922
ENSMUSG00000000126.12,8.068799415574226,-1.2179206339086026,0.494420034812295,-2.4633318800905437,0.013765243397359963,0.03553846023447209
ENSMUSG00000018415.15,327.1078941214521,-1.1149315706054044,0.10927571676925342,-10.202921596567457,1.923961780164491e-24,6.994109927288145e-23
ENSMUSG00000120997.1,24.42241552342566,-1.0758856485075636,0.2641517504984613,-4.072983224519009,4.641476864409724e-05,0.00023258956287208727
ENSMUSG00000010025.20,2548.3350987169115,-1.0954264626670371,0.10014154343100186,-10.938781500025438,7.5203830334800515e-28,3.230183569618574e-26
ENSMUSG00000051790.16,46.62614673093206,1.1206906286622087,0.2045423708378121,5.479014563446312,4.2770116248646756e-08,3.576235907882213e-07
ENSMUSG00000020805.15,14.956442957938659,2.6974098946921146,0.49633001628774326,5.434710386583417,5.4885504078337286e-08,4.4929528919941225e-07
ENSMUSG00000040483.16,500.3996102930981,4.139375519213306,0.1292288336707042,32.03136174517444,3.9912289096542346e-225,2.618246164733178e-222
ENSMUSG00000040471.18,157.47895393876365,1.2532688263398626,0.18177324451349883,6.894682601359369,5.39852008299686e-12,7.254324193464681e-11
ENSMUSG00000040447.16,300.81777411289903,1.1789754823211562,0.12258355845527477,9.617729303814519,6.730039294102092e-22,2.1536125741126694e-20
ENSMUSG00000002058.14,32.070952989268434,-1.0502400255367783,0.2636003262552824,-3.9842136785509084,6.770393268268565e-05,0.0003261359000255405
ENSMUSG00000001123.16,8981.19971441188,1.6106425113953082,0.08212787922250317,19.611397818172197,1.2358822316950713e-85,2.3468753115556933e-83
ENSMUSG00000108822.2,28.24487989807531,-2.126588750093998,0.2940230299957833,-7.232728504717797,4.733851818862811e-13,7.123978044820447e-12
ENSMUSG00000120210.1,13.805630451360537,1.7447119484815947,0.4861856756339076,3.5885712720901792,0.00033249510123441276,0.0013640049178553282
ENSMUSG00000078771.12,13.685549611191991,1.8239763005057164,0.407513745523457,4.4758644844305655,7.6102746629377955e-06,4.393259357420731e-05
ENSMUSG00000086474.3,9.599979584856298,1.1536512287655463,0.479476351656257,2.406064918072569,0.016125398939652123,0.0406571903384101
ENSMUSG00000020707.7,220.90900840980808,1.1060865800524735,0.12210902911833595,9.058188309568527,1.3263512458455998e-19,3.584625689146759e-18
ENSMUSG00000035385.6,16.294453817933224,4.523116116636043,0.6885004230987469,6.569518281889746,5.047829722519151e-11,6.132178329578821e-10
ENSMUSG00000035373.3,8.714439739120106,6.37679329701128,1.5790344660084181,4.038412988622684,5.381404757303595e-05,0.00026443457084577963
ENSMUSG00000086327.3,26.698383237150345,1.5941536396542046,0.29643298525380746,5.377787624711474,7.540668911518242e-08,6.072931569812013e-07
ENSMUSG00000054404.14,272.7175020460673,1.7485827795680444,0.17575170252582367,9.949165524078609,2.5430664525392946e-23,8.717704285759407e-22
ENSMUSG00000069793.13,108.62799108512804,2.3030868530614828,0.2142983835292407,10.747103245168576,6.1152013145911784e-27,2.4790613868589854e-25
ENSMUSG00000035208.17,123.45688259937488,3.6294582808790827,0.24368903674631348,14.893810281081466,3.6156328711763246e-50,3.432948262948468e-48
ENSMUSG00000072620.4,61.24579798298443,1.8155872682853398,0.2540557953709767,7.146411541741008,8.907574463966072e-13,1.3011550067202262e-11
ENSMUSG00000078763.3,35.391413662627805,4.225565392167056,0.4226301048058816,9.998259338642953,1.5509924695227533e-23,5.40674476332183e-22
ENSMUSG00000000204.17,207.52287489479946,6.924369315743306,0.40047999313655197,17.290175375583114,5.5782307660645196e-67,7.970794694637936e-65
ENSMUSG00000087107.9,21.012006899758962,1.1115104306139234,0.332500325183305,3.3428852437998544,0.0008291217965661192,0.0030718758145510095
ENSMUSG00000035042.3,15.480213602367641,4.23480826921422,0.6501140792909721,6.513946404349203,7.32016251410413e-11,8.7021899014457e-10
ENSMUSG00000051452.9,47.83824897815181,1.9337827615211323,0.26520200180654285,7.291735161681663,3.0598821612028865e-13,4.692903225343258e-12
ENSMUSG00000120594.1,7.045229719408842,1.3859037005065216,0.5189924368863482,2.670373597004872,0.007576689291434941,0.02141535053936331
ENSMUSG00000087574.3,12.249255613765493,1.0867304258074366,0.43572643991966076,2.494065831781537,0.012628911963073638,0.033054127212745504
ENSMUSG00000110344.2,50.21126885141227,-1.287209442145922,0.2076320758288987,-6.199472971635942,5.665254497697653e-10,5.946251120783457e-09
ENSMUSG00000094091.4,12.448531320079605,1.9900715271000677,0.5440460145633701,3.6579103124157997,0.0002542799883302739,0.0010746028672276758
ENSMUSG00000001506.11,31.519986402799116,1.6782179844775382,0.3837609645109432,4.3730815264554685,1.2250494923727643e-05,6.779108233866463e-05
ENSMUSG00000000120.7,23.068387250820123,1.1448642953781034,0.3054993369992311,3.7475181014254866,0.0001785929520849211,0.0007838970451610649
ENSMUSG00000038534.21,27.820068696314202,1.0459124463332667,0.27059408812777064,3.865245000620272,0.00011097774264865425,0.0005105612948375448
ENSMUSG00000043439.6,11.515569648722222,-1.6244102206008617,0.4636068034448477,-3.5038532837107237,0.0004585779342792258,0.0018196856605767905
ENSMUSG00000019761.11,10.118263149138404,-1.3529752276034648,0.48702115925948775,-2.7780625171617888,0.0054684095836054665,0.01616552378340723
ENSMUSG00000006930.16,45.453082763851455,1.588980633718048,0.224731486560141,7.0705741239904825,1.5429398973772236e-12,2.198194333558548e-11
ENSMUSG00000017176.18,53.656542966294936,1.1244782131695963,0.18622053570077116,6.038422180121243,1.556284497777354e-09,1.534173351907293e-08
ENSMUSG00000006782.17,216.79627709879418,1.014971218655332,0.12186204364067138,8.328854402344735,8.162838232912759e-17,1.7478647088634559e-15
ENSMUSG00000085604.2,90.41983899054016,3.689908272885715,0.2763906699562426,13.35033586144529,1.1791607308985132e-40,8.424578053627398e-39
ENSMUSG00000017830.16,598.9767729307802,3.879751244020288,0.1594001147488496,24.33970170054905,7.452329274769196e-131,2.2883407679461498e-128
ENSMUSG00000006920.15,304.9326025789378,1.0300704885502374,0.11494783654499191,8.961199440644156,3.2116556236928172e-19,8.458141233783711e-18
ENSMUSG00000035112.18,30.589779092739917,-1.1488365865586472,0.29373943320820367,-3.911073749993748,9.188670674966828e-05,0.0004302754548381611
ENSMUSG00000010358.14,562.4319224001166,1.809661576600889,0.10290679889225501,17.585442323355448,3.1848649031733136e-69,4.88978407261673e-67
ENSMUSG00000086347.2,183.35898240002646,1.9540905906694153,0.16386418276622444,11.925062314912365,8.76184400838657e-33,4.753794463497556e-31
ENSMUSG00000034947.14,212.90247988712622,1.3827251423890963,0.12772876694478766,10.825479455123812,2.60711071867068e-27,1.0843176337710447e-25
ENSMUSG00000093467.2,113.02655931829334,-1.1428827512310231,0.217678690105069,-5.250319866769583,1.518353198363251e-07,1.1649587112588218e-06
ENSMUSG00000003518.14,378.83745639213913,-1.1399867842206488,0.11939133134441052,-9.548321233910245,1.3181486875138523e-21,4.13554823004346e-20
ENSMUSG00000055805.16,20.2064414936772,1.3913681876486095,0.352985109348981,3.9417192136369255,8.089964966643207e-05,0.0003828012275363763
ENSMUSG00000019590.17,7.88466648387571,1.7562579218228693,0.5367705527528702,3.2718969265652924,0.0010682851509296678,0.003857265773884655
ENSMUSG00000020681.15,13.244609392870085,2.5072292078288516,0.5240607723613053,4.784233699713519,1.7164088964156925e-06,1.1068459871792347e-05
ENSMUSG00000041920.15,179.827884092963,1.0837933877722512,0.18140175644776516,5.974547374817349,2.3072987963626975e-09,2.2378317358270464e-08
ENSMUSG00000020604.14,447.1673957698742,1.1153624061426166,0.1340639342691179,8.319630571960206,8.823790228545753e-17,1.8810183246436087e-15
ENSMUSG00000041828.17,2744.8472163929996,-1.1560939928386715,0.12173732078003631,-9.49662753731524,2.1679784315696024e-21,6.671271796250001e-20
ENSMUSG00000051497.16,15.131960690855863,-3.509476360039013,0.4700456599934612,-7.466245641089066,8.251524565601999e-14,1.3290848496737506e-12
ENSMUSG00000063193.10,15.63243109052894,1.2129504809381426,0.361672918074626,3.3537221625420894,0.000797323785144382,0.002969542417342896
ENSMUSG00000048498.9,18.797874452085345,3.4607706623281387,0.5549362518717834,6.236339130224531,4.479294891000235e-10,4.74982982122817e-09
ENSMUSG00000047798.16,16.505007265670436,1.7784642849064531,0.457609146777564,3.8864264349395414,0.00010173073652561437,0.000471628008203555
ENSMUSG00000034427.18,5.608213311584861,2.676432740313265,0.7318564413372489,3.657046094207881,0.0002551385136733115,0.0010775999500536235
ENSMUSG00000016559.15,2219.9713674156537,1.017937517240592,0.07491193071361515,13.588456572186347,4.6886353525849877e-42,3.4523666024748234e-40
ENSMUSG00000057286.7,16.005325717412592,-1.3255542291323912,0.41330466932254206,-3.207208453040562,0.0013402983829220642,0.004715550039573679
ENSMUSG00000025574.14,259.8476479559199,-1.085888935237515,0.163692163448617,-6.633725844660704,3.273175295785689e-11,4.061776944864924e-10
ENSMUSG00000033880.12,1957.4411463612737,2.471605556239968,0.10205303829568205,24.21883363314372,1.4090364697887044e-129,4.236502985831372e-127
ENSMUSG00000039976.5,298.0213319843468,-1.029343719664467,0.13954678372932924,-7.376334245445778,1.6270723083274904e-13,2.5691364938492713e-12
ENSMUSG00000070327.16,2450.6920273035366,2.1190949540035877,0.08835791996907658,23.983078763570106,4.176202614945509e-127,1.2054191227778716e-124
ENSMUSG00000109408.2,153.24727351347659,2.1200943621625505,0.19947754254941866,10.628235815755138,2.2023912578418613e-26,8.804684385920704e-25
ENSMUSG00000025375.16,35.52309412024739,-1.3956568896166572,0.23205602222317448,-6.014310149100188,1.8065434543408947e-09,1.768794785145712e-08
ENSMUSG00000086929.2,34.55276890355418,-1.2439233034975579,0.23917721009829443,-5.200843771805616,1.9838581018428429e-07,1.4934082058207213e-06
ENSMUSG00000120999.1,38.704072556360494,-1.137053389541517,0.25785144637340557,-4.409722751350799,1.0350304529774123e-05,5.80550310818889e-05
ENSMUSG00000084822.2,72.8657621795634,-1.091511700007742,0.19329007527940453,-5.647013683604503,1.63258840871901e-08,1.4340545291924987e-07
ENSMUSG00000042988.11,237.7326580960586,-1.4544886959710417,0.11409780668129899,-12.747735809100678,3.2093150549009777e-37,2.0585259943258182e-35
ENSMUSG00000053613.7,28.801340196818792,-1.5377448810976448,0.30044696344320265,-5.118190789730995,3.0848046643529184e-07,2.2496160139434723e-06
ENSMUSG00000025165.13,9.587679802553518,1.9177741956769772,0.5462912031249965,3.5105346465521845,0.0004472065258141844,0.0017799461060535877
ENSMUSG00000112615.2,32.11503256669756,1.344130389310682,0.33589048414836303,4.001692375176007,6.289103175438061e-05,0.00030539817304146063
ENSMUSG00000020589.18,47.17070603693078,1.0709172400494755,0.25871237143016373,4.139412561252629,3.481962805852575e-05,0.00017870443532739817
ENSMUSG00000045679.15,39.60012501040327,2.222557839632482,0.2819474061072339,7.88288096109375,3.19917813902076e-15,5.911720730134137e-14
ENSMUSG00000052632.17,149.08473644096821,1.5012504625977188,0.3612663410279963,4.1555226493723625,3.245447906693299e-05,0.00016763888399927592
ENSMUSG00000020641.17,710.1341150289855,4.538031668459724,0.3713569967585149,12.220132401088712,2.4268912989092184e-34,1.423776228693408e-32
ENSMUSG00000020638.9,290.8186078716143,3.970130023820001,0.32846476988389417,12.086927999076929,1.2383085722561738e-33,6.953801289805876e-32
ENSMUSG00000035105.6,66.83025472926167,-1.6682773017268882,0.20484639038571373,-8.14404051048017,3.823012213499376e-16,7.760015789764134e-15
ENSMUSG00000049751.7,8.983585290135327,-1.6913685337494169,0.5252319266925984,-3.220231763899077,0.0012808699802130676,0.004528543741899802
ENSMUSG00000021078.6,9.416856082174693,-1.0703866367924277,0.4318657165221549,-2.478517270165196,0.013192972407448014,0.03426797898786556
ENSMUSG00000043398.6,21.984837881842633,-2.0695334713393705,0.3500464496240006,-5.912168152433319,3.376335920151617e-09,3.222703703679109e-08
ENSMUSG00000046157.14,22.540991665536843,1.075843947133373,0.28345135058043114,3.795515332455949,0.0001473370885433548,0.0006618016999245866
ENSMUSG00000112278.3,10.0515984596151,-1.1508154954999892,0.4725134638700042,-2.435518950242223,0.014870445665251445,0.03795053436620846
ENSMUSG00000112880.3,10.984890812390836,-1.7208111429227084,0.4333031884380502,-3.9713789070553642,7.145782030432371e-05,0.0003418227585787205
ENSMUSG00000021222.10,66.77976144600653,1.6951449270273327,0.20829879518444366,8.138044800145492,4.0171220991484377e-16,8.131150930562447e-15
ENSMUSG00000072949.7,86.7649799058029,-2.6008369568191645,0.23079698403549506,-11.268938230229095,1.8680898454822763e-29,8.668897958199425e-28
ENSMUSG00000052392.6,767.3653018280304,-2.0804183929775983,0.16223222011838295,-12.82370660685954,1.207853477526108e-37,7.852135760205762e-36
ENSMUSG00000097762.2,131.7518722450051,-1.6720668174060884,0.15964349879342338,-10.473754522066201,1.1402866467709928e-25,4.3767598101593e-24
ENSMUSG00000021228.16,74.41299357908184,-4.854213620615136,0.3797274193862818,-12.783416136924087,2.0295535690375388e-37,1.3076123709084715e-35
ENSMUSG00000112510.2,6.075434631440986,1.3544238961070847,0.553627830586821,2.44645196877378,0.01442700187702874,0.036975757607756836
ENSMUSG00000072884.11,13.304566640781223,1.2429058935889656,0.465879064986128,2.6678723879253394,0.007633324508143356,0.02155010549716841
ENSMUSG00000021185.17,678.1109651354565,1.087693187597065,0.0945629068926507,11.502323937987981,1.2841072612896385e-30,6.198072239107714e-29
ENSMUSG00000021186.10,19.53305281597598,-1.3928411993699736,0.42651109387644415,-3.2656622989822286,0.0010920840276007467,0.003932374422738018
ENSMUSG00000057963.10,262.3257975917399,1.5204457874205932,0.10822558238663951,14.048857524173442,7.82867989020063e-45,6.419517509964517e-43
ENSMUSG00000021200.15,14.279418762629698,1.2387475070014053,0.4092363194118852,3.0269735315321307,0.0024701558680960307,0.00804179776412405
ENSMUSG00000041645.15,674.813759938674,1.0353345825715452,0.12125377541468327,8.53857604871057,1.3588594820364988e-17,3.1529035441721464e-16
ENSMUSG00000064215.14,1702.6906331254,1.8123807720218506,0.09414257031226624,19.25144773517733,1.372727760689142e-82,2.4458280299093454e-80
ENSMUSG00000079017.4,66.66573620125617,2.537131671194104,0.23038177373578608,11.012727396151657,3.3180435595363623e-28,1.4510910500372358e-26
ENSMUSG00000021208.10,241.03409001826716,6.884393664823091,0.3879749989584873,17.7444260153467,1.9033495847234845e-70,3.018586945794432e-68
ENSMUSG00000060807.8,3762.7464949800424,-1.628608541236717,0.11178923295752448,-14.568563520384155,4.451531672950774e-48,4.040534912202866e-46
ENSMUSG00000090555.2,10966.787387167105,-1.0609914632433712,0.08790203842864105,-12.070157668808612,1.5184310133804404e-33,8.461002465292091e-32
ENSMUSG00000041567.4,833.0733157225322,1.6985480977491967,0.2940163009847622,5.777054170330597,7.601981667175285e-09,6.943784773460362e-08
ENSMUSG00000066363.13,22.855761721898308,3.1014243145562714,0.44688774301383616,6.940052313003912,3.919547717156011e-12,5.36179266862517e-11
ENSMUSG00000041481.18,60.21396723005078,4.031881849646678,0.3080879973646592,13.086786515978618,3.9183768310695046e-39,2.6180562234256986e-37
ENSMUSG00000021097.16,1634.8860852314724,-1.0078075091916043,0.0908522754915766,-11.092815273350457,1.3594094643342015e-28,6.0739929997743634e-27
ENSMUSG00000041323.7,50.233725282526486,2.9932872841724536,0.3048706194397004,9.818221544842856,9.398697526621268e-23,3.111055107894453e-21
ENSMUSG00000021277.17,148.17828695391728,1.0641829045296969,0.14915581624436947,7.134706049854553,9.699421619661323e-13,1.4082701490437847e-11
ENSMUSG00000021280.10,8.41209830563714,2.097916459523539,0.6672323864071363,3.1442065796899406,0.0016653782992456854,0.0057103206497300385
ENSMUSG00000052160.8,67.72293000880576,1.212496385928678,0.20378663852591608,5.94983260285969,2.6841686676121843e-09,2.591165365282879e-08
ENSMUSG00000018581.16,15.05038023642864,-2.4783350836496347,0.42914641133714054,-5.775033923568422,7.693758255423847e-09,7.023170091225615e-08
ENSMUSG00000113831.2,17.186665471502206,-1.1040098176738495,0.3484004262325995,-3.1687958295917507,0.0015307188288503218,0.005298952779555732
ENSMUSG00000071551.14,912.9916103646974,-1.5138688659385113,0.19977725558475995,-7.577783874882688,3.515073048484018e-14,5.905650085648585e-13
ENSMUSG00000072421.5,7.531060684399729,1.5123413290914565,0.5692227984264788,2.6568530516909568,0.00788738151332489,0.022146048638191595
ENSMUSG00000046159.17,9.112763002359596,2.1397672574550723,0.7420715210971864,2.8835054258534663,0.003932758718648362,0.012095263594118628
ENSMUSG00000053101.4,9.741545666748623,4.3942017186929805,0.8594392192844504,5.112870834951531,3.172992676348417e-07,2.298826822543191e-06
ENSMUSG00000055313.16,13.941898311122992,1.1033587410227859,0.3942095456384697,2.7989143165870423,0.0051274741569704045,0.015273417344354362
ENSMUSG00000054931.10,13.716717683955173,1.0805705306455462,0.3639389878483026,2.9690980266614106,0.0029867530003536173,0.009523822205281354
ENSMUSG00000060639.6,34.28983216196073,1.7130761303510942,0.2605240011966004,6.575502151367419,4.848924233761308e-11,5.905457767227274e-10
ENSMUSG00000113440.2,10.455463313082264,1.9815880074379295,0.4755161694187907,4.167235805798077,3.0831551992609956e-05,0.0001598853605308469
ENSMUSG00000052565.8,4.868080806953354,4.3301795100802645,1.1595396835494118,3.734395270393297,0.0001881667716367248,0.00082057369806642
ENSMUSG00000036110.15,2148.789245784757,-1.322931764996586,0.13894691280707813,-9.5211310440083,1.7130431686485585e-21,5.32815495903793e-20
ENSMUSG00000021338.18,289.1755503450252,-1.2596583085577715,0.10203323916135118,-12.345568159076079,5.146960495767383e-35,3.1079888650592e-33
ENSMUSG00000016756.18,2059.3314285440615,-1.279032473851591,0.12080564624779802,-10.587522301962807,3.4048484018154915e-26,1.3425894025956603e-24
ENSMUSG00000006715.12,66.94101795808498,-1.1467354552072841,0.18060439739443254,-6.3494326370296585,2.1611047126466917e-10,2.4084218697233247e-09
ENSMUSG00000006711.16,68.48801468223692,-1.3311455123048752,0.20455960448887886,-6.507372340843789,7.647669243461692e-11,9.054238106779257e-10
ENSMUSG00000086796.3,165.48065858943852,-1.2337777406641703,0.14716982521578423,-8.383360779665079,5.143750741056326e-17,1.1196773860471327e-15
ENSMUSG00000035936.7,725.6491543432434,-1.3847852592192078,0.07482550750658587,-18.506860900306275,1.817906085366925e-76,3.0865906616488776e-74
ENSMUSG00000042842.12,15.259641528720161,1.1455614117469655,0.416768319319567,2.748676803499018,0.005983635440390166,0.017512816255923883
ENSMUSG00000045827.11,227.87318898975855,1.8255468988001495,0.1364494757786117,13.37892203970125,8.030354955940388e-41,5.7658747623946105e-39
ENSMUSG00000058672.8,432.6290676224923,2.442553047786067,0.2989497710836018,8.170446289129295,3.072507141409031e-16,6.307599297982238e-15
ENSMUSG00000085962.9,766.2620697655158,-1.2872136605837632,0.09598217798747259,-13.410965322664046,5.215549842849562e-41,3.782453031759039e-39
ENSMUSG00000021417.16,2393.610404999333,-1.088419696179609,0.09173741707930597,-11.864512113292687,1.8095424262370724e-32,9.708296020614658e-31
ENSMUSG00000050423.12,16.558549292887754,-3.172216580608868,0.5979197591755295,-5.3054218930363355,1.1241269492658543e-07,8.793170803146237e-07
ENSMUSG00000091264.4,283.05383890486456,-1.207935793982609,0.13421888591153158,-8.999745347154812,2.262418363224315e-19,6.035345992246454e-18
ENSMUSG00000038042.12,31.032842394496726,1.7265010508528522,0.3139834903008759,5.498700104258431,3.8260119435006206e-08,3.210290951662846e-07
ENSMUSG00000037816.11,13.4437209225401,1.3579146992152749,0.4227267178841204,3.212275547692048,0.0013168800393171785,0.004638811991072863
ENSMUSG00000067586.5,27.076203564709424,1.6828016682243983,0.30300853225087493,5.553644498799552,2.7977418534898776e-08,2.396261746561775e-07
ENSMUSG00000021451.17,15.97862373299686,2.177022672305841,0.3782804520241045,5.755049357314183,8.66164838575751e-09,7.866891724559621e-08
ENSMUSG00000025875.15,25.71588523133505,1.3709165798914527,0.2679913276632108,5.11552590841412,3.128679967456248e-07,2.2712831634974127e-06
ENSMUSG00000052957.9,39.169314933647044,-2.250300788929408,0.28106292630797386,-8.006394932584056,1.1811997499220605e-15,2.2851306690181203e-14
ENSMUSG00000044258.11,13.212613919499125,1.866969787645113,0.46994720211337254,3.9727224233898415,7.105583425682067e-05,0.0003402381552735355
ENSMUSG00000074863.6,12.514975093777796,1.6036037296137695,0.42487199256426017,3.7743220491786853,0.00016044338619061266,0.0007133453325640548
ENSMUSG00000021482.11,771.983808924341,-1.0314289311135627,0.06773983052039055,-15.226328781603454,2.36504149201142e-52,2.4555596268135836e-50
ENSMUSG00000113816.2,283.5814073262509,-1.00055488809684,0.12628168944965468,-7.923198465726388,2.3147766578370806e-15,4.332925645383236e-14
ENSMUSG00000055560.9,8.309293313973706,1.258944655995086,0.49953824727467944,2.5202167458918003,0.011728259052133008,0.031057290759703406
ENSMUSG00000030446.18,19.847851682877216,-1.171451487484028,0.3526433739947491,-3.321915492736498,0.0008940176626270611,0.003286414393029482
ENSMUSG00000089827.2,7.160462703045705,-1.8534448597448487,0.63166848296307,-2.9342050612539565,0.0033440319822552645,0.010509814801373689
ENSMUSG00000035834.12,98.97312358510857,-1.4525183015482337,0.1648379640959629,-8.81179471922274,1.2315800083787291e-18,3.107371098063255e-17
ENSMUSG00000096449.3,25.681556368688273,-1.114285162329943,0.2740642624895415,-4.065780602724388,4.7871955954991174e-05,0.00023939295507360796
ENSMUSG00000021613.10,17.897479380787292,3.340852355354396,0.5291271832253002,6.313892881084271,2.721023157131994e-10,2.9794997119672945e-09
ENSMUSG00000114019.2,10.86860788268796,-1.2616539713600834,0.4823470504148783,-2.61565603080791,0.008905622144467547,0.02456066095718625
ENSMUSG00000074768.7,24960.163332080625,1.3200689105123478,0.14478722402523633,9.117302437418514,7.701742625236192e-20,2.105142984231226e-18
ENSMUSG00000085834.2,5510.253733514428,1.368859605896894,0.15895313342670112,8.611718286938478,7.197353500918473e-18,1.7112389740569259e-16
ENSMUSG00000021668.16,118.27760664041753,1.4433794976922163,0.21385168514250127,6.749441776577127,1.48415051283705e-11,1.915855116392156e-10
ENSMUSG00000041773.9,53.87981440846603,1.2300900527403695,0.27614382775264773,4.454526696291785,8.407846734926324e-06,4.8056255080576916e-05
ENSMUSG00000114425.2,7.069060265623233,3.547008552256698,0.8561279163615998,4.1430824582042485,3.426686669213478e-05,0.00017636926537121584
ENSMUSG00000078945.11,100.50886101101169,1.2325107447023287,0.1593079448166439,7.736655859322595,1.0206584149491429e-14,1.7963588103104917e-13
ENSMUSG00000021624.10,30.401582516852898,2.160308966379629,0.3245556300504785,6.6562054894676566,2.8098733395937122e-11,3.5110036395685243e-10
ENSMUSG00000046169.11,35.85959130604142,1.3083047379811197,0.34835476575884217,3.75566768874587,0.00017287996069640128,0.0007625316603821708
ENSMUSG00000059751.8,9.45069872988935,-1.0137771968232,0.4332735157109292,-2.3398088275941853,0.019293612932497657,0.04715417812731688
ENSMUSG00000023132.9,19.624305140976713,3.5109940373015154,0.46018037126300515,7.629604078212388,2.3547576059260546e-14,4.0217587891982035e-13
ENSMUSG00000114945.2,22.19417786182338,-1.0537719915072896,0.3167341413432915,-3.3269921172317245,0.0008778885683184111,0.003232887935180227
ENSMUSG00000114608.4,10.746249703194598,3.6659475303850773,0.6390078700469637,5.736936432591432,9.640441878016806e-09,8.706561776191398e-08
ENSMUSG00000095609.4,6.121770355626536,3.002316114109378,0.7398846453795305,4.057816489176246,4.953366532630651e-05,0.000246676969630523
ENSMUSG00000094796.3,8.226231729458956,5.70568426236518,1.2819968994286937,4.450622513133885,8.562173073060817e-06,4.8880253872790235e-05
ENSMUSG00000068758.9,18.57695767212514,2.1305632173610682,0.36757925328099467,5.796200950798403,6.783397721950012e-09,6.223648819019872e-08
ENSMUSG00000097148.3,69.35461580027045,2.277853239242593,0.19993219925594302,11.393128509163256,4.524474698117848e-30,2.147934830369631e-28
ENSMUSG00000060579.14,16.344089478476626,-1.2652976010288457,0.38202492335627813,-3.3120812901749437,0.0009260463324824086,0.0033920560077122133
ENSMUSG00000021747.13,14.55716773360895,-1.449002027464083,0.34564363544017906,-4.1921848947653,2.7628067767524055e-05,0.00014462396591255247
ENSMUSG00000021822.4,21.982759093170397,1.8751906336227804,0.37798528745758014,4.9610148750385585,7.012582089089789e-07,4.860979092687023e-06
ENSMUSG00000090564.10,11.458403073434631,-1.3178888334207657,0.3745761339347039,-3.5183470435692517,0.0004342440669565578,0.0017364949776439572
ENSMUSG00000021782.15,80.12706963358508,1.1380132528743272,0.2093501080536366,5.435933439225941,5.451030227840261e-08,4.4647711832117275e-07
ENSMUSG00000114575.2,9.900873734208359,-1.6621855166137427,0.44001156209579845,-3.777595090221413,0.00015835005259024292,0.0007049068349729754
ENSMUSG00000114818.3,33.42386719263759,1.6680599661873066,0.2702935419969992,6.171290493525094,6.773484154869944e-10,7.0479396772230014e-09
ENSMUSG00000045776.4,235.04698538276617,1.1831646885629656,0.3717359786048553,3.18280918893954,0.0014585369816104829,0.00508199075775048
ENSMUSG00000058351.12,21.75670799004839,-1.4644982402247106,0.301100880749725,-4.863812542089511,1.1514597275060624e-06,7.647430643059132e-06
ENSMUSG00000071547.5,66.53725688397121,-1.4627207535007942,0.20701606691304267,-7.0657354055287485,1.597675892562346e-12,2.2739308167120096e-11
ENSMUSG00000091898.9,11.971491436350234,-1.4826876546726404,0.4171529000343398,-3.5543026419104033,0.00037898283134280497,0.001538964609437074
ENSMUSG00000019027.9,8.151263865737139,5.681053342331521,1.3251076289728245,4.287239178250953,1.8090747622279034e-05,9.756564636948095e-05
ENSMUSG00000021884.19,140.10799394880763,-1.1326277689995798,0.15114576150229736,-7.493612508494752,6.700334607666694e-14,1.0901829657028831e-12
ENSMUSG00000021903.12,13.280230332892092,-1.0056031046332339,0.42940545703606603,-2.3418498487986676,0.01918843284693892,0.04694481485794584
ENSMUSG00000021943.8,77.62220247356781,1.43611724804576,0.2225334095008873,6.453490517521747,1.0930284463279025e-10,1.2690737359134585e-09
ENSMUSG00000041471.10,772.402768077157,1.2796363120736465,0.14268279817519774,8.968399333621162,3.008545366040629e-19,7.952257641519844e-18
ENSMUSG00000097310.3,59.685682785793325,1.5131357477713556,0.22395728027588524,6.756358828377341,1.4150272052819774e-11,1.8323702233970793e-10
ENSMUSG00000021804.7,15.290795461195625,-1.1891974281952915,0.3869412121631898,-3.073328430298491,0.002116853721546055,0.007034407761766673
ENSMUSG00000043418.5,78.75760725148959,-1.6207655087463404,0.2656990105990896,-6.100005811432606,1.0606460899519336e-09,1.0711857501879848e-08
ENSMUSG00000021789.15,13.974771584867218,-2.576206959212144,0.41068117036314644,-6.273009685187472,3.541348687316537e-10,3.819786566169825e-09
ENSMUSG00000050335.18,48.02178518113763,2.099768618801709,0.22980124223089402,9.13732492660747,6.401620394870467e-20,1.7564293828663606e-18
ENSMUSG00000062081.7,8.368260129857907,-1.3398751462242373,0.4827823782599971,-2.7753190807280506,0.005514757273097119,0.01628252392907889
ENSMUSG00000090799.3,76.4635049724287,-1.372784958853302,0.2005099000997341,-6.846469716310644,7.569466022084746e-12,1.0022250791809822e-10
ENSMUSG00000021880.8,4.834689245983529,2.9126992833920142,0.813666567462142,3.5797209813804165,0.00034396127358227554,0.0014070433957878118
ENSMUSG00000022177.10,128.11682685937888,-1.3982173142478214,0.15125474079512266,-9.24412224633496,2.371793440583847e-20,6.764767378360885e-19
ENSMUSG00000022178.12,34.67460750528981,1.0593970929027576,0.23594878074059225,4.4899451888564075,7.1241503161825035e-06,4.1258321574296106e-05
ENSMUSG00000072494.8,9.728331882588495,-1.7867524905376164,0.46016543798928417,-3.882848086863978,0.0001032400718660277,0.0004777699055390833
ENSMUSG00000022199.13,11.36294568339773,-1.4744896290373857,0.41532449844412633,-3.5502110628221204,0.00038492241262003303,0.001560875657776258
ENSMUSG00000022216.18,1624.0691664627502,1.6272960272261316,0.06605439689697516,24.635695785160525,5.238422072815238e-134,1.6434979859754243e-131
ENSMUSG00000079197.11,897.3222715315189,1.0887285296365175,0.08296794674322086,13.122278812154347,2.4544183330862327e-39,1.65524137304208e-37
ENSMUSG00000002325.16,634.1401489495697,1.5078025687316505,0.07770366943500284,19.40452207334802,7.067264510348019e-84,1.3076251463249052e-81
ENSMUSG00000002324.9,7.929857600210999,1.6475486648519482,0.6040648235566025,2.7274368587654876,0.006382847213090318,0.01848259449825832
ENSMUSG00000015437.6,21.073692241889667,4.002931493894346,0.5311614594328061,7.536185886244128,4.839166442982343e-14,7.99986828237356e-13
ENSMUSG00000064128.9,74.24841375486182,1.0117811838044042,0.22701906070226324,4.4568116028431675,8.318764970605184e-06,4.7603654264779545e-05
ENSMUSG00000044703.6,15.368486023214762,4.462220841834713,0.6838336467112074,6.525301677235506,6.786480041287896e-11,8.107821188399579e-10
ENSMUSG00000091649.4,66.55572290584907,3.868095696236719,0.2697039170193216,14.342007854337568,1.1954605916991215e-46,1.0393305577952844e-44
ENSMUSG00000068245.15,382.1426147061836,4.496762496714332,0.15774181275245827,28.507105492511553,9.56421346842389e-179,4.60102429254312e-176
ENSMUSG00000114584.2,11.157844572935506,-1.5705618416455067,0.4692107729429778,-3.3472416496208064,0.0008162002703846014,0.0030304611016698144
ENSMUSG00000022034.11,18.996500365910897,1.021431191667441,0.4262727599769362,2.3961915645811063,0.016566429613617584,0.04160924333166185
ENSMUSG00000015812.9,8.52488983167677,-1.7090814288217777,0.5513721313037505,-3.099687727743073,0.0019372476881790294,0.006503456300488429
ENSMUSG00000022074.7,17.17599815423501,3.4414230309346916,0.6210752204360638,5.541072832560331,3.006241414277875e-08,2.561161516579592e-07
ENSMUSG00000022103.11,25.060107389215553,-1.4041963565626656,0.3350432224952507,-4.191090170709454,2.776172917035036e-05,0.00014521829481206828
ENSMUSG00000044350.15,56.91883614034117,1.3929290262555472,0.21113980491123216,6.5971881845830325,4.190287567374727e-11,5.14144796556793e-10
ENSMUSG00000034795.15,12.370603116633243,1.0780881587153206,0.4207101314915165,2.562543846741328,0.01039084663683948,0.028051009850891765
ENSMUSG00000022014.17,22.510349947043835,1.3066477629818538,0.42356737360737806,3.08486404855403,0.002036452158970409,0.006809563845750913
ENSMUSG00000022025.14,45.5671954170869,-1.6934284010924943,0.33097963551229337,-5.1164126713457465,3.114013604561155e-07,2.2660958106285205e-06
ENSMUSG00000110273.2,31.960421099268835,1.4995090913800095,0.2651118469290211,5.656137621724146,1.548173455963829e-08,1.3648893901325582e-07
ENSMUSG00000098557.2,87.58024883963071,-1.0801237917480422,0.19206903456534324,-5.623622746854473,1.869937824178186e-08,1.632603912797313e-07
ENSMUSG00000058126.8,666.1345069936335,1.0495834099441588,0.07486557271675809,14.019573641880623,1.183233637158914e-44,9.486904361931914e-43
ENSMUSG00000022129.5,10.78515255767854,-1.2874117813972692,0.4422030088628962,-2.9113591621816113,0.003598600988094337,0.011200131434155158
ENSMUSG00000051615.15,373.9124978453344,-1.61975930944708,0.10347421125112118,-15.65374879269282,3.1321277131301608e-55,3.4506005462514873e-53
ENSMUSG00000022149.19,7073.104632037958,-1.0100870635175248,0.07380279122334156,-13.686298943095597,1.2259655706709974e-42,9.263421526661692e-41
ENSMUSG00000054263.13,3700.1169175306386,-1.078858086545278,0.14394110162624504,-7.4951356794991195,6.622981705167227e-14,1.0788134533744178e-12
ENSMUSG00000039801.8,202.53869764406735,2.5610491441167005,0.1660805255768667,15.420526489912724,1.1912919960010499e-53,1.2735352656509e-51
ENSMUSG00000048424.19,6.387582132642544,-2.1108788067911335,0.5988145550605511,-3.5250960233885515,0.0004233293108765778,0.0016966088904667512
ENSMUSG00000045763.9,13.924309939828154,1.1569341513651128,0.38755966844359446,2.9851768529250178,0.002834144132677821,0.009085377192982299
ENSMUSG00000037617.13,15.427538280595291,-1.417469658792758,0.3672825667911727,-3.859343695990597,0.00011369194673096883,0.0005222158418909427
ENSMUSG00000022304.14,1958.7868051438713,-1.2247673160204011,0.09694271755211052,-12.633928024165824,1.3725188540948766e-36,8.649865546854699e-35
ENSMUSG00000063727.4,51.31195483338847,1.0896372316185186,0.25988330106593155,4.192794331722303,2.7553923325204727e-05,0.00014428817903822737
ENSMUSG00000038591.4,158.69918638274083,-2.311070681035686,0.16137745459729305,-14.320901806282746,1.6200720484635529e-46,1.40005268283988e-44
ENSMUSG00000022419.17,2399.602513656809,-1.5278938629007563,0.09359108260827756,-16.32520770483772,6.531802360728113e-60,7.602175134679688e-58
ENSMUSG00000115200.2,40.824762290430755,1.276007591572264,0.2317430949521046,5.506129931664122,3.668078477463394e-08,3.090350763966824e-07
ENSMUSG00000051225.10,20.810569340206584,1.6969540774157932,0.39196657733139556,4.329333610454933,1.495612217230528e-05,8.151312507202032e-05
ENSMUSG00000022347.9,17.638374156069496,6.225706167879925,1.0958874390543811,5.680972284208275,1.3393118159237683e-08,1.1894737309176506e-07
ENSMUSG00000115231.2,10.289230358565396,3.615775636605884,0.6978843367332235,5.181052856883458,2.2063695340844213e-07,1.6498614049692418e-06
ENSMUSG00000097039.10,17.338032849510633,1.1659907421745241,0.39347010449415765,2.963352816025282,0.0030430755285905087,0.009671790687396655
ENSMUSG00000005124.11,23.438683068723147,1.6819929058327265,0.47482614474123774,3.5423342300356038,0.00039660261031670724,0.0016022521713609079
ENSMUSG00000046380.4,16.5486221407172,2.1788227621130476,0.39371515093280207,5.534007916512518,3.12994837107309e-08,2.656376867519869e-07
ENSMUSG00000022587.16,9840.766353676121,3.4426504615397815,0.0858143759992764,40.11740948356731,0.0,0.0
ENSMUSG00000075602.11,3884.9303778489316,7.357356856020385,0.2854595421142007,25.773728919795598,1.7475687578345419e-146,6.004979122159073e-144
ENSMUSG00000100287.2,32.06222898397333,3.02498759561942,0.3871691995498042,7.81308946873057,5.580295512484732e-15,1.0079452420047516e-13
ENSMUSG00000101082.2,8.328300370397542,3.812821084118836,0.7580121447632493,5.030026379471399,4.904123589842039e-07,3.472831778635933e-06
ENSMUSG00000079018.11,31.871961295255904,3.8416081359552186,0.42935385427291856,8.947417375490245,3.638961705279812e-19,9.531305867622186e-18
ENSMUSG00000099775.2,13.306282538612871,4.825031404769957,0.7992463374244112,6.036976560091256,1.570285221819924e-09,1.546918520225607e-08
ENSMUSG00000022584.15,38.82089336558316,5.814732574178575,0.6230843695977978,9.332175316694265,1.0371993923993409e-20,3.0362802497175025e-19
ENSMUSG00000022575.6,527.4202692666219,1.3028700838519747,0.08899657541523824,14.639553013956688,1.570976075912511e-48,1.4349573878208456e-46
ENSMUSG00000103906.2,23.08032761589446,-1.0097504049425226,0.2639333616305173,-3.8257778353767997,0.00013035981627368146,0.0005908771571802045
ENSMUSG00000118671.1,168.15608013277503,1.9798617082829149,0.1645651745567025,12.030866880651804,2.445791458035635e-33,1.3524008552632292e-31
ENSMUSG00000063268.13,467.59136641061866,1.50703274882689,0.10350691859358327,14.559729622946342,5.065776193349175e-48,4.5693301264009555e-46
ENSMUSG00000115946.3,19.956005402706346,2.1458515810700107,0.4163943391919419,5.153411992185742,2.557891462767403e-07,1.894073349956858e-06
ENSMUSG00000049653.6,5.816690237179519,2.9507623827033322,0.7872276156075612,3.7482963303135812,0.00017803982892573253,0.000782195702143842
ENSMUSG00000004187.12,69.97764908976725,-1.3794248045898105,0.16036503209707412,-8.601780491365476,7.848880416003469e-18,1.8600171127054527e-16
ENSMUSG00000033707.10,35.34171099935473,1.6693536556041824,0.3530306436626961,4.728636693643994,2.2603242592908116e-06,1.4351517690314559e-05
ENSMUSG00000121848.1,14.160080099301416,-1.1065582645545116,0.455225149354683,-2.430793347254966,0.015065804735569743,0.03837446063249956
ENSMUSG00000057346.13,1965.3180084518212,1.8544008623829606,0.09161779176853865,20.24061949744305,4.297337493817728e-91,8.495777357640746e-89
ENSMUSG00000050014.9,13.625363989430657,3.784724673209006,0.6378611632092677,5.933461529726845,2.9661352418671557e-09,2.848121344685748e-08
ENSMUSG00000068246.7,3013.395271403177,1.3325030045741548,0.07778951413200329,17.129596700051266,8.927139111864211e-66,1.2154384119096631e-63
ENSMUSG00000068227.10,22.880821787557835,1.347534799099093,0.36906396537413194,3.651222892305549,0.000260994603978537,0.0011000800597600019
ENSMUSG00000068220.7,43.59300290065333,1.554034102535611,0.2681538801295457,5.795307163874913,6.819624738343966e-09,6.25291132298476e-08
ENSMUSG00000042622.15,77.12103587398204,-1.527816506958764,0.4852975235861705,-3.148205858683887,0.0016427595955055036,0.005641171309162052
ENSMUSG00000121075.1,11.573267098466673,-2.1872544469029873,0.49697357096276257,-4.401148420560325,1.076794343259044e-05,6.011719907897301e-05
ENSMUSG00000009585.19,41.90919833434647,1.5233400794281902,0.2597702673234972,5.864181821590629,4.513526865566521e-09,4.246363736887616e-08
ENSMUSG00000022408.8,32.77358819273124,2.9220410480296772,0.4416401398904881,6.6163393770191385,3.6820253477165e-11,4.537915441353076e-10
ENSMUSG00000116220.2,11.36860290699276,2.3374081763584975,0.5023073403115413,4.653342662499794,3.26596830149681e-06,2.0194710594345315e-05
ENSMUSG00000022389.16,2025.8157312911378,-1.0766234160456083,0.16941154920752835,-6.3550768591741615,2.0832243364453346e-10,2.336060110612204e-09
ENSMUSG00000096852.3,13.006890954092508,2.0695515201011347,0.48242921002462924,4.289855334413683,1.7878954172302965e-05,9.653163734181683e-05
ENSMUSG00000116130.2,47.483024973070194,-1.114315460208514,0.22500287670589297,-4.952449837630583,7.328495137728667e-07,5.060518747736848e-06
ENSMUSG00000119999.1,16.8037021961,-1.3229096657513488,0.34621037210348427,-3.821115057049543,0.00013284965111121382,0.0006010301457169397
ENSMUSG00000047878.14,6.071430229016171,2.001704150718424,0.5988042526617233,3.3428355624074486,0.0008292702448372182,0.0030718758145510095
ENSMUSG00000018868.5,3.7684429501218246,3.9145983832820055,1.3210091893605203,2.9633392521493365,0.003043209639098407,0.009671790687396655
ENSMUSG00000041653.6,8.335466658176202,1.7183729392074938,0.5677566525491365,3.0266011529627597,0.002473200557467563,0.00804807901812218
ENSMUSG00000052496.6,37.051724953608456,-1.2803023893267431,0.34963446026219736,-3.661831240452158,0.0002504188069812832,0.0010589054270008435
ENSMUSG00000016028.12,105.83692266554235,2.608754906882269,0.2421275161311411,10.77430169262264,4.552231715099493e-27,1.8664150031907922e-25
ENSMUSG00000075470.3,444.1428982704366,-1.0204061569445684,0.07705430372866812,-13.242688695724668,4.9735886439081945e-40,3.4844092868389837e-38
ENSMUSG00000055782.10,127.97358775678431,-2.586725189321567,0.25563551963861114,-10.118801929318698,4.559625598147728e-24,1.632866417679107e-22
ENSMUSG00000022464.15,12390.486430294492,-1.2275608017380255,0.055182194840279364,-22.24559579935351,1.244287234450485e-109,3.043653113150746e-107
ENSMUSG00000043091.10,641.6750321644543,1.1581797931980045,0.16887758274050899,6.8581026232334255,6.978112586048075e-12,9.273307628162599e-11
ENSMUSG00000116250.2,5.415014782787654,1.446138498018853,0.6098075987024856,2.371466838222196,0.01771763653967733,0.044009062663544714
ENSMUSG00000116478.2,9.458911867227041,-1.4290735447248706,0.4507849875728116,-3.1701888574850643,0.0015233988786964724,0.005276144136632467
ENSMUSG00000037280.13,10.677549417577305,1.2737331602210822,0.44354309046699586,2.8717235993463435,0.004082398599288625,0.012508954688945528
ENSMUSG00000023034.8,13.354489952601194,1.665185534396229,0.4206288274414334,3.958800314579206,7.532718188382398e-05,0.0003585494356686503
ENSMUSG00000049382.11,2178.278896322985,1.0779218474421877,0.12730414815515348,8.467295552132812,2.5115623057862995e-17,5.654737472247719e-16
ENSMUSG00000116010.2,73.34197952850957,1.082890804802854,0.2737771533444011,3.9553731623493764,7.641528186082539e-05,0.0003633691426080501
ENSMUSG00000023043.8,1897.720712471472,1.063396064207594,0.10752212435077813,9.890020966646743,4.5993156904074597e-23,1.5655029255651051e-21
ENSMUSG00000001281.11,9.069604409806374,1.6155725424340204,0.45528088240637127,3.5485182990662114,0.00038740507877107176,0.0015689381900805132
ENSMUSG00000036678.9,173.67320444535295,1.3174706818048194,0.1537781693203848,8.5673453366451,1.0589795085554859e-17,2.4730084575198663e-16
ENSMUSG00000058794.13,7.523596125453638,1.854256681333582,0.6868259894719734,2.6997474029180526,0.006939213997143051,0.019857566473414214
ENSMUSG00000085048.2,11.499697932826198,-1.160817437249076,0.4038809691077752,-2.874157303854823,0.004051071394492792,0.012418237545734912
ENSMUSG00000086464.3,8.259992399288652,1.9746371900614184,0.6662030979380374,2.9640168233577873,0.003036516856695333,0.009656899796347962
ENSMUSG00000039457.5,87.44368122972908,1.2008719464318847,0.3242195768308132,3.7038847504835686,0.00021232274998845408,0.0009149722089678619
ENSMUSG00000116270.2,16.335236438035068,2.1057969297861354,0.5539278666182367,3.801572473040856,0.00014378066860845276,0.0006476412638443166
ENSMUSG00000022500.16,729.5546651607941,1.004634343847915,0.10245251772481143,9.805853151860784,1.0624534097352212e-22,3.500759728150391e-21
ENSMUSG00000041974.11,74.90589596249079,1.0103508489642947,0.18463080711477786,5.47227661923288,4.442906077829921e-08,3.7063595673549955e-07
ENSMUSG00000000028.16,10.238252578749172,-1.0210220984727105,0.4155775369059074,-2.4568750902046093,0.014015140787970911,0.03608679961677006
ENSMUSG00000062901.4,934.2713479239386,-1.1815419922955743,0.14199860173351692,-8.320800190081638,8.737143052311162e-17,1.86530249306146e-15
ENSMUSG00000033618.8,143.19290567878716,1.0565479023410813,0.2119971041029122,4.983784598435784,6.235249028444445e-07,4.353513012990335e-06
ENSMUSG00000033355.7,834.2484888549536,3.3360054693452743,0.10023471214029271,33.28193794457214,7.048212035725723e-243,5.353673478925981e-240
ENSMUSG00000115919.3,1115.4293805550615,-1.0803821842611716,0.16704436636089473,-6.467636160366138,9.95478303416605e-11,1.1604800383609405e-09
ENSMUSG00000033306.16,459.7132371054175,-1.4981600173669507,0.14016016576802387,-10.68891442270783,1.1470567809319183e-26,4.611232162231042e-25
ENSMUSG00000022512.4,918.476017835976,1.3912561362649352,0.3163013798830668,4.398514280207275,1.0899445614521694e-05,6.078083427696178e-05
ENSMUSG00000097184.4,12.132084212215108,2.1236269101436767,0.46809689574140234,4.536725044459306,5.71345171422766e-06,3.379366194251377e-05
ENSMUSG00000022533.15,1828.2077713891063,-1.3169268537396506,0.07897575375968036,-16.675077996051794,1.9895161387069953e-62,2.475232492570634e-60
ENSMUSG00000046546.4,23.034909909918987,-1.1387611072681632,0.2860079123011767,-3.981572041507042,6.846096396536701e-05,0.00032901386345260625
ENSMUSG00000022833.8,19.69076009962837,1.7185589198453441,0.3389366968715651,5.0704421672480215,3.9689251070810017e-07,2.8468949873455775e-06
ENSMUSG00000052133.17,10.126324796373883,-1.4503626811637111,0.43564669314117266,-3.3292176986494804,0.0008709030229997368,0.0032088007219637994
ENSMUSG00000022849.6,24.54757504574923,1.3342599968083568,0.3404253418950917,3.9193909283625934,8.877302412086551e-05,0.00041664139320726214
ENSMUSG00000034422.15,932.5344520497304,1.8930205308112944,0.15466375867057885,12.23958700527428,1.910020364650386e-34,1.125118934801403e-32
ENSMUSG00000049502.18,1173.3450533311761,1.4555287354734847,0.08888231607808916,16.375909176294456,2.842282474084433e-60,3.3349447695924016e-58
ENSMUSG00000022906.16,1486.1228459589151,1.657976737772577,0.08546317850166871,19.39989556719101,7.73283177106142e-84,1.4126611154425116e-81
ENSMUSG00000002847.8,427.38710389340486,1.3424433570016945,0.09550125068278566,14.056814412417673,6.996544862333125e-45,5.769950597325237e-43
ENSMUSG00000022708.17,1514.1859539953107,-1.0604946093176044,0.10475978131803698,-10.123108276620794,4.363343439700633e-24,1.5664620030288441e-22
ENSMUSG00000116903.2,25.725727538679955,-2.028973576667113,0.4404020761995339,-4.607093577251533,4.083362692579067e-06,2.4760962344244156e-05
ENSMUSG00000062082.17,5.81728368373986,1.6173332102761295,0.6574598021276632,2.4599727695018556,0.013894755774672125,0.035840771285088134
ENSMUSG00000022665.16,82.06463160412159,1.1793076872051982,0.19124782533208828,6.16638482114719,6.986893018926378e-10,7.249089866940726e-09
ENSMUSG00000048087.7,3870.8360646304814,-1.1921734392442924,0.12989690811259796,-9.177843080074592,4.3981232996584554e-20,1.2183054790915706e-18
ENSMUSG00000022604.19,46.54922761265341,-1.1320301844000276,0.21128695191788752,-5.357785580815083,8.424813793275471e-08,6.717508986991802e-07
ENSMUSG00000022876.19,5.747795234864162,2.3616522898719152,0.701928431342563,3.3645200627574456,0.0007667690933661408,0.0028668423718808665
ENSMUSG00000120279.1,43.405219673975125,-1.0039419212801235,0.2642596581786143,-3.7990737148443388,0.00014523789296610654,0.0006533894237178458
ENSMUSG00000120450.1,7.341288699041199,-1.388792800714957,0.5534555825413434,-2.509312119209157,0.012096654664553404,0.03186909823271901
ENSMUSG00000002489.17,10.523409534542406,-1.1456045350627186,0.47367372968529653,-2.418551976323123,0.015582419213797218,0.03947436792935254
ENSMUSG00000022951.19,410.46973896950504,1.6399896198324087,0.13370101033931608,12.266097433896157,1.3773344826608455e-34,8.14659477613169e-33
ENSMUSG00000000386.19,258.31238412876974,5.083331642185925,0.2871433426199808,17.703115091591897,3.9674232147579094e-70,6.223679547324582e-68
ENSMUSG00000023341.17,661.289298516451,3.4415035863442016,0.19596699477917667,17.561649043106588,4.844710376188951e-69,7.359880015700941e-67
ENSMUSG00000080717.12,89.3518402123748,1.085722183021721,0.22752992560657745,4.771777515099468,1.826071541147392e-06,1.1737638728370899e-05
ENSMUSG00000121103.1,14.142184044640391,2.582645159186235,0.5678419445390467,4.548176097281316,5.4112848017850365e-06,3.212491248842519e-05
ENSMUSG00000034265.9,36.19069693691702,-1.2273700547430182,0.21985450603884465,-5.582646800635335,2.3688551012637017e-08,2.0495993298224066e-07
ENSMUSG00000023873.14,8.466301384039934,5.151649633501594,1.137556658079399,4.52869718348747,5.9348481188870804e-06,3.49171333272639e-05
ENSMUSG00000068037.12,10.013847252175479,1.9839869799834717,0.5582771719079664,3.5537669813777333,0.00037975552523473153,0.0015416685626406879
ENSMUSG00000073460.6,25.02438422742538,-1.8384427305182052,0.3406974716301306,-5.396114980606792,6.809931534468965e-08,5.502967073429961e-07
ENSMUSG00000023886.11,32.14300021650463,1.3255549257534454,0.3254415607378316,4.073096634456232,4.6392164216050174e-05,0.0002325570385432567
ENSMUSG00000014773.14,19.727730094323725,1.270949362983629,0.3395524396015318,3.7430134929235113,0.00018182646125839205,0.0007966361532729552
ENSMUSG00000116718.3,255.3324030541346,1.1603455556040205,0.13701734643173022,8.468603325215982,2.483528751136049e-17,5.604595423692764e-16
ENSMUSG00000052270.8,20.0614969287463,2.111364409799593,0.42877198361951774,4.9242126129051575,8.470070647329531e-07,5.752473392106343e-06
ENSMUSG00000121093.1,380.988333634368,1.0988976643438502,0.18846388319805732,5.830813022084528,5.515796344220522e-09,5.1258192427424707e-08
ENSMUSG00000057409.8,96.69349398712345,1.5432146713460668,0.19815671855377712,7.787849347773988,6.815938101572553e-15,1.2234778443021775e-13
ENSMUSG00000097006.9,178.6876470316388,1.9881564526696653,0.13678156473421285,14.535266185417255,7.243143337642744e-48,6.492735692475782e-46
ENSMUSG00000024165.10,297.83967474809475,1.063676705295025,0.13945063390603074,7.62762187235224,2.3912371491937796e-14,4.0744196620029074e-13
ENSMUSG00000041199.4,18.46371651891597,1.1198547115651687,0.36552490632127826,3.06368921022545,0.002186259041229453,0.007240039119555636
ENSMUSG00000117819.2,23.146925373292937,-1.0745668295506108,0.2754248065349583,-3.9014889147765315,9.56028403315416e-05,0.0004459405920054326
ENSMUSG00000062753.15,9.301078719177672,1.3702697971589621,0.4863493450760352,2.817459941155541,0.004840515252055362,0.01453564629997149
ENSMUSG00000117216.2,13.489402208043785,-1.1029635619654747,0.44183077111649954,-2.496348453002273,0.012547927270194248,0.03286903476886278
ENSMUSG00000117007.2,9.67281135310158,4.359108380839304,0.842307133077435,5.1752006004187106,2.2766623943317785e-07,1.698903395811594e-06
ENSMUSG00000085912.3,11.250115557884115,5.032392870093626,0.9375040458246711,5.367862562840362,7.967522932771636e-08,6.377553575472005e-07
ENSMUSG00000023067.15,462.03290242741525,6.737447676266123,0.3667904389215543,18.36865676236197,2.341348605584146e-75,3.883947479975907e-73
ENSMUSG00000117050.2,40.1496724009801,5.855443212749987,0.6733708172543355,8.69571870759935,3.446412806280656e-18,8.40179554395987e-17
ENSMUSG00000024014.9,196.9324175909873,-1.5561783956773352,0.4494707016194572,-3.462246571512615,0.0005356861439083024,0.0020905955729812386
ENSMUSG00000117879.2,82.20208637636422,1.6993457677123431,0.1915274021616898,8.872598638798088,7.14585025106066e-19,1.8415876932733474e-17
ENSMUSG00000097305.4,11.003153363989657,-1.8101531079851938,0.4977494453231819,-3.63667528913043,0.00027617972329144723,0.0011569886114781325
ENSMUSG00000048440.17,32.594553981020866,1.6296010560146252,0.3455181876096065,4.716397325676748,2.4005742319558447e-06,1.5175246305557052e-05
ENSMUSG00000091968.2,9.11688507235459,-2.265131274079218,0.5025972647156353,-4.50685157500968,6.579662424751518e-06,3.839777117428787e-05
ENSMUSG00000024300.18,34.50765620785504,1.465796144184629,0.2796373675937976,5.241774934435266,1.5903928522211073e-07,1.2157070785622362e-06
ENSMUSG00000002307.17,265.78086222735755,1.2529476690591193,0.14066689016883105,8.907196765033392,5.2339116805264545e-19,1.3561187320171954e-17
ENSMUSG00000024308.16,2078.490039633305,1.7859627556948823,0.0633050072463422,28.212029875378875,4.1632004220030807e-175,1.8207063178893473e-172
ENSMUSG00000101438.4,235.56938230909049,1.688650986255528,0.1345530460310619,12.550076241794619,3.971274766952861e-36,2.491888584202769e-34
ENSMUSG00000121503.1,293.1719554470433,2.9740557107263057,0.13907110056698915,21.38514542993591,1.837138435213682e-101,4.017209378333918e-99
ENSMUSG00000061232.17,6652.458017531282,2.353136910734416,0.07707352908480831,30.53106479846184,1.0088329216820105e-204,6.330207272049902e-202
ENSMUSG00000096727.4,360.447206861361,2.689001633898919,0.12464190665747682,21.573816591946485,3.164751498691146e-103,7.026722096786249e-101
ENSMUSG00000037321.18,619.6221232227933,2.777307370684568,0.1521611948118217,18.252402487501982,1.980067788119233e-74,3.1751487020151965e-72
ENSMUSG00000024338.16,1158.5177588165805,3.414342855131816,0.10008891805825904,34.11309584887729,4.717194905264192e-255,3.782142048487379e-252
ENSMUSG00000092550.3,498.39167553745466,3.191799460158894,0.10525805700642077,30.32356430410067,5.607537556962473e-202,3.371999250920101e-199
ENSMUSG00000024339.13,613.8553586257727,2.170254016877023,0.10818449434876472,20.060675330057624,1.62857187149256e-89,3.133806566584084e-87
ENSMUSG00000081512.2,186.24806297019808,2.2372498425151615,0.13329784017222154,16.78384165583345,3.20420362887677e-63,4.0211362410390904e-61
ENSMUSG00000090231.11,192.9788581545311,1.117710559628783,0.13737869296474486,8.135981901615692,4.0861285926588873e-16,8.247693405489939e-15
ENSMUSG00000024371.15,856.4849369981752,1.315099058790885,0.09375308744265813,14.027261337875773,1.0617309255143227e-44,8.560279730180283e-43
ENSMUSG00000091971.4,12.483375051714834,2.456208611472561,0.6055674487490021,4.056044651255058,4.9910722105133557e-05,0.0002481266074479116
ENSMUSG00000073415.5,14.506967845471483,-1.0542486269306242,0.35143671425727463,-2.99982495897923,0.0027013479812304053,0.008711922696115577
ENSMUSG00000120992.1,48.396800405754924,2.053964721232602,0.265473602738482,7.7369828866034664,1.018037557531707e-14,1.793933825433162e-13
ENSMUSG00000073412.7,20.271923476405334,1.054949322958473,0.32788836867453164,3.217403920800973,0.0012935634434996029,0.004566709299556328
ENSMUSG00000073411.13,10563.826302522608,2.3507009447315803,0.06101703721523507,38.52532099255459,0.0,0.0
ENSMUSG00000079507.11,63.57568196723518,2.4198338324522006,0.2178930377325546,11.10560418833732,1.1781781340430834e-28,5.313583384534306e-27
ENSMUSG00000091705.9,50.82225317357633,1.9300950458444628,0.207509708538528,9.301227684419908,1.388332397896813e-20,4.0314714620617316e-19
ENSMUSG00000079505.3,250.3262960530745,2.7443876515495362,0.13387594589679105,20.499482809744375,2.1759367091123485e-93,4.4229744487196356e-91
ENSMUSG00000035929.12,1103.3022467066255,2.63913525969956,0.09313381915479538,28.337023904422086,1.2096274540225496e-176,5.455419817641698e-174
ENSMUSG00000055413.13,53.59366745904034,3.00262150197594,0.2527152140546914,11.881443359900473,1.4779311136138702e-32,7.988577465046957e-31
ENSMUSG00000073409.13,107.67398856265004,3.4530196569633804,0.20314780204745078,16.997573304567833,8.559041740535448e-65,1.1437415777722924e-62
ENSMUSG00000060550.18,183.60167761233635,3.5713785991033635,0.2053219537085439,17.394041575178868,9.154520202242677e-68,1.3345256117047101e-65
ENSMUSG00000040312.15,29.97465699031767,1.380817880385626,0.26677997416760824,5.175867809021182,2.268540405210325e-07,1.693718320123922e-06
ENSMUSG00000092368.3,180.30621416686458,2.9128449491917103,0.16706475132832319,17.43542504347465,4.4424444405266525e-68,6.54217940466129e-66
ENSMUSG00000053835.18,265.1354818029733,2.668855154156653,0.18018741782833805,14.811551141152556,1.233603790275819e-49,1.1560629806013388e-47
ENSMUSG00000067212.9,4141.735827314367,2.2355840865927292,0.05388824189923355,41.4855635998124,0.0,0.0
ENSMUSG00000056116.19,2276.171260252163,2.923182435100029,0.08349547345176475,35.01007077693557,1.5809654592680208e-268,1.7551148852427752e-265
ENSMUSG00000073407.2,14.109797282318885,2.8751009357866755,0.4521519123284409,6.358705685840861,2.0346081155121343e-10,2.2904418348729428e-09
ENSMUSG00000079492.3,111.40456643681046,1.7735316937014354,0.22326690424163756,7.943549446907615,1.964763198428565e-15,3.7017575038800323e-14
ENSMUSG00000091373.5,21.453464976301607,2.791075907628083,0.38332380260815385,7.281248617063345,3.30744500799538e-13,5.061828881801625e-12
ENSMUSG00000073405.7,36.0879884211183,2.2487760718645786,0.27339026682300793,8.225516211666855,1.943519774751165e-16,4.041624984035852e-15
ENSMUSG00000092243.9,44.88933343788793,2.3724118725511123,0.2675958874326345,8.865651469133102,7.605804168996211e-19,1.9566304058280447e-17
ENSMUSG00000079491.11,289.8718391083014,2.5182613828654627,0.1311255623001148,19.204961555106774,3.363729438912296e-82,5.920163812485641e-80
ENSMUSG00000121510.1,264.1216631888167,2.386709069685397,0.1300987628434679,18.345363303393093,3.595154053853645e-75,5.896052648319978e-73
ENSMUSG00000073402.12,22.138909523491613,1.6871301120424502,0.3644932738066381,4.628700262209679,3.6796791334136376e-06,2.2540377442031247e-05
ENSMUSG00000054128.17,34.0708223844939,1.991880969815703,0.26344370226430086,7.560935990101374,4.001791527914775e-14,6.676746281024976e-13
ENSMUSG00000035186.7,58.80377790693588,6.4287432572024255,0.6250317150808639,10.285467284441244,8.194362224226414e-25,3.0168631535723367e-23
ENSMUSG00000016206.7,44.98826912700814,1.3970774691139924,0.2771654150153435,5.040590901417669,4.6409661717566785e-07,3.29780520880317e-06
ENSMUSG00000041293.6,44.45393424047107,-1.4825323995437836,0.28818814864479786,-5.144321189179287,2.6848984117118054e-07,1.9769619325420806e-06
ENSMUSG00000023959.11,70.94387939327245,1.1240573815991994,0.2197636193049131,5.1148474217637245,3.1399466170286957e-07,2.278316218047166e-06
ENSMUSG00000015599.10,30.78890943413531,2.7904441357702026,0.40003767017293995,6.975453423083551,3.048858798411849e-12,4.230877901796135e-11
ENSMUSG00000043939.17,7.4182876098747865,4.939642799806091,1.077273495824116,4.585319158926542,4.532934711198688e-06,2.728078138115908e-05
ENSMUSG00000071068.8,6.806099349484356,3.4895816932929615,0.769747750443258,4.533409407540966,5.803916487862802e-06,3.425853691322534e-05
ENSMUSG00000043740.16,28.35227630683096,1.2577207654176128,0.26336086176896123,4.775655566167513,1.7912275473169894e-06,1.1525187678501467e-05
ENSMUSG00000120175.1,14.550572625749123,-1.8594341077195404,0.5192685907052645,-3.58087152006263,0.0003424500279863506,0.0014016559285022724
ENSMUSG00000024066.10,3643.9270847251414,2.1568025162027182,0.0820769703934043,26.27780369895377,3.4400691511737996e-152,1.2730019997369302e-149
ENSMUSG00000001870.17,38.08361875582245,1.9350624363194397,0.31876148785241465,6.070565328818412,1.2746075193535612e-09,1.272139399675698e-08
ENSMUSG00000024079.5,563.6804533043326,1.5743565294714053,0.11493277604477459,13.698064065363566,1.0426736565065546e-42,7.919929584580314e-41
ENSMUSG00000040505.14,1171.4713716481276,-1.11554486349894,0.09750382602427374,-11.44103681860877,2.607505966509091e-30,1.2502168142411694e-28
ENSMUSG00000071037.7,25.39444737395955,1.032096408749647,0.274932264915342,3.7540024960964593,0.00017403312874096828,0.000766680742976085
ENSMUSG00000036904.7,141.10365145725268,-1.2083730682680571,0.183978086418061,-6.568027159072745,5.0986243430063924e-11,6.188675064614655e-10
ENSMUSG00000024421.17,611.7866008911271,2.821127540660357,0.205548166372555,13.724897625927143,7.203080273723628e-43,5.500256852401026e-41
ENSMUSG00000117418.2,7.185109615585718,-1.667400062363085,0.5982940192761609,-2.786924168789736,0.005321092904912062,0.015775269680298045
ENSMUSG00000024430.15,66.04253995247049,-2.085054230096778,0.5693699273031437,-3.6620378599424246,0.00025021686902283014,0.0010583616218456872
ENSMUSG00000024411.12,77.97768015877966,-1.166810692890521,0.26263452623579925,-4.442716308528803,8.883025573817362e-06,5.059188045829999e-05
ENSMUSG00000091561.4,9.396312198561983,1.2698987758876252,0.49925116451322993,2.5436070382044615,0.01097144360938855,0.029376600031668934
ENSMUSG00000024378.10,1817.796303356767,-1.7658004485734504,0.0751092646562381,-23.509755509592704,3.2416138545552014e-122,8.996725220950128e-120
ENSMUSG00000042834.16,655.6000806814712,-2.3857679744601166,0.6322439221921896,-3.7734929363779486,0.0001609777792518525,0.0007152668927748978
ENSMUSG00000073599.11,23.353960605210446,1.1915269470706853,0.28632698020601893,4.161420436919196,3.162741900400873e-05,0.0001636597027844582
ENSMUSG00000024349.11,21.989949903058783,1.1381191237317458,0.2889811297582213,3.938385612527585,8.20316850948373e-05,0.0003873957065735248
ENSMUSG00000110185.3,205.89967143691712,-1.5247649509880468,0.1299949464833839,-11.72941712147975,9.007681226902222e-32,4.6930994753304285e-30
ENSMUSG00000103309.2,12.690858456590387,1.3954816957838854,0.4694826717668467,2.9723816867023922,0.002954990750903726,0.009439226763400305
ENSMUSG00000086312.2,6.3423548665771925,1.538956624385688,0.6017117611357922,2.557630951870961,0.010538786982200905,0.02838137222002677
ENSMUSG00000056671.8,90.41024574250503,1.1763399185867682,0.20263693005743375,5.805160580814939,6.43043447268481e-09,5.926183289258441e-08
ENSMUSG00000117780.3,21.885259594933252,2.4455082952266913,0.39872760826828135,6.133280576802313,8.608512499199113e-10,8.842566006294776e-09
ENSMUSG00000024597.12,112.21312878691667,-1.0329117870263484,0.19110109104664427,-5.405054368707051,6.478873761117715e-08,5.241205500025272e-07
ENSMUSG00000085977.2,63.95891356878425,1.6735183485614578,0.27944348917793366,5.988754125152857,2.1145454577444075e-09,2.0577963618454005e-08
ENSMUSG00000068606.7,163.5974127910737,4.999160116771671,0.42365160710435085,11.800167951541168,3.895332215075551e-32,2.0592466860062398e-30
ENSMUSG00000054072.13,7226.9009257580965,1.7587491847376375,0.1107930075227074,15.874189392116428,9.563848855250434e-57,1.0868146982596398e-54
ENSMUSG00000063388.6,216.31468612503258,3.2423092111057294,0.3627779064397005,8.937449479560998,3.9825568399961187e-19,1.039353712745461e-17
ENSMUSG00000024621.17,303.6015022355059,-1.1132879950473717,0.14082929737841346,-7.905230060588361,2.674392115150651e-15,4.9674166030700377e-14
ENSMUSG00000045991.20,837.4889236757211,-1.221484667500317,0.16019273589069502,-7.625093988867123,2.4385664661113242e-14,4.1415649013947337e-13
ENSMUSG00000024589.19,442.62701768582,1.0765780777975442,0.19289957931535578,5.5810286451560085,2.3910025743175357e-08,2.0662843803922558e-07
ENSMUSG00000120682.1,50.87955440187696,2.4707499488406968,0.6054095393218393,4.081121601764572,4.4818897667719566e-05,0.00022537502827196123
ENSMUSG00000024521.9,11.480357146533581,1.1768658336172964,0.3996052961589747,2.9450706607980104,0.0032288091491901754,0.010183167316676707
ENSMUSG00000038121.7,865.1881593025664,-1.0345914602316053,0.10346915883965346,-9.999032289756173,1.53893517639328e-23,5.377702776200441e-22
ENSMUSG00000053846.6,183.6106416901043,-1.610272181571105,0.1517378684121503,-10.612197195213554,2.615255665395972e-26,1.0397622524240955e-24
ENSMUSG00000056162.15,11.392760739073848,2.06702770281913,0.5913337839362157,3.495534601557773,0.0004731131061522187,0.0018727285649996763
ENSMUSG00000117676.2,10.728765490792611,3.282731006283032,0.5838580231987887,5.6224816236966335,1.882335959908478e-08,1.6424348593348942e-07
ENSMUSG00000024646.15,7205.523871545671,-1.1026220546856993,0.07364405203813078,-14.972316489521697,1.1137332160961974e-50,1.093428420047641e-48
ENSMUSG00000069324.7,251.22022302349492,1.314991592319791,0.1623863151076383,8.097921253081855,5.590623654286594e-16,1.1144182400367974e-14
ENSMUSG00000110277.3,121.49505171524538,1.251476312513109,0.20068597863351334,6.235992773558522,4.4892182420201054e-10,4.7568573912506725e-09
ENSMUSG00000024913.17,536.476905368381,1.0341577846222392,0.14883082515768067,6.948545662678332,3.690710491022242e-12,5.0631496013719574e-11
ENSMUSG00000082848.2,7.258856673750975,1.5159069491349204,0.6286543817113648,2.4113519180574507,0.01589350447562221,0.04014966857906174
ENSMUSG00000024843.16,222.8448033700438,1.3060034146769657,0.22513660654690615,5.800937638299465,6.594512393729143e-09,6.061911010592292e-08
ENSMUSG00000001750.17,916.8603684413081,1.4516428179846892,0.11137024077454073,13.034386995026907,7.799130903619788e-39,5.1631677615156325e-37
ENSMUSG00000024885.10,47.352158127902655,1.862599116054105,0.25554000643926916,7.288874810671825,3.125543059035184e-13,4.788517773672588e-12
ENSMUSG00000058216.14,706.4341872175935,2.4055769562644373,0.1146491681068098,20.982070746674296,9.563696909202688e-98,2.029754026376665e-95
ENSMUSG00000087132.10,57.69554838185434,1.3944402301143908,0.30004167622372985,4.647488467817413,3.3600087167036886e-06,2.0731785292632593e-05
ENSMUSG00000049303.11,51.363184206605865,1.9826210075068906,0.26891554006307905,7.3726531647885825,1.6726524740020002e-13,2.63534066646254e-12
ENSMUSG00000024925.12,209.94029400676123,-1.1441536878290794,0.12035446576068787,-9.506532895124208,1.9712305608874652e-21,6.091820011719035e-20
ENSMUSG00000024937.16,162.67870004564003,1.4080463947694823,0.1428495543942253,9.85684835168378,6.40276113332203e-23,2.164043294522331e-21
ENSMUSG00000092274.5,4183.641638359975,1.9185711206789564,0.16970017617198085,11.305651908897259,1.2303698548113199e-29,5.746504124477984e-28
ENSMUSG00000039699.15,7.1278303357719635,3.2403396358212593,0.727759745738807,4.452485390672071,8.48820171326257e-06,4.8496329028426525e-05
ENSMUSG00000047810.10,17.10565679518262,1.3156820599948664,0.3589481898404432,3.665381515309223,0.00024697013360259736,0.0010455479519368392
ENSMUSG00000060675.14,184.05277763895876,1.527519245942665,0.1146221735953045,13.326559757415383,1.6220686685174052e-40,1.1531869469972015e-38
ENSMUSG00000063590.4,260.24580368925893,-1.0406878190305777,0.1766241517641425,-5.892103705161878,3.813097369717509e-09,3.61567813664672e-08
ENSMUSG00000052562.16,2659.4098538752123,-1.0367217185907671,0.11154040244927635,-9.29458470496574,1.477819848195531e-20,4.274127464761103e-19
ENSMUSG00000024664.6,222.06141144113218,-1.175453038838899,0.22363286008874933,-5.25617316870346,1.4708380433545713e-07,1.1321138475569691e-06
ENSMUSG00000024665.9,7282.841179736603,-1.2270860437307427,0.14872606903981453,-8.250645308202472,1.575414898297e-16,3.3143422466796357e-15
ENSMUSG00000024737.3,48.97599979338803,1.5866570160962365,0.2240987200737366,7.080169916071672,1.4397781570955124e-12,2.05935365343929e-11
ENSMUSG00000101264.2,13.013688279354408,6.37097915978426,1.2572054848550993,5.067571877892781,4.029223745494499e-07,2.888711231742504e-06
ENSMUSG00000075010.7,1306.9931371276793,1.6361311996021763,0.09923402036347473,16.48760368278287,4.504637967661112e-61,5.463103794057577e-59
ENSMUSG00000024672.12,9.818542201320392,2.3711243961864605,0.5109942989524568,4.640216928148295,3.4804363026605687e-06,2.14198962558624e-05
ENSMUSG00000101389.2,7.6004841420092095,3.648604912933395,0.741240080519297,4.9222984682334765,8.553362951945039e-07,5.798127483441559e-06
ENSMUSG00000024675.20,74.99715874036342,5.081210640404343,0.3641942014466962,13.951926253136776,3.062217035719471e-44,2.441652832016763e-42
ENSMUSG00000056290.17,12.96407000094491,1.958738699048303,0.5200418525047709,3.766502041353169,0.00016555073098976718,0.0007340178647140767
ENSMUSG00000079419.5,78.04379484575222,2.756738616611915,0.22194869517446777,12.420611954690333,2.020103297420345e-35,1.245903025144035e-33
ENSMUSG00000099757.3,20.42474073157171,1.5551929437959158,0.37292900503309345,4.170211817281171,3.0431665748711456e-05,0.00015798194247676394
ENSMUSG00000024677.14,54.67906740451656,2.737263094328024,0.2869578294119195,9.538903677720407,1.4435018102943105e-21,4.5092247026336555e-20
ENSMUSG00000024678.7,45.963610313942524,1.4280792218860445,0.24168994153054524,5.908724263999051,3.4476722159373937e-09,3.286446857358551e-08
ENSMUSG00000024679.11,104.8304632065959,3.3898932825596306,0.24903696481253976,13.612008502879647,3.3977598400207384e-42,2.5276530933597576e-40
ENSMUSG00000046805.11,7354.753530835407,2.972686205015895,0.11940078416838755,24.896705877773794,8.077175594829602e-137,2.6493135951041094e-134
ENSMUSG00000039982.9,179.50440390609342,1.041412786411967,0.2421640543575054,4.300443305572244,1.7045677751133604e-05,9.234355154067574e-05
ENSMUSG00000111118.2,10.762027500946092,1.5316538941343765,0.49590396908946677,3.088609871275397,0.0020109531991413846,0.0067305372379425936
ENSMUSG00000024696.10,15.917416126974592,1.0734992300708972,0.4611625805566132,2.3278107880635224,0.01992215298410741,0.048395305818319835
ENSMUSG00000024697.5,50.042749865693885,1.1931260354742108,0.2920621169716073,4.0851790291933,4.404284464921869e-05,0.00022162703416231665
ENSMUSG00000046230.12,209.86325915180527,-1.1976648818523319,0.12972510607646714,-9.232329177255497,2.6480980912111486e-20,7.523100718968365e-19
ENSMUSG00000037847.15,161.05143358721756,-1.3341319279633819,0.27164775349562825,-4.911256989227605,9.049439080375618e-07,6.112840044817096e-06
ENSMUSG00000097930.4,749.8382615771246,-2.1177452052305434,0.33465582663782933,-6.32812889142494,2.481518255025576e-10,2.740112582748976e-09
ENSMUSG00000118155.3,1121.0028663335393,-1.9904950557727699,0.3250715138959941,-6.1232527941824655,9.168405644212462e-10,9.384285833849238e-09
ENSMUSG00000048572.6,9.533614945848264,-1.278304783684046,0.5158932058219974,-2.477847680989056,0.013217755927212574,0.03430294075553531
ENSMUSG00000120776.1,21.002870420232583,-1.3037894704126904,0.288138513973259,-4.524870529920515,6.043248947630948e-06,3.5453727159434894e-05
ENSMUSG00000063754.8,11.121982170046643,-1.264396718251565,0.4655138052671144,-2.7161315173586464,0.006604967434601782,0.01905998422188715
ENSMUSG00000016495.13,80.80557871460981,1.4267261003162044,0.18410449088338335,7.749545344985258,9.22221441840201e-15,1.6330674660905255e-13
ENSMUSG00000016496.8,90.84793494872271,3.3083709116688422,0.21462356704960617,15.414760630197593,1.3025257897355418e-53,1.382209720401716e-51
ENSMUSG00000117964.2,13.775338381888531,4.269478145364653,0.6502958121906849,6.565440012571884,5.1879435863156503e-11,6.291798473756929e-10
ENSMUSG00000024863.7,5329.407562145449,1.2981531575343466,0.07724049437980382,16.806639677254275,2.181946511243529e-63,2.7622677237075978e-61
ENSMUSG00000120097.1,14.961242445812179,1.4483882599152527,0.3568219098488899,4.059134879157586,4.9254858498841006e-05,0.0002453731853142124
ENSMUSG00000117914.3,10.403245705503,1.6691257833292625,0.614940122923893,2.714289930201609,0.006641800942614543,0.019140269809068106
ENSMUSG00000045932.13,396.80849431240455,4.126978344963006,0.2043291669248765,20.197695742969128,1.0257308393883347e-90,2.0004523613584389e-88
ENSMUSG00000074896.4,2440.951126138949,5.94400803205065,0.16027512538338742,37.086279095600375,4.675332326607067e-301,5.6228663447994336e-298
ENSMUSG00000079339.8,9.18039667165019,4.674312329984024,0.911382332696235,5.128816043817231,2.915700806468938e-07,2.1321338889591276e-06
ENSMUSG00000062488.10,1286.5659204642093,6.417677106369953,0.18387244010739345,34.90287670420653,6.723702104159194e-267,6.931176340516106e-264
ENSMUSG00000067297.6,37.99411581618896,6.807724425050536,0.8700947799638495,7.824118224606958,5.1122747103245915e-15,9.280546996151509e-14
ENSMUSG00000034459.9,1420.3008726081061,5.267059586551091,0.15186265403825489,34.68304712509696,1.4192499924061739e-263,1.36550772602706e-260
ENSMUSG00000033610.17,3246.4075360335746,-1.048159235951737,0.06898522301635977,-15.193967492185495,3.877246266729511e-52,3.996887008674307e-50
ENSMUSG00000025002.6,24.029290400843333,1.1721577961682503,0.4454924205856215,2.6311509287349755,0.00850962354887873,0.023612937330785972
ENSMUSG00000003053.18,18191.914520302547,-1.6841742249332328,0.10384577486781887,-16.218033204306586,3.760449104701145e-59,4.341664118323754e-57
ENSMUSG00000032808.3,286.26194674938563,-1.2953370759522962,0.1917327231104895,-6.75595200932829,1.4190038569150652e-11,1.83504154686364e-10
ENSMUSG00000042248.5,389.3006593553912,-1.3089112190012575,0.13766043890689866,-9.508259812294288,1.9387853829965002e-21,6.004410010172853e-20
ENSMUSG00000067225.3,1667.7110306737482,-1.4742893646816824,0.10343353786973497,-14.253494514887562,4.263987890594039e-46,3.619874896297245e-44
ENSMUSG00000054827.13,2683.208868007258,-1.2003170321285455,0.12224318406010794,-9.819091684803793,9.317931312944763e-23,3.0914111427222715e-21
ENSMUSG00000055044.13,233.7478975665762,1.059482899000896,0.162399274527728,6.523938620304612,6.848474423174477e-11,8.175118517390741e-10
ENSMUSG00000061132.14,23.26029677616379,1.1479469547410106,0.32507988697560847,3.5312764669047145,0.0004135592461425996,0.0016616055234771707
ENSMUSG00000025014.14,7.823853486829892,2.820921644283226,0.689753648616817,4.089752406442652,4.31833910538141e-05,0.00021783386916764946
ENSMUSG00000047604.4,15.456246849887332,-1.3571442500667896,0.42143173421170754,-3.220318120099195,0.0012804841647491483,0.00452828901388378
ENSMUSG00000025188.16,66.41381696092353,1.001444699356669,0.17823402124088664,5.618706756344781,1.923920699917186e-08,1.6756803585518906e-07
ENSMUSG00000117703.2,3.412540612176098,3.1909289990826517,1.0679097008664897,2.988013870923327,0.002807968101426271,0.009005465697729765
ENSMUSG00000003555.9,37.17176170816087,-1.442039747603095,0.2698110387667699,-5.344628426599044,9.060271904411883e-08,7.216216563160722e-07
ENSMUSG00000117975.2,14.281451606972883,1.479102626721261,0.3643702909207982,4.059339258926486,4.9211770649592244e-05,0.0002452431885410619
ENSMUSG00000025025.15,206.4251895335877,-1.484707795059426,0.11185724384989426,-13.27323778021757,3.3096561308378433e-40,2.3299979161098418e-38
ENSMUSG00000034765.7,6.312950698979089,1.5634207397076,0.5620473473341039,2.781653088700086,0.005408281667336959,0.01600416670555813
ENSMUSG00000025083.19,11.07741636711582,1.2667491280049008,0.4685823795903153,2.703364836536167,0.006864135855807905,0.019667105156049174
ENSMUSG00000054843.10,295.61505032998565,-1.192382285176949,0.10866193236786932,-10.973321191640517,5.135084668763496e-28,2.2389589709847364e-26
ENSMUSG00000063698.10,12.643497396666259,2.304486702943179,0.46502558094118124,4.9556127606551215,7.210269183120317e-07,4.990820376536806e-06
ENSMUSG00000059326.8,33.21324349215666,1.147462392516519,0.26880756832932445,4.268713115661711,1.9660393280202094e-05,0.00010528341217806182
ENSMUSG00000046269.18,13.971731587244161,1.2671956643243567,0.39784246388510397,3.185169456145134,0.0014466926799463732,0.005043156704586004
ENSMUSG00000031150.14,17.126235232318578,1.157012537399505,0.3523453976745346,3.283745282429517,0.00102437460851331,0.0037163836978542208
ENSMUSG00000015340.11,150.91903068640445,1.1060350727242898,0.1830984612064584,6.0406573896715905,1.5348758178259274e-09,1.515138700606278e-08
ENSMUSG00000001986.17,28.603990917300358,2.8289107658521537,0.42272174167596344,6.692134534259774,2.1993851738796286e-11,2.7697667390428273e-10
ENSMUSG00000031101.7,9.141094333387652,1.2402061274395066,0.46133332800016724,2.6883081107876454,0.007181509816999578,0.020446547579194698
ENSMUSG00000061273.4,220.22763689866443,-1.6526949143507905,0.10986704896519102,-15.042680493533696,3.856141917991802e-51,3.811769874003951e-49
ENSMUSG00000057836.13,20.838620545046695,2.5276006915988587,0.9873709458029204,2.559930188692598,0.010469319178021385,0.028231168605606247
ENSMUSG00000031328.17,266.77748536125375,1.0924286324906414,0.12670872901454253,8.62157359628524,6.604021910640411e-18,1.575359408501858e-16
ENSMUSG00000031400.11,114.2675876917101,1.7420733986690107,0.1889723077421451,9.218670288167777,3.0080722017380066e-20,8.512254512839786e-19
ENSMUSG00000044206.4,169.37524450827328,-1.869745233455097,0.25248760899363476,-7.40529501985277,1.3085922330009143e-13,2.079912236417312e-12
ENSMUSG00000034457.11,44.94805513065223,5.019574469711586,0.5235292321579635,9.587954523611089,8.984853778675364e-22,2.849877137007535e-20
ENSMUSG00000046532.9,100.49579941907167,1.5446759688866614,0.22280444904214616,6.932877577298591,4.123650514051688e-12,5.630323956366505e-11
ENSMUSG00000031220.15,12.661847216143972,-1.3541022618146674,0.39988929590877953,-3.386192818033213,0.0007086956937224885,0.002670468995248813
ENSMUSG00000031304.19,38.92344121297761,2.555130677752412,0.2723928619164601,9.38031437305447,6.5776313080244114e-21,1.9653907875239815e-19
ENSMUSG00000033777.5,43.4412634957858,1.4678190009151806,0.2711753952124773,5.412803030175665,6.204572949330072e-08,5.03058409015346e-07
ENSMUSG00000031255.15,28.825685352023214,1.214932911940455,0.29808065493133074,4.075852933899185,4.5845988494123136e-05,0.00022997890370079428
ENSMUSG00000031266.8,114.7782309742126,1.0264836611686137,0.1381797115638228,7.428613430666329,1.0974195010480364e-13,1.7519865308766882e-12
ENSMUSG00000049804.10,52.95568848600571,1.128287581344206,0.21005265579638946,5.371451158598489,7.81055243154253e-08,6.262327371778987e-07
ENSMUSG00000072964.15,24.739164570716177,-2.166790637630798,0.3034922188830838,-7.139526165135471,9.365319104219837e-13,1.3611307685005103e-11
ENSMUSG00000072944.12,11.351456588168919,-1.803398556068515,0.5460947959162885,-3.302354407246466,0.0009587684635696477,0.0035021378046664526
ENSMUSG00000041688.17,155.39405692659608,1.0489152887106492,0.12732920382390084,8.237821781728274,1.7537415611849212e-16,3.668115682756635e-15
ENSMUSG00000031360.15,121.26970685344126,1.0293140669408447,0.1655349919509792,6.218105639233433,5.031927593943127e-10,5.3046588046594015e-09
ENSMUSG00000044583.14,30.134974593785387,1.1182385669916606,0.2850564626808692,3.9228669172239337,8.75014899859091e-05,0.0004112085651177597
ENSMUSG00000031355.17,53.645211210923456,-1.0088214359539638,0.20493074456927612,-4.922743232472545,8.533939371949958e-07,5.787679183081851e-06
ENSMUSG00000121914.1,34.60611741006544,-1.405327457233705,0.25497445796302126,-5.511640140195997,3.5550520324647616e-08,2.9968756385824444e-07
ENSMUSG00000121607.1,15.099253163716233,-2.152218255696895,0.41294591359982463,-5.2118647619856455,1.869518190363754e-07,1.4148341123927476e-06
ENSMUSG00000064341.1,55972.667571240905,-1.4157021250992958,0.09199436471712091,-15.389009201297544,1.9397982972071328e-53,2.0434429945469592e-51
ENSMUSG00000064343.1,484.97326291255996,-1.3425792783028583,0.2058444217671588,-6.522301001780454,6.923689097236982e-11,8.251253596310828e-10
ENSMUSG00000064344.1,18.793146907576848,-1.5608288698118908,0.35781285777205757,-4.362137457917197,1.2879790271204975e-05,7.100119678916356e-05
ENSMUSG00000064345.1,54484.14188507425,-1.6412728885115906,0.0974033151313602,-16.850277491049816,1.0442355968476264e-63,1.3455721547950845e-61
ENSMUSG00000064356.1,148.6418456325792,-1.4663872518290693,0.19723652055453755,-7.434663964392947,1.0483411905054351e-13,1.6754883788897496e-12
ENSMUSG00000064357.1,606.2384284833751,-1.271705977482709,0.14891685631656246,-8.539704697897726,1.3456528200800714e-17,3.127288486215071e-16
ENSMUSG00000064358.1,657.9676199736593,-1.4834476136407557,0.11981397031372437,-12.381257459012948,3.3012946185708336e-35,2.0103073390385768e-33
ENSMUSG00000064360.1,65.02058964559339,-1.57407877423324,0.22178541024117027,-7.097305330055665,1.2721280699478438e-12,1.8231730194128383e-11
ENSMUSG00000065947.1,74.42069581262719,-1.5565442778845382,0.21397948950925794,-7.27426858272411,3.4830240043780827e-13,5.31363662063261e-12
ENSMUSG00000064363.1,45993.51587009795,-1.3836496892844683,0.0958168407592528,-14.440568884555429,2.874596560862987e-47,2.5608751584181868e-45
ENSMUSG00000064367.1,56838.59891982551,-1.0827474557552963,0.07772047154422486,-13.931303223490948,4.0882700433515563e-44,3.241863366244487e-42
ENSMUSG00000064368.1,22810.44144950763,-1.061225000235681,0.06264853306628942,-16.939343162477268,2.3068595979660395e-64,3.0265997925314436e-62
ENSMUSG00000064369.1,787.4055332545779,-3.3569956942077566,0.1916481015532945,-17.516456813292386,1.0730354071450232e-68,1.6131298954080184e-66
ENSMUSG00000064370.1,83121.43664785208,-1.7314617960530179,0.10694752634200601,-16.189825564697966,5.949699830964145e-59,6.81476729845036e-57
ENSMUSG00000064371.1,46.71894096041748,-1.5967266388326888,0.229920825067756,-6.944680362738544,3.793181742885584e-12,5.1987843222530625e-11
ENSMUSG00000064372.1,1446.6316225591818,-1.1052090973365447,0.09925991870064328,-11.13449529079034,8.522640362090952e-29,3.8678850850847996e-27
